1,1546861708334,3.53,0.76,-3.98
1,1546861708335,4.04,0.97,-3.88
1,1546861708335,4.68,0.78,-3.69
1,1546861708343,4.55,0.56,-3.86
1,1546861708343,4.12,0.35,-3.41
1,1546861708343,3.47,-0.07,-3.08
1,1546861708344,3.18,-0.46,-3.3
1,1546861708410,3.57,-0.37,-2.79
1,1546861708428,4.45,0.17,-3.9
1,1546861708428,6.17,1.01,-3.8
1,1546861708428,6.23,0.74,-3.04
1,1546861708428,4.76,0.03,-2.81
1,1546861708429,3.63,-0.07,-2.26
1,1546861708429,3.33,0.52,-2.16
1,1546861708429,3.69,1.4,-2.89
1,1546861708485,6.3,2.26,-3.76
1,1546861708485,6.34,2.51,-2.44
1,1546861708485,10.85,1.83,-1.6
1,1546861708486,7.94,0.54,-0.85
1,1546861708494,3.94,-0.68,-4.82
1,1546861708495,5.37,-1.28,-3.43
1,1546861708495,5.76,-1.36,-1.13
1,1546861708560,9.55,0.25,-2.18
1,1546861708560,11.75,2.94,-3.33
1,1546861708560,11.25,2.38,-1.01
1,1546861708578,9.72,1.85,-0.74
1,1546861708579,8.86,1.46,-1.75
1,1546861708580,9.94,0.68,-4.66
1,1546861708580,10.39,-0.33,-3.49
1,1546861708580,11.48,0.0,-3.28
1,1546861708636,11.91,0.58,-1.99
1,1546861708637,10.99,2.44,-4.1
1,1546861708637,10.37,2.87,-3.84
1,1546861708637,9.96,2.28,-2.42
1,1546861708637,10.15,1.77,-2.55
1,1546861708638,10.78,1.58,-4.6
1,1546861708638,12.89,1.15,-2.36
1,1546861708710,13.41,1.23,-1.01
1,1546861708710,12.71,1.46,-2.14
1,1546861708711,10.74,1.79,-3.9
1,1546861708711,8.76,2.32,-4.6
1,1546861708711,9.78,2.4,-3.98
1,1546861708711,11.44,2.14,-3.57
1,1546861708731,13.08,1.91,-3.9
1,1546861708732,14.7,1.5,-2.1
1,1546861708862,12.94,1.81,-2.75
1,1546861708881,11.25,2.4,-2.91
1,1546861708881,11.09,3.16,-2.24
1,1546861708881,11.83,2.89,-2.81
1,1546861708882,11.97,1.62,-2.71
1,1546861708939,12.22,1.03,-3.55
1,1546861708939,12.3,1.42,-3.78
1,1546861708939,12.53,2.75,-3.24
1,1546861708939,12.51,3.12,-3.08
1,1546861708940,11.62,1.4,-3.37
1,1546861708940,13.51,1.66,-2.26
1,1546861708940,13.28,2.48,-1.69
1,1546861708940,12.26,3.53,-2.36
1,1546861709010,11.54,3.39,-2.12
1,1546861709011,11.85,2.67,-2.18
1,1546861709011,11.56,2.53,-2.28
1,1546861709011,10.93,2.38,-2.44
1,1546861709012,11.3,2.61,-1.91
1,1546861709012,11.5,3.33,-1.95
1,1546861709013,11.36,2.94,-1.91
1,1546861709018,11.38,2.63,-2.18
1,1546861709086,11.17,2.81,-2.34
1,1546861709087,11.11,3.73,-5.13
1,1546861709087,14.06,3.71,-2.96
1,1546861709100,18.49,1.81,5.03
1,1546861709100,13.69,4.0,-0.5
1,1546861709100,10.8,4.55,-0.82
1,1546861709101,8.1,4.57,0.07
1,1546861709101,5.78,5.76,-6.58
1,1546861709160,6.32,2.59,-4.21
1,1546861709167,11.01,1.79,-1.13
1,1546861709167,13.18,2.44,-1.77
1,1546861709168,11.91,2.3,-2.32
1,1546861709169,8.73,2.28,-1.01
1,1546861709169,8.98,2.48,-0.31
1,1546861709169,9.58,1.28,-1.52
1,1546861709170,9.39,1.38,-1.21
1,1546861709237,7.18,3.47,-2.71
1,1546861709237,7.22,2.83,-1.3
1,1546861709251,7.96,2.38,-0.78
1,1546861709253,9.7,2.38,-0.48
1,1546861709253,10.11,1.89,-0.21
1,1546861709253,9.62,2.46,-0.78
1,1546861709254,8.88,3.16,-1.05
1,1546861709254,8.63,2.96,-1.44
1,1546861709310,9.55,2.12,-1.4
1,1546861709318,9.62,3.22,-1.15
1,1546861709320,9.08,3.49,-0.19
1,1546861709320,8.33,2.16,2.61
1,1546861709321,4.51,7.03,-16.81
1,1546861709321,20.11,-5.05,14.27
1,1546861709321,14.64,4.37,5.8
1,1546861709385,10.31,4.78,-7.03
1,1546861709386,4.62,1.89,-3.82
1,1546861709388,2.75,2.91,-6.5
1,1546861709388,6.07,2.28,-8.08
1,1546861709389,20.29,-1.81,0.82
1,1546861709389,22.2,0.72,3.26
1,1546861709389,8.98,4.68,-1.66
1,1546861709389,7.01,3.02,-0.91
1,1546861709537,5.46,2.4,0.52
1,1546861709538,4.41,4.25,-2.85
1,1546861709539,7.61,1.19,-4.55
1,1546861709539,10.93,2.34,-5.54
1,1546861709539,12.65,2.22,-0.19
1,1546861709610,13.2,3.24,0.8
1,1546861709610,9.27,4.21,0.37
1,1546861709611,7.77,3.06,-0.54
1,1546861709611,7.53,2.42,-3.22
1,1546861709611,9.6,2.2,-2.71
1,1546861709612,10.7,3.41,-2.53
1,1546861709612,10.78,3.9,-2.12
1,1546861709613,10.83,3.47,-0.78
1,1546861709686,10.87,3.14,-0.56
1,1546861709686,9.21,5.89,-3.78
1,1546861709686,8.84,5.83,-3.61
1,1546861709706,9.37,5.46,-7.65
1,1546861709706,12.87,4.29,-5.15
1,1546861709707,14.82,2.77,-5.17
1,1546861709707,11.52,-0.46,-1.81
1,1546861709707,9.33,0.62,-2.03
1,1546861709774,9.64,3.06,-2.18
1,1546861709774,10.85,4.53,-1.15
1,1546861709775,11.79,4.45,-0.8
1,1546861709775,12.07,2.55,-0.46
1,1546861709775,11.75,2.07,-0.07
1,1546861709775,11.62,2.3,-0.09
1,1546861709775,11.07,3.14,-0.05
1,1546861709776,10.52,5.41,-0.78
1,1546861709834,10.62,5.89,-1.58
1,1546861709834,10.85,5.46,-2.61
1,1546861709835,11.15,4.47,-3.22
1,1546861709835,11.6,2.26,-3.84
1,1546861709850,11.66,1.75,-4.12
1,1546861709851,11.58,1.36,-4.16
1,1546861709851,11.42,1.01,-3.86
1,1546861709851,11.25,0.52,-2.26
1,1546861709910,11.73,0.17,-1.05
1,1546861709911,12.1,0.27,-0.7
1,1546861709912,12.22,0.64,-0.54
1,1546861709912,12.14,1.23,-0.54
1,1546861709913,11.48,1.95,-0.37
1,1546861709913,11.26,2.12,0.03
1,1546861709913,11.28,2.3,0.35
1,1546861709913,11.38,2.5,0.41
1,1546861709984,11.25,3.33,-0.54
1,1546861709985,11.11,3.73,-0.74
1,1546861709985,10.91,4.0,-1.71
1,1546861709990,10.85,4.19,-1.54
1,1546861709990,11.13,4.64,-1.75
1,1546861709990,11.38,4.57,-2.36
1,1546861709991,11.67,4.31,-2.77
1,1546861710061,11.85,4.1,-2.91
1,1546861710062,11.5,3.84,-2.91
1,1546861710073,11.07,3.49,-2.83
1,1546861710074,10.66,2.92,-2.4
1,1546861710074,10.44,2.18,-1.77
1,1546861710074,10.41,1.15,-0.5
1,1546861710074,10.37,0.8,-0.07
1,1546861710074,10.27,0.78,0.23
1,1546861710135,10.05,0.85,0.21
1,1546861710141,9.8,0.99,0.25
1,1546861710141,9.21,1.01,0.35
1,1546861710142,8.98,0.74,0.42
1,1546861710142,8.84,0.48,0.64
1,1546861710142,8.82,0.5,0.74
1,1546861710142,8.88,0.82,0.91
1,1546861710210,8.94,1.03,0.93
1,1546861710212,9.02,1.25,0.89
1,1546861710213,9.1,1.44,0.72
1,1546861710213,8.73,1.75,0.87
1,1546861710213,8.47,1.83,1.01
1,1546861710214,8.26,1.85,1.05
1,1546861710214,8.26,1.81,0.95
1,1546861710215,8.49,1.69,0.91
1,1546861710284,8.49,1.73,0.93
1,1546861710285,8.47,1.83,1.11
1,1546861710286,8.43,1.87,1.3
1,1546861710286,8.55,2.07,1.73
1,1546861710286,8.53,2.1,2.1
1,1546861710287,8.53,2.18,2.2
1,1546861710287,8.47,2.2,2.05
1,1546861710292,8.04,2.05,1.56
1,1546861710362,7.87,1.93,1.64
1,1546861710362,7.65,1.91,1.69
1,1546861710362,7.36,2.01,1.54
1,1546861710363,7.38,2.38,2.18
1,1546861710363,8.14,3.45,2.4
1,1546861710363,8.53,3.65,2.51
1,1546861710363,8.69,3.51,2.32
1,1546861710438,8.55,3.1,2.22
1,1546861710438,8.04,2.24,1.93
1,1546861710439,7.71,1.97,1.64
1,1546861710439,7.73,1.91,1.56
1,1546861710439,7.98,2.05,1.3
1,1546861710510,8.88,2.57,1.05
1,1546861710511,9.08,2.85,1.01
1,1546861710511,9.16,3.2,0.85
1,1546861710511,9.17,3.55,0.66
1,1546861710587,9.14,3.84,0.41
1,1546861710588,9.23,3.94,0.15
1,1546861710588,9.39,4.1,-0.11
1,1546861710588,9.58,4.33,-0.17
1,1546861710659,9.84,4.76,-0.33
1,1546861710660,9.86,5.66,-0.52
1,1546861710660,9.58,5.76,-0.42
1,1546861710661,9.23,5.74,-0.31
1,1546861710679,8.47,5.8,-0.31
1,1546861710679,8.41,5.89,-0.41
1,1546861710679,9.37,5.56,-1.13
1,1546861710679,9.49,5.31,-1.17
1,1546861710735,9.45,4.94,-1.23
1,1546861710746,9.06,4.37,-1.09
1,1546861710746,8.84,2.69,-1.34
1,1546861710747,8.53,2.48,-1.4
1,1546861710747,8.16,2.42,-1.69
1,1546861710747,7.81,2.5,-2.03
1,1546861710747,7.42,2.77,-2.42
1,1546861710747,7.01,3.61,-2.48
1,1546861710811,6.93,4.02,-2.4
1,1546861710811,6.89,4.53,-2.18
1,1546861710812,6.97,5.19,-2.12
1,1546861710813,7.22,6.58,-2.08
1,1546861710813,7.22,6.79,-2.07
1,1546861710814,7.14,6.67,-2.18
1,1546861710814,7.03,6.36,-2.4
1,1546861710814,6.85,5.44,-2.57
1,1546861710887,6.87,5.19,-2.59
1,1546861710887,6.99,5.05,-2.63
1,1546861710888,7.12,4.96,-2.53
1,1546861710888,7.57,4.66,-2.38
1,1546861710889,7.87,4.43,-2.12
1,1546861710889,8.1,4.21,-2.07
1,1546861710889,8.35,4.02,-2.14
1,1546861710889,8.32,3.32,-2.38
1,1546861710959,8.12,2.98,-2.36
1,1546861710960,7.98,2.83,-2.24
1,1546861710961,8.0,2.85,-2.14
1,1546861710961,8.18,2.92,-1.93
1,1546861710982,8.59,3.2,-1.95
1,1546861710983,8.57,3.32,-1.93
1,1546861710983,8.37,3.32,-1.79
1,1546861710983,8.04,3.43,-1.64
1,1546861711035,7.61,3.65,-1.42
1,1546861711056,7.65,3.82,-1.32
1,1546861711057,7.73,4.02,-1.32
1,1546861711057,7.85,4.12,-1.26
1,1546861711057,7.63,4.39,-0.95
1,1546861711058,7.42,4.72,-0.68
1,1546861711058,7.16,5.01,-0.64
1,1546861711058,7.01,5.41,-0.64
1,1546861711110,5.52,5.95,-0.54
1,1546861711110,5.17,6.38,-0.17
1,1546861711111,5.01,6.77,1.38
1,1546861711111,4.78,7.36,0.99
1,1546861711111,4.49,8.08,0.91
1,1546861711111,4.21,9.55,2.87
1,1546861711112,4.08,10.21,2.67
1,1546861711134,4.21,10.78,3.71
1,1546861711188,4.58,11.23,4.86
1,1546861711189,5.72,11.28,5.03
1,1546861711189,6.66,10.68,5.11
1,1546861711189,7.55,9.57,4.74
1,1546861711189,8.24,8.02,4.14
1,1546861711189,9.92,3.78,4.25
1,1546861711189,10.07,2.01,4.92
1,1546861711263,9.9,1.19,5.0
1,1546861711264,9.53,0.87,4.88
1,1546861711265,8.86,1.15,4.19
1,1546861711265,8.9,1.34,3.67
1,1546861711266,8.84,1.34,3.35
1,1546861711268,9.37,1.25,3.37
1,1546861711268,9.45,1.28,3.43
1,1546861711268,9.39,1.69,3.41
1,1546861711337,9.33,1.85,3.55
1,1546861711339,9.21,1.89,3.65
1,1546861711340,8.9,2.24,3.71
1,1546861711341,8.8,2.57,3.61
1,1546861711343,8.67,2.83,3.45
1,1546861711344,8.61,3.04,3.24
1,1546861711346,8.45,3.14,3.02
1,1546861711413,8.35,2.98,2.92
1,1546861711415,8.32,2.92,2.87
1,1546861711416,8.33,2.92,2.79
1,1546861711417,8.33,3.0,2.77
1,1546861711418,8.04,3.32,2.63
1,1546861711419,7.87,3.53,2.63
1,1546861711420,7.61,3.75,2.57
1,1546861711421,7.42,4.0,2.55
1,1546861711490,7.2,4.51,2.51
1,1546861711491,7.14,4.72,2.46
1,1546861711491,7.07,4.9,2.46
1,1546861711492,6.93,5.0,2.48
1,1546861711493,6.6,5.17,2.57
1,1546861711494,6.3,5.21,2.61
1,1546861711494,6.19,5.27,2.81
1,1546861711561,6.13,5.33,2.96
1,1546861711562,6.09,5.23,2.83
1,1546861711563,6.21,5.0,2.85
1,1546861711563,6.38,4.84,2.94
1,1546861711564,6.46,4.7,3.0
1,1546861711564,6.5,4.66,3.06
1,1546861711565,6.62,4.64,3.33
1,1546861711566,6.6,4.72,3.51
1,1546861711638,6.83,4.82,3.82
1,1546861711640,6.99,4.78,3.86
1,1546861711641,7.18,4.53,3.82
1,1546861711643,7.14,4.37,3.73
1,1546861711644,7.07,4.19,3.63
1,1546861711645,7.01,4.1,3.57
1,1546861711646,7.01,4.17,3.37
1,1546861711648,7.22,4.31,3.28
1,1546861711712,7.48,4.49,3.2
1,1546861711714,7.83,4.62,3.14
1,1546861711714,8.28,4.82,3.26
1,1546861711715,8.41,4.96,3.39
1,1546861711715,8.45,5.13,3.43
1,1546861711716,8.51,5.29,3.43
1,1546861711717,8.55,5.41,3.26
1,1546861711787,8.51,5.39,3.12
1,1546861711788,8.49,5.23,3.0
1,1546861711788,8.51,5.07,2.96
1,1546861711789,8.67,4.96,3.0
1,1546861711789,9.12,4.76,3.14
1,1546861711790,9.27,4.68,3.32
1,1546861711790,9.37,4.7,3.45
1,1546861711791,9.29,4.78,3.53
1,1546861711860,9.04,4.76,3.45
1,1546861711860,8.86,4.68,3.33
1,1546861711861,8.73,4.64,3.16
1,1546861711861,8.67,4.47,2.98
1,1546861711870,8.57,4.12,2.75
1,1546861711870,8.47,3.84,2.73
1,1546861711870,8.41,3.63,2.83
1,1546861712012,8.47,3.55,2.91
1,1546861712012,8.8,3.45,2.83
1,1546861712020,8.94,3.37,2.73
1,1546861712020,9.0,3.16,2.63
1,1546861712020,8.92,2.94,2.55
1,1546861712085,8.76,2.81,2.42
1,1546861712085,8.43,2.98,1.99
1,1546861712086,8.39,3.14,1.83
1,1546861712086,8.78,3.26,1.44
1,1546861712086,8.59,4.94,0.07
1,1546861712087,8.61,4.17,-0.03
1,1546861712105,8.73,4.0,0.0
1,1546861712105,9.16,5.64,-0.37
1,1546861712160,9.29,6.79,-0.62
1,1546861712160,8.32,7.71,-0.48
1,1546861712160,8.12,6.93,-0.37
1,1546861712161,8.18,6.34,-0.17
1,1546861712161,8.12,6.03,0.54
1,1546861712171,8.71,5.97,0.01
1,1546861712172,8.9,5.83,0.31
1,1546861712172,8.88,5.29,0.72
1,1546861712235,8.59,4.7,0.89
1,1546861712235,7.91,4.55,1.42
1,1546861712238,7.65,5.03,1.52
1,1546861712239,7.51,5.46,1.28
1,1546861712239,7.42,5.66,1.17
1,1546861712239,7.51,5.31,0.78
1,1546861712239,7.61,5.03,0.99
1,1546861712240,7.4,4.88,1.15
1,1546861712312,7.1,4.62,1.19
1,1546861712313,6.38,4.0,2.32
1,1546861712313,6.32,4.12,2.26
1,1546861712314,6.32,4.6,2.08
1,1546861712314,6.32,5.19,1.85
1,1546861712314,6.34,5.6,0.82
1,1546861712314,6.42,5.44,0.87
1,1546861712315,6.32,5.42,0.85
1,1546861712385,6.25,5.91,0.91
1,1546861712385,5.93,6.28,0.44
1,1546861712390,5.8,6.52,-0.01
1,1546861712391,6.25,6.44,-0.03
1,1546861712391,6.28,6.23,-0.23
1,1546861712391,6.54,6.23,-0.33
1,1546861712391,7.01,6.07,0.15
1,1546861712460,6.91,5.87,0.48
1,1546861712462,7.14,5.89,0.42
1,1546861712462,7.1,6.07,0.23
1,1546861712534,7.16,6.52,-0.01
1,1546861712534,7.07,6.64,0.27
1,1546861712534,6.79,6.6,0.64
1,1546861712541,6.5,6.23,0.54
1,1546861712542,6.09,5.0,0.78
1,1546861712542,6.26,4.45,0.19
1,1546861712543,6.25,3.69,0.25
1,1546861712543,5.97,3.2,0.29
1,1546861712610,5.58,3.71,0.03
1,1546861712625,5.62,5.6,-0.29
1,1546861712626,5.5,6.3,-2.01
1,1546861712626,5.27,7.22,-3.63
1,1546861712626,5.05,7.61,-3.73
1,1546861712627,5.23,7.85,-3.86
1,1546861712627,5.46,7.63,-4.02
1,1546861712627,5.27,7.24,-4.14
1,1546861712684,5.46,7.28,-4.33
1,1546861712685,5.7,7.55,-4.68
1,1546861712685,6.05,7.94,-5.09
1,1546861712686,6.79,8.78,-5.7
1,1546861712693,6.93,9.37,-5.66
1,1546861712693,7.51,9.57,-4.6
1,1546861712694,7.46,8.98,-3.98
1,1546861712694,7.48,6.77,-2.75
1,1546861712760,7.65,6.03,-2.28
1,1546861712762,7.96,5.37,-2.08
1,1546861712763,8.0,4.49,-1.73
1,1546861712763,7.65,3.84,-1.48
1,1546861712764,7.3,4.14,-1.19
1,1546861712764,7.12,4.45,-1.13
1,1546861712764,6.93,4.55,-0.83
1,1546861712765,6.44,4.88,-0.62
1,1546861712836,5.27,5.17,-0.56
1,1546861712837,5.68,5.01,0.19
1,1546861712838,6.17,5.0,0.29
1,1546861712838,5.29,4.78,-0.64
1,1546861712838,4.25,4.43,-0.64
1,1546861712839,4.49,4.57,-1.75
1,1546861712839,4.9,5.13,-2.03
1,1546861712839,5.42,5.76,-3.02
1,1546861712989,6.26,6.38,-4.55
1,1546861712996,6.99,6.46,-4.72
1,1546861712996,6.71,6.5,-4.66
1,1546861712996,6.32,6.58,-4.51
1,1546861712996,6.79,6.58,-4.19
1,1546861713061,7.08,6.36,-4.04
1,1546861713079,7.24,6.23,-3.88
1,1546861713080,7.57,6.28,-3.8
1,1546861713080,9.66,6.38,-3.94
1,1546861713080,7.92,3.88,-1.89
1,1546861713080,7.75,3.78,-1.79
1,1546861713081,7.87,3.16,-1.79
1,1546861713081,7.89,2.59,-1.89
1,1546861713136,7.89,2.18,-2.14
1,1546861713137,7.63,4.23,-3.33
1,1546861713137,7.59,4.62,-3.86
1,1546861713137,7.71,4.98,-4.21
1,1546861713137,8.1,5.25,-4.31
1,1546861713213,8.47,4.8,-4.25
1,1546861713214,8.8,4.29,-4.06
1,1546861713214,8.71,4.19,-3.98
1,1546861713214,8.24,5.91,-4.21
1,1546861713214,8.14,6.71,-4.41
1,1546861713286,8.06,6.75,-4.41
1,1546861713286,7.98,6.38,-4.23
1,1546861713286,7.98,5.54,-3.61
1,1546861713297,8.16,5.48,-3.35
1,1546861713298,8.02,5.54,-3.18
1,1546861713298,6.69,5.5,-3.16
1,1546861713298,6.91,5.41,-3.1
1,1546861713298,7.26,5.01,-2.81
1,1546861713360,7.38,4.51,-3.04
1,1546861713361,7.05,6.13,-2.75
1,1546861713362,6.95,6.34,-3.26
1,1546861713363,7.07,5.78,-3.3
1,1546861713363,7.57,5.11,-3.47
1,1546861713435,8.16,4.53,-3.26
1,1546861713436,8.43,4.41,-3.14
1,1546861713436,8.35,4.82,-3.55
1,1546861713436,8.3,4.39,-3.61
1,1546861713437,8.3,4.1,-3.8
1,1546861713450,8.84,5.09,-4.19
1,1546861713450,9.1,5.56,-4.14
1,1546861713450,9.02,5.6,-3.98
1,1546861713509,8.96,5.5,-4.06
1,1546861713510,9.35,4.94,-3.73
1,1546861713511,9.19,5.42,-3.41
1,1546861713519,9.12,7.36,-4.14
1,1546861713519,9.49,10.66,-4.7
1,1546861713520,9.8,11.05,-5.25
1,1546861713520,9.68,10.89,-5.27
1,1546861713520,9.08,9.88,-5.19
1,1546861713586,8.28,8.22,-5.0
1,1546861713587,7.77,5.0,-4.31
1,1546861713587,8.0,4.0,-4.1
1,1546861713587,7.96,2.83,-3.45
1,1546861713588,7.98,1.15,-2.44
1,1546861713588,7.87,-2.77,-0.13
1,1546861713588,6.46,-3.04,-0.09
1,1546861713589,4.72,-2.34,2.03
1,1546861713659,4.76,-1.54,0.68
1,1546861713661,8.2,-1.01,-0.89
1,1546861713662,8.26,-1.19,-0.03
1,1546861713662,6.87,-1.07,-0.6
1,1546861713662,6.85,-0.13,-0.99
1,1546861713663,8.45,2.16,-1.87
1,1546861713663,8.26,2.79,-2.48
1,1546861713667,8.51,3.47,-2.85
1,1546861713734,8.49,4.29,-3.22
1,1546861713734,8.75,5.25,-3.43
1,1546861713736,9.06,5.05,-3.33
1,1546861713736,9.27,4.17,-2.77
1,1546861713751,9.16,3.22,-2.24
1,1546861713751,9.1,3.0,-2.08
1,1546861713751,9.06,3.26,-2.55
1,1546861713751,8.8,3.69,-2.71
1,1546861713809,8.76,3.92,-2.79
1,1546861713809,8.96,3.88,-2.94
1,1546861713810,9.25,2.63,-2.67
1,1546861713810,9.47,2.36,-2.44
1,1546861713811,9.41,2.89,-2.32
1,1546861713817,9.39,3.61,-2.38
1,1546861713818,8.82,4.8,-2.22
1,1546861713818,8.55,5.0,-1.99
1,1546861713885,8.45,4.62,-1.85
1,1546861713885,8.57,4.27,-1.79
1,1546861713902,8.37,3.78,-1.83
1,1546861713902,8.33,3.86,-1.81
1,1546861713902,8.61,4.23,-1.75
1,1546861713903,8.65,4.92,-1.85
1,1546861713903,8.41,6.05,-1.79
1,1546861713959,8.24,6.56,-1.87
1,1546861713959,8.43,5.8,-1.66
1,1546861713960,8.22,5.52,-1.44
1,1546861713960,8.0,5.21,-1.46
1,1546861713961,8.18,3.65,-1.25
1,1546861713969,8.16,4.06,-1.83
1,1546861713969,8.0,4.45,-2.38
1,1546861713970,8.18,4.43,-2.63
1,1546861714034,8.41,3.65,-2.24
1,1546861714035,8.8,3.26,-1.89
1,1546861714035,9.04,2.94,-1.54
1,1546861714053,9.08,2.67,-1.42
1,1546861714053,9.64,2.03,-1.38
1,1546861714054,9.96,1.89,-1.58
1,1546861714054,9.86,1.85,-1.73
1,1546861714054,9.7,1.48,-1.69
1,1546861714113,9.98,0.15,-1.52
1,1546861714113,10.0,0.54,-2.07
1,1546861714114,9.8,1.19,-2.51
1,1546861714114,9.45,1.71,-2.83
1,1546861714114,9.35,1.85,-2.77
1,1546861714185,9.12,1.17,-2.26
1,1546861714186,9.06,0.93,-2.14
1,1546861714186,9.16,1.09,-2.3
1,1546861714186,9.41,1.71,-2.63
1,1546861714187,9.78,3.37,-3.53
1,1546861714187,9.94,3.82,-3.88
1,1546861714187,9.86,3.86,-4.23
1,1546861714206,9.68,3.88,-4.21
1,1546861714259,8.78,2.44,-4.17
1,1546861714260,8.55,2.42,-4.21
1,1546861714271,8.67,3.47,-4.33
1,1546861714271,8.88,4.58,-4.78
1,1546861714271,8.06,4.19,-5.09
1,1546861714272,7.79,3.96,-5.03
1,1546861714272,7.87,3.98,-5.19
1,1546861714272,8.1,3.88,-5.54
1,1546861714337,8.32,3.45,-4.84
1,1546861714338,8.37,2.96,-4.27
1,1546861714338,8.28,2.16,-3.65
1,1546861714339,7.94,1.77,-3.1
1,1546861714339,7.4,1.69,-2.79
1,1546861714339,7.65,1.42,-3.02
1,1546861714339,8.26,1.09,-3.43
1,1546861714340,8.45,1.13,-3.65
1,1546861714420,7.98,1.69,-3.39
1,1546861714421,7.36,2.07,-3.33
1,1546861714421,7.07,2.59,-3.39
1,1546861714421,7.1,3.35,-2.75
1,1546861714421,7.36,3.73,-1.66
1,1546861714421,7.42,2.65,0.01
1,1546861714421,6.56,0.56,-0.09
1,1546861714487,6.81,-1.34,0.23
1,1546861714488,8.24,-2.42,0.99
1,1546861714488,7.55,-1.54,-0.66
1,1546861714488,7.42,0.52,-1.69
1,1546861714489,7.87,1.97,-2.57
1,1546861714489,7.81,3.2,-3.33
1,1546861714489,8.14,4.47,-4.08
1,1546861714490,8.37,5.78,-5.95
1,1546861714578,8.08,5.93,-7.07
1,1546861714579,8.0,5.52,-7.55
1,1546861714579,8.22,4.68,-7.48
1,1546861714579,9.02,5.07,-7.42
1,1546861714579,8.94,6.44,-6.93
1,1546861714580,8.61,7.57,-6.11
1,1546861714580,8.88,8.39,-4.82
1,1546861714580,9.9,7.65,-3.37
1,1546861714635,9.9,6.23,-2.59
1,1546861714636,10.17,4.76,-1.6
1,1546861714636,10.29,3.59,-0.78
1,1546861714637,9.53,3.33,0.11
1,1546861714637,9.39,4.29,1.71
1,1546861714638,7.79,3.88,2.5
1,1546861714638,7.5,3.2,1.91
1,1546861714638,9.29,4.58,0.72
1,1546861714790,9.96,5.68,-0.46
1,1546861714790,11.09,5.87,0.15
1,1546861714790,12.03,5.72,0.01
1,1546861714791,11.99,5.82,-0.27
1,1546861714791,11.95,7.61,-0.68
1,1546861714860,11.93,7.96,-1.03
1,1546861714860,11.97,7.73,-2.44
1,1546861714861,12.26,6.03,-3.3
1,1546861714876,12.36,0.44,-1.28
1,1546861714876,11.66,2.67,-0.8
1,1546861714876,10.95,3.12,-0.68
1,1546861714877,10.19,3.59,-0.72
1,1546861714877,9.64,3.94,-0.82
1,1546861714935,9.31,3.94,-1.5
1,1546861714935,8.92,1.54,-0.72
1,1546861714936,8.2,0.42,-0.8
1,1546861714936,7.63,-0.25,-0.91
1,1546861714944,7.81,1.38,-0.62
1,1546861714944,7.98,2.81,-0.72
1,1546861714944,8.06,4.12,-1.01
1,1546861714945,8.06,4.7,-0.93
1,1546861715010,7.75,4.53,-1.17
1,1546861715010,7.94,4.08,-1.54
1,1546861715029,8.26,3.71,-1.89
1,1546861715029,8.57,3.63,-2.26
1,1546861715030,8.76,3.55,-1.93
1,1546861715030,8.47,3.69,-1.58
1,1546861715031,8.22,4.0,-1.28
1,1546861715031,8.18,4.41,-0.93
1,1546861715085,8.98,5.66,-0.66
1,1546861715086,9.64,5.15,-0.7
1,1546861715087,10.15,4.25,-0.62
1,1546861715088,10.33,3.32,-0.54
1,1546861715088,9.68,2.3,-0.23
1,1546861715089,9.39,2.73,-0.13
1,1546861715089,9.08,3.12,-0.27
1,1546861715090,8.8,3.39,-0.23
1,1546861715160,8.75,3.86,-0.13
1,1546861715178,8.26,5.0,0.91
1,1546861715179,7.91,4.8,0.93
1,1546861715179,7.91,4.64,0.8
1,1546861715179,7.96,4.82,0.72
1,1546861715179,8.57,5.46,0.97
1,1546861715180,8.86,5.48,1.03
1,1546861715180,9.1,5.27,1.19
1,1546861715234,9.16,5.01,1.44
1,1546861715235,9.06,4.45,1.91
1,1546861715235,8.92,4.49,1.85
1,1546861715236,8.65,4.47,1.83
1,1546861715236,8.43,4.41,1.69
1,1546861715236,8.33,4.17,1.89
1,1546861715237,8.24,3.92,1.99
1,1546861715310,8.14,3.8,2.1
1,1546861715385,7.98,3.65,2.12
1,1546861715386,7.81,3.69,2.22
1,1546861715386,7.57,3.94,2.26
1,1546861715387,7.48,4.12,2.2
1,1546861715387,7.4,4.21,2.2
1,1546861715398,7.26,4.25,2.28
1,1546861715398,7.18,4.55,2.26
1,1546861715398,7.14,4.51,2.08
1,1546861715474,7.12,4.29,2.3
1,1546861715474,7.12,4.21,2.51
1,1546861715475,7.79,4.84,1.15
1,1546861715475,7.71,4.96,0.85
1,1546861715475,7.57,5.17,0.85
1,1546861715475,7.53,5.39,0.91
1,1546861715475,7.44,6.21,0.6
1,1546861715475,7.46,6.62,0.5
1,1546861715537,7.61,7.08,0.13
1,1546861715538,7.48,7.01,-0.09
1,1546861715538,7.05,6.5,-0.11
1,1546861715538,7.03,6.6,-0.54
1,1546861715539,7.26,6.6,-0.54
1,1546861715539,7.67,6.5,-0.58
1,1546861715539,7.38,6.17,-0.52
1,1546861715539,7.18,6.15,-0.46
1,1546861715613,7.14,6.17,-0.48
1,1546861715614,7.18,6.3,-0.41
1,1546861715614,7.34,6.73,-0.48
1,1546861715614,7.53,6.81,-0.5
1,1546861715615,7.34,6.87,-0.54
1,1546861715615,7.22,6.85,-0.87
1,1546861715631,7.08,6.5,-0.6
1,1546861715632,7.36,6.09,-0.85
1,1546861715689,7.46,5.91,-0.46
1,1546861715689,7.1,5.66,-0.42
1,1546861715690,7.07,5.93,-0.42
1,1546861715690,7.4,6.32,-0.39
1,1546861715691,7.26,6.64,-0.46
1,1546861715691,7.01,6.46,-0.54
1,1546861715692,7.1,5.8,-0.5
1,1546861715692,7.4,5.01,0.6
1,1546861715769,7.2,5.37,0.15
1,1546861715786,7.46,5.93,-0.21
1,1546861715788,7.57,6.6,0.23
1,1546861715789,6.75,6.44,-0.74
1,1546861715790,6.77,6.07,-0.8
1,1546861715791,7.14,5.68,-1.03
1,1546861715792,7.2,5.58,-1.21
1,1546861715840,7.57,5.83,-1.44
1,1546861715841,7.87,5.95,-1.58
1,1546861715841,8.28,6.09,-1.6
1,1546861715842,8.39,6.17,-1.62
1,1546861715843,8.49,6.75,-1.28
1,1546861715844,8.06,6.81,-0.83
1,1546861715844,7.96,6.34,-0.64
1,1546861715845,8.0,5.85,-0.62
1,1546861715919,8.14,5.68,-0.64
1,1546861715921,8.14,5.93,-0.91
1,1546861715922,7.67,6.15,-0.99
1,1546861715923,7.26,6.07,-0.93
1,1546861715924,7.08,5.91,-0.82
1,1546861715925,7.67,6.13,-0.99
1,1546861715926,7.59,6.11,-0.87
1,1546861715993,7.38,6.17,-0.76
1,1546861715995,7.53,6.46,-0.97
1,1546861715996,8.33,6.89,-1.48
1,1546861715997,8.63,6.69,-1.28
1,1546861715998,8.78,5.85,-0.78
1,1546861716022,8.82,4.9,-0.58
1,1546861716023,8.78,3.63,0.19
1,1546861716023,8.57,3.14,1.25
1,1546861716062,7.98,2.96,0.99
1,1546861716063,7.67,3.04,1.13
1,1546861716064,7.16,4.7,0.03
1,1546861716064,6.52,5.09,-0.48
1,1546861716065,6.09,4.98,-0.56
1,1546861716066,5.89,4.62,-0.58
1,1546861716066,5.91,4.49,-1.48
1,1546861716067,5.99,5.07,-1.91
1,1546861716140,5.41,5.31,-1.95
1,1546861716141,5.11,5.48,-1.89
1,1546861716141,4.66,5.41,-1.67
1,1546861716142,3.88,4.76,-1.23
1,1546861716143,3.63,4.53,-0.85
1,1546861716215,2.87,4.6,-0.78
1,1546861716216,2.07,4.8,-0.93
1,1546861716218,3.14,5.13,-1.5
1,1546861716219,3.12,5.87,-2.18
1,1546861716220,3.67,6.79,-2.46
1,1546861716221,4.12,7.53,-2.94
1,1546861716223,7.05,8.88,-3.28
1,1546861716223,5.41,8.88,-3.49
1,1546861716291,5.09,9.02,-3.94
1,1546861716293,6.01,9.45,-4.47
1,1546861716294,7.36,8.24,-5.54
1,1546861716295,8.59,7.2,-5.54
1,1546861716296,8.67,6.32,-5.35
1,1546861716297,8.47,5.83,-5.23
1,1546861716298,8.55,5.62,-5.01
1,1546861716298,8.82,3.28,-4.14
1,1546861716369,9.04,2.05,-3.47
1,1546861716371,8.9,2.08,-2.96
1,1546861716375,8.73,2.92,-2.85
1,1546861716377,8.8,4.88,-2.81
1,1546861716378,8.88,5.66,-2.57
1,1546861716379,8.86,6.56,-2.24
1,1546861716379,9.0,7.57,-1.83
1,1546861716380,10.27,8.75,-0.95
1,1546861716438,9.96,8.61,-0.29
1,1546861716439,10.66,8.12,0.44
1,1546861716439,10.93,7.59,1.38
1,1546861716440,9.94,5.99,3.1
1,1546861716440,9.47,5.68,3.86
1,1546861716440,9.43,4.96,4.64
1,1546861716441,9.7,4.23,4.66
1,1546861716441,9.33,3.32,4.84
1,1546861716516,8.82,2.96,4.86
1,1546861716517,8.3,2.71,4.64
1,1546861716544,7.92,2.92,4.19
1,1546861716546,7.59,3.59,3.86
1,1546861716547,7.53,4.82,2.81
1,1546861716548,7.2,5.09,2.61
1,1546861716548,7.01,5.48,2.44
1,1546861716549,6.85,5.91,2.22
1,1546861716599,6.69,6.58,1.38
1,1546861716601,6.99,6.46,1.28
1,1546861716602,7.2,6.05,1.23
1,1546861716603,7.36,5.56,1.13
1,1546861716604,7.46,4.88,1.09
1,1546861716605,7.38,4.76,1.11
1,1546861716607,7.38,4.82,1.11
1,1546861716610,7.48,4.94,1.03
1,1546861716665,8.02,4.98,1.01
1,1546861716666,8.16,4.84,0.89
1,1546861716667,8.39,4.7,1.09
1,1546861716669,8.2,4.45,1.05
1,1546861716670,7.83,4.12,1.07
1,1546861716671,7.61,3.86,0.83
1,1546861716672,7.55,3.61,0.68
1,1546861716738,7.65,3.43,0.6
1,1546861716738,7.75,3.26,0.39
1,1546861716758,7.98,3.39,0.35
1,1546861716760,8.02,3.61,0.21
1,1546861716761,8.2,3.9,0.25
1,1546861716762,8.08,4.1,0.21
1,1546861716765,7.94,4.04,0.42
1,1546861716766,7.89,4.19,0.41
1,1546861716814,7.81,4.33,0.31
1,1546861716814,7.83,4.47,0.27
1,1546861716815,7.91,4.57,0.29
1,1546861716815,8.04,4.62,0.39
1,1546861716815,8.12,4.78,0.27
1,1546861716815,8.12,5.07,0.21
1,1546861716816,8.14,5.41,0.44
1,1546861716887,8.2,5.41,0.74
1,1546861716888,8.28,5.35,1.03
1,1546861716889,8.43,5.29,1.09
1,1546861716890,8.49,5.29,1.11
1,1546861716890,8.32,5.09,0.99
1,1546861716891,8.2,5.13,1.03
1,1546861716892,8.1,5.21,1.11
1,1546861716893,8.12,5.33,1.36
1,1546861716969,8.3,5.74,1.69
1,1546861716970,8.35,5.91,1.85
1,1546861716971,8.39,5.97,2.03
1,1546861716971,8.33,5.93,2.1
1,1546861716972,8.39,5.83,2.12
1,1546861716973,8.55,5.8,2.14
1,1546861716973,8.67,5.7,2.05
1,1546861717038,8.86,5.48,1.99
1,1546861717038,8.9,5.21,2.01
1,1546861717038,8.9,5.09,2.32
1,1546861717039,8.82,5.0,2.61
1,1546861717039,8.75,5.01,2.59
1,1546861717039,8.86,4.98,2.92
1,1546861717040,9.02,4.66,3.26
1,1546861717062,9.25,4.29,3.45
1,1546861717116,9.31,4.08,3.59
1,1546861717116,9.31,3.96,3.69
1,1546861717117,9.27,3.88,3.69
1,1546861717118,9.31,3.86,3.67
1,1546861717118,9.37,3.69,3.67
1,1546861717119,9.35,3.51,3.75
1,1546861717119,9.33,3.2,3.71
1,1546861717188,9.21,3.16,3.76
1,1546861717189,9.1,3.18,3.75
1,1546861717189,9.08,3.24,3.65
1,1546861717189,9.02,3.32,3.51
1,1546861717190,8.96,3.43,3.37
1,1546861717190,8.92,3.53,3.3
1,1546861717191,8.82,3.55,3.12
1,1546861717211,8.78,3.41,2.85
1,1546861717268,8.8,3.43,2.83
1,1546861717269,8.75,3.55,2.81
1,1546861717269,8.57,3.69,2.77
1,1546861717270,8.12,3.76,2.61
1,1546861717270,8.0,3.75,2.61
1,1546861717288,7.89,3.69,2.53
1,1546861717288,7.87,3.53,2.51
1,1546861717289,7.91,3.37,2.5
1,1546861717337,8.08,3.02,2.3
1,1546861717337,8.08,2.94,2.22
1,1546861717337,8.0,2.98,2.18
1,1546861717338,7.91,3.0,2.12
1,1546861717338,7.81,3.2,1.87
1,1546861717338,7.89,3.3,1.79
1,1546861717338,7.98,3.41,1.58
1,1546861717416,8.0,3.55,1.58
1,1546861717417,7.89,3.88,1.52
1,1546861717417,7.85,3.98,1.52
1,1546861717418,7.83,4.02,1.46
1,1546861717418,7.81,4.08,1.4
1,1546861717419,7.98,4.25,1.5
1,1546861717419,8.0,4.39,1.52
1,1546861717419,7.98,4.49,1.44
1,1546861717487,7.92,4.57,1.36
1,1546861717489,7.67,4.37,1.17
1,1546861717489,7.67,4.06,1.36
1,1546861717490,7.77,3.71,1.52
1,1546861717490,7.65,3.39,1.62
1,1546861717491,8.04,3.61,2.46
1,1546861717491,8.2,4.6,1.71
1,1546861717572,8.08,4.66,1.73
1,1546861717573,7.98,4.47,1.79
1,1546861717573,7.96,4.1,1.95
1,1546861717574,7.96,3.9,1.66
1,1546861717574,8.02,4.1,1.44
1,1546861717574,8.04,4.23,1.19
1,1546861717638,8.16,4.33,1.28
1,1546861717638,8.0,3.9,1.23
1,1546861717639,8.1,3.75,1.3
1,1546861717639,8.14,3.76,1.54
1,1546861717639,8.16,3.73,1.52
1,1546861717640,8.02,3.24,1.73
1,1546861717640,7.79,2.91,1.87
1,1546861717640,7.61,2.57,1.87
1,1546861717711,7.3,2.14,1.69
1,1546861717712,6.75,1.62,0.93
1,1546861717712,6.48,1.58,0.74
1,1546861717738,6.4,1.93,-0.09
1,1546861717739,6.32,2.79,-0.66
1,1546861717740,7.05,4.27,-3.24
1,1546861717740,7.38,7.69,-2.57
1,1546861717741,7.32,9.31,-2.53
1,1546861717789,7.42,10.56,-2.4
1,1546861717791,7.51,11.3,-2.1
1,1546861717792,8.22,11.52,-0.85
1,1546861717793,8.73,10.7,-0.54
1,1546861717794,9.47,9.41,-0.11
1,1546861717795,10.39,7.83,0.54
1,1546861717796,11.48,5.48,1.99
1,1546861717797,11.64,4.98,2.16
1,1546861717867,11.4,4.68,2.36
1,1546861717868,10.87,4.55,2.38
1,1546861717868,10.27,4.35,2.16
1,1546861717868,9.45,4.06,2.01
1,1546861717869,9.39,4.0,1.6
1,1546861717869,9.33,4.0,1.23
1,1546861717869,9.17,4.06,0.85
1,1546861717869,8.55,4.0,0.58
1,1546861717936,8.41,3.75,0.46
1,1546861717936,8.32,3.35,0.93
1,1546861717937,8.2,3.06,1.56
1,1546861717937,7.79,3.3,1.87
1,1546861717938,7.57,3.59,1.95
1,1546861717938,7.4,3.8,1.87
1,1546861717938,7.22,3.86,1.79
1,1546861717939,6.89,3.55,1.6
1,1546861718012,6.85,3.45,1.69
1,1546861718036,6.71,3.39,1.52
1,1546861718037,6.71,3.35,1.36
1,1546861718037,6.89,3.59,1.4
1,1546861718038,7.05,3.73,1.38
1,1546861718038,7.1,3.88,1.26
1,1546861718038,7.36,4.12,1.25
1,1546861718090,7.4,4.47,1.09
1,1546861718093,7.51,4.55,1.11
1,1546861718095,7.55,4.7,1.03
1,1546861718096,7.61,4.86,0.89
1,1546861718097,7.71,5.0,0.89
1,1546861718098,8.04,5.21,0.83
1,1546861718099,8.67,5.33,0.68
1,1546861718100,8.92,5.31,0.52
1,1546861718168,9.19,5.19,0.7
1,1546861718169,9.23,4.98,0.68
1,1546861718169,9.12,4.88,0.66
1,1546861718169,9.02,4.76,0.74
1,1546861718169,8.92,4.64,0.82
1,1546861718170,9.0,4.45,0.85
1,1546861718170,9.19,4.53,0.83
1,1546861718238,9.19,4.64,0.8
1,1546861718238,9.16,4.78,0.68
1,1546861718239,9.02,5.09,0.42
1,1546861718239,8.98,5.11,0.33
1,1546861718239,9.06,5.07,0.25
1,1546861718253,9.12,5.05,0.33
1,1546861718254,9.16,5.13,0.27
1,1546861718254,8.94,5.31,0.31
1,1546861718312,8.76,5.21,0.29
1,1546861718337,8.59,5.11,0.33
1,1546861718338,8.41,5.0,0.25
1,1546861718338,8.57,4.96,0.21
1,1546861718338,8.63,4.92,0.19
1,1546861718338,8.69,4.9,0.13
1,1546861718339,8.67,4.84,0.15
1,1546861718339,8.71,4.58,0.27
1,1546861718387,8.63,4.45,0.29
1,1546861718388,8.49,4.35,0.33
1,1546861718388,8.32,4.21,0.29
1,1546861718389,8.3,4.02,0.48
1,1546861718389,8.41,4.0,0.56
1,1546861718390,8.47,3.92,0.64
1,1546861718390,8.53,3.88,0.64
1,1546861718475,8.37,4.12,0.62
1,1546861718477,8.28,4.23,0.48
1,1546861718477,8.18,4.21,0.48
1,1546861718478,8.2,4.14,0.62
1,1546861718479,8.3,4.04,0.76
1,1546861718480,8.43,3.94,0.89
1,1546861718481,8.51,3.92,0.97
1,1546861718482,8.53,3.94,1.03
1,1546861718546,8.57,4.06,1.09
1,1546861718546,8.59,4.33,0.87
1,1546861718547,8.55,4.33,0.87
1,1546861718547,8.49,4.23,0.95
1,1546861718547,8.45,4.12,1.03
1,1546861718548,8.32,4.0,1.15
1,1546861718548,8.26,4.02,1.19
1,1546861718612,8.3,4.1,1.21
1,1546861718612,8.3,4.14,1.23
1,1546861718613,8.39,4.14,1.23
1,1546861718613,8.45,4.14,1.21
1,1546861718613,8.49,4.16,1.25
1,1546861718613,8.51,4.14,1.26
1,1546861718614,8.51,4.16,1.26
1,1546861718614,8.53,4.02,1.48
1,1546861718688,8.57,3.84,1.56
1,1546861718689,8.59,3.98,1.56
1,1546861718689,8.73,4.12,1.67
1,1546861718689,8.86,4.02,1.69
1,1546861718689,8.84,4.17,1.44
1,1546861718690,8.84,4.41,1.38
1,1546861718690,8.76,4.55,1.36
1,1546861718772,8.75,4.29,1.38
1,1546861718773,8.82,4.31,1.3
1,1546861718773,8.96,4.45,1.21
1,1546861718773,9.12,4.45,1.13
1,1546861718773,9.23,4.45,1.13
1,1546861718774,9.23,4.43,1.17
1,1546861718774,9.19,4.43,1.17
1,1546861718774,9.16,4.39,1.25
1,1546861718835,9.1,4.14,1.32
1,1546861718835,9.06,3.88,1.25
1,1546861718836,9.0,3.69,1.23
1,1546861718836,8.94,3.57,1.15
1,1546861718836,8.8,3.51,1.01
1,1546861718837,8.67,3.65,0.76
1,1546861718858,8.71,3.65,0.7
1,1546861718911,8.76,3.61,0.74
1,1546861718911,8.78,3.59,0.8
1,1546861718912,8.67,3.84,0.68
1,1546861718912,8.59,3.96,0.56
1,1546861718913,8.49,3.96,0.5
1,1546861718987,8.47,3.94,0.23
1,1546861718987,8.53,3.88,0.35
1,1546861719074,8.51,3.9,0.33
1,1546861719137,8.47,3.96,0.23
1,1546861719161,8.43,4.04,0.35
1,1546861719163,8.3,4.23,0.21
1,1546861719163,8.32,4.31,0.25
1,1546861719164,8.33,4.14,0.31
1,1546861719164,8.39,4.1,0.74
1,1546861719164,8.47,4.14,0.99
1,1546861719165,8.92,4.6,0.5
1,1546861719233,8.51,4.19,1.09
1,1546861719234,8.39,4.41,1.62
1,1546861719235,8.33,4.41,1.48
1,1546861719236,8.32,4.29,1.46
1,1546861719236,8.41,4.16,1.54
1,1546861719237,8.49,4.08,1.58
1,1546861719238,8.57,4.02,1.52
1,1546861719239,8.65,4.0,1.5
1,1546861719289,8.59,4.12,1.52
1,1546861719289,8.53,4.25,1.46
1,1546861719290,8.43,4.35,1.38
1,1546861719290,8.57,4.33,1.44
1,1546861719290,8.71,4.21,1.52
1,1546861719290,8.86,4.1,1.56
1,1546861719291,8.92,3.98,1.6
1,1546861719291,8.98,3.9,1.58
1,1546861719377,9.04,4.0,1.66
1,1546861719377,9.06,4.06,1.69
1,1546861719378,9.04,4.1,1.58
1,1546861719378,8.94,4.16,1.54
1,1546861719378,8.92,4.17,1.5
1,1546861719378,8.88,4.1,1.46
1,1546861719379,8.82,4.08,1.4
1,1546861719379,8.78,3.96,1.48
1,1546861719435,8.69,3.84,1.46
1,1546861719445,8.67,3.71,1.46
1,1546861719446,8.69,3.63,1.44
1,1546861719446,8.69,3.51,1.46
1,1546861719446,8.57,3.39,1.5
1,1546861719446,8.53,3.39,1.38
1,1546861719446,8.47,3.47,1.34
1,1546861719447,8.37,3.65,1.3
1,1546861719513,8.2,3.86,1.03
1,1546861719517,8.2,3.82,1.09
1,1546861719519,8.26,3.76,1.09
1,1546861719520,8.32,3.63,1.11
1,1546861719521,8.39,3.71,1.15
1,1546861719521,8.37,3.76,1.15
1,1546861719523,8.35,3.75,1.13
1,1546861719589,8.35,3.67,1.13
1,1546861719589,8.45,3.53,1.09
1,1546861719590,8.51,3.55,1.15
1,1546861719590,8.55,3.57,1.17
1,1546861719590,8.55,3.59,1.07
1,1546861719590,8.59,3.57,0.95
1,1546861719591,8.78,3.43,0.93
1,1546861719591,8.82,3.47,0.97
1,1546861719688,8.8,3.63,0.95
1,1546861719689,8.73,3.69,1.01
1,1546861719689,8.67,3.71,0.99
1,1546861719689,8.67,3.63,1.05
1,1546861719689,8.75,3.61,1.09
1,1546861719690,8.76,3.63,1.09
1,1546861719690,8.78,3.9,0.99
1,1546861719690,8.84,3.65,1.23
1,1546861719737,8.84,3.43,1.42
1,1546861719738,8.86,3.51,1.66
1,1546861719739,8.75,3.98,1.42
1,1546861719746,8.71,4.12,1.32
1,1546861719746,8.65,4.14,1.34
1,1546861719746,8.65,4.0,1.3
1,1546861719747,8.67,3.84,1.38
1,1546861719815,8.69,3.82,1.5
1,1546861719816,8.75,3.9,1.5
1,1546861719816,8.86,3.88,1.62
1,1546861719816,8.94,3.78,1.69
1,1546861719817,9.02,3.63,1.97
1,1546861719817,9.04,3.43,2.14
1,1546861719818,9.12,3.28,2.26
1,1546861719818,9.12,3.24,2.32
1,1546861719991,8.94,3.43,2.1
1,1546861719992,8.82,3.57,1.97
1,1546861719993,8.69,3.59,1.85
1,1546861719994,8.65,3.53,1.79
1,1546861719995,8.55,3.45,1.77
1,1546861720038,8.57,3.61,1.77
1,1546861720038,8.63,3.75,1.83
1,1546861720039,8.73,3.78,1.91
1,1546861720039,8.76,3.61,2.1
1,1546861720040,8.65,3.69,1.95
1,1546861720040,8.65,3.69,1.87
1,1546861720041,8.59,3.78,1.77
1,1546861720041,8.51,3.86,1.67
1,1546861720116,8.51,3.86,1.66
1,1546861720120,8.65,3.96,1.71
1,1546861720121,8.73,3.96,1.75
1,1546861720122,8.71,3.92,1.81
1,1546861720123,8.75,3.92,1.73
1,1546861720125,8.78,4.02,1.66
1,1546861720126,8.84,4.08,1.56
1,1546861720127,8.94,4.16,1.5
1,1546861720189,9.17,4.0,1.62
1,1546861720201,9.21,3.94,1.75
1,1546861720202,9.14,3.94,1.69
1,1546861720202,9.04,3.86,1.75
1,1546861720203,8.94,3.78,1.85
1,1546861720204,8.8,3.76,1.91
1,1546861720290,8.82,3.8,1.95
1,1546861720290,8.75,3.84,1.83
1,1546861720291,8.69,3.96,1.75
1,1546861720291,8.55,4.04,1.69
1,1546861720291,8.51,4.08,1.73
1,1546861720292,8.51,4.17,1.79
1,1546861720292,8.51,4.23,1.85
1,1546861720293,8.55,4.23,1.97
1,1546861720334,8.49,4.17,2.03
1,1546861720335,8.28,3.98,2.08
1,1546861720335,8.16,3.96,2.16
1,1546861720336,8.18,3.98,2.18
1,1546861720336,8.26,3.98,2.16
1,1546861720351,8.32,3.94,2.24
1,1546861720351,8.24,3.96,2.38
1,1546861720352,8.18,4.0,2.42
1,1546861720416,8.16,4.02,2.48
1,1546861720417,8.22,4.02,2.53
1,1546861720417,8.33,4.02,2.61
1,1546861720417,8.71,3.94,2.75
1,1546861720417,8.75,3.94,2.71
1,1546861720417,8.71,3.86,2.69
1,1546861720417,8.61,3.73,2.71
1,1546861720484,8.47,3.39,2.59
1,1546861720485,8.45,3.2,2.55
1,1546861720500,8.47,3.14,2.51
1,1546861720501,8.57,3.14,2.46
1,1546861720501,8.82,3.28,2.48
1,1546861720501,9.02,3.41,2.48
1,1546861720501,9.21,3.51,2.44
1,1546861720501,9.29,3.57,2.32
1,1546861720560,9.19,3.63,2.18
1,1546861720562,9.0,3.61,2.12
1,1546861720562,8.8,3.69,2.1
1,1546861720563,8.67,3.78,2.03
1,1546861720564,8.78,3.78,1.91
1,1546861720564,8.88,3.76,1.93
1,1546861720564,8.94,3.8,1.93
1,1546861720564,8.94,3.84,1.89
1,1546861720635,8.92,3.86,1.97
1,1546861720635,8.73,3.9,1.99
1,1546861720637,8.53,3.82,2.01
1,1546861720638,8.43,3.63,1.99
1,1546861720639,8.35,3.59,1.91
1,1546861720639,8.32,3.76,1.73
1,1546861720639,8.47,3.86,1.67
1,1546861720639,8.61,3.84,1.67
1,1546861720710,8.67,3.69,1.71
1,1546861720718,8.41,3.39,1.81
1,1546861720719,8.24,3.35,1.81
1,1546861720719,8.04,3.37,1.85
1,1546861720719,7.94,3.35,1.85
1,1546861720719,7.98,3.45,1.93
1,1546861720719,8.04,3.47,1.97
1,1546861720784,8.06,3.45,2.01
1,1546861720785,8.06,3.45,2.05
1,1546861720785,8.04,3.47,2.07
1,1546861720803,8.0,3.61,2.01
1,1546861720803,8.0,3.63,2.05
1,1546861720803,8.02,3.49,2.08
1,1546861720804,8.0,3.45,2.22
1,1546861720804,8.16,3.43,2.26
1,1546861720859,8.26,3.41,2.28
1,1546861720860,8.35,3.37,2.28
1,1546861720860,8.37,3.37,2.28
1,1546861720860,8.32,3.43,2.26
1,1546861720870,8.28,3.51,2.28
1,1546861720870,8.3,3.53,2.32
1,1546861720870,8.35,3.57,2.36
1,1546861720870,8.59,3.69,2.42
1,1546861720935,8.71,3.76,2.38
1,1546861720936,8.84,3.8,2.44
1,1546861720936,8.84,3.84,2.4
1,1546861720937,8.88,3.82,2.4
1,1546861720937,8.8,3.71,2.38
1,1546861720937,8.75,3.67,2.4
1,1546861720938,8.69,3.71,2.42
1,1546861721013,8.65,3.76,2.46
1,1546861721014,8.75,3.8,2.5
1,1546861721014,8.9,3.82,2.5
1,1546861721014,8.96,3.86,2.55
1,1546861721015,8.92,3.94,2.53
1,1546861721015,8.63,4.14,2.63
1,1546861721015,8.49,4.14,2.63
1,1546861721016,8.37,4.1,2.65
1,1546861721087,8.37,4.1,2.75
1,1546861721087,8.57,4.17,2.79
1,1546861721088,8.71,4.21,2.87
1,1546861721089,8.78,4.17,2.85
1,1546861721089,8.71,4.12,2.87
1,1546861721106,8.35,3.76,2.89
1,1546861721107,8.35,3.67,2.85
1,1546861721160,8.47,3.61,2.87
1,1546861721160,8.63,3.57,2.87
1,1546861721161,8.82,3.28,2.83
1,1546861721161,8.84,3.22,2.89
1,1546861721161,8.78,3.2,2.83
1,1546861721162,8.75,3.26,2.77
1,1546861721162,8.71,3.39,2.79
1,1546861721173,8.8,3.63,2.67
1,1546861721235,8.82,3.63,2.69
1,1546861721235,8.88,3.55,2.69
1,1546861721235,8.9,3.53,2.71
1,1546861721236,8.96,3.53,2.57
1,1546861721258,8.9,3.49,2.51
1,1546861721258,8.78,3.41,2.44
1,1546861721259,8.63,3.3,2.4
1,1546861721312,8.43,3.28,2.3
1,1546861721313,8.37,3.22,2.28
1,1546861721313,8.3,3.22,2.24
1,1546861721313,8.2,3.2,2.22
1,1546861721313,7.98,3.2,2.01
1,1546861721313,7.87,3.22,1.89
1,1546861721314,7.75,3.26,1.75
1,1546861721314,7.65,3.35,1.66
1,1546861721389,7.59,3.55,1.58
1,1546861721389,7.65,3.82,1.58
1,1546861721390,7.69,3.96,1.67
1,1546861721390,7.69,4.06,1.75
1,1546861721390,7.79,4.16,1.79
1,1546861721460,8.2,3.98,1.83
1,1546861721461,8.41,3.8,1.75
1,1546861721462,8.51,3.73,1.71
1,1546861721462,8.57,3.65,1.6
1,1546861721463,8.59,3.39,1.71
1,1546861721463,8.63,3.22,1.83
1,1546861721463,8.82,3.08,1.99
1,1546861721464,9.08,3.04,2.12
1,1546861721535,9.41,2.92,2.55
1,1546861721537,9.92,2.22,3.08
1,1546861721537,10.23,1.93,3.26
1,1546861721538,10.54,1.62,3.28
1,1546861721538,10.5,1.3,3.2
1,1546861721539,10.29,1.07,3.1
1,1546861721539,9.84,0.85,3.04
1,1546861721539,9.31,0.93,2.91
1,1546861721610,8.45,1.26,3.14
1,1546861721611,8.28,1.56,3.2
1,1546861721611,8.26,1.91,3.18
1,1546861721611,8.39,2.34,3.04
1,1546861721611,8.65,3.2,2.92
1,1546861721628,8.61,3.55,2.89
1,1546861721628,8.41,3.94,2.87
1,1546861721628,8.26,4.19,2.83
1,1546861721686,8.14,4.43,2.69
1,1546861721686,8.18,4.35,2.55
1,1546861721687,8.26,4.17,2.46
1,1546861721687,8.3,3.9,2.48
1,1546861721687,8.3,3.63,2.3
1,1546861721760,8.32,3.51,2.32
1,1546861721761,8.3,3.41,2.32
1,1546861721761,8.33,3.2,2.34
1,1546861721762,8.35,3.02,2.3
1,1546861721762,8.35,2.91,2.36
1,1546861721762,8.41,3.0,2.34
1,1546861721763,8.49,3.14,2.36
1,1546861721763,8.57,3.26,2.32
1,1546861721835,8.67,3.55,2.24
1,1546861721836,8.59,3.69,2.16
1,1546861721836,8.47,3.94,2.01
1,1546861721852,8.45,4.06,2.01
1,1546861721853,8.73,4.23,2.14
1,1546861721853,8.94,4.19,2.14
1,1546861721854,9.12,4.16,2.1
1,1546861721854,9.16,4.08,2.05
1,1546861721911,8.86,3.88,1.95
1,1546861721912,8.69,3.67,1.99
1,1546861721932,8.67,3.57,2.05
1,1546861721932,8.75,3.59,2.16
1,1546861721933,8.86,3.8,2.22
1,1546861721933,9.06,3.92,2.14
1,1546861721933,9.17,3.94,2.14
1,1546861721934,9.21,3.84,2.12
1,1546861721988,9.12,3.69,2.16
1,1546861721989,9.21,3.65,2.1
1,1546861721989,9.21,3.73,2.14
1,1546861721989,9.23,3.73,2.32
1,1546861721989,9.1,3.3,2.4
1,1546861721990,8.94,3.28,2.69
1,1546861721990,8.59,3.28,2.77
1,1546861721990,8.32,3.51,2.55
1,1546861722063,7.96,3.69,2.42
1,1546861722065,7.92,3.43,2.36
1,1546861722085,7.92,3.18,2.32
1,1546861722086,7.96,3.04,2.32
1,1546861722086,8.0,3.22,2.2
1,1546861722087,8.12,3.24,2.2
1,1546861722087,8.24,3.28,2.26
1,1546861722088,8.32,3.22,2.26
1,1546861722139,8.39,3.32,2.16
1,1546861722141,8.35,3.51,2.08
1,1546861722142,8.28,3.69,2.03
1,1546861722143,8.32,3.82,1.95
1,1546861722144,8.33,3.88,1.93
1,1546861722145,8.59,3.88,2.01
1,1546861722146,8.73,3.76,2.05
1,1546861722211,8.84,3.73,2.07
1,1546861722244,8.92,3.69,2.05
1,1546861722246,8.88,3.73,2.03
1,1546861722247,8.84,3.76,2.01
1,1546861722247,8.78,3.76,2.03
1,1546861722249,8.75,3.67,2.03
1,1546861722249,8.92,3.55,2.14
1,1546861722250,9.04,3.63,2.08
1,1546861722299,9.1,3.75,2.07
1,1546861722300,9.04,3.84,1.93
1,1546861722300,8.82,3.92,1.75
1,1546861722301,8.67,3.86,1.71
1,1546861722301,8.57,3.78,1.64
1,1546861722302,8.53,3.75,1.6
1,1546861722302,8.51,3.55,1.97
1,1546861722364,8.55,3.63,1.93
1,1546861722365,8.71,3.96,1.97
1,1546861722383,8.69,3.98,1.83
1,1546861722384,8.63,3.96,1.83
1,1546861722384,8.51,3.78,1.95
1,1546861722384,8.43,3.71,1.93
1,1546861722384,8.41,3.78,1.77
1,1546861722385,8.45,3.94,1.58
1,1546861722437,8.51,3.92,1.66
1,1546861722438,8.45,3.94,1.75
1,1546861722438,8.35,3.96,1.77
1,1546861722451,8.33,4.08,1.73
1,1546861722451,8.51,4.25,1.81
1,1546861722452,8.61,4.19,1.79
1,1546861722452,8.67,4.1,1.81
1,1546861722513,8.69,3.96,1.77
1,1546861722513,8.57,3.71,1.89
1,1546861722540,8.43,3.8,1.73
1,1546861722541,8.45,3.94,1.6
1,1546861722542,8.53,4.04,1.54
1,1546861722543,8.67,4.23,1.62
1,1546861722543,8.71,4.23,1.58
1,1546861722544,8.76,4.25,1.58
1,1546861722586,8.82,4.27,1.58
1,1546861722662,8.82,4.27,1.54
1,1546861722743,8.8,4.21,1.58
1,1546861722745,8.75,4.23,1.58
1,1546861722747,8.71,4.29,1.58
1,1546861722750,8.69,4.35,1.48
1,1546861722751,8.65,4.53,1.42
1,1546861722751,8.65,4.55,1.3
1,1546861722752,8.67,4.45,1.28
1,1546861722753,8.67,4.39,1.26
1,1546861722811,8.53,4.23,1.44
1,1546861722830,8.67,4.02,1.15
1,1546861722831,8.98,3.96,1.26
1,1546861722831,9.08,4.0,1.3
1,1546861722832,9.14,4.06,1.28
1,1546861722833,9.12,4.1,1.25
1,1546861722834,9.02,4.14,1.42
1,1546861722834,8.92,3.96,1.36
1,1546861722888,8.82,3.8,1.3
1,1546861722890,8.71,3.67,1.07
1,1546861722891,8.63,3.61,0.72
1,1546861722892,8.63,3.59,0.37
1,1546861722892,8.59,3.59,0.42
1,1546861722893,8.45,3.57,0.6
1,1546861722894,8.47,3.49,0.82
1,1546861722894,8.53,3.41,0.91
1,1546861722962,8.55,3.53,0.95
1,1546861722971,8.55,3.59,0.85
1,1546861722972,8.55,3.63,0.8
1,1546861722973,8.65,3.49,0.82
1,1546861722974,8.65,3.45,0.89
1,1546861722975,8.51,3.55,0.83
1,1546861722976,8.39,3.59,0.8
1,1546861722977,8.24,3.51,0.62
1,1546861723036,8.24,3.57,0.56
1,1546861723038,8.28,3.63,0.58
1,1546861723039,8.28,3.71,0.54
1,1546861723040,8.14,3.96,0.68
1,1546861723041,8.12,4.08,0.78
1,1546861723041,8.14,4.19,0.82
1,1546861723042,8.2,4.27,0.85
1,1546861723043,8.37,4.33,0.95
1,1546861723111,8.43,4.25,1.01
1,1546861723112,8.43,4.21,1.07
1,1546861723112,8.45,4.19,1.09
1,1546861723113,8.49,4.23,1.13
1,1546861723113,8.78,4.21,1.15
1,1546861723113,8.88,4.16,1.26
1,1546861723114,9.0,4.06,1.46
1,1546861723191,9.04,4.06,1.5
1,1546861723193,9.16,3.98,1.67
1,1546861723193,9.19,3.92,1.69
1,1546861723194,9.19,3.82,1.69
1,1546861723195,9.21,3.71,1.79
1,1546861723196,9.1,3.65,1.58
1,1546861723196,9.12,3.67,1.52
1,1546861723197,9.16,3.55,1.56
1,1546861723264,9.14,3.41,1.54
1,1546861723264,9.12,3.69,1.6
1,1546861723264,9.12,3.76,1.67
1,1546861723265,9.19,3.78,1.85
1,1546861723265,9.17,3.84,1.81
1,1546861723265,9.04,4.02,1.5
1,1546861723266,8.98,4.1,1.44
1,1546861723339,9.0,4.17,1.34
1,1546861723359,8.94,4.21,1.3
1,1546861723360,8.9,4.17,1.38
1,1546861723360,8.9,4.16,1.42
1,1546861723360,8.98,4.06,1.44
1,1546861723361,9.02,3.86,1.54
1,1546861723361,8.9,3.75,1.44
1,1546861723361,8.69,3.8,1.28
1,1546861723413,8.65,3.84,1.17
1,1546861723424,8.65,3.86,1.01
1,1546861723424,8.75,3.9,0.97
1,1546861723425,8.92,3.9,0.97
1,1546861723425,8.86,3.84,1.03
1,1546861723425,8.8,3.8,1.07
1,1546861723425,8.73,3.82,1.17
1,1546861723425,8.65,3.86,1.13
1,1546861723487,8.73,3.82,1.07
1,1546861723518,8.82,3.78,0.99
1,1546861723519,8.88,3.82,0.99
1,1546861723520,8.94,3.86,1.03
1,1546861723521,8.98,3.88,1.05
1,1546861723521,9.02,3.84,1.03
1,1546861723522,9.02,3.78,1.09
1,1546861723571,9.0,3.76,1.09
1,1546861723572,8.86,3.76,1.01
1,1546861723572,8.78,3.73,0.97
1,1546861723573,8.76,3.75,0.97
1,1546861723573,8.71,3.75,0.97
1,1546861723573,8.73,3.78,1.07
1,1546861723574,8.73,3.78,1.13
1,1546861723574,8.78,3.8,1.17
1,1546861723637,8.8,3.78,1.21
1,1546861723659,8.75,3.78,1.21
1,1546861723660,8.73,3.75,1.26
1,1546861723660,8.67,3.8,1.3
1,1546861723660,8.67,3.8,1.38
1,1546861723661,8.78,3.75,1.4
1,1546861723661,8.82,3.71,1.52
1,1546861723712,8.82,3.61,1.73
1,1546861723727,8.88,3.61,2.03
1,1546861723728,9.0,3.71,2.34
1,1546861723728,9.45,3.71,2.32
1,1546861723728,9.51,3.71,2.63
1,1546861723728,9.55,3.86,3.04
1,1546861723729,9.78,4.19,4.21
1,1546861723729,11.71,5.44,6.46
1,1546861723787,12.96,5.93,7.36
1,1546861723788,14.21,5.78,8.41
1,1546861723788,15.33,5.05,9.47
1,1546861723788,15.56,3.59,9.25
1,1546861723789,14.78,3.37,8.45
1,1546861723789,14.06,3.86,8.16
1,1546861723789,13.69,4.37,8.73
1,1546861723866,13.43,4.9,10.37
1,1546861723868,13.26,5.39,12.71
1,1546861723869,13.28,5.97,12.28
1,1546861723870,12.79,6.95,11.93
1,1546861723870,11.66,9.19,9.64
1,1546861723870,11.09,10.0,8.55
1,1546861723871,10.42,10.27,7.61
1,1546861723871,9.88,10.46,6.6
1,1546861723938,9.49,10.97,5.95
1,1546861723961,8.37,12.22,4.02
1,1546861723962,8.08,13.28,2.92
1,1546861723963,8.0,13.82,2.65
1,1546861723964,8.06,13.49,2.69
1,1546861723964,8.59,12.71,4.06
1,1546861723965,8.98,12.3,3.82
1,1546861724015,9.14,12.01,3.16
1,1546861724019,8.96,12.14,2.34
1,1546861724020,7.77,11.67,0.83
1,1546861724021,7.03,11.15,0.7
1,1546861724021,6.23,10.29,1.36
1,1546861724023,5.64,9.43,1.26
1,1546861724023,3.88,8.65,0.29
1,1546861724024,3.61,8.51,0.27
1,1546861724087,3.53,8.0,0.52
1,1546861724089,3.26,7.79,0.11
1,1546861724089,0.91,7.46,0.97
1,1546861724113,-0.05,6.77,0.64
1,1546861724114,-0.83,5.82,0.58
1,1546861724114,-1.26,4.84,0.48
1,1546861724115,-1.44,5.07,0.35
1,1546861724116,-1.62,5.78,-0.11
1,1546861724160,-1.77,5.7,-0.62
1,1546861724161,-2.01,5.62,-0.5
1,1546861724162,-2.3,4.8,-0.37
1,1546861724163,-2.55,2.22,0.39
1,1546861724163,-3.1,1.42,0.99
1,1546861724164,-3.71,0.74,1.56
1,1546861724164,-4.31,0.76,1.99
1,1546861724237,-4.64,1.91,1.73
1,1546861724238,-4.57,2.24,1.23
1,1546861724240,-4.6,2.05,0.91
1,1546861724240,-4.72,1.28,1.15
1,1546861724242,-5.11,-0.72,1.62
1,1546861724243,-5.27,-0.91,1.95
1,1546861724243,-5.5,-0.58,2.4
1,1546861724244,-5.68,0.05,2.65
1,1546861724314,-5.95,1.01,2.98
1,1546861724316,-6.15,0.62,3.26
1,1546861724333,-6.36,0.0,3.8
1,1546861724334,-6.32,-0.46,4.35
1,1546861724335,-6.26,-0.54,5.21
1,1546861724335,-6.77,-0.85,6.4
1,1546861724336,-6.95,-1.07,6.97
1,1546861724390,-7.01,-1.5,7.34
1,1546861724391,-6.87,-1.99,7.4
1,1546861724392,-6.36,-3.28,6.67
1,1546861724393,-6.38,-3.94,5.83
1,1546861724393,-6.54,-4.21,5.19
1,1546861724393,-6.66,-3.9,4.66
1,1546861724394,-6.75,-3.37,3.78
1,1546861724394,-6.77,-3.65,3.65
1,1546861724464,-6.83,-4.53,3.86
1,1546861724466,-6.85,-5.72,4.33
1,1546861724466,-5.95,-7.1,5.72
1,1546861724467,-5.41,-6.95,5.78
1,1546861724467,-5.33,-6.85,5.52
1,1546861724468,-5.66,-6.71,4.86
1,1546861724538,-5.87,-6.23,3.73
1,1546861724548,-5.48,-5.8,3.24
1,1546861724549,-5.13,-5.78,3.51
1,1546861724549,-5.09,-6.17,4.35
1,1546861724549,-5.17,-6.67,5.27
1,1546861724550,-4.92,-7.42,5.72
1,1546861724550,-4.57,-7.57,5.64
1,1546861724550,-4.19,-7.87,5.35
1,1546861724612,-4.08,-8.1,5.19
1,1546861724614,-4.35,-8.18,5.72
1,1546861724614,-4.37,-7.89,6.07
1,1546861724615,-4.45,-7.28,6.28
1,1546861724615,-4.55,-6.17,6.3
1,1546861724616,-4.76,-5.41,6.34
1,1546861724616,-4.9,-5.37,6.67
1,1546861724639,-5.05,-5.56,6.64
1,1546861724691,-5.15,-5.83,6.97
1,1546861724692,-4.92,-6.71,7.3
1,1546861724693,-4.76,-6.95,7.3
1,1546861724694,-4.72,-6.77,7.1
1,1546861724695,-4.98,-6.44,6.69
1,1546861724696,-5.39,-6.07,6.44
1,1546861724697,-6.19,-5.7,6.48
1,1546861724697,-6.34,-5.46,6.48
1,1546861724762,-6.36,-5.52,6.44
1,1546861724763,-6.5,-5.74,6.3
1,1546861724763,-6.67,-6.46,5.78
1,1546861724764,-6.54,-6.79,5.23
1,1546861724764,-6.32,-6.79,5.17
1,1546861724765,-6.19,-6.79,5.44
1,1546861724765,-5.97,-5.87,5.56
1,1546861724766,-6.09,-5.17,5.46
1,1546861724839,-6.3,-4.9,5.19
1,1546861724840,-6.56,-5.35,5.15
1,1546861724840,-6.11,-6.46,5.8
1,1546861724841,-5.68,-6.36,5.58
1,1546861724841,-5.58,-6.56,5.35
1,1546861724841,-5.78,-7.14,5.64
1,1546861724841,-6.15,-7.57,5.97
1,1546861724918,-6.48,-8.32,6.21
1,1546861724920,-6.19,-7.94,6.09
1,1546861724921,-6.03,-7.3,6.03
1,1546861724922,-6.25,-6.66,6.03
1,1546861724923,-6.69,-5.83,5.72
1,1546861724990,-6.81,-5.83,5.85
1,1546861724991,-6.97,-5.83,6.26
1,1546861724992,-7.05,-5.52,6.56
1,1546861724993,-7.1,-4.45,6.58
1,1546861725004,-7.24,-4.27,6.5
1,1546861725005,-7.36,-4.57,6.34
1,1546861725005,-7.2,-5.41,6.28
1,1546861725006,-6.28,-6.48,6.36
1,1546861725063,-5.97,-7.1,6.09
1,1546861725091,-5.82,-7.81,5.97
1,1546861725092,-5.83,-6.75,6.11
1,1546861725093,-5.64,-5.95,6.21
1,1546861725094,-5.56,-5.25,6.11
1,1546861725095,-5.62,-4.88,5.89
1,1546861725095,-6.15,-6.25,5.58
1,1546861725096,-6.32,-6.83,5.97
1,1546861725144,-6.19,-6.97,6.01
1,1546861725144,-5.97,-6.91,5.99
1,1546861725145,-5.95,-6.81,6.05
1,1546861725147,-6.17,-7.5,6.17
1,1546861725147,-6.05,-7.38,6.09
1,1546861725147,-5.83,-6.54,5.89
1,1546861725148,-5.85,-5.64,5.52
1,1546861725148,-6.54,-4.35,5.76
1,1546861725212,-6.89,-4.53,5.76
1,1546861725213,-7.1,-4.86,5.91
1,1546861725213,-6.97,-5.44,6.01
1,1546861725214,-6.36,-6.38,6.19
1,1546861725215,-6.23,-6.85,6.23
1,1546861725216,-6.13,-7.28,6.09
1,1546861725216,-5.95,-7.53,5.89
1,1546861725217,-5.66,-7.01,5.83
1,1546861725293,-5.78,-6.75,6.01
1,1546861725294,-5.78,-6.56,6.13
1,1546861725294,-5.74,-6.54,6.17
1,1546861725295,-5.7,-6.67,6.11
1,1546861725295,-5.97,-6.75,5.68
1,1546861725306,-6.15,-6.71,5.39
1,1546861725307,-6.46,-6.75,5.35
1,1546861725308,-6.62,-6.83,5.44
1,1546861725362,-6.75,-7.22,5.35
1,1546861725363,-6.48,-6.97,5.5
1,1546861725363,-6.28,-6.48,5.44
1,1546861725364,-6.38,-5.95,5.5
1,1546861725364,-7.26,-4.58,5.68
1,1546861725364,-7.46,-4.02,5.58
1,1546861725365,-7.55,-3.88,5.58
1,1546861725443,-7.63,-4.08,5.74
1,1546861725444,-7.53,-4.16,6.36
1,1546861725444,-7.46,-3.82,6.6
1,1546861725464,-7.55,-3.37,6.77
1,1546861725465,-7.85,-2.91,6.71
1,1546861725466,-8.61,-2.3,5.95
1,1546861725466,-8.82,-1.97,5.66
1,1546861725467,-8.9,-1.69,5.37
1,1546861725515,-8.98,-1.52,5.31
1,1546861725515,-9.14,-1.21,5.62
1,1546861725515,-9.33,-0.95,6.32
1,1546861725516,-9.19,-0.85,6.44
1,1546861725522,-8.98,-0.89,6.56
1,1546861725523,-8.76,-1.19,6.67
1,1546861725523,-8.08,-2.26,6.79
1,1546861725587,-7.79,-2.91,6.62
1,1546861725607,-7.53,-3.49,6.4
1,1546861725608,-7.44,-4.06,6.19
1,1546861725609,-7.32,-4.27,5.58
1,1546861725609,-7.34,-4.08,5.52
1,1546861725610,-7.46,-4.14,5.7
1,1546861725610,-7.46,-4.68,6.07
1,1546861725611,-6.89,-6.13,6.73
1,1546861725666,-6.42,-6.4,6.89
1,1546861725666,-6.13,-6.32,6.79
1,1546861725667,-6.21,-6.38,6.67
1,1546861725668,-6.83,-6.71,6.26
1,1546861725675,-6.95,-6.81,6.15
1,1546861725676,-6.79,-6.81,6.03
1,1546861725676,-6.62,-6.97,5.74
1,1546861725677,-6.64,-7.12,5.48
1,1546861725738,-6.69,-7.03,5.05
1,1546861725757,-6.77,-6.67,4.84
1,1546861725758,-6.97,-6.38,4.82
1,1546861725758,-7.14,-6.13,4.88
1,1546861725758,-7.16,-5.31,4.82
1,1546861725758,-7.16,-5.05,4.86
1,1546861725759,-7.26,-4.94,4.94
1,1546861725812,-7.26,-4.96,5.03
1,1546861725813,-6.91,-4.96,4.9
1,1546861725813,-6.83,-4.84,4.8
1,1546861725813,-6.97,-4.64,4.78
1,1546861725813,-7.22,-4.43,4.82
1,1546861725814,-7.67,-3.8,4.96
1,1546861725814,-7.65,-3.37,4.88
1,1546861725814,-7.44,-3.0,4.66
1,1546861725890,-7.14,-2.69,4.45
1,1546861725891,-6.58,-2.24,4.45
1,1546861725891,-6.4,-2.1,4.58
1,1546861725891,-6.4,-1.85,4.76
1,1546861725891,-6.44,-1.44,4.88
1,1546861725892,-6.56,-1.05,4.92
1,1546861725892,-6.77,-0.17,4.62
1,1546861725962,-6.69,0.21,4.41
1,1546861725976,-6.62,0.33,4.19
1,1546861725977,-6.58,0.23,4.21
1,1546861725977,-5.99,0.31,4.45
1,1546861725977,-5.68,0.44,4.47
1,1546861725977,-5.52,0.48,4.58
1,1546861725977,-5.64,0.66,4.76
1,1546861725978,-5.89,1.32,4.94
1,1546861726036,-5.97,1.62,4.82
1,1546861726043,-6.21,2.05,4.55
1,1546861726043,-6.26,2.28,4.43
1,1546861726044,-5.83,2.38,4.41
1,1546861726044,-5.46,2.61,4.68
1,1546861726044,-5.09,2.85,5.03
1,1546861726044,-4.9,3.16,5.31
1,1546861726113,-4.84,3.8,5.56
1,1546861726114,-4.8,4.19,5.5
1,1546861726115,-4.7,4.57,5.44
1,1546861726116,-4.49,4.8,5.37
1,1546861726117,-4.25,4.92,5.29
1,1546861726118,-3.57,5.37,5.83
1,1546861726119,-3.22,5.82,6.26
1,1546861726120,-2.89,6.25,6.69
1,1546861726190,-2.51,6.36,6.85
1,1546861726192,-2.1,5.93,6.67
1,1546861726193,-1.97,5.62,6.58
1,1546861726194,-1.79,5.56,6.62
1,1546861726196,-1.62,5.85,6.73
1,1546861726197,-1.17,6.75,7.24
1,1546861726199,-0.95,7.57,7.57
1,1546861726263,-0.76,8.08,7.75
1,1546861726264,-0.66,7.89,7.91
1,1546861726264,-0.74,6.95,8.1
1,1546861726264,-0.76,6.42,7.96
1,1546861726265,-0.68,5.97,7.63
1,1546861726265,-0.44,5.48,7.36
1,1546861726265,-0.07,5.09,7.38
1,1546861726266,0.74,4.53,7.96
1,1546861726339,1.11,4.72,8.35
1,1546861726339,1.25,5.25,8.37
1,1546861726345,1.46,5.78,8.24
1,1546861726346,1.77,5.89,7.77
1,1546861726346,1.99,5.68,7.61
1,1546861726346,2.44,5.44,7.55
1,1546861726346,3.04,5.25,7.5
1,1546861726346,4.16,5.17,7.55
1,1546861726412,4.68,5.23,7.77
1,1546861726413,4.82,5.27,7.92
1,1546861726434,5.05,5.03,7.92
1,1546861726435,5.93,4.7,8.75
1,1546861726435,6.32,4.58,9.29
1,1546861726436,6.6,4.41,9.51
1,1546861726436,6.85,4.27,9.45
1,1546861726490,6.73,3.98,8.76
1,1546861726514,6.4,3.98,8.37
1,1546861726514,5.95,4.0,8.14
1,1546861726514,5.5,4.16,8.08
1,1546861726515,5.09,4.27,8.28
1,1546861726515,4.86,4.41,8.3
1,1546861726515,4.94,4.6,8.02
1,1546861726515,5.13,4.9,7.85
1,1546861726573,5.46,5.13,7.67
1,1546861726574,6.34,5.41,7.61
1,1546861726574,6.83,5.56,7.79
1,1546861726576,7.12,5.82,8.02
1,1546861726576,7.26,6.13,8.02
1,1546861726577,7.18,6.62,7.85
1,1546861726578,7.18,6.69,7.87
1,1546861726635,7.24,6.75,8.02
1,1546861726637,7.28,6.85,8.18
1,1546861726637,7.26,6.69,8.37
1,1546861726638,7.12,6.23,8.45
1,1546861726638,7.08,5.72,8.41
1,1546861726639,7.18,5.13,8.33
1,1546861726639,7.46,4.7,8.16
1,1546861726640,8.06,4.04,7.98
1,1546861726712,8.35,3.94,8.02
1,1546861726733,8.51,3.9,8.04
1,1546861726734,8.47,3.9,8.14
1,1546861726734,8.04,4.02,8.18
1,1546861726734,7.79,4.16,8.2
1,1546861726734,7.3,4.25,8.47
1,1546861726734,7.14,4.17,8.51
1,1546861726790,7.01,3.59,8.47
1,1546861726791,7.28,2.96,8.12
1,1546861726792,7.55,2.26,7.87
1,1546861726803,7.73,1.99,7.5
1,1546861726804,7.75,2.85,6.32
1,1546861726805,7.48,3.57,5.6
1,1546861726806,7.05,4.1,5.19
1,1546861726807,6.48,4.25,5.01
1,1546861726943,6.56,4.23,4.9
1,1546861726944,6.95,4.37,4.76
1,1546861726944,7.05,4.47,4.58
1,1546861726944,7.18,4.49,4.57
1,1546861726944,7.38,4.35,4.51
1,1546861727111,8.0,4.45,4.29
1,1546861727113,8.28,4.94,4.04
1,1546861727114,8.18,5.29,3.78
1,1546861727114,7.87,5.58,3.69
1,1546861727115,6.95,6.4,3.78
1,1546861727168,5.52,9.02,2.53
1,1546861727169,6.01,9.27,2.32
1,1546861727170,6.4,9.35,1.6
1,1546861727170,6.48,9.23,1.34
1,1546861727171,6.23,6.09,0.15
1,1546861727171,5.33,4.64,3.35
1,1546861727173,5.56,4.39,3.06
1,1546861727173,6.09,4.39,2.87
1,1546861727238,6.54,4.39,2.53
1,1546861727238,6.87,4.08,4.51
1,1546861727255,7.01,3.9,4.82
1,1546861727256,7.18,3.82,4.86
1,1546861727256,7.46,3.67,4.92
1,1546861727256,7.69,3.33,4.8
1,1546861727310,8.04,2.94,4.72
1,1546861727312,8.73,2.48,5.01
1,1546861727387,8.98,2.3,5.19
1,1546861727409,8.94,2.22,5.05
1,1546861727409,8.75,2.18,4.86
1,1546861727410,8.35,2.3,4.41
1,1546861727410,8.26,2.36,4.33
1,1546861727411,8.22,2.55,4.29
1,1546861727411,8.26,2.71,4.37
1,1546861727411,8.2,2.98,4.64
1,1546861727460,8.1,3.1,4.88
1,1546861727460,8.04,3.22,4.92
1,1546861727460,7.65,4.35,2.48
1,1546861727460,7.59,4.14,2.57
1,1546861727461,7.44,3.84,2.87
1,1546861727471,7.16,3.88,2.92
1,1546861727471,6.52,4.17,3.06
1,1546861727472,6.25,4.19,2.94
1,1546861727536,6.05,4.25,2.89
1,1546861727555,6.01,5.89,2.42
1,1546861727555,5.99,6.5,1.95
1,1546861727556,5.91,6.97,1.56
1,1546861727556,5.83,7.3,1.5
1,1546861727556,5.29,7.28,1.38
1,1546861727557,5.01,7.05,1.3
1,1546861727557,4.66,6.83,1.3
1,1546861727610,4.06,6.91,2.12
1,1546861727611,4.17,7.91,2.96
1,1546861727624,3.94,8.32,3.71
1,1546861727625,3.9,8.61,4.12
1,1546861727625,3.75,8.65,4.31
1,1546861727625,4.02,7.98,4.72
1,1546861727626,4.45,7.63,4.74
1,1546861727626,4.82,7.38,4.27
1,1546861727685,5.5,7.3,3.39
1,1546861727686,6.05,6.99,2.79
1,1546861727686,7.08,5.93,2.16
1,1546861727687,7.71,5.44,2.14
1,1546861727687,7.94,5.11,1.54
1,1546861727706,7.57,4.98,0.33
1,1546861727707,7.87,6.01,0.46
1,1546861727707,7.63,7.01,0.13
1,1546861727760,7.85,8.22,0.09
1,1546861727760,8.12,9.25,0.19
1,1546861727760,8.32,10.54,0.5
1,1546861727760,8.49,10.74,0.95
1,1546861727761,8.71,10.62,1.54
1,1546861727775,9.06,10.33,2.05
1,1546861727775,9.8,9.35,3.41
1,1546861727835,10.05,8.94,3.76
1,1546861727837,10.05,8.65,4.06
1,1546861727837,9.76,8.43,4.41
1,1546861727838,8.75,7.63,4.04
1,1546861727838,8.22,7.01,3.9
1,1546861727838,7.91,6.28,3.67
1,1546861727839,7.91,5.62,3.22
1,1546861727839,8.04,5.0,2.91
1,1546861727910,8.45,4.1,2.46
1,1546861727911,8.51,3.8,2.34
1,1546861727911,8.39,3.57,2.28
1,1546861727911,8.14,3.39,2.24
1,1546861727913,7.75,3.2,2.12
1,1546861727913,7.73,3.14,2.07
1,1546861727913,7.87,3.18,1.93
1,1546861727985,8.02,3.24,1.73
1,1546861727985,8.33,3.53,1.4
1,1546861727985,8.47,3.76,1.23
1,1546861727986,8.65,3.96,1.01
1,1546861728010,8.55,4.06,0.87
1,1546861728011,8.45,4.1,0.83
1,1546861728011,8.18,3.84,0.8
1,1546861728011,8.04,3.71,0.83
1,1546861728060,8.02,3.63,0.85
1,1546861728061,8.0,3.69,0.78
1,1546861728061,8.26,3.73,0.76
1,1546861728062,8.39,3.75,0.66
1,1546861728062,8.47,3.73,0.58
1,1546861728062,8.47,3.78,0.44
1,1546861728062,8.49,4.14,0.31
1,1546861728135,8.51,4.41,0.39
1,1546861728136,8.71,4.68,0.23
1,1546861728136,9.02,4.84,0.13
1,1546861728137,9.57,4.92,0.03
1,1546861728137,9.6,4.98,0.35
1,1546861728137,9.45,5.07,0.62
1,1546861728137,9.35,5.03,0.82
1,1546861728138,9.58,4.53,0.78
1,1546861728211,9.94,4.0,0.58
1,1546861728211,10.35,3.39,0.54
1,1546861728212,10.68,2.91,0.62
1,1546861728212,10.78,2.05,0.27
1,1546861728212,10.52,1.83,0.07
1,1546861728213,10.03,1.75,-0.13
1,1546861728213,9.51,1.62,-0.33
1,1546861728213,8.96,1.6,-0.35
1,1546861728289,8.2,1.77,0.05
1,1546861728290,8.12,1.87,0.41
1,1546861728290,7.77,2.08,1.79
1,1546861728291,7.77,2.75,2.05
1,1546861728291,7.44,4.49,2.2
1,1546861728361,7.12,5.31,2.4
1,1546861728362,6.85,6.09,2.81
1,1546861728363,6.66,6.64,2.98
1,1546861728363,6.97,6.95,2.92
1,1546861728364,7.48,6.6,3.0
1,1546861728364,7.96,6.15,2.59
1,1546861728364,8.37,5.6,2.4
1,1546861728364,8.82,4.49,2.24
1,1546861728435,8.75,4.02,2.07
1,1546861728435,8.43,3.45,2.07
1,1546861728436,8.14,2.77,2.14
1,1546861728436,7.79,2.14,2.4
1,1546861728436,7.77,1.5,3.06
1,1546861728437,7.96,1.23,3.3
1,1546861728437,8.2,1.03,3.51
1,1546861728438,8.39,0.99,3.67
1,1546861728511,8.32,1.17,3.71
1,1546861728513,8.14,1.38,3.69
1,1546861728513,7.98,1.66,3.63
1,1546861728514,7.87,1.87,3.55
1,1546861728514,7.92,2.44,3.32
1,1546861728514,7.98,2.77,3.43
1,1546861728515,8.06,3.04,3.55
1,1546861728515,8.04,3.24,3.57
1,1546861728586,7.81,3.55,3.71
1,1546861728587,7.73,3.71,3.76
1,1546861728587,7.69,3.82,3.76
1,1546861728588,7.67,3.98,3.71
1,1546861728588,7.63,4.27,3.63
1,1546861728588,7.59,4.29,3.55
1,1546861728588,7.57,4.17,3.57
1,1546861728589,7.65,4.02,3.59
1,1546861728664,7.73,3.88,3.69
1,1546861728665,8.02,3.96,3.71
1,1546861728666,8.16,4.06,3.71
1,1546861728666,8.3,4.19,3.67
1,1546861728666,8.41,4.25,3.69
1,1546861728736,8.59,4.41,4.02
1,1546861728736,8.61,4.49,4.1
1,1546861728737,8.63,4.53,4.21
1,1546861728737,8.69,4.45,4.23
1,1546861728738,8.73,4.14,4.1
1,1546861728738,8.76,3.94,4.0
1,1546861728738,8.84,3.76,3.82
1,1546861728739,9.0,3.59,3.69
1,1546861728815,9.29,3.35,3.35
1,1546861728815,9.37,3.18,3.12
1,1546861728815,9.35,3.1,3.02
1,1546861728816,9.35,2.94,2.94
1,1546861728816,9.47,2.55,2.89
1,1546861728887,9.55,2.38,2.83
1,1546861728887,9.6,2.28,2.73
1,1546861728888,9.58,2.24,2.57
1,1546861728888,9.25,1.95,2.24
1,1546861728889,9.08,1.91,2.22
1,1546861728889,8.96,1.89,2.16
1,1546861728889,8.98,1.87,2.08
1,1546861728890,9.12,1.85,2.1
1,1546861728963,9.19,1.91,2.08
1,1546861728963,8.8,2.32,1.93
1,1546861728964,8.76,2.51,1.87
1,1546861728964,8.76,2.73,1.81
1,1546861728964,8.9,3.04,1.67
1,1546861729036,9.23,3.14,1.46
1,1546861729036,9.43,2.96,1.34
1,1546861729037,9.6,2.81,1.19
1,1546861729037,9.7,2.71,1.19
1,1546861729038,9.68,2.67,1.21
1,1546861729038,9.27,2.61,1.07
1,1546861729049,8.88,2.59,0.85
1,1546861729050,8.43,2.55,0.64
1,1546861729110,7.92,2.53,0.56
1,1546861729110,7.87,2.92,0.56
1,1546861729111,8.53,2.73,0.48
1,1546861729112,9.04,2.32,-0.19
1,1546861729112,8.84,2.26,-0.29
1,1546861729113,8.37,2.36,-0.35
1,1546861729113,8.08,2.42,-0.5
1,1546861729114,7.51,2.96,-1.09
1,1546861729186,8.16,3.39,-0.58
1,1546861729187,8.96,3.63,-0.74
1,1546861729188,9.8,3.57,-0.89
1,1546861729188,10.58,2.79,-1.34
1,1546861729189,10.46,2.61,-1.54
1,1546861729189,10.15,2.65,-1.75
1,1546861729189,9.84,2.85,-1.91
1,1546861729189,9.74,3.39,-1.99
1,1546861729262,9.8,6.01,-2.57
1,1546861729263,9.86,6.99,-3.1
1,1546861729263,9.72,7.01,-3.47
1,1546861729264,9.37,5.99,-3.55
1,1546861729264,8.88,3.71,-3.02
1,1546861729265,8.9,3.26,-2.38
1,1546861729265,9.0,2.98,-1.75
1,1546861729265,9.25,2.53,-1.25
1,1546861729334,9.72,2.48,-0.7
1,1546861729335,9.53,2.59,-0.97
1,1546861729335,9.21,2.51,-1.46
1,1546861729336,9.1,2.48,-1.91
1,1546861729336,9.51,2.34,-2.1
1,1546861729336,9.92,2.14,-1.64
1,1546861729350,10.31,1.44,-0.56
1,1546861729411,10.56,0.31,0.07
1,1546861729411,11.01,0.11,0.48
1,1546861729418,10.7,2.01,-0.23
1,1546861729419,10.19,3.55,-1.09
1,1546861729419,9.6,5.85,-3.49
1,1546861729420,9.72,7.87,-3.59
1,1546861729420,10.37,6.5,-1.36
1,1546861729420,10.23,4.43,-0.93
1,1546861729485,9.9,2.42,-0.6
1,1546861729486,9.6,1.13,-1.05
1,1546861729487,9.21,-0.11,-3.22
1,1546861729488,9.33,0.52,-3.96
1,1546861729488,9.64,1.3,-4.23
1,1546861729488,10.05,1.73,-4.76
1,1546861729489,10.13,0.64,-4.12
1,1546861729489,9.86,0.68,-3.98
1,1546861729564,9.6,1.32,-3.84
1,1546861729565,9.98,2.69,-3.35
1,1546861729565,11.21,3.39,-2.3
1,1546861729566,13.45,4.49,-1.3
1,1546861729566,13.94,4.51,-1.17
1,1546861729635,13.98,3.88,-1.36
1,1546861729636,13.76,3.28,-1.5
1,1546861729636,13.18,2.75,-2.89
1,1546861729653,12.59,3.33,-3.57
1,1546861729653,11.95,4.02,-3.47
1,1546861729654,11.11,4.86,-3.16
1,1546861729654,9.64,5.39,-1.05
1,1546861729654,9.1,5.41,-0.13
1,1546861729712,8.78,4.66,0.66
1,1546861729720,7.38,0.89,3.35
1,1546861729721,6.58,-0.33,4.41
1,1546861729721,5.33,-0.19,4.27
1,1546861729721,3.22,1.03,3.51
1,1546861729785,2.53,3.88,2.28
1,1546861729805,2.22,4.76,1.75
1,1546861729806,1.99,5.15,1.46
1,1546861729806,1.67,5.25,1.25
1,1546861729806,0.44,4.55,0.7
1,1546861729806,-0.33,4.06,0.11
1,1546861729807,-0.64,3.59,-0.42
1,1546861729807,-0.25,2.91,-0.56
1,1546861729862,0.25,2.48,-0.54
1,1546861729863,1.11,1.95,-1.17
1,1546861729863,1.11,1.46,-1.07
1,1546861729864,1.32,-0.29,-0.62
1,1546861729864,1.34,-0.23,-0.6
1,1546861729864,1.79,-0.23,-0.6
1,1546861729865,2.63,-0.07,-0.64
1,1546861729865,3.92,0.74,-0.64
1,1546861729934,4.84,1.07,-0.17
1,1546861729935,5.54,1.52,0.03
1,1546861729936,5.37,1.87,-0.15
1,1546861729937,4.35,2.71,0.17
1,1546861729937,4.53,2.63,-0.19
1,1546861729937,5.41,2.05,-0.52
1,1546861729938,7.65,1.58,-1.81
1,1546861729938,11.42,0.97,-1.99
1,1546861730011,12.5,0.03,-2.55
1,1546861730012,11.99,0.03,-2.63
1,1546861730012,10.56,0.25,-2.38
1,1546861730013,9.08,0.29,-1.79
1,1546861730013,8.57,0.07,-0.8
1,1546861730014,9.74,-0.54,-0.74
1,1546861730091,11.3,-0.66,-0.89
1,1546861730092,12.59,-0.15,-1.3
1,1546861730092,13.39,0.82,-2.55
1,1546861730092,12.3,0.35,-2.91
1,1546861730092,10.41,0.09,-3.06
1,1546861730161,8.78,0.37,-3.2
1,1546861730161,9.66,0.99,-3.35
1,1546861730162,11.77,0.33,-3.2
1,1546861730162,13.88,-0.6,-2.69
1,1546861730162,14.78,-1.05,-2.57
1,1546861730162,12.75,-0.62,-4.02
1,1546861730163,10.72,-0.56,-4.02
1,1546861730163,9.12,-0.48,-3.35
1,1546861730235,8.35,-0.17,-2.57
1,1546861730241,12.4,-0.27,-1.95
1,1546861730242,12.2,-0.64,-1.89
1,1546861730242,11.3,0.91,-2.63
1,1546861730242,11.32,0.19,-2.05
1,1546861730242,11.75,-0.52,-1.56
1,1546861730243,12.38,-0.97,-1.28
1,1546861730243,13.18,-0.72,-2.63
1,1546861730314,13.16,-0.91,-2.63
1,1546861730315,12.94,-1.32,-1.99
1,1546861730315,12.83,-1.28,-1.07
1,1546861730315,13.04,-1.19,-0.64
1,1546861730316,13.22,-1.64,-0.68
1,1546861730316,13.26,-2.07,-1.09
1,1546861730316,13.02,-2.01,-1.66
1,1546861730328,12.59,-1.4,-2.53
1,1546861730388,12.1,0.09,-3.14
1,1546861730389,12.2,0.07,-3.1
1,1546861730390,12.28,-0.54,-2.55
1,1546861730391,12.4,-1.32,-2.12
1,1546861730391,12.71,-2.38,-1.56
1,1546861730392,12.67,-1.91,-1.56
1,1546861730393,12.71,-1.4,-1.71
1,1546861730394,12.73,-1.09,-1.69
1,1546861730466,12.46,-0.99,-1.66
1,1546861730468,12.32,-0.82,-4.27
1,1546861730470,12.51,-0.6,-4.41
1,1546861730472,13.53,-1.93,2.26
1,1546861730473,12.44,-0.78,-0.01
1,1546861730474,13.65,1.3,2.28
1,1546861730475,13.76,-1.17,0.39
1,1546861730539,13.14,-0.56,1.26
1,1546861730540,11.67,-2.51,0.44
1,1546861730541,10.99,-2.55,0.17
1,1546861730542,10.46,-2.36,0.58
1,1546861730543,9.74,0.15,-0.5
1,1546861730544,9.0,0.78,-2.4
1,1546861730545,9.88,1.66,-1.77
1,1546861730546,9.8,0.56,-2.22
1,1546861730615,9.72,-0.97,-2.1
1,1546861730616,9.8,-2.16,-1.36
1,1546861730617,9.78,-1.97,-0.95
1,1546861730618,10.13,-1.52,-1.4
1,1546861730619,10.48,-2.48,-1.69
1,1546861730620,10.6,-3.92,-1.36
1,1546861730621,10.7,-3.47,-0.54
1,1546861730623,11.05,-1.4,-0.56
1,1546861730693,11.64,0.07,-0.66
1,1546861730713,12.05,0.7,-0.66
1,1546861730714,11.28,-0.72,-0.78
1,1546861730714,10.5,-2.05,-1.4
1,1546861730715,10.05,-2.65,-1.36
1,1546861730715,10.11,-1.87,-1.17
1,1546861730715,11.3,-0.48,-2.24
1,1546861730760,11.5,-0.25,-2.34
1,1546861730761,11.34,0.78,-2.12
1,1546861730761,11.28,1.48,-2.3
1,1546861730762,11.4,0.89,-2.24
1,1546861730763,11.79,-2.03,-2.22
1,1546861730763,12.22,-2.07,-1.52
1,1546861730763,12.57,-2.03,-0.64
1,1546861730764,12.98,-1.6,0.07
1,1546861730839,14.14,-1.25,1.42
1,1546861730839,13.94,-1.79,1.28
1,1546861730847,12.98,-1.28,1.36
1,1546861730850,11.64,0.74,0.7
1,1546861730852,10.33,4.82,-3.12
1,1546861730853,10.25,4.35,-3.92
1,1546861730854,9.92,1.73,-5.89
1,1546861730912,9.49,-1.05,-6.91
1,1546861730913,8.82,-4.43,-2.96
1,1546861730913,9.08,-2.98,-1.13
1,1546861730914,9.58,-0.19,0.41
1,1546861730930,9.27,1.32,-0.66
1,1546861730931,13.55,-4.66,-1.56
1,1546861730931,13.63,-1.73,-5.01
1,1546861730931,11.52,1.66,-6.81
1,1546861730988,10.85,-0.31,-3.75
1,1546861730989,14.02,-4.84,-0.07
1,1546861730997,16.3,-3.33,-3.55
1,1546861730997,14.1,-1.4,-1.19
1,1546861730998,11.91,-0.89,1.36
1,1546861730998,9.7,-1.85,1.62
1,1546861730998,12.36,-0.13,-0.46
1,1546861731063,15.19,-0.23,-0.19
1,1546861731066,16.42,-0.76,-1.6
1,1546861731067,16.91,-1.38,-3.53
1,1546861731069,14.35,-1.58,-2.12
1,1546861731071,12.73,-0.29,-1.52
1,1546861731072,13.24,0.0,-1.3
1,1546861731074,15.23,-0.25,-1.91
1,1546861731076,17.67,-0.87,-3.0
1,1546861731150,16.73,-0.56,-2.98
1,1546861731150,14.9,-0.05,-2.67
1,1546861731150,13.75,0.07,-1.52
1,1546861731151,14.16,-0.09,-0.62
1,1546861731151,17.12,-0.29,-1.03
1,1546861731151,17.61,-0.66,-1.56
1,1546861731151,16.99,-1.56,-1.75
1,1546861731210,15.66,-1.48,-1.23
1,1546861731211,13.86,0.23,-0.76
1,1546861731211,13.51,0.15,-0.97
1,1546861731238,14.0,-0.54,-0.82
1,1546861731239,15.68,-0.54,-0.17
1,1546861731240,17.28,1.11,-1.23
1,1546861731240,16.38,0.91,-1.28
1,1546861731240,15.27,0.52,-0.99
1,1546861731292,14.82,0.46,-1.11
1,1546861731294,14.45,1.66,1.05
1,1546861731296,14.45,1.73,1.66
1,1546861731297,14.25,1.28,0.31
1,1546861731298,14.16,1.48,-0.66
1,1546861731299,14.88,1.91,-0.99
1,1546861731300,14.66,0.93,-0.8
1,1546861731361,14.53,-0.17,0.52
1,1546861731386,14.17,0.8,1.5
1,1546861731386,13.35,1.99,1.66
1,1546861731386,12.14,2.05,2.92
1,1546861731387,11.93,1.75,1.54
1,1546861731387,12.77,1.67,1.38
1,1546861731387,13.39,1.71,0.97
1,1546861731387,11.99,1.38,0.41
1,1546861731465,10.89,1.93,1.3
1,1546861731466,10.68,2.03,2.65
1,1546861731466,10.27,1.85,3.12
1,1546861731467,9.66,1.73,1.34
1,1546861731467,9.68,0.97,2.1
1,1546861731468,9.66,0.64,3.0
1,1546861731468,9.37,1.32,2.87
1,1546861731469,8.88,2.38,3.63
1,1546861731530,7.83,2.03,3.41
1,1546861731530,7.38,1.79,3.24
1,1546861731530,6.95,1.05,2.73
1,1546861731531,6.54,0.23,1.44
1,1546861731531,4.94,0.87,2.24
1,1546861731531,5.74,0.74,5.21
1,1546861731531,7.53,1.23,5.11
1,1546861731587,6.42,2.07,3.73
1,1546861731604,5.21,-0.23,2.42
1,1546861731605,4.72,-1.11,1.54
1,1546861731605,4.23,-0.03,3.76
1,1546861731606,5.83,1.32,6.05
1,1546861731606,2.55,0.6,2.63
1,1546861731606,2.65,0.64,3.18
1,1546861731607,2.94,0.25,4.33
1,1546861731664,3.75,-0.46,5.39
1,1546861731666,1.87,-1.25,2.89
1,1546861731667,1.32,-1.44,4.68
1,1546861731668,1.17,-1.81,6.09
1,1546861731669,1.07,-1.93,5.52
1,1546861731671,1.17,-0.03,6.03
1,1546861731672,0.93,-0.78,4.55
1,1546861731737,-0.44,-2.81,5.17
1,1546861731739,-1.26,-3.04,6.3
1,1546861731740,-1.23,-1.83,6.15
1,1546861731741,-1.32,-2.05,9.49
1,1546861731741,0.89,-0.5,10.39
1,1546861731742,0.95,-0.39,8.45
1,1546861731743,-1.01,-2.24,7.2
1,1546861731743,-2.08,-3.51,5.29
1,1546861731811,-3.0,-3.18,5.42
1,1546861731812,-4.53,-4.1,6.66
1,1546861731812,-5.09,-5.74,6.5
1,1546861731812,-4.68,-3.32,6.34
1,1546861731812,-2.79,-0.87,7.77
1,1546861731813,-0.27,0.23,8.37
1,1546861731813,0.64,-0.97,7.12
1,1546861731887,-1.81,-1.73,5.93
1,1546861731889,-2.28,0.54,5.35
1,1546861731889,-2.36,0.07,4.08
1,1546861731890,-2.75,-2.61,3.04
1,1546861731890,-4.21,-5.64,2.22
1,1546861731890,-5.01,-4.9,1.89
1,1546861731891,-5.83,-4.19,1.19
1,1546861731891,-6.15,-3.84,0.35
1,1546861731963,-6.21,-4.37,1.15
1,1546861731974,-6.42,-3.71,2.5
1,1546861731974,-6.21,-3.22,2.42
1,1546861731974,-5.6,-3.37,4.08
1,1546861731975,-4.72,-4.86,4.21
1,1546861731975,-4.98,-4.31,2.48
1,1546861731975,-6.26,-1.6,1.44
1,1546861731976,-7.24,-2.36,2.07
1,1546861732037,-7.01,-2.89,3.67
1,1546861732038,-5.03,-4.12,5.7
1,1546861732062,-5.33,-4.86,4.76
1,1546861732062,-5.46,-2.87,4.14
1,1546861732063,-5.35,-2.32,4.31
1,1546861732063,-4.74,-4.23,2.36
1,1546861732063,-5.15,-4.21,1.99
1,1546861732114,-6.21,-4.04,0.68
1,1546861732114,-7.14,-2.14,0.31
1,1546861732115,-7.22,-2.83,2.65
1,1546861732115,-6.89,-5.09,1.21
1,1546861732136,-6.87,-4.33,1.26
1,1546861732136,-7.46,-3.0,1.36
1,1546861732137,-8.16,-3.18,0.35
1,1546861732137,-8.45,-3.61,-2.08
1,1546861732189,-9.19,-3.49,-0.76
1,1546861732191,-9.82,-5.11,-0.72
1,1546861732191,-10.03,-5.87,-1.58
1,1546861732212,-10.44,-4.33,-0.29
1,1546861732213,-10.5,-2.69,0.05
1,1546861732213,-10.44,-1.58,1.34
1,1546861732213,-9.58,-2.08,1.34
1,1546861732263,-8.69,-3.94,1.48
1,1546861732272,-9.45,-3.43,0.62
1,1546861732272,-9.96,-3.33,0.19
1,1546861732273,-10.89,-4.23,-0.44
1,1546861732273,-11.03,-5.82,-0.54
1,1546861732273,-10.21,-4.72,-0.52
1,1546861732273,-9.74,-4.35,0.33
1,1546861732274,-9.8,-3.33,2.42
1,1546861732339,-8.71,-3.16,2.14
1,1546861732339,-8.73,-4.39,1.89
1,1546861732340,-9.16,-4.39,2.07
1,1546861732340,-10.23,-3.35,0.29
1,1546861732341,-9.94,-3.2,-0.62
1,1546861732341,-10.44,-4.57,0.13
1,1546861732341,-10.6,-4.1,1.13
1,1546861732416,-9.76,-1.95,1.3
1,1546861732420,-8.61,-0.95,1.91
1,1546861732421,-8.63,-3.12,3.04
1,1546861732423,-8.75,-3.18,1.28
1,1546861732424,-9.17,-2.91,0.21
1,1546861732425,-9.88,-3.84,1.34
1,1546861732426,-9.49,-3.16,0.8
1,1546861732427,-9.45,-3.37,1.34
1,1546861732489,-9.6,-3.55,1.95
1,1546861732490,-9.53,-3.37,2.38
1,1546861732491,-9.55,-2.38,2.08
1,1546861732491,-9.04,-3.39,1.87
1,1546861732492,-9.17,-3.88,1.32
1,1546861732493,-9.43,-3.61,0.93
1,1546861732494,-9.68,-3.98,1.44
1,1546861732565,-9.47,-4.27,1.25
1,1546861732567,-9.58,-3.78,1.15
1,1546861732567,-9.58,-2.73,0.68
1,1546861732568,-9.76,-3.0,1.09
1,1546861732568,-9.64,-3.39,1.13
1,1546861732569,-9.6,-4.19,1.38
1,1546861732570,-9.57,-4.19,1.09
1,1546861732570,-9.82,-3.84,0.76
1,1546861732641,-9.98,-3.67,0.95
1,1546861732642,-9.9,-3.63,0.89
1,1546861732643,-9.86,-3.73,0.76
1,1546861732644,-9.94,-3.71,0.46
1,1546861732660,-10.15,-4.58,1.15
1,1546861732714,-10.25,-4.6,1.05
1,1546861732715,-10.37,-4.14,0.76
1,1546861732716,-10.56,-3.0,0.13
1,1546861732716,-10.41,-3.69,0.5
1,1546861732717,-10.33,-4.25,0.23
1,1546861732717,-10.42,-4.21,0.39
1,1546861732718,-10.66,-4.08,0.74
1,1546861732718,-10.6,-3.75,0.93
1,1546861732791,-10.56,-3.82,0.8
1,1546861732792,-10.58,-3.88,0.62
1,1546861732793,-10.56,-3.75,0.35
1,1546861732793,-10.46,-4.19,0.87
1,1546861732794,-10.37,-3.82,0.58
1,1546861732864,-10.52,-3.41,0.46
1,1546861732865,-10.46,-3.45,0.5
1,1546861732867,-10.05,-3.84,0.89
1,1546861732867,-10.0,-4.0,1.07
1,1546861732868,-9.92,-3.9,1.21
1,1546861732869,-10.0,-3.55,1.3
1,1546861732869,-10.05,-3.3,1.03
1,1546861732870,-10.01,-3.18,0.72
1,1546861732939,-10.01,-3.16,0.64
1,1546861732966,-9.92,-2.92,0.74
1,1546861732967,-9.98,-3.1,1.01
1,1546861732968,-10.01,-3.1,0.89
1,1546861732968,-10.01,-2.87,0.74
1,1546861732969,-10.11,-2.94,1.05
1,1546861732969,-10.21,-2.96,1.25
1,1546861732969,-10.15,-2.96,0.99
1,1546861733012,-10.23,-2.96,0.72
1,1546861733030,-10.27,-3.32,1.38
1,1546861733031,-10.21,-2.85,1.26
1,1546861733031,-10.33,-2.77,1.3
1,1546861733031,-10.44,-2.73,1.38
1,1546861733031,-10.37,-2.38,1.28
1,1546861733032,-10.31,-2.55,1.28
1,1546861733032,-10.21,-3.55,2.16
1,1546861733089,-10.19,-3.49,1.89
1,1546861733090,-10.23,-3.22,1.52
1,1546861733091,-10.19,-3.22,1.69
1,1546861733093,-10.01,-3.2,1.79
1,1546861733093,-9.96,-3.26,1.58
1,1546861733094,-10.0,-2.91,1.01
1,1546861733095,-10.03,-2.91,0.82
1,1546861733096,-10.07,-2.61,1.01
1,1546861733164,-9.96,-2.67,0.97
1,1546861733168,-9.76,-2.81,0.89
1,1546861733170,-9.53,-2.98,1.38
1,1546861733171,-9.53,-3.08,1.4
1,1546861733173,-9.6,-2.98,1.28
1,1546861733174,-9.64,-2.83,1.09
1,1546861733177,-9.58,-3.02,1.26
1,1546861733239,-9.35,-2.77,1.5
1,1546861733240,-9.23,-2.87,1.69
1,1546861733248,-9.37,-3.37,2.24
1,1546861733248,-9.39,-3.16,2.4
1,1546861733249,-9.51,-3.04,2.18
1,1546861733249,-9.43,-2.81,1.97
1,1546861733249,-9.39,-2.94,1.83
1,1546861733250,-9.55,-2.92,1.64
1,1546861733313,-9.43,-3.14,1.69
1,1546861733314,-9.39,-3.22,1.87
1,1546861733314,-9.37,-3.22,1.97
1,1546861733333,-9.37,-3.1,2.05
1,1546861733334,-9.41,-3.43,1.69
1,1546861733335,-9.41,-3.73,1.3
1,1546861733335,-9.64,-3.16,1.4
1,1546861733336,-9.66,-2.79,1.44
1,1546861733390,-9.43,-2.87,1.64
1,1546861733390,-9.53,-2.89,1.67
1,1546861733391,-9.6,-3.12,1.75
1,1546861733391,-9.68,-3.2,1.77
1,1546861733391,-9.82,-3.26,2.03
1,1546861733392,-9.94,-3.35,1.95
1,1546861733392,-9.9,-3.2,2.01
1,1546861733468,-9.86,-3.28,2.03
1,1546861733470,-9.86,-3.2,2.12
1,1546861733472,-9.94,-3.1,2.08
1,1546861733473,-10.11,-3.59,2.34
1,1546861733474,-9.94,-3.47,2.28
1,1546861733476,-10.11,-3.3,1.83
1,1546861733477,-9.96,-3.2,2.28
1,1546861733479,-9.78,-3.2,2.81
1,1546861733542,-9.78,-3.24,3.2
1,1546861733543,-9.68,-2.91,2.59
1,1546861733545,-9.66,-3.39,3.2
1,1546861733545,-9.58,-3.26,3.2
1,1546861733546,-9.45,-2.98,2.67
1,1546861733547,-9.58,-3.1,2.61
1,1546861733548,-9.58,-3.41,2.46
1,1546861733613,-9.49,-3.18,2.22
1,1546861733613,-9.45,-3.28,2.59
1,1546861733614,-9.53,-3.39,3.12
1,1546861733614,-9.31,-2.69,2.91
1,1546861733615,-9.19,-2.96,2.87
1,1546861733615,-9.25,-3.22,3.06
1,1546861733616,-9.16,-2.81,2.94
1,1546861733616,-9.43,-2.94,2.44
1,1546861733688,-9.31,-3.32,2.89
1,1546861733690,-9.23,-3.3,3.04
1,1546861733692,-9.25,-2.67,2.85
1,1546861733692,-9.37,-2.92,3.33
1,1546861733693,-9.39,-2.57,2.87
1,1546861733693,-9.37,-2.5,2.48
1,1546861733694,-9.57,-2.83,2.46
1,1546861733694,-9.58,-3.0,2.73
1,1546861733763,-9.58,-3.08,3.14
1,1546861733764,-9.62,-3.16,2.94
1,1546861733764,-9.76,-3.0,2.96
1,1546861733765,-9.8,-2.69,3.1
1,1546861733766,-9.82,-2.96,2.87
1,1546861733766,-9.78,-3.18,3.12
1,1546861733767,-9.8,-2.91,3.18
1,1546861733840,-9.84,-2.71,3.1
1,1546861733841,-9.98,-2.92,3.2
1,1546861733842,-10.09,-3.06,3.24
1,1546861733843,-10.09,-2.98,3.12
1,1546861733862,-9.98,-2.83,3.0
1,1546861733863,-10.05,-2.94,3.33
1,1546861733864,-9.92,-2.94,2.96
1,1546861733910,-9.96,-3.1,2.92
1,1546861733911,-9.94,-3.14,2.81
1,1546861733919,-9.84,-3.04,2.91
1,1546861733919,-9.82,-3.06,2.87
1,1546861733919,-9.82,-2.98,2.89
1,1546861733920,-9.72,-3.06,2.89
1,1546861733920,-9.64,-2.85,2.57
1,1546861733920,-9.64,-3.2,2.83
1,1546861733988,-9.39,-2.98,2.75
1,1546861733989,-9.43,-3.06,3.02
1,1546861733989,-9.43,-3.08,3.0
1,1546861733990,-9.27,-2.92,2.94
1,1546861733990,-9.16,-2.98,2.85
1,1546861733990,-9.23,-3.33,3.06
1,1546861733991,-9.25,-3.18,3.26
1,1546861733991,-9.0,-3.24,3.14
1,1546861734064,-9.02,-3.16,3.06
1,1546861734065,-9.04,-3.04,2.94
1,1546861734066,-9.17,-3.24,3.08
1,1546861734089,-9.23,-3.28,3.12
1,1546861734089,-9.08,-2.92,3.04
1,1546861734089,-9.12,-2.79,2.87
1,1546861734090,-9.27,-2.89,3.06
1,1546861734140,-9.31,-3.0,3.16
1,1546861734140,-9.31,-2.87,3.22
1,1546861734140,-9.31,-3.06,3.18
1,1546861734141,-9.29,-2.89,2.91
1,1546861734141,-9.53,-2.96,2.71
1,1546861734141,-9.68,-2.96,2.69
1,1546861734141,-9.6,-2.85,2.83
1,1546861734141,-9.58,-2.85,3.14
1,1546861734212,-9.55,-3.1,3.32
1,1546861734213,-9.6,-2.71,3.12
1,1546861734214,-9.7,-3.0,3.16
1,1546861734215,-9.68,-2.91,2.92
1,1546861734215,-9.66,-2.81,2.98
1,1546861734216,-9.72,-3.22,3.51
1,1546861734217,-9.72,-2.83,3.53
1,1546861734289,-9.72,-2.75,3.41
1,1546861734290,-9.66,-2.83,3.26
1,1546861734307,-9.6,-2.77,3.18
1,1546861734308,-9.57,-3.04,3.39
1,1546861734308,-9.58,-3.02,3.22
1,1546861734308,-9.6,-2.92,3.2
1,1546861734309,-9.66,-2.81,3.2
1,1546861734309,-9.41,-2.67,3.26
1,1546861734362,-9.41,-2.73,3.2
1,1546861734372,-9.37,-2.83,3.1
1,1546861734373,-9.41,-2.89,3.16
1,1546861734373,-9.51,-2.71,2.96
1,1546861734373,-9.45,-2.85,2.85
1,1546861734373,-9.41,-3.08,3.14
1,1546861734374,-9.55,-2.85,3.08
1,1546861734374,-9.37,-2.46,3.14
1,1546861734439,-9.23,-2.51,3.06
1,1546861734440,-9.31,-2.77,2.98
1,1546861734442,-9.41,-2.69,2.85
1,1546861734443,-9.57,-2.98,2.87
1,1546861734446,-9.57,-2.85,2.85
1,1546861734447,-9.49,-2.81,2.98
1,1546861734447,-9.53,-2.85,3.2
1,1546861734513,-9.51,-2.73,3.28
1,1546861734514,-9.51,-2.85,2.94
1,1546861734525,-9.62,-3.04,2.69
1,1546861734526,-9.68,-2.79,2.61
1,1546861734526,-9.74,-2.81,2.94
1,1546861734526,-9.74,-2.85,3.08
1,1546861734526,-9.68,-2.73,3.0
1,1546861734527,-9.62,-2.91,3.06
1,1546861734586,-9.53,-2.85,2.87
1,1546861734608,-9.78,-2.81,2.55
1,1546861734608,-9.66,-3.02,2.71
1,1546861734609,-9.6,-2.96,2.73
1,1546861734609,-9.55,-2.81,2.65
1,1546861734609,-9.76,-2.92,2.96
1,1546861734609,-9.72,-2.5,3.04
1,1546861734664,-9.41,-2.53,3.08
1,1546861734665,-9.37,-2.79,3.24
1,1546861734665,-9.43,-2.75,2.77
1,1546861734665,-9.27,-2.85,2.87
1,1546861734666,-9.35,-2.92,3.08
1,1546861734666,-9.29,-2.89,3.59
1,1546861734666,-9.14,-2.77,2.87
1,1546861734666,-9.06,-2.65,2.91
1,1546861734738,-9.06,-2.89,3.2
1,1546861734739,-9.0,-2.91,3.08
1,1546861734740,-9.21,-2.67,3.14
1,1546861734740,-9.02,-2.57,2.63
1,1546861734741,-8.82,-3.1,3.2
1,1546861734813,-9.02,-3.0,3.1
1,1546861734813,-9.16,-2.48,2.98
1,1546861734814,-9.17,-2.81,3.06
1,1546861734814,-9.17,-2.59,2.83
1,1546861734814,-9.23,-2.67,2.94
1,1546861734814,-9.23,-2.79,3.02
1,1546861734814,-9.37,-2.81,3.18
1,1546861734815,-9.53,-2.92,3.35
1,1546861734889,-9.57,-2.98,3.35
1,1546861734890,-9.49,-2.75,3.16
1,1546861734890,-9.6,-2.87,3.47
1,1546861734891,-9.58,-2.75,3.61
1,1546861734891,-9.58,-2.94,3.67
1,1546861734891,-9.58,-2.91,3.45
1,1546861734892,-9.7,-2.92,3.24
1,1546861734967,-9.8,-3.0,3.22
1,1546861734968,-9.76,-2.83,3.12
1,1546861734968,-9.78,-2.85,3.33
1,1546861734968,-9.74,-2.71,3.45
1,1546861734969,-9.7,-3.16,3.63
1,1546861734969,-9.72,-2.94,3.65
1,1546861734969,-9.76,-2.89,3.3
1,1546861734969,-9.74,-2.83,2.85
1,1546861735037,-9.66,-3.0,3.24
1,1546861735038,-9.66,-2.87,3.47
1,1546861735055,-9.58,-2.89,3.26
1,1546861735056,-9.64,-3.08,3.47
1,1546861735056,-9.6,-2.87,3.37
1,1546861735056,-9.53,-2.67,3.2
1,1546861735057,-9.58,-3.08,3.43
1,1546861735057,-9.55,-2.94,3.53
1,1546861735114,-9.51,-3.02,3.33
1,1546861735131,-9.53,-3.04,3.28
1,1546861735131,-9.49,-2.96,3.22
1,1546861735132,-9.53,-3.08,3.49
1,1546861735132,-9.55,-2.91,3.47
1,1546861735132,-9.49,-2.87,3.45
1,1546861735133,-9.41,-2.85,3.61
1,1546861735133,-9.25,-2.81,3.51
1,1546861735185,-9.39,-3.04,3.47
1,1546861735186,-9.47,-2.87,3.39
1,1546861735187,-9.39,-2.75,3.04
1,1546861735196,-9.39,-2.75,3.0
1,1546861735197,-9.45,-2.91,3.35
1,1546861735197,-9.31,-2.85,3.53
1,1546861735198,-9.39,-2.98,3.49
1,1546861735198,-9.37,-2.94,3.51
1,1546861735261,-9.31,-2.92,3.55
1,1546861735287,-9.41,-2.91,3.49
1,1546861735288,-9.45,-2.89,3.63
1,1546861735289,-9.35,-2.77,3.57
1,1546861735289,-9.41,-2.81,3.45
1,1546861735290,-9.39,-2.85,3.63
1,1546861735290,-9.35,-2.75,3.63
1,1546861735291,-9.47,-2.92,3.63
1,1546861735365,-9.47,-3.1,3.8
1,1546861735366,-9.51,-3.0,3.88
1,1546861735366,-9.57,-2.91,3.26
1,1546861735366,-9.7,-3.12,3.41
1,1546861735366,-9.76,-2.96,3.51
1,1546861735367,-9.76,-2.67,3.2
1,1546861735367,-9.8,-2.91,3.51
1,1546861735367,-9.72,-2.96,3.67
1,1546861735415,-9.92,-3.04,3.59
1,1546861735416,-10.11,-3.04,3.53
1,1546861735416,-10.01,-3.0,3.28
1,1546861735416,-10.07,-3.14,3.33
1,1546861735417,-10.15,-3.12,3.47
1,1546861735417,-10.13,-3.26,3.43
1,1546861735417,-10.44,-3.61,3.37
1,1546861735490,-10.68,-3.18,3.47
1,1546861735491,-10.85,-2.77,3.53
1,1546861735491,-10.82,-3.45,3.96
1,1546861735491,-11.03,-3.24,3.43
1,1546861735491,-11.38,-3.41,3.18
1,1546861735491,-11.54,-3.84,3.49
1,1546861735492,-11.83,-3.73,3.16
1,1546861735492,-12.12,-3.63,3.26
