1,1547547857348,-11.07,-0.44,-3.96
1,1547547857363,-11.13,-0.37,-4.12
1,1547547857363,-11.15,1.36,-4.64
1,1547547857363,-11.34,0.7,-4.8
1,1547547857363,-11.05,0.82,-4.78
1,1547547857363,-10.68,0.68,-4.82
1,1547547857424,-10.85,0.33,-5.21
1,1547547857424,-10.52,0.58,-6.15
1,1547547857425,-10.44,0.64,-6.13
1,1547547857431,-10.29,0.95,-6.19
1,1547547857432,-10.17,0.97,-6.13
1,1547547857432,-9.88,0.64,-5.87
1,1547547857432,-9.21,1.58,-5.91
1,1547547857433,-9.04,2.01,-6.36
1,1547547857498,-9.74,-0.37,-6.71
1,1547547857499,-9.66,-0.17,-6.83
1,1547547857501,-9.66,0.64,-6.79
1,1547547857501,-9.55,1.03,-6.42
1,1547547857501,-9.0,1.11,-5.58
1,1547547857502,-8.84,1.01,-5.17
1,1547547857502,-9.37,0.78,-5.39
1,1547547857502,-9.57,0.23,-5.62
1,1547547857574,-9.51,-0.33,-6.19
1,1547547857575,-9.14,1.01,-6.3
1,1547547857576,-9.02,0.19,-5.8
1,1547547857576,-9.74,-0.48,-4.82
1,1547547857576,-9.12,-0.19,-5.05
1,1547547857576,-9.45,0.46,-4.53
1,1547547857577,-9.66,0.46,-6.54
1,1547547857577,-9.23,0.11,-7.59
1,1547547857649,-10.52,-0.03,-8.02
1,1547547857650,-10.78,-0.05,-7.36
1,1547547857667,-10.44,0.23,-5.8
1,1547547857668,-10.23,0.17,-4.35
1,1547547857668,-9.35,-0.97,-2.83
1,1547547857668,-8.71,-1.48,-2.48
1,1547547857669,-8.8,-1.73,-4.9
1,1547547857669,-9.12,-1.17,-7.71
1,1547547857724,-9.78,-0.11,-8.84
1,1547547857724,-12.38,0.09,-8.55
1,1547547857725,-12.36,0.07,-5.42
1,1547547857733,-10.97,-0.15,-2.46
1,1547547857733,-9.17,-0.7,-0.13
1,1547547857733,-7.59,-1.54,-0.31
1,1547547857734,-8.3,-2.65,-2.32
1,1547547857734,-9.55,-2.4,-3.39
1,1547547857798,-10.6,-1.25,-4.45
1,1547547857799,-10.5,0.33,-7.26
1,1547547857799,-10.64,0.07,-7.2
1,1547547857819,-11.28,-1.01,-5.7
1,1547547857819,-11.32,-0.44,-1.44
1,1547547857820,-7.81,-0.33,0.89
1,1547547857820,-6.11,-2.03,1.15
1,1547547857873,-6.38,-2.51,0.52
1,1547547857873,-7.59,-2.03,-0.72
1,1547547857874,-8.86,-1.75,-1.34
1,1547547857884,-8.35,1.15,-2.61
1,1547547857884,-7.94,2.42,-3.8
1,1547547857885,-7.91,2.44,-2.3
1,1547547857885,-6.44,0.31,-0.07
1,1547547857885,-2.08,-3.12,0.25
1,1547547857948,-3.3,-2.96,-0.6
1,1547547857951,-5.42,-2.36,-1.09
1,1547547857952,-6.89,-2.42,-1.25
1,1547547857952,-4.86,-3.14,-1.11
1,1547547857952,-3.04,-1.36,-2.1
1,1547547857952,-2.42,1.93,-1.79
1,1547547857953,-2.61,2.48,-1.3
1,1547547857953,-3.96,-2.24,-0.01
1,1547547858024,-4.47,-2.26,0.39
1,1547547858037,-3.86,-1.66,1.15
1,1547547858037,-3.51,-1.34,1.62
1,1547547858038,-3.71,-1.36,2.3
1,1547547858038,-4.35,-1.83,-0.52
1,1547547858038,-5.21,-0.64,-1.42
1,1547547858038,-5.7,-0.42,-1.54
1,1547547858098,-5.39,-1.73,-1.32
1,1547547858106,-7.03,-1.19,0.46
1,1547547858106,-8.41,-0.13,1.91
1,1547547858107,-7.65,-0.11,3.92
1,1547547858107,-5.39,-1.4,5.07
1,1547547858107,-6.81,-1.91,2.53
1,1547547858107,-8.41,-0.58,1.91
1,1547547858108,-8.53,-1.36,-0.07
1,1547547858175,-8.3,-2.94,-1.58
1,1547547858176,-9.88,-2.08,-2.51
1,1547547858176,-9.94,-0.44,-1.09
1,1547547858176,-9.45,0.01,1.99
1,1547547858176,-8.39,-0.5,4.17
1,1547547858177,-7.94,-1.23,5.13
1,1547547858249,-8.39,-3.12,3.92
1,1547547858261,-7.73,-2.69,2.71
1,1547547858261,-8.37,-3.47,0.72
1,1547547858261,-10.09,-2.38,-0.05
1,1547547858262,-10.46,-1.71,-0.6
1,1547547858262,-10.17,-1.89,2.03
1,1547547858263,-10.29,-1.42,3.67
1,1547547858263,-10.03,-2.08,5.42
1,1547547858324,-8.86,-3.2,4.98
1,1547547858338,-9.25,-2.24,3.37
1,1547547858338,-9.53,-1.77,2.42
1,1547547858338,-9.96,-2.38,0.95
1,1547547858339,-11.15,-1.42,0.95
1,1547547858339,-10.93,-1.44,1.93
1,1547547858339,-10.72,-2.36,2.36
1,1547547858339,-10.72,-2.75,3.02
1,1547547858399,-9.23,-2.48,3.43
1,1547547858410,-9.19,-2.63,3.1
1,1547547858410,-9.47,-2.22,2.59
1,1547547858410,-10.07,-1.81,2.59
1,1547547858410,-9.98,-1.32,2.07
1,1547547858411,-9.14,1.42,2.32
1,1547547858411,-8.57,-0.35,3.49
1,1547547858474,-7.81,-2.08,4.51
1,1547547858475,-8.47,-1.67,5.5
1,1547547858476,-9.19,-1.6,6.62
1,1547547858489,-8.59,-1.77,7.03
1,1547547858489,-8.37,-1.69,5.66
1,1547547858490,-8.76,-0.87,2.92
1,1547547858490,-10.19,0.37,3.02
1,1547547858490,-9.66,-1.15,4.14
1,1547547858549,-9.37,-1.32,5.09
1,1547547858549,-9.49,-0.74,6.28
1,1547547858549,-8.53,-1.89,6.71
1,1547547858550,-8.67,-0.39,6.17
1,1547547858551,-9.0,0.05,5.97
1,1547547858551,-9.16,-1.6,5.48
1,1547547858551,-9.96,-2.12,4.78
1,1547547858551,-9.17,-1.17,5.41
1,1547547858625,-8.86,-1.62,5.15
1,1547547858626,-9.76,-1.13,4.51
1,1547547858626,-9.19,-1.03,5.37
1,1547547858628,-7.63,-2.01,6.23
1,1547547858628,-7.46,-2.05,5.6
1,1547547858628,-6.93,-2.38,5.83
1,1547547858628,-6.67,-2.98,6.67
1,1547547858629,-7.03,-2.22,6.01
1,1547547858713,-7.08,-1.81,6.28
1,1547547858714,-5.72,-2.05,6.83
1,1547547858714,-4.53,-2.46,6.34
1,1547547858714,-3.65,-2.73,8.0
1,1547547858714,-3.3,-2.22,8.14
1,1547547858715,-2.83,-1.52,8.18
1,1547547858715,-1.91,-1.36,7.28
1,1547547858777,-1.99,-2.44,5.5
1,1547547858777,-1.23,-1.66,4.66
1,1547547858777,0.64,-1.81,3.69
1,1547547858778,2.07,-1.38,4.29
1,1547547858778,2.89,0.5,5.89
1,1547547858778,5.05,0.03,8.94
1,1547547858778,5.48,-0.93,8.3
1,1547547858778,4.9,0.05,8.1
1,1547547858848,4.6,0.54,7.87
1,1547547858849,6.93,-1.97,5.09
1,1547547858856,6.79,-2.08,5.82
1,1547547858856,6.13,-1.28,6.32
1,1547547858856,6.36,-1.83,5.0
1,1547547858857,5.87,-3.45,6.21
1,1547547858857,6.3,-3.0,5.54
1,1547547858857,6.97,-2.28,4.82
1,1547547858923,7.65,-1.62,4.7
1,1547547858924,8.61,-2.22,5.8
1,1547547858924,9.33,-1.81,6.17
1,1547547858924,9.45,-0.72,5.44
1,1547547858924,8.84,-0.76,4.06
1,1547547858948,7.73,-1.79,4.14
1,1547547858948,7.32,-2.12,2.98
1,1547547858999,8.0,-2.38,2.92
1,1547547859010,8.32,-2.32,4.16
1,1547547859011,8.37,-1.32,5.17
1,1547547859011,10.58,0.05,2.89
1,1547547859011,10.74,0.46,2.26
1,1547547859011,10.17,0.62,2.07
1,1547547859077,9.62,-0.58,2.18
1,1547547859077,8.04,-4.08,3.57
1,1547547859078,7.26,-2.91,3.06
1,1547547859078,7.36,-1.34,2.16
1,1547547859079,7.91,-0.33,2.67
1,1547547859080,10.05,-0.93,2.36
1,1547547859080,10.29,-0.74,2.51
1,1547547859081,11.07,0.25,2.77
1,1547547859149,12.18,0.07,1.83
1,1547547859161,12.81,-1.79,0.82
1,1547547859161,9.02,-5.17,0.91
1,1547547859162,7.4,-4.74,0.95
1,1547547859162,7.57,-3.28,1.25
1,1547547859162,9.04,-1.48,1.79
1,1547547859162,11.36,0.56,1.67
1,1547547859162,11.81,-0.33,1.54
1,1547547859229,12.42,-1.83,1.32
1,1547547859229,12.46,-2.98,0.11
1,1547547859230,10.85,-3.59,-0.62
1,1547547859230,10.17,-3.37,0.13
1,1547547859230,10.42,-2.98,0.72
1,1547547859230,11.26,-2.42,0.82
1,1547547859231,12.5,-2.71,-0.35
1,1547547859298,12.1,-2.92,-0.6
1,1547547859299,10.99,-2.36,-0.91
1,1547547859321,10.33,-1.66,-1.05
1,1547547859321,10.64,-2.5,0.5
1,1547547859321,11.5,-3.1,1.34
1,1547547859321,12.12,-3.22,1.3
1,1547547859322,12.16,-2.94,0.95
1,1547547859322,11.89,-2.75,0.37
1,1547547859389,11.66,-3.28,-0.31
1,1547547859390,11.69,-3.82,-0.97
1,1547547859390,11.71,-3.86,-1.11
1,1547547859390,11.4,-3.04,-1.5
1,1547547859390,11.42,-2.16,-0.89
1,1547547859390,11.6,-2.38,-0.23
1,1547547859391,11.91,-2.81,-0.29
1,1547547859391,12.36,-3.28,-0.62
1,1547547859460,12.44,-3.49,-1.15
1,1547547859460,11.58,-3.0,-1.11
1,1547547859461,11.3,-3.14,-1.4
1,1547547859461,11.28,-3.45,-1.09
1,1547547859461,11.54,-3.55,-1.25
1,1547547859461,12.16,-3.75,-0.8
1,1547547859461,12.79,-3.59,-0.19
1,1547547859461,12.89,-2.55,0.41
1,1547547859523,12.3,-1.38,0.29
1,1547547859524,11.19,-1.19,-0.29
1,1547547859524,11.25,-2.28,-0.91
1,1547547859531,11.64,-3.88,-1.87
1,1547547859531,11.52,-4.88,-1.97
1,1547547859531,10.6,-3.28,-0.89
1,1547547859532,10.52,-2.03,-0.93
1,1547547859532,10.87,-1.99,-0.7
1,1547547859599,11.25,-3.0,-0.13
1,1547547859600,11.36,-4.31,1.07
1,1547547859601,11.32,-4.1,1.07
1,1547547859602,11.44,-3.49,0.39
1,1547547859602,11.48,-2.92,-0.62
1,1547547859603,11.5,-2.75,-2.01
1,1547547859603,11.46,-2.92,-2.57
1,1547547859603,11.15,-2.83,-2.75
1,1547547859673,10.89,-2.89,-2.59
1,1547547859680,10.58,-3.61,-2.57
1,1547547859680,10.74,-5.33,-1.83
1,1547547859680,11.05,-5.48,-1.05
1,1547547859681,11.4,-5.17,-0.33
1,1547547859681,12.12,-4.62,0.35
1,1547547859681,13.45,-2.77,-0.03
1,1547547859748,12.69,-2.16,-0.48
1,1547547859748,11.62,-2.42,-0.95
1,1547547859749,10.76,-3.37,-1.5
1,1547547859749,10.5,-5.29,-3.55
1,1547547859765,10.83,-5.78,-3.37
1,1547547859766,11.01,-5.25,-2.87
1,1547547859766,11.64,-4.39,-2.32
1,1547547859766,12.05,-3.57,-1.89
1,1547547859831,11.77,-2.81,-0.74
1,1547547859831,11.75,-2.67,-0.46
1,1547547859831,11.83,-2.83,-0.19
1,1547547859831,11.6,-3.24,-0.25
1,1547547859832,11.15,-3.96,-0.99
1,1547547859832,10.68,-4.08,-1.36
1,1547547859832,10.56,-4.0,-1.52
1,1547547859914,10.54,-3.63,-1.77
1,1547547859914,10.93,-2.63,-2.18
1,1547547859914,11.25,-2.79,-2.12
1,1547547859915,11.42,-3.45,-1.81
1,1547547859915,11.19,-3.69,-1.44
1,1547547859915,12.24,-4.72,-4.27
1,1547547859915,14.8,-6.99,-2.18
1,1547547859916,14.64,-7.36,-0.41
1,1547547859983,12.28,-4.74,1.5
1,1547547859983,8.67,-1.67,-0.23
1,1547547859983,8.82,-3.47,-2.92
1,1547547859984,12.03,-7.05,-0.87
1,1547547859984,12.12,-7.28,-1.25
1,1547547859984,10.33,-3.37,-1.3
1,1547547859984,8.96,-0.48,-2.85
1,1547547859984,9.35,-1.17,-2.57
1,1547547860050,10.72,-2.4,-1.19
1,1547547860050,11.73,-2.75,0.0
1,1547547860051,9.29,-1.95,-0.72
1,1547547860053,8.86,-3.02,-2.55
1,1547547860053,9.51,-4.41,-2.44
1,1547547860053,10.05,-4.51,-2.12
1,1547547860054,11.95,-0.25,-2.01
1,1547547860123,12.2,1.64,-1.64
1,1547547860125,12.34,2.1,-1.5
1,1547547860126,12.24,2.14,2.34
1,1547547860126,11.25,2.14,2.44
1,1547547860127,10.62,-4.82,0.39
1,1547547860127,11.77,-7.36,0.64
1,1547547860127,12.48,-5.99,0.13
1,1547547860128,13.24,-3.49,0.58
1,1547547860199,16.52,-0.97,-8.3
1,1547547860200,18.12,-1.17,-5.09
1,1547547860200,13.98,0.64,-4.27
1,1547547860200,12.01,-0.31,-2.75
1,1547547860200,18.35,0.64,-2.69
1,1547547860200,19.9,5.17,-2.5
1,1547547860201,19.02,5.31,-4.19
1,1547547860275,19.88,0.54,1.11
1,1547547860276,15.41,-3.16,5.46
1,1547547860276,12.32,-5.72,7.05
1,1547547860276,12.81,-6.89,5.09
1,1547547860277,15.25,-5.03,3.1
1,1547547860277,16.52,-3.8,2.2
1,1547547860277,15.99,-4.86,0.99
1,1547547860278,14.84,-4.49,0.17
1,1547547860429,14.31,-3.94,-0.52
1,1547547860430,14.21,-3.41,-0.83
1,1547547860430,15.13,-2.51,-0.87
1,1547547860430,15.52,-1.81,-0.95
1,1547547860430,15.5,-0.74,-1.11
1,1547547860500,15.21,-0.01,-1.17
1,1547547860501,14.06,0.58,-1.83
1,1547547860521,13.88,0.54,-2.14
1,1547547860521,13.41,0.03,-2.48
1,1547547860522,11.89,-2.14,-0.8
1,1547547860522,11.34,-2.05,-0.62
1,1547547860522,10.91,-1.91,-0.41
1,1547547860522,10.64,-1.64,-0.33
1,1547547860575,10.37,-1.11,-0.13
1,1547547860576,9.41,-0.13,0.41
1,1547547860576,9.19,0.05,0.27
1,1547547860577,8.88,0.27,0.07
1,1547547860577,8.61,0.5,0.01
1,1547547860577,8.12,0.52,-0.05
1,1547547860577,8.0,0.41,-0.07
1,1547547860577,7.87,0.13,-0.21
1,1547547860652,7.34,0.03,-0.25
1,1547547860673,6.87,0.03,-0.21
1,1547547860673,6.66,-0.09,-0.09
1,1547547860673,6.73,-0.19,-0.17
1,1547547860674,6.91,-0.39,-0.39
1,1547547860724,6.64,-0.58,-0.64
1,1547547860725,5.48,-0.58,-0.8
1,1547547860725,5.21,-0.44,-0.68
1,1547547860726,5.25,-0.33,-0.5
1,1547547860726,5.66,-0.25,-0.37
1,1547547860726,6.79,0.05,-0.25
1,1547547860739,7.07,0.35,-0.19
1,1547547860740,7.14,0.58,-0.19
1,1547547860798,7.22,0.89,0.0
1,1547547860799,8.84,2.57,0.56
1,1547547860799,9.62,2.92,0.72
1,1547547860805,10.19,3.04,1.03
1,1547547860806,10.7,2.96,1.19
1,1547547860806,11.4,2.34,0.87
1,1547547860806,11.67,2.18,0.58
1,1547547860806,11.67,2.16,0.39
1,1547547860874,11.44,2.36,0.33
1,1547547860876,10.72,2.5,0.42
1,1547547860876,10.31,2.36,0.68
1,1547547860877,9.84,2.14,1.05
1,1547547860878,9.25,2.07,1.44
1,1547547860878,8.06,2.03,2.28
1,1547547860878,7.65,2.03,2.36
1,1547547860878,7.4,2.05,2.36
1,1547547860951,7.26,2.1,2.32
1,1547547860952,6.95,1.6,2.24
1,1547547860952,6.58,1.03,1.93
1,1547547860952,6.13,0.54,1.56
1,1547547860952,5.52,0.11,1.09
1,1547547860952,4.78,-0.27,0.46
1,1547547861025,3.18,-0.6,-0.6
1,1547547861026,2.42,-0.46,-0.87
1,1547547861026,1.66,-0.17,-1.07
1,1547547861027,1.01,0.23,-1.21
1,1547547861027,0.29,0.82,-1.23
1,1547547861027,0.13,1.3,-1.28
1,1547547861027,-0.03,1.67,-1.19
1,1547547861028,-0.31,2.05,-1.11
1,1547547861178,-0.91,2.69,-1.09
1,1547547861196,-1.25,2.89,-0.97
1,1547547861196,-1.5,3.18,-0.87
1,1547547861197,-1.64,3.51,-0.74
1,1547547861197,-0.99,4.78,-0.87
1,1547547861248,-0.29,5.37,-1.15
1,1547547861249,0.25,5.62,-1.25
1,1547547861249,0.64,5.7,-1.3
1,1547547861249,1.05,5.64,-1.44
1,1547547861250,1.15,6.85,-0.74
1,1547547861261,13.92,11.58,-0.29
1,1547547861261,13.61,8.45,-0.42
1,1547547861262,13.75,7.42,-0.25
1,1547547861326,13.8,6.91,0.07
1,1547547861326,12.01,5.17,1.23
1,1547547861326,11.58,4.39,1.38
1,1547547861327,10.87,2.71,1.93
1,1547547861327,10.72,2.12,2.14
1,1547547861327,10.6,1.75,2.26
1,1547547861327,10.39,1.58,2.3
1,1547547861328,9.92,1.48,2.3
1,1547547861401,9.82,1.42,2.32
1,1547547861412,9.8,1.36,2.34
1,1547547861413,9.86,1.28,2.34
1,1547547861413,9.8,1.03,2.34
1,1547547861413,9.72,0.93,2.32
1,1547547861414,9.66,0.93,2.22
1,1547547861414,9.57,0.87,1.87
1,1547547861414,9.49,0.83,1.25
1,1547547861478,9.64,0.72,0.89
1,1547547861555,9.76,0.64,0.58
1,1547547861558,9.9,0.56,0.29
1,1547547861560,9.92,0.56,0.03
1,1547547861562,9.96,0.52,-0.5
1,1547547861563,10.03,0.46,-0.78
1,1547547861564,10.05,0.39,-1.09
1,1547547861565,9.98,0.37,-1.38
1,1547547861567,9.88,0.46,-1.85
1,1547547861632,9.82,0.58,-1.95
1,1547547861633,9.68,0.72,-2.05
1,1547547861633,8.24,4.0,-0.64
1,1547547861634,8.2,4.41,-0.39
1,1547547861634,8.1,4.72,-0.05
1,1547547861701,8.04,4.92,0.07
1,1547547861705,8.0,5.0,0.0
1,1547547861706,7.87,4.66,-0.35
1,1547547861707,7.87,4.41,-0.46
1,1547547861707,7.94,4.08,-0.6
1,1547547861708,8.02,3.65,-0.6
1,1547547861709,8.16,2.61,-0.58
1,1547547861710,8.16,1.93,-0.46
1,1547547861789,8.12,1.19,-0.25
1,1547547861790,9.0,-0.21,1.4
1,1547547861790,9.14,-0.37,1.54
1,1547547861791,9.29,-0.74,1.62
1,1547547861791,9.49,-0.68,1.56
1,1547547861792,9.82,-0.48,1.4
1,1547547861856,10.42,-0.25,1.21
1,1547547861856,11.19,-0.03,1.07
1,1547547861856,12.46,0.31,0.74
1,1547547861857,12.98,0.54,0.7
1,1547547861857,13.51,0.78,0.37
1,1547547861857,13.92,1.34,0.09
1,1547547861857,14.29,2.59,-0.35
1,1547547861858,14.29,2.98,-0.54
1,1547547861928,14.08,3.2,-0.78
1,1547547861930,13.69,3.24,-1.13
1,1547547861930,12.55,2.96,-1.5
1,1547547861931,11.97,2.89,-1.52
1,1547547861932,11.52,2.91,-1.5
1,1547547861932,11.26,3.08,-1.34
1,1547547861933,11.21,3.41,-1.15
1,1547547861933,11.32,3.24,-1.05
1,1547547862004,11.52,3.0,-1.05
1,1547547862004,11.85,2.69,-1.19
1,1547547862005,11.91,2.69,-1.26
1,1547547862005,11.89,2.53,-1.15
1,1547547862005,11.81,2.36,-0.83
1,1547547862006,11.79,2.24,-0.37
1,1547547862090,12.61,1.79,0.07
1,1547547862091,13.04,1.19,0.01
1,1547547862091,13.08,0.35,0.05
1,1547547862091,12.63,-0.72,0.29
1,1547547862092,10.74,-1.48,1.25
1,1547547862092,10.01,-1.11,1.48
1,1547547862093,9.53,-0.89,1.66
1,1547547862093,9.02,-0.54,1.62
1,1547547862152,7.96,0.46,1.6
1,1547547862168,7.77,0.78,1.4
1,1547547862169,7.65,1.3,1.25
1,1547547862170,7.44,1.81,1.26
1,1547547862170,7.22,2.18,0.8
1,1547547862171,6.4,2.85,0.37
1,1547547862229,6.19,3.04,0.17
1,1547547862231,6.05,2.94,0.05
1,1547547862303,6.13,2.59,0.29
1,1547547862304,6.36,1.38,1.25
1,1547547862305,7.03,1.13,1.32
1,1547547862306,7.73,1.23,1.19
1,1547547862307,8.22,1.73,1.17
1,1547547862308,7.91,2.32,0.99
1,1547547862309,7.67,2.51,0.5
1,1547547862310,7.46,2.1,0.19
1,1547547862387,7.26,0.39,-0.46
1,1547547862388,7.07,0.42,-1.05
1,1547547862388,8.3,0.15,-2.2
1,1547547862389,10.48,2.28,-3.41
1,1547547862390,11.4,2.71,-3.82
1,1547547862390,11.85,2.91,-3.92
1,1547547862391,12.12,3.14,-3.88
1,1547547862452,12.12,4.35,-4.31
1,1547547862471,11.67,4.94,-4.39
1,1547547862471,10.99,5.11,-4.57
1,1547547862472,10.41,5.66,-5.0
1,1547547862472,10.19,5.33,-4.08
1,1547547862472,9.92,3.55,-2.75
1,1547547862473,9.7,2.34,-1.44
1,1547547862473,10.13,2.32,-0.62
1,1547547862543,10.8,3.71,0.39
1,1547547862544,10.95,3.08,1.28
1,1547547862544,11.19,1.6,2.03
1,1547547862545,11.62,0.58,2.28
1,1547547862546,12.16,0.29,2.4
1,1547547862546,12.98,-0.41,3.1
1,1547547862547,12.73,-0.13,3.04
1,1547547862547,12.16,0.87,2.48
1,1547547862601,11.5,2.26,1.64
1,1547547862620,10.48,0.42,-0.39
1,1547547862621,10.93,0.37,-0.46
1,1547547862621,11.36,0.6,-0.76
1,1547547862621,11.46,2.46,-1.56
1,1547547862621,11.36,3.49,-1.62
1,1547547862622,11.07,3.98,-1.58
1,1547547862687,10.87,3.75,-1.5
1,1547547862687,10.58,2.77,-1.44
1,1547547862688,10.44,-0.11,-1.32
1,1547547862688,10.13,-2.16,-1.07
1,1547547862688,10.23,-4.72,2.2
1,1547547862688,11.32,-6.67,2.12
1,1547547862689,12.46,-0.48,0.68
1,1547547862689,11.56,4.78,-0.91
1,1547547862753,10.83,8.47,-2.01
1,1547547862753,9.96,10.07,-3.2
1,1547547862753,7.71,7.63,-4.47
1,1547547862754,7.1,5.05,-4.86
1,1547547862773,6.97,2.32,-4.68
1,1547547862773,6.67,-0.11,-4.31
1,1547547862774,6.93,-0.66,-3.28
1,1547547862774,7.48,1.4,-3.06
1,1547547862826,7.92,4.02,-3.33
1,1547547862828,8.0,5.58,-3.69
1,1547547862903,6.52,5.8,-3.86
1,1547547862904,6.89,3.67,-3.59
1,1547547862905,7.42,2.24,-3.18
1,1547547862905,8.0,1.42,-2.81
1,1547547862906,8.24,0.97,-2.57
1,1547547862906,8.49,0.52,-1.93
1,1547547862933,8.75,0.56,-1.58
1,1547547863000,9.21,0.56,-1.15
1,1547547863000,9.74,0.54,-0.74
1,1547547863000,10.85,0.7,0.13
1,1547547863000,10.52,1.34,0.64
1,1547547863001,10.11,1.26,0.31
1,1547547863001,9.72,1.32,0.21
1,1547547863001,9.21,1.52,-0.29
1,1547547863001,8.75,2.08,-0.37
1,1547547863048,8.67,2.36,-0.5
1,1547547863048,8.65,1.21,0.17
1,1547547863049,9.49,0.58,0.66
1,1547547863058,9.8,0.83,0.74
1,1547547863060,10.19,1.4,0.78
1,1547547863060,10.66,2.16,0.78
1,1547547863142,11.42,3.69,0.48
1,1547547863143,11.66,4.14,0.35
1,1547547863143,11.83,4.37,0.15
1,1547547863143,11.91,4.37,-0.01
1,1547547863143,11.69,4.1,-0.52
1,1547547863144,11.34,3.96,-0.83
1,1547547863144,11.01,3.75,-1.19
1,1547547863144,10.68,3.57,-1.6
1,1547547863222,10.46,3.32,-1.89
1,1547547863222,10.52,2.75,-2.36
1,1547547863222,11.13,2.22,-2.85
1,1547547863223,11.54,2.01,-3.06
1,1547547863223,12.57,1.83,-3.39
1,1547547863223,13.14,1.81,-3.55
1,1547547863223,13.61,1.85,-3.61
1,1547547863223,13.96,1.89,-3.65
1,1547547863277,14.14,2.07,-3.61
1,1547547863277,14.02,2.18,-3.47
1,1547547863277,13.76,2.36,-3.3
1,1547547863277,13.32,2.53,-3.08
1,1547547863278,11.81,2.81,-2.53
1,1547547863278,10.89,2.91,-2.2
1,1547547863278,9.96,2.87,-1.89
1,1547547863278,9.1,2.77,-1.62
1,1547547863351,8.24,2.55,-1.36
1,1547547863352,6.85,2.05,-1.15
1,1547547863352,6.4,1.89,-1.05
1,1547547863361,6.01,1.87,-1.01
1,1547547863362,5.74,1.95,-0.85
1,1547547863362,5.6,2.4,-0.6
1,1547547863363,5.66,2.67,-0.35
1,1547547863363,5.87,2.91,-0.07
1,1547547863423,6.19,3.08,0.07
1,1547547863498,6.75,3.08,0.01
1,1547547863499,6.95,2.92,-0.09
1,1547547863577,7.14,2.77,-0.23
1,1547547863577,7.38,2.61,-0.41
1,1547547863578,7.83,2.01,-0.52
1,1547547863578,8.0,1.62,-0.52
1,1547547863578,8.16,1.34,-0.48
1,1547547863578,8.26,1.13,-0.39
1,1547547863578,8.28,0.85,-0.09
1,1547547863579,8.26,0.91,0.6
1,1547547863652,9.6,4.02,1.15
1,1547547863652,10.27,4.94,0.68
1,1547547863652,10.05,5.89,-0.91
1,1547547863667,9.74,6.11,-0.99
1,1547547863667,9.51,6.52,-1.11
1,1547547863667,9.43,7.05,-1.21
1,1547547863667,9.31,8.43,-1.44
1,1547547863668,9.08,9.37,-1.56
1,1547547863725,8.71,10.29,-1.64
1,1547547863725,7.08,11.32,-2.01
1,1547547863725,6.58,10.91,-2.12
1,1547547863726,6.13,10.41,-2.18
1,1547547863726,5.7,10.03,-2.22
1,1547547863803,4.86,10.17,-2.26
1,1547547863804,4.55,10.58,-2.28
1,1547547863804,4.29,10.93,-2.2
1,1547547863804,4.27,11.26,-2.08
1,1547547863804,4.31,11.34,-1.79
1,1547547863805,4.66,10.95,-1.09
1,1547547863805,4.74,10.74,-0.6
1,1547547863805,4.82,10.62,-0.29
1,1547547863885,4.94,10.64,-0.05
1,1547547863886,5.74,10.76,0.78
1,1547547863886,6.93,10.74,1.25
1,1547547863886,7.61,10.44,1.5
1,1547547863887,8.73,9.76,2.22
1,1547547863887,9.14,9.37,2.38
1,1547547863887,9.58,8.92,2.61
1,1547547863887,10.07,8.33,2.89
1,1547547863970,10.8,6.91,3.2
1,1547547863971,10.99,5.07,3.18
1,1547547863971,10.91,4.08,3.28
1,1547547863971,10.83,3.06,3.35
1,1547547863971,10.74,2.63,3.75
1,1547547863971,10.85,3.1,4.0
1,1547547863972,10.93,3.49,4.16
1,1547547863972,10.91,3.45,3.82
1,1547547864035,10.62,2.42,2.96
1,1547547864036,10.19,1.44,2.48
1,1547547864036,9.66,1.03,2.03
1,1547547864036,8.84,1.28,1.56
1,1547547864036,7.16,2.28,1.01
1,1547547864036,6.52,2.83,0.76
1,1547547864037,6.15,3.06,0.72
1,1547547864037,6.01,3.28,0.8
1,1547547864108,6.25,3.96,0.99
1,1547547864109,6.69,4.04,0.87
1,1547547864109,6.89,4.06,0.87
1,1547547864109,6.69,3.88,0.76
1,1547547864110,5.31,2.89,0.99
1,1547547864110,3.73,1.67,0.93
1,1547547864110,4.23,2.46,0.82
1,1547547864110,4.98,2.96,0.56
1,1547547864189,5.41,3.12,0.7
1,1547547864190,5.44,2.83,1.38
1,1547547864190,5.42,2.63,1.54
1,1547547864190,5.52,2.75,1.52
1,1547547864190,5.6,2.91,1.71
1,1547547864191,5.5,2.2,2.36
1,1547547864191,5.27,1.91,2.44
1,1547547864249,5.21,1.79,2.46
1,1547547864249,4.98,1.79,2.38
1,1547547864265,4.88,2.36,2.32
1,1547547864265,5.17,2.91,2.32
1,1547547864266,5.82,3.88,2.36
1,1547547864266,6.46,5.89,2.38
1,1547547864266,6.01,9.37,2.36
1,1547547864324,6.66,15.82,2.34
1,1547547864325,6.66,15.46,2.3
1,1547547864326,6.26,12.71,2.3
1,1547547864326,6.11,9.49,2.28
1,1547547864326,6.64,6.67,2.34
1,1547547864327,6.62,5.89,2.32
1,1547547864327,6.09,5.11,2.38
1,1547547864327,5.8,4.16,2.55
1,1547547864402,6.3,2.69,3.08
1,1547547864402,6.26,3.59,2.94
1,1547547864403,6.21,5.46,2.38
1,1547547864403,6.73,7.38,1.85
1,1547547864403,7.32,8.41,1.11
1,1547547864485,7.34,7.4,0.95
1,1547547864485,7.67,6.85,1.07
1,1547547864486,8.12,6.6,1.3
1,1547547864486,8.51,6.21,1.6
1,1547547864486,8.04,4.84,2.22
1,1547547864487,7.53,4.41,2.38
1,1547547864487,7.28,4.21,2.4
1,1547547864487,7.1,4.16,2.44
1,1547547864550,7.32,4.86,1.97
1,1547547864551,6.77,5.44,0.99
1,1547547864551,6.3,5.5,0.85
1,1547547864551,5.97,5.27,0.62
1,1547547864552,5.87,5.21,0.87
1,1547547864552,5.83,5.46,0.87
1,1547547864624,5.7,5.93,0.48
1,1547547864636,5.48,6.6,-0.66
1,1547547864636,4.86,7.01,-1.48
1,1547547864637,4.66,6.11,-1.25
1,1547547864637,4.96,4.55,0.03
1,1547547864637,5.72,2.61,1.34
1,1547547864637,7.77,-0.58,3.16
1,1547547864638,8.47,-0.87,3.39
1,1547547864701,9.39,0.05,3.41
1,1547547864702,10.42,1.64,2.65
1,1547547864702,10.19,10.7,1.25
1,1547547864702,10.39,12.34,0.89
1,1547547864703,10.44,11.62,1.4
1,1547547864703,9.55,5.8,2.59
1,1547547864703,9.17,3.47,2.85
1,1547547864703,9.14,2.2,2.77
1,1547547864787,9.06,2.18,2.26
1,1547547864788,8.3,4.02,0.35
1,1547547864788,7.77,4.62,-0.54
1,1547547864788,7.3,5.17,-1.44
1,1547547864789,6.89,5.82,-2.05
1,1547547864789,6.73,6.36,-1.81
1,1547547864789,7.12,7.38,-0.46
1,1547547864848,8.0,7.57,-0.72
1,1547547864870,7.89,7.57,-0.87
1,1547547864871,7.5,7.38,-0.54
1,1547547864871,6.79,6.58,1.26
1,1547547864871,6.64,6.34,1.66
1,1547547864871,6.71,6.5,1.48
1,1547547864872,6.97,6.87,1.26
1,1547547864872,7.46,7.03,0.93
1,1547547864925,7.42,6.75,0.72
1,1547547864925,7.14,6.34,1.09
1,1547547865003,7.08,6.13,1.38
1,1547547865004,7.16,6.19,1.34
1,1547547865005,7.79,7.05,0.19
1,1547547865005,7.79,7.42,-0.62
1,1547547865006,7.57,7.28,-0.41
1,1547547865006,7.4,6.62,0.6
1,1547547865006,7.28,5.68,0.64
1,1547547865007,7.26,6.19,0.09
1,1547547865076,7.4,6.73,0.44
1,1547547865077,7.34,6.75,1.09
1,1547547865078,7.18,6.21,-1.21
1,1547547865079,7.48,6.48,-0.8
1,1547547865080,7.91,7.12,-1.17
1,1547547865152,8.26,7.91,-2.14
1,1547547865153,7.83,8.41,-3.59
1,1547547865153,7.53,7.69,-3.12
1,1547547865154,7.53,6.75,-2.26
1,1547547865175,7.98,6.5,-1.5
1,1547547865176,8.92,7.14,-1.48
1,1547547865176,9.16,6.95,-1.34
1,1547547865177,9.25,5.95,-1.09
1,1547547865230,9.6,5.07,-1.05
1,1547547865231,10.31,5.52,-0.42
1,1547547865231,9.82,6.23,-1.66
1,1547547865231,9.92,7.75,-0.21
1,1547547865232,10.13,7.87,0.5
1,1547547865232,10.29,7.53,0.13
1,1547547865232,9.88,7.22,-0.19
1,1547547865232,8.98,6.5,-0.21
1,1547547865303,8.2,5.58,-0.35
1,1547547865325,7.44,5.83,-0.27
1,1547547865326,6.75,6.71,-0.72
1,1547547865326,5.7,8.16,-1.11
1,1547547865326,3.55,8.9,2.22
1,1547547865326,5.7,6.69,-7.18
1,1547547865327,2.18,7.94,-10.19
1,1547547865327,-1.95,6.48,-5.19
1,1547547865394,3.22,14.06,-1.77
1,1547547865395,3.26,14.39,-0.11
1,1547547865395,2.24,10.6,1.85
1,1547547865395,2.46,8.37,3.2
1,1547547865396,-0.83,10.87,-16.3
1,1547547865396,-3.41,9.23,-20.6
1,1547547865452,-4.98,-3.9,15.78
1,1547547865462,6.3,-16.34,23.3
1,1547547865463,8.98,-7.57,13.1
1,1547547865463,-1.05,4.35,-2.01
1,1547547865464,-0.23,0.33,-0.41
1,1547547865464,2.53,-1.89,1.89
1,1547547865465,6.34,-1.32,1.67
1,1547547865465,4.84,9.14,0.21
1,1547547865528,4.82,10.37,-0.27
1,1547547865528,9.55,10.82,-1.07
1,1547547865529,11.89,11.62,-1.79
1,1547547865544,11.48,12.57,-2.38
1,1547547865545,12.03,12.51,-3.08
1,1547547865545,10.5,10.99,-2.46
1,1547547865545,9.53,8.33,-1.58
1,1547547865546,13.76,5.05,-1.77
1,1547547865602,13.3,4.37,-1.32
1,1547547865603,12.1,1.91,1.85
1,1547547865603,12.85,-0.42,5.74
1,1547547865603,12.71,0.01,6.77
1,1547547865603,12.44,0.39,6.93
1,1547547865603,12.16,0.48,6.83
1,1547547865604,12.91,0.46,5.39
1,1547547865604,10.01,1.17,2.67
1,1547547865676,8.76,1.6,2.07
1,1547547865679,8.2,1.81,1.66
1,1547547865680,7.53,1.87,1.44
1,1547547865680,5.78,2.3,1.28
1,1547547865680,5.03,2.89,0.93
1,1547547865681,4.72,3.92,0.46
1,1547547865681,4.66,5.31,0.42
1,1547547865681,4.86,8.94,-1.97
1,1547547865753,4.88,8.88,-2.05
1,1547547865753,4.14,7.22,-1.85
1,1547547865754,3.8,4.9,-0.97
1,1547547865754,4.96,2.1,0.78
1,1547547865754,5.13,2.05,1.5
1,1547547865755,5.29,2.63,1.38
1,1547547865755,5.39,3.55,1.36
1,1547547865755,5.58,4.25,1.25
1,1547547865828,5.31,4.57,1.64
1,1547547865829,5.91,4.33,1.95
1,1547547865829,6.89,4.14,2.05
1,1547547865830,7.07,4.9,1.89
1,1547547865833,6.99,7.89,1.03
1,1547547865834,7.07,8.47,0.7
1,1547547865834,7.01,8.02,1.28
1,1547547865836,7.18,6.87,1.69
1,1547547865904,7.92,7.12,1.34
1,1547547865907,7.83,7.16,1.77
1,1547547865908,7.73,6.67,2.01
1,1547547865911,7.57,6.67,0.74
1,1547547865912,7.51,7.46,0.19
1,1547547865913,8.57,5.91,4.17
1,1547547865914,9.51,4.74,4.17
1,1547547865976,9.55,5.21,3.57
1,1547547865977,7.83,6.87,3.0
1,1547547866003,7.79,8.69,2.3
1,1547547866004,9.02,9.41,1.77
1,1547547866005,9.68,8.94,1.26
1,1547547866006,9.23,7.48,1.77
1,1547547866006,8.43,4.37,2.34
1,1547547866007,8.88,4.17,2.3
1,1547547866055,9.21,4.68,1.95
1,1547547866057,9.49,5.44,1.48
1,1547547866058,11.01,7.61,0.76
1,1547547866059,11.38,8.24,0.62
1,1547547866060,11.17,8.69,0.48
1,1547547866061,11.01,8.84,0.7
1,1547547866061,11.01,8.51,1.42
1,1547547866128,11.01,8.04,1.85
1,1547547866129,11.11,8.35,2.28
1,1547547866129,11.11,8.24,2.5
1,1547547866130,11.38,8.24,2.38
1,1547547866130,10.25,7.94,1.5
1,1547547866131,9.12,7.92,0.58
1,1547547866131,8.2,8.04,0.05
1,1547547866131,7.53,8.14,0.15
1,1547547866206,5.82,7.28,0.85
1,1547547866217,4.78,6.77,0.83
1,1547547866217,3.75,6.17,0.89
1,1547547866218,2.87,5.6,1.23
1,1547547866218,2.08,5.23,1.6
1,1547547866218,1.07,3.45,2.05
1,1547547866218,0.56,1.79,2.03
1,1547547866274,0.23,0.78,1.93
1,1547547866275,0.11,0.52,1.91
1,1547547866275,0.27,1.3,1.77
1,1547547866283,0.64,1.42,0.89
1,1547547866283,0.91,1.15,0.09
1,1547547866283,1.23,1.69,-0.5
1,1547547866283,2.73,5.74,-1.64
1,1547547866284,3.2,8.08,-1.62
1,1547547866352,3.86,9.72,-1.05
1,1547547866353,4.62,10.72,-0.33
1,1547547866354,6.67,12.38,1.69
1,1547547866355,7.44,12.91,2.46
1,1547547866357,7.89,12.98,3.28
1,1547547866357,8.14,12.46,3.86
1,1547547866358,8.32,11.71,4.04
1,1547547866358,7.61,11.03,3.16
1,1547547866426,7.42,10.76,2.65
1,1547547866427,7.44,10.35,2.46
1,1547547866435,7.61,8.82,2.65
1,1547547866436,7.22,5.78,2.91
1,1547547866437,6.73,5.23,2.46
1,1547547866438,6.15,5.01,4.76
1,1547547866439,9.27,3.73,2.32
1,1547547866441,8.75,4.76,1.23
1,1547547866500,7.08,4.23,0.76
1,1547547866501,5.66,3.59,0.66
1,1547547866502,5.33,3.1,0.7
1,1547547866502,4.49,3.12,0.99
1,1547547866502,3.2,3.53,1.03
1,1547547866503,2.73,4.6,0.93
1,1547547866503,4.35,6.46,0.21
1,1547547866576,4.76,6.89,-0.33
1,1547547866577,2.34,7.89,-0.76
1,1547547866590,1.64,7.85,-0.7
1,1547547866591,1.66,7.26,-0.7
1,1547547866591,2.16,6.48,-0.56
1,1547547866592,3.61,4.9,0.19
1,1547547866593,3.78,5.09,0.41
1,1547547866593,4.19,5.54,0.44
1,1547547866652,4.86,5.42,0.56
1,1547547866653,5.05,4.04,1.15
1,1547547866654,4.35,4.14,1.46
1,1547547866654,4.82,4.33,1.66
1,1547547866670,5.91,4.12,1.81
1,1547547866670,7.16,4.1,2.32
1,1547547866671,7.71,4.16,2.38
1,1547547866728,8.71,4.12,2.53
1,1547547866728,10.17,3.53,3.04
1,1547547866728,11.83,2.46,3.82
1,1547547866729,13.67,1.66,5.29
1,1547547866736,14.12,2.2,5.74
1,1547547866737,14.66,2.32,6.28
1,1547547866737,15.09,2.63,6.64
1,1547547866737,15.41,4.29,6.69
1,1547547866803,15.54,4.57,6.58
1,1547547866804,15.17,4.6,6.42
1,1547547866805,14.12,4.68,6.34
1,1547547866824,12.12,4.68,6.28
1,1547547866824,11.71,5.09,6.46
1,1547547866825,11.81,6.26,6.21
1,1547547866825,11.6,7.48,6.05
1,1547547866826,9.88,7.98,6.54
1,1547547866878,8.9,6.99,6.81
1,1547547866879,7.83,5.97,7.26
1,1547547866881,6.54,4.84,7.71
1,1547547866882,5.95,3.8,8.16
1,1547547866883,4.53,3.47,7.18
1,1547547866884,4.08,4.19,6.42
1,1547547866885,3.55,5.21,5.11
1,1547547866951,2.65,5.54,5.25
1,1547547866952,2.91,4.94,5.17
1,1547547866952,2.4,5.15,4.62
1,1547547866952,2.07,5.7,3.86
1,1547547866952,2.16,5.82,3.22
1,1547547866953,3.86,7.5,2.46
1,1547547866953,4.6,7.4,2.28
1,1547547866953,4.98,6.36,1.95
1,1547547867028,4.68,5.03,1.95
1,1547547867029,2.55,2.73,1.66
1,1547547867030,2.65,2.01,1.05
1,1547547867030,2.24,2.81,0.54
1,1547547867031,2.08,3.35,1.89
1,1547547867031,3.8,2.03,-0.68
1,1547547867032,1.91,6.03,-3.69
1,1547547867100,1.4,4.39,-3.37
1,1547547867125,1.32,1.83,-2.73
1,1547547867126,1.48,1.52,-2.91
1,1547547867126,1.89,4.04,-5.11
1,1547547867126,2.32,5.91,-5.56
1,1547547867127,2.53,7.71,-5.8
1,1547547867127,2.05,9.35,-5.83
1,1547547867128,2.81,10.13,-5.68
1,1547547867180,3.33,8.28,-5.95
1,1547547867182,3.08,4.55,-6.23
1,1547547867183,2.36,0.52,-6.07
1,1547547867184,2.2,-2.5,-5.74
1,1547547867185,3.41,-6.3,-5.35
1,1547547867187,6.21,-5.41,-5.17
1,1547547867188,10.27,-1.99,-5.54
1,1547547867189,13.98,1.52,-6.38
1,1547547867251,17.94,4.98,-8.2
1,1547547867285,18.71,3.84,-9.14
1,1547547867286,19.39,1.99,-8.69
1,1547547867287,20.07,0.6,-7.42
1,1547547867288,19.76,-1.48,-4.57
1,1547547867288,18.24,-3.22,-2.63
1,1547547867289,16.4,-4.9,-0.97
1,1547547867348,14.64,-5.27,-0.91
1,1547547867348,12.67,-5.27,-2.92
1,1547547867349,11.67,-6.38,-4.25
1,1547547867349,12.14,-6.87,-5.09
1,1547547867349,13.59,-5.29,-6.44
1,1547547867350,14.96,-1.95,-7.57
1,1547547867350,15.99,2.67,-8.67
1,1547547867404,15.8,2.24,-8.24
1,1547547867425,15.13,0.52,-7.48
1,1547547867426,13.65,-0.5,-7.12
1,1547547867426,11.69,-1.67,-5.29
1,1547547867426,11.28,-1.4,-5.44
1,1547547867426,10.11,-2.5,-5.97
1,1547547867427,8.39,-2.85,-6.75
1,1547547867427,7.59,-0.74,-8.0
1,1547547867477,7.18,1.13,-8.67
1,1547547867492,6.5,2.46,-9.29
1,1547547867493,5.62,2.81,-10.07
1,1547547867493,3.18,5.17,-9.84
1,1547547867493,4.8,6.67,-11.75
1,1547547867493,3.65,5.33,-12.26
1,1547547867494,1.77,4.94,-11.93
1,1547547867494,2.46,4.31,-12.3
1,1547547867553,0.95,5.21,-12.28
1,1547547867554,0.27,5.78,-11.75
1,1547547867554,-0.27,5.87,-10.41
1,1547547867578,-1.58,6.3,-9.39
1,1547547867579,-1.83,6.77,-7.2
1,1547547867579,-1.05,7.75,-7.34
1,1547547867579,-0.21,9.41,-8.02
1,1547547867633,0.23,10.87,-8.63
1,1547547867633,0.44,12.92,-10.13
1,1547547867633,0.97,13.18,-10.72
1,1547547867634,1.69,12.91,-10.74
1,1547547867634,1.97,13.24,-10.52
1,1547547867634,2.14,13.76,-10.25
1,1547547867634,3.55,11.38,-9.37
1,1547547867634,4.88,10.0,-9.08
1,1547547867703,6.19,9.64,-9.33
1,1547547867704,7.42,10.09,-10.03
1,1547547867706,9.88,10.91,-9.92
1,1547547867707,11.44,10.54,-10.76
1,1547547867708,12.94,10.17,-10.15
1,1547547867709,14.29,10.42,-10.58
1,1547547867710,16.99,13.1,-13.47
1,1547547867712,17.51,14.19,-17.44
1,1547547867779,18.3,14.17,-17.07
1,1547547867781,17.73,12.89,-16.5
1,1547547867782,16.99,7.48,-15.05
1,1547547867783,17.63,6.66,-14.1
1,1547547867784,18.59,5.35,-13.32
1,1547547867785,19.72,2.59,-12.73
1,1547547867790,21.25,-3.32,-8.69
1,1547547867851,21.42,-4.12,-6.79
1,1547547867852,20.78,-3.76,-5.62
1,1547547867852,19.41,-3.39,-4.94
1,1547547867852,17.67,-3.49,-4.45
1,1547547867852,16.19,-4.66,-3.55
1,1547547867863,15.83,-5.11,-3.02
1,1547547867864,15.64,-5.33,-2.42
1,1547547867864,15.5,-5.25,-2.05
1,1547547867954,14.33,-4.64,-1.26
1,1547547867955,13.55,-4.41,-0.93
1,1547547867956,12.73,-4.23,-0.39
1,1547547867956,12.07,-4.06,0.01
1,1547547867956,11.28,-3.47,0.31
1,1547547867957,10.95,-2.98,0.13
1,1547547867957,10.48,-2.61,-0.11
1,1547547867957,9.78,-2.36,-0.42
1,1547547868002,8.26,-2.79,-0.66
1,1547547868014,7.38,-2.42,-0.83
1,1547547868076,6.44,-1.38,-0.97
1,1547547868076,5.56,-0.03,-1.17
1,1547547868077,4.78,0.58,-1.25
1,1547547868077,3.98,0.01,-0.87
1,1547547868102,3.14,-0.41,-0.72
1,1547547868102,2.5,-0.44,-0.6
1,1547547868187,2.24,-0.23,-0.42
1,1547547868188,2.67,-0.35,-0.8
1,1547547868189,2.96,-0.87,-0.93
1,1547547868189,3.33,-1.38,-0.97
1,1547547868190,6.03,-1.07,-0.33
1,1547547868191,6.62,-0.62,0.01
1,1547547868191,7.16,-0.11,0.35
1,1547547868225,8.33,0.35,0.82
1,1547547868225,8.8,0.29,0.76
1,1547547868226,9.14,0.25,0.72
1,1547547868226,9.82,-0.03,0.07
1,1547547868302,10.05,-0.33,-0.21
1,1547547868304,10.23,-0.44,-0.48
1,1547547868306,10.31,-0.37,-0.66
1,1547547868307,10.17,-0.21,-1.23
1,1547547868308,10.07,-0.27,-1.6
1,1547547868309,10.05,-0.33,-1.91
1,1547547868310,10.56,-0.09,-2.08
1,1547547868311,11.5,0.44,-1.99
1,1547547868381,11.99,0.58,-1.89
1,1547547868383,13.06,0.89,-1.83
1,1547547868384,15.21,1.23,-1.87
1,1547547868385,15.31,1.23,-1.95
1,1547547868386,15.37,1.48,-2.01
1,1547547868387,15.39,1.77,-2.03
1,1547547868388,15.48,2.18,-2.03
1,1547547868389,15.68,2.61,-2.01
1,1547547868454,16.05,3.2,-2.08
1,1547547868457,16.15,3.51,-2.08
1,1547547868469,16.25,3.63,-1.69
1,1547547868470,16.28,3.82,-1.23
1,1547547868471,16.32,5.5,-1.56
1,1547547868472,15.97,6.03,-1.52
1,1547547868472,15.6,5.72,-1.62
1,1547547868531,15.35,5.31,-1.54
1,1547547868532,14.37,4.92,-0.44
1,1547547868533,14.02,4.78,-0.03
1,1547547868533,13.8,4.82,0.44
1,1547547868534,13.55,5.01,0.76
1,1547547868534,12.92,4.96,1.4
1,1547547868535,12.65,4.74,1.89
1,1547547868535,12.4,4.57,2.2
1,1547547868604,12.12,4.55,2.22
1,1547547868607,11.5,5.48,2.07
1,1547547868608,11.13,6.05,1.83
1,1547547868609,10.8,6.4,1.75
1,1547547868610,10.64,6.52,1.58
1,1547547868611,10.44,6.44,1.6
1,1547547868612,10.03,6.25,1.5
1,1547547868612,9.86,6.42,1.23
1,1547547868679,9.72,6.79,1.01
1,1547547868680,9.7,7.08,0.82
1,1547547868681,9.72,7.07,0.52
1,1547547868681,9.74,6.75,0.44
1,1547547868682,9.76,6.34,0.5
1,1547547868683,9.82,6.03,0.48
1,1547547868683,10.07,5.52,0.33
1,1547547868683,10.13,5.31,0.07
1,1547547868750,10.29,5.17,-0.01
1,1547547868751,10.5,5.05,-0.07
1,1547547868753,10.95,4.66,-0.13
1,1547547868753,11.25,4.58,-0.21
1,1547547868754,11.52,4.43,-0.29
1,1547547868755,11.79,4.27,-0.37
1,1547547868757,12.05,4.12,-0.44
1,1547547868758,12.69,3.8,-0.56
1,1547547868830,13.04,3.67,-0.68
1,1547547868831,13.35,3.55,-0.82
1,1547547868832,13.67,3.43,-0.89
1,1547547868833,14.16,3.28,-1.09
1,1547547868834,14.23,3.12,-1.25
1,1547547868834,14.21,2.96,-1.36
1,1547547868835,14.17,2.79,-1.54
1,1547547868836,14.04,2.34,-1.77
1,1547547868905,14.0,2.16,-1.91
1,1547547868924,13.98,2.03,-1.95
1,1547547868926,13.88,1.91,-2.05
1,1547547868928,13.71,1.73,-2.05
1,1547547868929,13.69,1.64,-2.1
1,1547547868930,13.67,1.56,-2.22
1,1547547868931,13.69,1.48,-2.26
1,1547547868933,13.59,1.36,-2.5
1,1547547868977,13.24,0.93,-2.69
1,1547547868978,13.0,0.76,-2.61
1,1547547868979,12.75,0.7,-2.57
1,1547547868988,12.51,0.72,-2.51
1,1547547868989,12.03,0.91,-2.38
1,1547547868989,11.83,0.99,-2.44
1,1547547868990,11.58,0.95,-2.42
1,1547547869140,11.34,0.85,-2.48
1,1547547869141,10.74,0.64,-2.36
1,1547547869142,10.42,0.58,-2.36
1,1547547869143,10.15,0.58,-2.34
1,1547547869144,9.88,0.6,-2.3
1,1547547869202,9.35,0.56,-2.12
1,1547547869225,9.1,0.56,-1.99
1,1547547869226,8.8,0.54,-1.77
1,1547547869227,8.51,0.56,-1.48
1,1547547869228,6.56,-0.44,0.54
1,1547547869228,6.09,-0.41,0.97
1,1547547869228,5.8,-0.39,1.21
1,1547547869229,5.37,-0.64,1.25
1,1547547869277,5.27,-0.8,1.11
1,1547547869350,5.68,0.19,0.56
1,1547547869351,6.15,0.5,0.54
1,1547547869351,6.62,0.66,0.64
1,1547547869429,7.08,0.83,0.82
1,1547547869430,7.89,0.99,0.93
1,1547547869430,8.22,1.03,0.93
1,1547547869431,8.51,0.95,1.01
1,1547547869431,8.8,0.97,0.97
1,1547547869432,9.47,1.03,0.83
1,1547547869432,9.9,1.15,0.76
1,1547547869433,12.87,1.52,1.17
1,1547547869500,13.71,1.73,1.19
1,1547547869501,14.04,1.52,1.34
1,1547547869502,14.88,2.1,1.26
1,1547547869502,14.98,1.85,1.15
1,1547547869503,15.05,1.48,0.85
1,1547547869503,14.78,1.48,1.03
1,1547547869503,14.76,2.73,0.23
1,1547547869503,14.62,3.75,-0.42
1,1547547869578,14.39,3.57,-0.27
1,1547547869579,13.41,2.98,-0.83
1,1547547869580,13.16,3.43,-1.09
1,1547547869580,13.02,3.84,-1.48
1,1547547869581,12.91,4.19,-1.79
1,1547547869581,12.24,4.35,-2.44
1,1547547869581,11.91,4.29,-2.57
1,1547547869582,11.66,4.19,-2.83
1,1547547869654,11.42,4.31,-2.92
1,1547547869655,11.03,4.9,-3.02
1,1547547869676,10.87,5.17,-3.0
1,1547547869677,10.68,5.31,-2.92
1,1547547869677,10.39,5.33,-2.98
1,1547547869678,9.88,5.09,-2.81
1,1547547869678,9.7,4.84,-2.63
1,1547547869678,9.58,4.64,-2.4
1,1547547869727,9.53,4.43,-1.99
1,1547547869727,9.33,4.16,-1.26
1,1547547869728,9.23,3.98,-0.93
1,1547547869728,9.12,3.8,-0.78
1,1547547869730,9.06,3.65,-0.66
1,1547547869730,9.12,3.63,-0.48
1,1547547869730,9.43,3.49,-0.29
1,1547547869730,9.66,3.33,-0.23
1,1547547869802,9.8,3.28,-0.13
1,1547547869804,9.86,3.39,-0.01
1,1547547869805,9.88,3.96,-0.13
1,1547547869806,9.92,4.25,-0.19
1,1547547869807,9.96,4.35,-0.33
1,1547547869807,10.07,4.37,-0.41
1,1547547869808,10.42,4.27,-0.37
1,1547547869809,10.62,4.17,-0.41
1,1547547869877,10.82,4.14,-0.44
1,1547547869878,11.05,4.21,-0.46
1,1547547869878,11.38,4.31,-0.44
1,1547547869896,11.5,4.31,-0.41
1,1547547869897,11.66,4.21,-0.42
1,1547547869898,11.79,4.06,-0.35
1,1547547869898,11.89,3.84,-0.31
1,1547547869955,12.1,3.59,-0.33
1,1547547869981,12.18,3.45,-0.39
1,1547547869982,12.24,3.33,-0.42
1,1547547869982,12.28,3.2,-0.44
1,1547547869982,12.42,2.91,-0.5
1,1547547869983,12.48,2.77,-0.52
1,1547547869983,12.46,2.65,-0.6
1,1547547869983,12.46,2.5,-0.68
1,1547547870027,12.42,2.24,-0.74
1,1547547870028,12.36,2.12,-0.82
1,1547547870028,12.32,1.97,-0.89
1,1547547870028,12.26,1.87,-0.95
1,1547547870029,12.03,1.62,-1.05
1,1547547870029,11.73,1.36,-1.11
1,1547547870029,11.6,1.26,-1.15
1,1547547870030,11.5,1.19,-1.13
1,1547547870105,11.3,1.07,-1.19
1,1547547870114,10.91,0.89,-1.23
1,1547547870115,10.68,0.83,-1.25
1,1547547870116,10.41,0.78,-1.25
1,1547547870116,10.17,0.74,-1.23
1,1547547870117,9.82,0.76,-1.25
1,1547547870117,9.66,0.72,-1.21
1,1547547870257,9.53,0.72,-1.13
1,1547547870284,9.41,0.72,-1.17
1,1547547870285,9.1,0.68,-1.13
1,1547547870285,8.96,0.66,-1.13
1,1547547870286,8.84,0.6,-1.09
1,1547547870327,8.71,0.64,-1.11
1,1547547870328,8.41,0.64,-1.17
1,1547547870330,8.32,0.66,-1.17
1,1547547870330,8.24,0.66,-1.19
1,1547547870331,8.12,0.66,-1.15
1,1547547870332,8.04,0.68,-0.82
1,1547547870334,8.04,0.72,-0.82
1,1547547870404,8.06,0.76,-0.83
1,1547547870405,8.1,0.8,-0.87
1,1547547870405,8.55,0.83,-1.01
1,1547547870405,8.63,0.8,-1.07
1,1547547870406,8.71,0.8,-1.11
1,1547547870406,8.8,0.8,-1.13
1,1547547870406,8.9,0.78,-1.17
1,1547547870407,9.16,0.97,-1.26
1,1547547870476,9.27,1.05,-1.25
1,1547547870478,9.33,1.17,-1.17
1,1547547870480,9.49,1.25,-1.15
1,1547547870481,9.8,1.44,-1.11
1,1547547870482,9.96,1.5,-1.11
1,1547547870483,10.13,1.67,-1.13
1,1547547870564,10.33,1.81,-1.09
1,1547547870565,10.7,2.05,-1.01
1,1547547870565,10.85,2.24,-1.01
1,1547547870566,11.05,2.4,-1.01
1,1547547870566,11.28,2.57,-0.91
1,1547547870567,11.6,2.65,-0.95
1,1547547870567,12.28,1.85,-0.87
1,1547547870628,12.55,0.93,-0.62
1,1547547870628,13.2,1.54,1.66
1,1547547870629,13.53,4.58,2.44
1,1547547870629,19.25,19.53,6.05
1,1547547870629,15.33,19.06,7.77
1,1547547870630,9.51,13.67,8.67
1,1547547870630,5.6,3.96,10.72
1,1547547870630,6.54,2.87,10.64
1,1547547870703,8.55,3.53,9.0
1,1547547870704,10.15,3.18,4.31
1,1547547870704,9.47,1.46,3.51
1,1547547870704,8.94,0.15,3.12
1,1547547870704,9.06,-0.8,2.73
1,1547547870705,9.49,-1.38,2.46
1,1547547870705,10.25,-0.93,2.2
1,1547547870705,10.21,0.0,1.95
1,1547547870777,9.66,0.56,1.46
1,1547547870797,9.19,0.62,1.11
1,1547547870799,9.29,0.44,0.5
1,1547547870800,9.43,0.33,0.27
1,1547547870801,9.27,0.42,-0.11
1,1547547870802,9.21,0.54,-0.29
1,1547547870804,9.14,0.93,-0.11
1,1547547870805,9.04,1.48,0.01
1,1547547870863,8.9,2.03,0.19
1,1547547870864,8.8,2.32,0.31
1,1547547870865,8.55,2.48,0.78
1,1547547870866,8.35,2.32,1.03
1,1547547870867,8.26,2.03,1.28
1,1547547870867,8.32,1.71,1.42
1,1547547870868,8.41,1.52,1.48
1,1547547870869,8.71,1.4,1.44
1,1547547870928,8.82,1.48,1.28
1,1547547870930,9.0,1.56,1.11
1,1547547870931,9.16,1.48,0.95
1,1547547870932,9.31,1.09,0.74
1,1547547870934,9.31,0.95,0.66
1,1547547870936,9.31,0.87,0.7
1,1547547870941,9.25,0.87,0.76
1,1547547871002,9.1,0.99,0.95
1,1547547871021,9.0,1.05,1.07
1,1547547871022,8.88,0.99,1.17
1,1547547871022,8.73,0.83,1.32
1,1547547871022,8.55,0.66,1.38
1,1547547871022,8.3,0.48,1.52
1,1547547871022,8.16,0.37,1.6
1,1547547871023,8.04,0.31,1.66
1,1547547871074,8.02,0.35,1.69
1,1547547871076,8.22,0.52,1.75
1,1547547871087,8.28,0.54,1.77
1,1547547871089,8.37,0.62,1.69
1,1547547871089,8.45,0.8,1.58
1,1547547871090,8.63,0.95,1.48
1,1547547871090,8.69,0.95,1.44
1,1547547871091,8.78,1.03,1.38
1,1547547871151,8.82,1.07,1.36
1,1547547871152,8.86,1.25,1.32
1,1547547871152,8.88,1.23,1.32
1,1547547871153,8.92,1.19,1.3
1,1547547871173,8.94,1.15,1.32
1,1547547871173,8.92,1.19,1.34
1,1547547871173,8.9,1.28,1.34
1,1547547871173,8.82,1.34,1.32
1,1547547871227,8.76,1.4,1.32
1,1547547871227,8.69,1.42,1.25
1,1547547871228,8.51,1.46,1.23
1,1547547871239,8.55,1.54,1.23
1,1547547871240,8.69,1.69,1.28
1,1547547871301,8.98,1.77,1.32
1,1547547871301,9.37,1.93,1.42
1,1547547871380,9.49,1.85,1.42
1,1547547871394,9.62,1.79,1.4
1,1547547871395,9.72,1.75,1.4
1,1547547871396,10.05,1.75,1.54
1,1547547871396,10.21,1.81,1.6
1,1547547871397,10.33,1.85,1.67
1,1547547871397,10.42,1.83,1.79
1,1547547871398,10.54,1.77,1.85
1,1547547871457,10.89,1.62,2.01
1,1547547871458,11.19,1.56,2.08
1,1547547871458,11.46,0.85,2.07
1,1547547871458,11.46,1.58,1.97
1,1547547871459,11.4,1.87,1.97
1,1547547871459,11.17,1.87,1.93
1,1547547871460,10.95,1.64,1.99
1,1547547871460,10.48,1.52,2.03
1,1547547871526,10.27,1.6,2.01
1,1547547871550,9.64,1.97,1.79
1,1547547871552,9.0,2.26,1.48
1,1547547871553,8.78,2.32,1.3
1,1547547871553,8.63,2.34,1.23
1,1547547871554,8.55,2.34,1.09
1,1547547871555,8.47,2.32,0.99
1,1547547871556,8.37,2.24,0.56
1,1547547871606,8.32,2.1,0.37
1,1547547871607,8.26,1.93,0.25
1,1547547871608,8.14,1.77,0.05
1,1547547871608,8.08,1.62,-0.41
1,1547547871609,8.1,1.42,-0.54
1,1547547871609,8.08,1.15,-0.6
1,1547547871610,8.06,0.91,-0.72
1,1547547871610,8.16,0.95,-0.87
1,1547547871677,8.28,1.19,-0.97
1,1547547871693,8.45,1.32,-1.07
1,1547547871694,8.57,1.44,-1.15
1,1547547871694,8.71,1.64,-1.26
1,1547547871694,8.75,1.81,-1.3
1,1547547871694,8.75,2.05,-1.38
1,1547547871695,8.71,2.3,-1.48
1,1547547871695,8.47,2.51,-1.46
1,1547547871751,7.77,2.63,-1.66
1,1547547871751,7.5,2.71,-1.71
1,1547547871752,7.32,2.67,-1.75
1,1547547871752,7.22,2.69,-1.75
1,1547547871753,7.14,2.57,-1.56
1,1547547871753,7.01,2.46,-1.38
1,1547547871753,6.79,2.3,-1.25
1,1547547871827,6.48,2.14,-1.25
1,1547547871845,6.48,1.4,-1.23
1,1547547871846,6.48,1.4,-1.23
1,1547547871846,7.85,0.89,-1.25
1,1547547871846,8.9,0.83,-1.21
1,1547547871847,10.8,1.21,-1.21
1,1547547871847,11.58,1.58,-1.21
1,1547547871847,12.3,1.91,-1.26
1,1547547871900,12.98,2.05,-1.3
1,1547547871901,13.61,2.03,-1.28
1,1547547871901,14.51,1.83,-1.26
1,1547547871901,14.7,1.62,-1.3
1,1547547871912,14.6,1.42,-1.26
1,1547547871912,14.12,1.23,-1.28
1,1547547871912,13.0,0.95,-1.36
1,1547547871912,12.08,0.74,-1.28
1,1547547871976,11.26,0.6,-1.23
1,1547547871976,10.44,0.54,-1.07
1,1547547871977,9.14,0.42,-0.85
1,1547547871977,8.67,0.27,-0.74
1,1547547872006,8.32,0.13,-0.54
1,1547547872007,8.0,-0.01,-0.41
1,1547547872008,7.73,-0.07,-0.19
1,1547547872064,7.42,0.25,0.03
1,1547547872064,7.44,0.44,0.0
1,1547547872065,7.69,0.54,-0.27
1,1547547872065,8.1,0.58,-0.6
1,1547547872066,9.08,1.15,-1.69
1,1547547872066,9.47,1.28,-2.59
1,1547547872066,9.62,1.13,-3.1
1,1547547872126,9.55,1.01,-3.18
1,1547547872147,10.21,1.71,-4.23
1,1547547872148,11.09,1.85,-5.01
1,1547547872148,12.03,1.62,-6.01
1,1547547872148,12.46,0.87,-6.85
1,1547547872148,11.25,-1.11,-6.71
1,1547547872148,10.44,-2.01,-5.91
1,1547547872149,9.84,-2.12,-5.29
1,1547547872202,9.37,-1.71,-4.66
1,1547547872204,8.69,-0.76,-3.41
1,1547547872205,8.35,-0.56,-3.02
1,1547547872206,8.16,-0.56,-2.92
1,1547547872207,7.87,-0.52,-2.92
1,1547547872208,7.51,-0.21,-3.1
1,1547547872210,6.89,0.54,-3.51
1,1547547872211,6.79,0.58,-3.69
1,1547547872277,6.89,0.56,-3.84
1,1547547872277,6.95,0.52,-3.94
1,1547547872278,7.32,0.39,-4.06
1,1547547872278,7.59,0.35,-4.0
1,1547547872278,7.91,0.17,-3.94
1,1547547872298,8.14,-0.01,-3.76
1,1547547872299,8.16,0.17,-3.51
1,1547547872299,8.35,0.58,-3.43
1,1547547872396,8.63,0.93,-3.43
1,1547547872397,8.9,1.23,-3.35
1,1547547872397,9.29,1.19,-3.06
1,1547547872398,9.37,1.03,-2.92
1,1547547872398,9.47,1.01,-2.63
1,1547547872398,9.6,1.28,-2.42
1,1547547872399,9.8,2.05,-2.26
1,1547547872509,10.6,3.49,-2.08
1,1547547872511,11.13,3.92,-2.05
1,1547547872513,11.67,3.98,-1.97
1,1547547872514,12.07,3.69,-1.95
1,1547547872516,12.08,3.04,-1.85
1,1547547872583,11.89,2.89,-1.83
1,1547547872584,11.69,2.85,-1.87
1,1547547872584,11.58,2.91,-1.93
1,1547547872585,11.6,3.04,-1.97
1,1547547872585,10.76,1.87,-2.01
1,1547547872586,10.76,1.95,-2.03
1,1547547872586,11.44,2.51,-2.51
1,1547547872587,11.99,2.89,-2.81
1,1547547872654,12.48,3.26,-3.06
1,1547547872655,11.01,5.46,-4.62
1,1547547872656,10.82,4.9,-4.74
1,1547547872657,10.07,2.87,-4.62
1,1547547872657,9.76,1.91,-4.57
1,1547547872658,9.64,1.26,-4.58
1,1547547872659,9.66,1.05,-4.51
1,1547547872659,10.11,1.52,-4.47
1,1547547872729,10.25,2.16,-4.45
1,1547547872730,10.25,2.85,-4.55
1,1547547872731,10.09,3.28,-4.58
1,1547547872732,9.37,3.51,-4.55
1,1547547872733,9.14,3.35,-4.43
1,1547547872734,8.98,3.04,-4.16
1,1547547872734,8.96,2.46,-3.76
1,1547547872735,8.86,1.58,-3.45
1,1547547872804,8.49,0.31,-2.96
1,1547547872806,8.02,0.21,-2.94
1,1547547872807,7.03,0.56,-2.94
1,1547547872809,6.3,0.95,-3.18
1,1547547872810,7.51,1.4,-3.02
1,1547547872812,8.02,1.28,-2.91
1,1547547872813,7.67,1.19,-2.85
1,1547547872814,6.79,1.11,-2.69
1,1547547872879,4.62,0.54,-2.22
1,1547547872880,3.75,0.44,-1.95
1,1547547872881,3.28,0.21,-1.58
1,1547547872881,3.24,0.03,-1.4
1,1547547872883,3.32,0.11,-1.42
1,1547547872884,3.22,0.09,-1.34
1,1547547872885,2.91,-0.13,-1.09
1,1547547872955,2.55,-0.46,-0.97
1,1547547872972,2.32,-0.72,-0.82
1,1547547872973,2.91,-0.74,-0.58
1,1547547872974,3.69,-0.76,-0.66
1,1547547872975,4.58,-0.74,-0.64
1,1547547872976,5.44,-0.6,-0.56
1,1547547872977,6.62,-0.46,-0.54
1,1547547872978,6.89,-0.41,-0.7
1,1547547873029,7.2,-0.09,-0.29
1,1547547873030,7.92,0.17,-0.31
1,1547547873031,10.56,0.15,-0.44
1,1547547873056,12.12,-0.29,-0.39
1,1547547873057,13.43,-1.25,-0.74
1,1547547873057,14.06,-2.32,-1.23
1,1547547873058,13.71,-4.7,-2.26
1,1547547873058,13.37,-5.6,-2.75
1,1547547873103,13.06,-5.78,-2.69
1,1547547873104,13.18,-5.17,-2.57
1,1547547873105,13.69,-3.96,-2.46
1,1547547873120,15.6,-1.97,-2.69
1,1547547873121,16.36,-1.58,-2.98
1,1547547873122,16.73,-1.58,-3.45
1,1547547873122,16.48,-1.69,-3.84
1,1547547873177,15.25,-1.17,-3.9
1,1547547873178,14.19,-0.87,-3.67
1,1547547873180,13.1,-0.89,-3.3
1,1547547873187,12.4,-1.17,-2.79
1,1547547873188,12.18,-1.6,-2.1
1,1547547873189,12.38,-1.25,-1.77
1,1547547873189,12.57,-0.54,-1.67
1,1547547873190,12.77,0.25,-1.81
1,1547547873250,13.08,0.31,-2.2
1,1547547873251,12.89,-0.19,-2.18
1,1547547873251,12.67,-0.66,-2.16
1,1547547873252,12.1,-0.97,-2.1
1,1547547873252,11.23,-0.87,-1.81
1,1547547873252,10.42,-0.82,-1.21
1,1547547873253,10.25,-1.09,-0.95
1,1547547873329,9.92,-1.25,-1.13
1,1547547873330,9.84,-1.23,-1.3
1,1547547873331,9.55,-0.68,-1.83
1,1547547873332,9.39,-0.76,-1.67
1,1547547873333,9.53,-1.11,-1.58
1,1547547873333,9.82,-1.19,-1.56
1,1547547873334,10.72,-0.13,-1.77
1,1547547873334,11.32,0.23,-1.99
1,1547547873401,11.93,0.25,-2.53
1,1547547873423,12.44,0.52,-1.95
1,1547547873423,12.42,-1.66,-1.58
1,1547547873424,12.12,-2.14,-1.32
1,1547547873424,12.03,-2.01,-1.21
1,1547547873424,11.87,-1.67,-0.93
1,1547547873425,11.62,-1.71,-0.46
1,1547547873425,11.07,-0.25,0.76
1,1547547873475,11.07,0.39,1.67
1,1547547873476,10.87,0.11,2.3
1,1547547873477,10.54,-0.01,2.44
1,1547547873477,10.07,0.58,2.2
1,1547547873477,9.92,0.6,1.5
1,1547547873478,9.82,0.56,0.64
1,1547547873478,9.74,0.7,-0.21
1,1547547873553,9.68,1.89,-1.52
1,1547547873575,9.88,2.3,-1.66
1,1547547873575,10.15,2.12,-1.56
1,1547547873576,10.39,2.07,-1.3
1,1547547873576,10.42,3.16,-0.83
1,1547547873576,10.15,4.12,-0.78
1,1547547873577,10.17,4.68,-0.56
1,1547547873577,9.82,4.6,-0.33
1,1547547873627,9.31,3.82,-0.42
1,1547547873628,9.39,3.82,-1.07
1,1547547873629,9.29,3.73,-1.32
1,1547547873629,9.33,3.33,-1.44
1,1547547873630,9.45,2.98,-1.54
1,1547547873630,9.76,2.57,-1.66
1,1547547873631,9.66,2.4,-1.71
1,1547547873702,9.74,2.18,-1.67
1,1547547873703,10.0,2.51,-1.52
1,1547547873704,10.27,2.96,-1.26
1,1547547873704,10.29,2.71,-1.69
1,1547547873705,10.31,2.48,-1.99
1,1547547873778,10.17,2.42,-2.01
1,1547547873779,9.92,2.32,-1.85
1,1547547873780,10.05,1.91,-1.87
1,1547547873780,10.23,1.25,-1.85
1,1547547873781,10.46,0.52,-1.77
1,1547547873781,11.34,0.56,-0.95
1,1547547873781,11.44,1.28,-0.46
1,1547547873782,11.25,2.24,-0.33
1,1547547873852,10.93,2.46,-0.31
1,1547547873853,10.78,2.01,-0.5
1,1547547873854,10.91,2.36,-1.05
1,1547547873854,10.87,2.79,-1.15
1,1547547873877,10.83,2.87,-0.95
1,1547547873879,10.64,2.79,-0.91
1,1547547873880,10.25,2.05,-1.21
1,1547547873881,10.37,1.64,-1.34
1,1547547873933,10.54,1.69,-1.3
1,1547547873933,9.8,3.06,-1.13
1,1547547873934,9.55,3.39,-1.09
1,1547547873934,9.45,3.33,-1.25
1,1547547873934,9.58,2.85,-1.15
1,1547547873935,9.58,1.66,-0.42
1,1547547873935,9.19,1.48,-0.35
1,1547547873935,8.8,1.6,-0.52
1,1547547874003,8.67,1.64,-0.64
1,1547547874005,9.0,0.93,-0.89
1,1547547874006,9.29,1.05,-1.17
1,1547547874006,9.39,1.58,-1.25
1,1547547874007,9.27,1.85,-1.23
1,1547547874008,9.25,1.54,-1.62
1,1547547874009,9.25,1.46,-1.26
1,1547547874075,9.0,1.73,-1.15
1,1547547874077,8.67,1.48,-0.89
1,1547547874077,8.43,0.83,-0.8
1,1547547874078,8.82,-0.27,-0.93
1,1547547874079,9.29,0.09,-0.87
1,1547547874080,9.58,0.62,-1.07
1,1547547874081,9.6,1.05,-1.21
1,1547547874082,8.94,1.01,-1.34
1,1547547874151,8.63,0.7,-1.11
1,1547547874156,8.78,0.52,-0.31
1,1547547874157,8.86,0.44,0.23
1,1547547874158,9.21,1.66,0.39
1,1547547874158,9.62,2.42,0.11
1,1547547874160,10.09,2.73,-0.19
1,1547547874161,10.31,2.51,-0.68
1,1547547874162,10.44,2.48,-1.09
1,1547547874227,11.21,3.26,-1.58
1,1547547874228,11.38,3.41,-1.34
1,1547547874230,11.42,3.06,-1.07
1,1547547874231,11.64,2.38,-0.99
1,1547547874232,12.65,2.14,-1.83
1,1547547874233,12.77,2.05,-2.46
1,1547547874234,12.75,1.89,-3.28
1,1547547874234,12.81,1.34,-3.53
1,1547547874399,12.55,0.09,-0.89
1,1547547874401,11.25,-0.27,2.07
1,1547547874402,9.88,0.7,2.96
1,1547547874403,8.39,2.59,1.07
1,1547547874404,7.61,3.76,-4.17
1,1547547874472,8.92,3.41,-2.12
1,1547547874473,11.19,2.57,0.91
1,1547547874474,14.74,0.95,2.12
1,1547547874474,15.78,-0.58,0.83
1,1547547874475,13.28,0.74,-0.89
1,1547547874475,14.58,2.65,-1.52
1,1547547874476,15.58,2.44,-1.52
1,1547547874476,15.01,2.69,-3.73
1,1547547874526,14.58,3.06,-4.1
1,1547547874527,13.8,3.12,-2.36
1,1547547874527,13.47,3.08,-2.96
1,1547547874528,13.86,1.46,-2.34
1,1547547874549,15.87,0.66,-2.12
1,1547547874550,15.76,1.09,-2.51
1,1547547874550,15.44,1.28,-2.83
1,1547547874602,14.92,1.36,-2.01
1,1547547874604,14.62,3.35,-1.36
1,1547547874605,14.43,3.61,-1.32
1,1547547874607,14.12,3.1,-1.54
1,1547547874609,14.51,2.83,-2.32
1,1547547874610,14.6,2.89,-3.32
1,1547547874611,14.21,1.99,-3.8
1,1547547874612,14.04,0.62,-3.39
1,1547547874677,14.08,-0.07,-3.73
1,1547547874679,13.45,0.62,-4.14
1,1547547874680,13.0,1.17,-4.14
1,1547547874680,12.34,1.4,-4.02
1,1547547874681,11.97,1.11,-3.9
1,1547547874682,11.77,0.99,-3.69
1,1547547874682,10.74,2.12,-3.73
1,1547547874683,9.58,1.19,-3.22
1,1547547874752,8.37,0.6,-2.81
1,1547547874753,7.38,1.17,-2.77
1,1547547874753,5.95,0.58,-3.41
1,1547547874754,5.62,0.21,-4.02
1,1547547874754,4.43,-1.46,-4.7
1,1547547874754,3.12,0.64,-5.13
1,1547547874754,1.52,0.58,-4.16
1,1547547874755,1.48,2.65,-3.55
1,1547547874826,1.26,4.74,-3.55
1,1547547874826,2.63,6.75,-5.99
1,1547547874827,4.37,0.35,-7.46
1,1547547874833,3.2,-2.18,-9.62
1,1547547874833,3.3,-9.19,-12.03
1,1547547874833,-2.87,-14.19,-8.18
1,1547547874834,-4.04,-6.09,-5.52
1,1547547874901,6.3,6.52,1.13
1,1547547874920,8.35,9.39,5.29
1,1547547874921,9.16,8.37,3.43
1,1547547874921,8.35,1.07,-0.46
1,1547547874921,4.1,-5.7,-8.26
1,1547547874921,1.87,1.17,-5.78
1,1547547874922,6.58,18.33,-6.85
1,1547547874922,1.26,20.13,-5.76
1,1547547874979,-8.57,-14.62,2.61
1,1547547874980,4.78,-9.0,2.3
1,1547547874981,12.87,3.73,-1.07
1,1547547874981,11.67,6.07,-4.62
1,1547547874981,11.64,-2.14,-4.62
1,1547547874982,12.36,-3.57,-5.52
1,1547547874982,10.07,-0.42,-5.54
1,1547547874983,5.83,2.18,-5.68
1,1547547875053,4.45,1.28,-5.58
1,1547547875054,8.32,-0.44,-5.29
1,1547547875054,7.83,0.29,-5.7
1,1547547875069,6.64,0.97,-6.38
1,1547547875069,6.03,1.4,-6.48
1,1547547875069,6.23,1.01,-6.09
1,1547547875070,5.87,0.42,-5.35
1,1547547875070,5.48,0.01,-4.43
1,1547547875126,4.66,0.46,-4.27
1,1547547875126,2.12,2.14,-5.93
1,1547547875127,1.09,1.58,-6.52
1,1547547875136,1.28,0.74,-6.34
1,1547547875136,2.89,-0.19,-5.68
1,1547547875136,5.01,-0.8,-4.02
1,1547547875137,4.29,0.37,-4.7
1,1547547875202,3.51,0.6,-5.76
1,1547547875220,4.0,0.54,-5.82
1,1547547875221,5.03,0.54,-5.19
1,1547547875221,4.49,1.26,-5.74
1,1547547875221,4.68,0.42,-5.64
1,1547547875221,5.66,0.64,-6.05
1,1547547875221,6.19,1.23,-7.01
1,1547547875222,6.28,0.01,-7.1
1,1547547875276,6.71,0.66,-6.38
1,1547547875287,6.64,1.48,-6.36
1,1547547875288,6.01,1.56,-6.36
1,1547547875288,6.09,2.14,-6.77
1,1547547875288,5.56,2.03,-6.77
1,1547547875288,4.98,1.66,-7.1
1,1547547875288,5.15,2.32,-6.42
1,1547547875289,5.76,2.48,-7.55
1,1547547875350,6.23,1.09,-8.33
1,1547547875427,6.89,1.36,-8.24
1,1547547875439,6.77,1.83,-7.89
1,1547547875440,5.78,-1.03,-8.82
1,1547547875440,5.41,0.05,-8.37
1,1547547875440,5.05,0.83,-8.02
1,1547547875440,4.12,0.5,-8.61
1,1547547875441,3.73,0.72,-8.47
1,1547547875441,3.41,2.59,-7.4
1,1547547875502,3.51,1.67,-7.46
1,1547547875504,3.88,1.62,-6.54
1,1547547875504,6.17,-0.54,-6.3
1,1547547875505,6.54,2.03,-7.48
1,1547547875506,5.76,0.31,-9.45
1,1547547875506,7.67,1.26,-10.62
1,1547547875507,7.53,2.08,-11.26
1,1547547875508,7.59,5.74,-11.38
1,1547547875580,8.59,8.33,-9.7
1,1547547875596,7.79,1.4,-8.41
1,1547547875597,7.32,1.32,-8.55
1,1547547875597,6.36,2.4,-8.69
1,1547547875597,6.46,4.53,-7.87
1,1547547875597,7.26,2.18,-6.69
1,1547547875597,8.69,-0.44,-5.29
1,1547547875598,10.46,-0.95,-4.35
1,1547547875651,11.17,-0.09,-5.8
1,1547547875658,10.05,0.33,-5.27
1,1547547875659,9.12,0.76,-5.11
1,1547547875659,8.43,1.05,-5.52
1,1547547875659,9.53,1.73,-6.77
1,1547547875659,9.29,1.38,-6.26
1,1547547875659,9.33,2.38,-7.2
1,1547547875726,9.1,3.22,-7.24
1,1547547875728,8.12,1.64,-6.46
1,1547547875729,6.97,1.09,-6.01
1,1547547875730,7.59,2.83,-7.05
1,1547547875731,5.64,0.0,-7.22
1,1547547875732,4.58,3.39,-8.06
1,1547547875733,5.5,3.67,-7.83
1,1547547875734,5.97,1.6,-7.87
1,1547547875808,6.15,0.46,-6.93
1,1547547875841,6.32,2.12,-5.93
1,1547547875841,7.46,4.02,-5.29
1,1547547875841,7.44,4.66,-5.89
1,1547547875841,8.61,2.69,-6.69
1,1547547875842,8.86,-0.42,-5.15
1,1547547875842,2.89,3.78,-6.64
1,1547547875842,1.42,4.76,-7.48
1,1547547875878,2.22,3.53,-7.34
1,1547547875893,4.41,2.67,-6.83
1,1547547875893,7.77,2.28,-8.67
1,1547547875893,7.18,2.94,-8.86
1,1547547875894,6.93,2.73,-8.98
1,1547547875894,6.32,0.44,-9.72
1,1547547875894,4.45,2.46,-5.35
1,1547547875952,5.72,1.81,-3.65
1,1547547875963,7.28,2.34,-0.74
1,1547547875964,8.9,5.87,-0.87
1,1547547875964,8.94,6.42,-3.45
1,1547547875964,6.28,2.51,-6.05
1,1547547875964,6.25,3.92,-5.99
1,1547547875965,6.64,5.56,-5.23
1,1547547875965,6.99,5.39,-5.15
1,1547547876025,5.93,3.76,-5.35
1,1547547876043,6.01,3.73,-5.05
1,1547547876044,6.81,3.18,-5.29
1,1547547876044,7.48,3.18,-5.72
1,1547547876044,7.42,2.92,-5.37
1,1547547876044,7.77,2.51,-6.03
1,1547547876045,7.91,3.47,-5.74
1,1547547876045,7.38,5.07,-4.84
1,1547547876102,6.69,4.8,-5.05
1,1547547876110,6.95,3.65,-5.62
1,1547547876111,7.42,2.91,-5.23
1,1547547876111,7.81,2.51,-4.84
1,1547547876111,8.26,3.04,-5.09
1,1547547876111,8.45,3.41,-5.76
1,1547547876112,8.49,3.67,-5.87
1,1547547876112,8.28,3.59,-5.76
1,1547547876177,8.37,3.3,-5.68
1,1547547876180,8.8,2.63,-5.97
1,1547547876183,8.84,3.14,-5.95
1,1547547876184,8.73,3.53,-5.39
1,1547547876186,8.43,3.0,-4.86
1,1547547876188,8.78,-1.19,-4.21
1,1547547876190,10.41,3.41,-4.49
1,1547547876191,8.78,5.13,-4.62
1,1547547876290,7.01,2.75,-3.75
1,1547547876291,8.12,0.99,-4.08
1,1547547876291,8.45,1.11,-4.33
1,1547547876291,8.04,0.66,-4.72
1,1547547876292,7.91,0.03,-5.09
1,1547547876292,7.79,4.41,-5.15
1,1547547876292,7.2,4.68,-5.09
1,1547547876331,7.4,2.44,-5.11
1,1547547876331,8.35,0.48,-5.23
1,1547547876402,9.23,1.13,-5.72
1,1547547876402,8.33,0.85,-6.52
1,1547547876402,8.43,1.25,-7.48
1,1547547876402,7.91,3.78,-7.98
1,1547547876403,6.44,4.6,-8.08
1,1547547876403,5.52,1.01,-8.22
1,1547547876403,6.5,-1.03,-7.18
1,1547547876403,8.16,-1.87,-5.99
1,1547547876477,9.58,-0.99,-5.58
1,1547547876478,9.25,-0.85,-6.36
1,1547547876478,9.33,-0.7,-6.26
1,1547547876499,8.3,0.5,-6.28
1,1547547876500,8.41,0.05,-6.58
1,1547547876500,8.57,0.15,-6.42
1,1547547876500,8.88,0.56,-6.89
1,1547547876500,9.08,0.25,-7.32
1,1547547876584,8.06,0.07,-7.2
1,1547547876585,7.83,-0.25,-6.87
1,1547547876585,7.48,-0.58,-5.62
1,1547547876585,6.85,0.54,-5.72
1,1547547876585,5.76,1.46,-5.7
1,1547547876586,5.74,1.5,-5.72
1,1547547876586,6.38,0.64,-7.18
1,1547547876586,5.33,-0.78,-7.14
1,1547547876628,6.6,-2.57,-5.19
1,1547547876654,8.3,-2.07,-6.03
1,1547547876655,8.55,1.07,-6.81
1,1547547876655,6.87,-1.99,-5.76
1,1547547876656,8.1,-0.13,-6.05
1,1547547876656,7.44,0.72,-6.73
1,1547547876657,6.38,0.05,-6.44
1,1547547876657,7.48,3.71,-7.51
1,1547547876702,7.75,5.8,-8.06
1,1547547876716,7.75,7.55,-8.75
1,1547547876716,7.75,6.38,-9.17
1,1547547876717,9.86,3.12,-7.71
1,1547547876717,9.68,1.95,-6.07
1,1547547876717,9.12,1.28,-4.31
1,1547547876718,9.1,-0.97,-2.89
1,1547547876718,10.37,-4.33,-5.6
1,1547547876779,10.07,-1.95,-6.58
1,1547547876781,10.54,0.6,-6.44
1,1547547876782,10.78,-0.25,-6.42
1,1547547876784,10.91,-1.03,-6.28
1,1547547876785,10.72,0.31,-5.54
1,1547547876786,10.15,0.95,-5.74
1,1547547876787,9.55,1.36,-5.66
1,1547547876788,9.02,3.22,-4.04
1,1547547876856,8.59,3.84,-5.39
1,1547547876857,8.57,1.83,-5.44
1,1547547876858,8.2,0.87,-5.6
1,1547547876858,8.08,2.63,-5.33
1,1547547876859,7.75,0.58,-4.66
1,1547547876860,7.28,0.99,-5.97
1,1547547876861,6.83,0.76,-5.62
1,1547547876929,7.07,-0.58,-4.16
1,1547547876930,7.77,3.3,-4.27
1,1547547876931,7.91,4.62,-5.35
1,1547547876931,7.36,-0.56,-4.0
1,1547547876932,6.5,0.03,-3.37
1,1547547876932,6.32,5.29,-4.31
1,1547547876933,6.99,5.23,-4.53
1,1547547876934,7.55,3.12,-4.53
1,1547547877004,7.73,2.1,-4.6
1,1547547877007,6.62,4.31,-5.23
1,1547547877008,6.46,3.41,-4.78
1,1547547877009,6.99,3.3,-3.92
1,1547547877010,6.85,4.82,-4.0
1,1547547877011,6.21,5.76,-5.07
1,1547547877012,6.77,5.15,-6.36
1,1547547877077,7.07,3.08,-7.42
1,1547547877078,6.17,1.64,-8.49
1,1547547877079,4.51,0.52,-7.16
1,1547547877080,7.26,7.36,-2.92
1,1547547877080,8.75,7.08,-3.41
1,1547547877103,9.33,5.01,-2.71
1,1547547877104,9.45,4.41,-3.18
1,1547547877105,7.79,4.7,-5.74
1,1547547877158,7.2,5.19,-4.68
1,1547547877174,7.53,5.66,-4.51
1,1547547877175,8.26,5.21,-5.31
1,1547547877177,8.65,3.59,-4.43
1,1547547877178,8.88,4.1,-4.17
1,1547547877179,8.49,4.47,-4.6
1,1547547877180,8.0,4.43,-3.94
1,1547547877181,8.02,2.81,-4.17
1,1547547877227,8.37,1.5,-4.84
1,1547547877228,8.55,0.83,-5.03
1,1547547877228,8.73,1.97,-4.88
1,1547547877228,8.71,3.73,-5.13
1,1547547877229,7.81,2.32,-4.33
1,1547547877230,8.51,1.6,-4.12
1,1547547877230,8.59,1.32,-3.94
1,1547547877304,6.25,4.12,-3.0
1,1547547877307,4.45,7.77,-3.69
1,1547547877309,3.28,6.99,-4.55
1,1547547877310,2.85,4.55,-5.54
1,1547547877312,3.61,3.45,-5.54
1,1547547877313,3.92,2.92,-8.32
1,1547547877314,4.02,2.32,-10.82
1,1547547877316,5.62,1.07,-10.85
1,1547547877381,7.94,0.52,-5.7
1,1547547877382,12.67,-1.38,2.73
1,1547547877382,12.63,-4.33,-0.82
1,1547547877383,13.33,-1.38,-5.01
1,1547547877383,13.59,5.01,-7.14
1,1547547877384,13.1,7.28,-6.4
1,1547547877384,13.18,1.87,-6.21
1,1547547877455,14.21,1.28,-5.21
1,1547547877456,14.76,1.11,-4.62
1,1547547877456,14.49,0.87,-5.31
1,1547547877471,11.73,1.11,-5.62
1,1547547877472,10.83,1.13,-5.85
1,1547547877473,10.19,0.66,-6.3
1,1547547877473,9.6,0.74,-6.25
1,1547547877473,8.22,1.69,-6.48
1,1547547877526,7.08,0.5,-5.41
1,1547547877538,6.07,0.01,-4.41
1,1547547877538,5.21,-0.11,-3.73
1,1547547877539,2.57,-1.56,-2.87
1,1547547877539,2.24,-1.34,-3.22
1,1547547877539,1.6,-0.15,-4.47
1,1547547877540,-0.17,-4.45,-10.41
1,1547547877600,3.96,-14.14,-4.6
1,1547547877628,4.84,4.82,-23.3
1,1547547877630,-2.14,-26.97,-18.86
1,1547547877631,-1.19,-32.59,-11.77
1,1547547877632,4.14,-16.34,-14.45
1,1547547877633,9.66,-0.39,-6.97
1,1547547877634,10.6,17.4,14.17
1,1547547877635,0.11,79.8,11.48
1,1547547877682,-0.87,77.89,-18.2
1,1547547877684,-1.36,-39.45,-2.1
1,1547547877685,19.62,-17.55,3.24
1,1547547877686,26.5,11.87,-5.29
1,1547547877687,24.43,30.07,-13.53
1,1547547877688,14.08,-0.33,-12.36
1,1547547877688,6.13,-12.03,-10.78
1,1547547877690,3.96,-11.26,-8.65
1,1547547877758,7.91,-1.54,-9.04
1,1547547877759,23.65,2.53,-8.55
1,1547547877760,20.97,0.27,-7.96
1,1547547877760,15.13,1.15,-7.14
1,1547547877761,10.64,4.31,-7.38
1,1547547877761,9.25,5.11,-8.35
1,1547547877761,12.14,-0.42,-6.42
1,1547547877832,12.75,-0.82,-7.08
1,1547547877841,11.64,0.91,-7.55
1,1547547877843,8.98,1.73,-7.63
1,1547547877844,6.23,-1.26,-6.13
1,1547547877845,5.39,-0.66,-5.82
1,1547547877846,4.64,0.23,-4.86
1,1547547877848,3.63,0.62,-3.86
1,1547547877848,2.59,0.17,-5.03
1,1547547877901,1.95,0.09,-5.72
1,1547547877902,1.93,-0.56,-5.95
1,1547547877902,3.18,-0.48,-5.5
1,1547547877902,4.02,1.15,-4.17
1,1547547877903,3.2,-0.29,-1.38
1,1547547877903,2.71,-1.13,0.27
1,1547547877903,3.22,0.13,-2.67
1,1547547877904,4.1,0.85,-6.09
1,1547547877981,4.12,1.3,-5.29
1,1547547877981,5.54,1.15,-5.89
1,1547547877982,7.69,0.54,-5.97
1,1547547877982,9.55,0.33,-5.07
1,1547547877983,9.1,0.33,-6.21
1,1547547877983,8.75,-0.56,-6.05
1,1547547877983,10.0,1.28,-4.17
1,1547547878061,12.42,4.86,-4.47
1,1547547878063,14.35,4.16,-6.75
1,1547547878063,13.0,3.51,-6.54
1,1547547878064,11.87,3.61,-6.19
1,1547547878065,10.83,2.34,-6.58
1,1547547878065,9.37,2.96,-5.17
1,1547547878066,8.88,4.82,-4.86
1,1547547878066,8.18,5.23,-5.41
1,1547547878125,6.91,3.1,-5.11
1,1547547878131,5.39,1.87,-6.66
1,1547547878132,3.69,1.83,-4.21
1,1547547878133,3.76,5.29,-5.15
1,1547547878133,4.06,4.33,-6.52
1,1547547878134,2.77,-1.79,-7.79
1,1547547878135,0.07,-1.73,-10.35
1,1547547878206,3.24,1.17,-8.76
1,1547547878207,1.77,0.95,-10.64
1,1547547878208,-1.19,-3.61,-13.33
1,1547547878209,3.0,-3.49,-9.66
1,1547547878210,10.35,1.38,-8.35
1,1547547878210,16.36,4.41,-4.8
1,1547547878211,11.09,11.13,-3.59
1,1547547878211,11.09,1.99,0.62
1,1547547878366,11.85,-5.42,-0.19
1,1547547878367,10.48,-1.13,-5.97
1,1547547878368,9.7,12.12,-7.07
1,1547547878369,8.24,23.75,-9.64
1,1547547878370,-0.62,7.61,-6.95
1,1547547878429,0.52,-3.39,-2.87
1,1547547878431,6.69,-5.42,-3.1
1,1547547878435,13.82,1.58,-4.92
1,1547547878438,11.99,5.0,-7.28
1,1547547878440,10.17,2.69,-6.75
1,1547547878441,7.51,2.18,-7.42
1,1547547878442,5.13,2.38,-5.54
1,1547547878443,5.01,1.4,-5.8
1,1547547878502,4.39,0.99,-6.26
1,1547547878504,4.49,2.1,-7.65
1,1547547878505,4.98,0.09,-9.17
1,1547547878505,5.35,-1.44,-10.66
1,1547547878506,6.11,-3.16,-15.35
1,1547547878507,7.18,-4.58,-15.85
1,1547547878507,7.36,-4.94,-10.48
1,1547547878508,8.39,-1.36,-4.06
1,1547547878574,3.9,3.59,0.01
1,1547547878575,0.44,0.82,-1.83
1,1547547878575,-0.58,-1.81,-5.15
1,1547547878575,2.36,-2.08,-6.77
1,1547547878576,14.04,2.5,-5.05
1,1547547878576,15.76,2.26,-7.89
1,1547547878577,14.19,-0.82,-9.41
1,1547547878577,12.57,-2.87,-7.94
1,1547547878662,12.51,-0.7,-6.81
1,1547547878663,12.14,3.94,-8.82
1,1547547878663,11.77,2.14,-7.59
1,1547547878663,12.5,1.4,-6.6
1,1547547878663,12.63,2.28,-7.28
1,1547547878664,9.43,1.07,-7.79
1,1547547878664,9.12,1.19,-7.65
1,1547547878664,9.27,1.09,-7.4
1,1547547878725,9.14,0.39,-6.46
1,1547547878747,7.67,-0.25,-6.26
1,1547547878748,6.28,0.19,-6.73
1,1547547878748,5.23,0.29,-6.64
1,1547547878748,4.72,-0.09,-6.23
1,1547547878748,3.59,-0.62,-5.07
1,1547547878749,2.69,0.37,-4.8
1,1547547878749,1.69,0.56,-5.01
1,1547547878882,1.5,-0.29,-6.15
1,1547547878884,1.87,-1.54,-6.05
1,1547547878885,4.16,0.83,-6.23
1,1547547878885,5.25,2.71,-8.24
1,1547547878886,5.6,3.88,-8.84
1,1547547878968,5.7,4.64,-6.73
1,1547547878969,6.77,1.01,-5.7
1,1547547878978,6.01,-0.78,-3.84
1,1547547878979,4.98,0.78,-3.33
1,1547547878979,3.47,2.1,-5.13
1,1547547878980,13.61,1.75,-10.0
1,1547547878980,11.34,2.5,-9.94
1,1547547878980,10.58,2.79,-9.27
1,1547547879026,11.42,2.63,-7.83
1,1547547879027,7.79,1.67,-7.18
1,1547547879028,7.53,1.46,-6.81
1,1547547879028,7.05,0.87,-6.81
1,1547547879029,6.03,0.01,-6.75
1,1547547879030,3.45,1.05,-5.87
1,1547547879030,1.95,0.66,-4.25
1,1547547879031,2.55,0.52,-3.94
1,1547547879201,3.32,0.39,-4.17
1,1547547879202,3.88,-1.09,-4.55
1,1547547879204,3.86,-0.78,-5.58
1,1547547879205,4.0,0.41,-5.68
1,1547547879206,4.47,1.19,-5.11
1,1547547879287,5.52,1.44,-5.21
1,1547547879287,5.29,-0.21,-3.71
1,1547547879287,4.43,-0.48,-3.43
1,1547547879288,5.44,0.42,-5.15
1,1547547879288,7.18,0.91,-6.54
1,1547547879288,9.96,4.33,-5.62
1,1547547879288,9.82,4.0,-6.5
1,1547547879289,10.74,3.22,-6.97
1,1547547879333,11.64,2.75,-6.11
1,1547547879334,8.61,0.11,-6.75
1,1547547879334,8.2,0.46,-5.78
1,1547547879335,7.18,0.85,-5.56
1,1547547879336,6.03,0.58,-5.82
1,1547547879336,5.68,-0.05,-5.58
1,1547547879337,6.34,0.39,-7.01
1,1547547879338,6.73,0.54,-8.55
1,1547547879399,7.07,0.54,-7.12
1,1547547879400,7.34,1.87,-5.72
1,1547547879427,6.99,2.22,-5.99
1,1547547879428,6.21,1.93,-5.31
1,1547547879429,5.95,1.4,-4.23
1,1547547879430,6.3,0.72,-5.42
1,1547547879430,7.51,0.52,-7.34
1,1547547879431,8.12,0.58,-7.34
1,1547547879484,8.71,0.6,-7.65
1,1547547879484,9.39,0.68,-8.14
1,1547547879484,10.05,1.4,-7.73
1,1547547879485,9.68,1.25,-8.06
1,1547547879485,8.96,0.99,-6.46
1,1547547879485,7.87,1.62,-5.15
1,1547547879486,6.5,1.97,-6.6
1,1547547879486,7.26,0.95,-7.1
1,1547547879569,8.33,0.23,-7.53
1,1547547879624,8.78,-0.05,-7.85
1,1547547879702,8.1,1.67,-8.1
1,1547547879702,7.96,2.3,-7.26
1,1547547879703,7.59,1.81,-6.34
1,1547547879703,6.71,0.85,-6.05
1,1547547879703,5.76,0.37,-7.14
1,1547547879704,5.95,0.25,-5.99
1,1547547879704,6.58,1.03,-6.79
1,1547547879722,6.93,1.25,-7.83
1,1547547879785,6.34,1.13,-7.32
1,1547547879786,7.59,0.99,-6.64
1,1547547879786,7.44,1.23,-6.44
1,1547547879787,6.62,1.07,-7.38
1,1547547879787,6.54,0.93,-6.26
1,1547547879787,6.44,1.23,-5.62
1,1547547879787,6.11,2.05,-6.28
1,1547547879872,5.87,2.53,-7.01
1,1547547879873,6.13,1.79,-6.56
1,1547547879873,6.3,1.07,-6.89
1,1547547879874,6.48,0.85,-6.79
1,1547547879874,5.83,1.73,-7.4
1,1547547879874,5.7,1.25,-9.62
1,1547547879874,6.25,0.87,-8.78
1,1547547879875,6.56,1.26,-6.71
1,1547547879928,5.7,1.42,-5.91
1,1547547879930,5.23,0.74,-3.98
1,1547547879932,5.17,0.48,-3.69
1,1547547879934,5.64,-0.11,-4.9
1,1547547879935,6.13,-1.13,-6.38
1,1547547879936,6.69,-0.93,-4.98
1,1547547879937,7.16,0.17,-6.93
1,1547547879938,7.96,0.35,-8.24
1,1547547879999,8.8,-0.11,-6.32
1,1547547880000,9.78,0.76,-5.46
1,1547547880000,9.1,1.56,-5.54
1,1547547880000,7.91,1.87,-4.68
1,1547547880000,7.5,2.03,-4.57
1,1547547880001,9.27,2.63,-5.39
1,1547547880001,9.51,1.69,-5.62
1,1547547880001,9.53,0.44,-7.92
1,1547547880080,10.09,-0.09,-8.04
1,1547547880080,9.88,1.85,-7.3
1,1547547880093,9.57,1.15,-8.92
1,1547547880093,9.39,0.44,-6.11
1,1547547880093,9.17,0.6,-3.69
1,1547547880094,8.96,1.97,-3.76
1,1547547880094,6.91,4.41,-3.59
1,1547547880094,5.99,3.39,-3.78
1,1547547880150,6.99,1.64,-4.66
1,1547547880152,7.91,0.62,-5.15
1,1547547880153,9.29,0.33,-6.34
1,1547547880153,9.64,0.44,-6.34
1,1547547880154,9.72,0.72,-5.85
1,1547547880154,9.37,1.21,-5.91
1,1547547880155,8.12,1.42,-4.68
1,1547547880156,7.51,1.73,-3.92
1,1547547880223,7.32,2.07,-5.11
1,1547547880224,8.02,1.91,-5.97
1,1547547880226,8.53,0.97,-5.33
1,1547547880227,8.2,0.64,-5.56
1,1547547880228,8.12,0.56,-6.64
1,1547547880229,8.45,0.56,-6.67
1,1547547880230,8.45,0.87,-6.54
1,1547547880231,7.79,1.85,-7.73
1,1547547880303,7.48,1.95,-6.67
1,1547547880303,7.32,2.18,-6.36
1,1547547880303,7.59,2.36,-7.4
1,1547547880304,8.14,2.05,-7.26
1,1547547880304,8.02,1.85,-7.32
1,1547547880304,7.96,1.44,-8.04
1,1547547880304,8.08,0.99,-7.63
1,1547547880305,8.26,1.36,-6.38
1,1547547880379,8.39,1.99,-6.28
1,1547547880380,8.37,2.01,-6.13
1,1547547880381,8.28,1.48,-5.48
1,1547547880381,8.53,1.38,-5.91
1,1547547880382,8.55,1.58,-5.97
1,1547547880459,8.37,1.75,-6.13
1,1547547880459,8.26,1.73,-6.21
1,1547547880459,8.32,1.56,-5.97
1,1547547880460,8.43,1.36,-5.58
1,1547547880460,8.37,1.19,-5.5
1,1547547880460,8.08,1.26,-5.37
1,1547547880460,7.79,1.36,-5.62
1,1547547880460,8.63,1.03,-6.75
1,1547547880529,9.0,0.8,-5.54
1,1547547880530,8.2,1.19,-5.13
1,1547547880531,6.79,0.64,-4.82
1,1547547880531,7.1,0.87,-5.39
1,1547547880560,7.79,1.32,-5.54
1,1547547880560,8.41,1.69,-5.39
1,1547547880560,8.84,1.62,-6.11
1,1547547880561,8.75,1.15,-6.23
1,1547547880602,8.57,0.8,-6.25
1,1547547880603,8.49,0.91,-6.66
1,1547547880604,8.51,1.21,-6.09
1,1547547880606,8.14,1.19,-3.96
1,1547547880607,7.87,0.83,-4.68
1,1547547880607,7.87,0.6,-5.37
1,1547547880608,8.1,0.74,-5.99
1,1547547880608,8.8,1.4,-6.38
1,1547547880675,8.82,1.28,-5.74
1,1547547880697,8.78,1.19,-5.72
1,1547547880697,8.76,1.23,-6.13
1,1547547880698,8.33,1.48,-5.89
1,1547547880698,7.96,1.23,-5.66
1,1547547880699,7.75,0.68,-5.64
1,1547547880700,7.79,0.52,-5.44
1,1547547880701,8.16,1.56,-5.66
1,1547547880797,8.1,1.71,-6.34
1,1547547880798,7.94,1.28,-6.58
1,1547547880798,7.96,1.09,-6.42
1,1547547880798,8.06,1.11,-6.44
1,1547547880799,8.1,0.91,-5.6
1,1547547880799,7.81,0.68,-5.29
1,1547547880800,7.38,0.54,-5.74
1,1547547880834,7.16,0.58,-5.62
1,1547547880835,7.46,1.21,-6.23
1,1547547880836,7.71,1.03,-6.36
1,1547547880836,7.87,0.85,-6.34
1,1547547880836,7.91,0.87,-6.93
1,1547547880836,8.1,0.74,-6.34
1,1547547880837,7.65,0.58,-5.25
1,1547547880837,7.14,0.8,-4.78
1,1547547880905,6.91,1.42,-5.58
1,1547547880976,7.83,1.91,-5.99
1,1547547881000,8.16,1.69,-6.62
1,1547547881000,7.89,1.38,-6.93
1,1547547881001,7.71,1.11,-7.65
1,1547547881001,7.85,1.17,-7.83
1,1547547881001,8.08,1.89,-7.79
1,1547547881001,8.08,1.79,-7.92
1,1547547881001,7.98,1.23,-7.96
1,1547547881068,7.89,0.68,-8.37
1,1547547881069,7.96,1.26,-9.14
1,1547547881069,5.85,2.42,-9.31
1,1547547881129,5.6,1.5,-9.53
1,1547547881129,5.56,1.56,-9.9
1,1547547881130,5.93,2.42,-10.35
1,1547547881130,5.83,2.71,-10.56
1,1547547881130,5.62,2.63,-10.52
1,1547547881130,5.03,2.42,-10.11
1,1547547881130,4.74,2.65,-10.85
1,1547547881131,5.05,2.4,-10.8
