1,1547710847014,11.75,-1.77,-0.25
1,1547710847014,11.93,-2.24,-0.25
1,1547710847015,11.95,-2.48,-0.31
1,1547710847015,12.01,-2.28,-0.35
1,1547710847016,11.38,-1.66,-0.25
1,1547710847016,11.34,-1.64,-0.37
1,1547710847016,11.71,-1.75,-0.54
1,1547710847086,12.03,-1.99,-0.78
1,1547710847087,11.48,-2.05,-1.01
1,1547710847087,11.07,-1.87,-1.23
1,1547710847087,10.83,-1.91,-1.21
1,1547710847088,10.85,-1.87,-0.97
1,1547710847088,11.15,-1.79,-0.74
1,1547710847088,11.03,-1.93,-0.48
1,1547710847089,10.83,-1.73,-0.23
1,1547710847137,10.5,-2.1,-0.35
1,1547710847138,9.66,-2.14,-1.15
1,1547710847139,9.47,-1.28,-1.3
1,1547710847140,9.41,-0.8,-1.23
1,1547710847140,9.29,-1.01,-0.42
1,1547710847140,9.14,-2.32,1.23
1,1547710847141,9.14,-2.81,1.26
1,1547710847211,9.21,-2.28,1.3
1,1547710847212,8.94,-1.3,1.23
1,1547710847213,8.1,-0.58,0.85
1,1547710847215,8.2,-0.8,0.76
1,1547710847216,8.33,-0.89,1.01
1,1547710847217,8.41,-1.03,1.07
1,1547710847217,8.2,-1.3,0.8
1,1547710847217,7.91,-1.42,0.5
1,1547710847288,7.51,-1.75,0.27
1,1547710847289,7.16,-2.01,0.13
1,1547710847289,7.05,-1.77,0.19
1,1547710847289,7.26,-1.5,0.25
1,1547710847289,7.34,-1.56,0.01
1,1547710847290,7.26,-1.91,-0.21
1,1547710847290,7.16,-2.28,-0.21
1,1547710847367,7.07,-2.22,0.05
1,1547710847368,7.14,-1.91,0.19
1,1547710847368,6.99,-1.44,0.25
1,1547710847368,6.19,-0.91,0.66
1,1547710847368,5.93,-0.8,0.97
1,1547710847439,5.74,-0.99,0.89
1,1547710847440,5.8,-1.21,0.44
1,1547710847440,6.52,-1.58,0.97
1,1547710847441,6.62,-1.26,1.32
1,1547710847441,6.99,-0.74,1.73
1,1547710847441,7.36,-0.13,1.73
1,1547710847442,7.3,-0.48,2.1
1,1547710847442,7.16,-0.87,2.36
1,1547710847515,7.1,-1.13,2.2
1,1547710847516,7.96,-1.3,1.46
1,1547710847516,8.04,-1.11,1.5
1,1547710847516,8.18,-1.11,1.46
1,1547710847517,8.2,-1.19,1.44
1,1547710847588,8.14,-1.56,1.83
1,1547710847589,8.08,-1.77,1.91
1,1547710847590,8.08,-1.73,1.97
1,1547710847590,8.26,-1.3,1.89
1,1547710847590,8.32,-1.07,1.95
1,1547710847590,8.18,-1.26,2.24
1,1547710847591,7.87,-1.54,2.91
1,1547710847591,7.67,-1.42,2.83
1,1547710847663,7.89,-0.85,6.13
1,1547710847664,8.47,-0.78,4.6
1,1547710847664,8.8,-0.31,3.06
1,1547710847664,9.08,-0.13,3.28
1,1547710847665,9.43,-0.39,3.41
1,1547710847665,9.88,-0.95,3.14
1,1547710847665,9.1,-1.66,2.2
1,1547710847666,8.9,-1.66,2.24
1,1547710847817,8.9,-1.5,3.0
1,1547710847818,9.04,-1.62,3.47
1,1547710847818,8.92,-1.95,3.67
1,1547710847818,8.92,-1.64,3.26
1,1547710847818,8.98,-1.32,2.73
1,1547710847889,8.86,-1.34,2.53
1,1547710847902,9.04,-1.62,3.18
1,1547710847902,9.29,-1.44,2.92
1,1547710847903,9.12,-1.34,2.34
1,1547710847903,8.67,-1.99,1.32
1,1547710847903,8.49,-2.2,1.38
1,1547710847904,8.06,-2.08,1.32
1,1547710847904,7.59,-1.46,1.54
1,1547710847963,7.32,-1.38,1.66
1,1547710847986,7.83,-1.13,1.21
1,1547710847986,7.73,-1.11,1.21
1,1547710847987,7.73,-1.13,1.19
1,1547710847987,8.24,-1.13,0.89
1,1547710847987,8.3,-1.11,0.85
1,1547710847987,8.16,-1.13,0.91
1,1547710847988,8.16,-1.19,1.17
1,1547710848038,7.89,-1.42,0.93
1,1547710848039,7.67,-1.66,1.03
1,1547710848039,7.65,-1.71,0.97
1,1547710848040,7.77,-1.89,0.31
1,1547710848040,6.79,-1.77,-0.85
1,1547710848040,6.38,-2.34,-1.44
1,1547710848041,6.44,-2.34,-0.68
1,1547710848041,7.73,-1.26,0.15
1,1547710848115,8.71,-1.42,1.21
1,1547710848115,9.45,-0.99,1.23
1,1547710848116,8.84,-1.03,0.99
1,1547710848116,8.04,-1.09,0.44
1,1547710848116,7.34,-1.67,-0.05
1,1547710848187,7.51,-1.44,0.01
1,1547710848187,7.46,-1.09,0.25
1,1547710848187,7.71,-1.19,0.52
1,1547710848203,8.73,-1.38,0.37
1,1547710848204,9.12,-1.07,0.01
1,1547710848204,9.68,-0.8,-0.46
1,1547710848204,10.05,-0.21,-1.03
1,1547710848204,9.64,-1.3,-0.97
1,1547710848264,9.43,-1.75,0.07
1,1547710848265,8.14,-2.77,1.87
1,1547710848265,7.28,-2.34,1.52
1,1547710848265,7.83,-1.54,0.01
1,1547710848265,8.43,-1.54,-1.44
1,1547710848271,8.96,-1.36,-3.9
1,1547710848271,9.68,-1.11,-2.38
1,1547710848272,9.29,-1.13,-1.26
1,1547710848338,9.39,-0.99,0.21
1,1547710848339,9.55,-0.68,1.23
1,1547710848340,8.94,-1.13,0.76
1,1547710848340,9.31,-1.09,-0.37
1,1547710848341,9.74,-1.01,-1.52
1,1547710848341,10.11,-1.01,-2.08
1,1547710848342,10.39,-1.95,-0.91
1,1547710848342,10.72,-2.42,-1.11
1,1547710848413,10.87,-1.23,1.38
1,1547710848414,10.62,-3.49,4.16
1,1547710848414,12.03,0.46,-2.01
1,1547710848415,13.26,0.31,-6.6
1,1547710848415,12.32,-1.11,-1.87
1,1547710848415,10.74,-3.69,-0.29
1,1547710848415,13.16,-1.73,-1.67
1,1547710848488,11.99,-2.53,-1.79
1,1547710848490,11.19,-2.32,-1.26
1,1547710848491,11.56,-1.03,-1.5
1,1547710848492,12.51,-1.11,-0.66
1,1547710848493,12.07,-2.77,0.39
1,1547710848494,11.23,-4.14,0.54
1,1547710848495,10.78,-3.43,0.31
1,1547710848496,11.91,-0.58,-1.69
1,1547710848568,11.87,-0.17,-1.6
1,1547710848569,11.54,-0.29,-0.72
1,1547710848569,11.3,-0.87,-0.52
1,1547710848570,13.51,-0.85,-0.13
1,1547710848570,13.65,-0.99,0.01
1,1547710848571,13.0,-1.67,0.03
1,1547710848573,12.55,-1.38,-0.74
1,1547710848636,12.75,-0.82,-4.68
1,1547710848637,13.0,-1.21,-5.0
1,1547710848638,13.24,-1.36,-4.04
1,1547710848639,13.41,-1.46,-2.91
1,1547710848639,13.49,-2.08,0.09
1,1547710848640,14.02,-2.4,0.25
1,1547710848640,14.08,-2.36,-0.5
1,1547710848640,13.53,-1.99,-1.32
1,1547710848716,13.37,-1.05,-1.99
1,1547710848717,13.61,-1.07,-2.28
1,1547710848717,13.9,-1.79,-2.07
1,1547710848717,14.35,-2.87,-1.19
1,1547710848718,15.01,-1.79,-0.58
1,1547710848718,14.39,-1.32,-0.78
1,1547710848718,13.84,-1.58,-0.76
1,1547710848791,14.02,-1.95,-1.38
1,1547710848791,13.86,-3.35,-3.24
1,1547710848792,13.61,-3.08,-2.16
1,1547710848792,13.71,-1.85,-1.32
1,1547710848792,13.59,-1.28,-1.69
1,1547710848792,12.89,-2.55,-2.08
1,1547710848794,12.98,-2.38,-1.56
1,1547710848794,13.28,-1.52,-1.28
1,1547710848955,13.28,-1.25,-1.38
1,1547710848956,13.0,-1.79,-0.46
1,1547710848985,13.28,-1.44,-0.29
1,1547710848986,13.37,-0.87,-0.72
1,1547710848987,13.04,-0.99,-1.23
1,1547710849025,13.14,-1.99,-1.64
1,1547710849025,13.37,-2.24,-2.46
1,1547710849026,13.0,-3.65,-4.02
1,1547710849026,12.46,-4.74,-3.9
1,1547710849026,12.32,-2.55,-2.03
1,1547710849027,12.07,-3.26,-1.4
1,1547710849027,11.97,-1.58,-0.72
1,1547710849028,11.73,-0.7,-0.48
1,1547710849090,10.66,-1.23,0.48
1,1547710849091,10.27,-1.67,-0.37
1,1547710849091,10.01,-1.62,0.03
1,1547710849091,9.8,-1.48,0.48
1,1547710849092,9.29,-1.17,0.6
1,1547710849092,8.94,-1.25,0.66
1,1547710849092,8.73,-1.69,0.74
1,1547710849093,8.82,-1.77,0.64
1,1547710849167,8.78,-1.26,-0.37
1,1547710849179,8.24,-1.52,-0.25
1,1547710849180,7.98,-1.69,-0.07
1,1547710849180,7.75,-1.62,0.11
1,1547710849181,7.53,-1.13,0.52
1,1547710849181,7.48,-1.01,0.87
1,1547710849181,7.22,-0.74,1.21
1,1547710849182,6.99,-0.52,1.21
1,1547710849240,6.58,-0.37,1.07
1,1547710849241,6.56,-0.33,0.95
1,1547710849241,6.58,-0.48,1.11
1,1547710849241,6.54,-1.01,1.15
1,1547710849241,6.07,-2.46,0.89
1,1547710849242,6.07,-3.0,0.44
1,1547710849242,6.17,-3.1,0.15
1,1547710849317,6.32,-2.71,0.17
1,1547710849317,6.71,-1.6,0.27
1,1547710849318,6.73,-1.19,0.46
1,1547710849318,6.42,-1.11,0.78
1,1547710849318,5.89,-1.13,1.13
1,1547710849319,5.62,-1.11,1.28
1,1547710849319,6.07,-1.13,1.25
1,1547710849319,6.64,-1.13,1.23
1,1547710849405,6.89,-0.93,1.28
1,1547710849406,6.58,-0.74,1.42
1,1547710849406,6.36,-0.99,1.66
1,1547710849407,6.21,-1.13,1.71
1,1547710849407,6.21,-1.05,1.71
1,1547710849408,6.42,-0.78,5.42
1,1547710849408,6.62,-0.87,1.81
1,1547710849408,6.85,-0.93,2.75
1,1547710849463,7.12,-1.01,2.73
1,1547710849463,7.96,-1.13,2.77
1,1547710849481,8.12,-1.17,2.71
1,1547710849481,8.14,-1.15,2.61
1,1547710849481,8.26,-1.03,2.81
1,1547710849482,8.08,-0.87,3.04
1,1547710849482,7.71,-0.83,2.83
1,1547710849542,8.47,-0.89,2.44
1,1547710849544,9.64,-1.07,2.05
1,1547710849545,9.35,-1.46,1.85
1,1547710849546,9.74,-1.58,1.79
1,1547710849547,9.98,-1.66,2.16
1,1547710849549,9.51,-1.67,2.83
1,1547710849552,8.86,-1.56,3.65
1,1547710849553,8.32,-1.73,3.73
1,1547710849614,8.1,-1.6,3.41
1,1547710849614,8.94,-1.09,2.87
1,1547710849633,8.69,-1.42,2.34
1,1547710849634,8.49,-1.5,2.55
1,1547710849634,8.9,-1.19,2.48
1,1547710849634,9.29,-1.09,2.22
1,1547710849635,8.59,-1.09,1.87
1,1547710849690,8.28,-1.13,1.87
1,1547710849691,7.94,-1.09,1.81
1,1547710849691,8.47,-1.09,1.5
1,1547710849692,8.43,-1.4,1.17
1,1547710849692,8.16,-1.48,1.21
1,1547710849693,8.35,-1.48,1.23
1,1547710849700,8.47,-1.79,1.26
1,1547710849701,8.0,-2.07,1.54
1,1547710849764,7.69,-1.54,2.16
1,1547710849765,7.2,-1.36,2.32
1,1547710849765,6.71,-1.44,2.18
1,1547710849784,6.01,-1.23,1.19
1,1547710849785,5.23,-1.46,1.19
1,1547710849785,4.84,-1.62,0.13
1,1547710849785,5.74,-1.34,-1.52
1,1547710849840,6.48,-0.15,0.54
1,1547710849843,6.44,-0.09,0.6
1,1547710849843,6.64,-0.68,0.58
1,1547710849843,6.81,-1.11,0.11
1,1547710849844,6.5,-2.16,-0.52
1,1547710849844,6.73,-3.18,-0.31
1,1547710849845,6.93,-3.41,0.13
1,1547710849845,7.16,-2.67,0.46
1,1547710849916,7.22,-1.11,0.91
1,1547710849917,7.32,-0.97,1.19
1,1547710849917,7.3,-0.95,0.87
1,1547710849917,7.59,-1.01,0.11
1,1547710849917,8.37,-1.09,-0.48
1,1547710849918,8.28,-1.13,-0.21
1,1547710849918,8.39,-1.17,0.35
1,1547710849992,8.78,-1.25,1.15
1,1547710850004,8.41,-2.3,1.23
1,1547710850005,8.78,-2.44,1.23
1,1547710850005,8.71,-2.22,0.97
1,1547710850005,8.32,-2.28,0.15
1,1547710850005,8.43,-1.3,-1.01
1,1547710850006,8.86,-1.05,-1.46
1,1547710850006,9.23,-0.62,-1.83
1,1547710850064,9.47,-0.6,-1.73
1,1547710850065,9.33,-1.52,-1.38
1,1547710850065,9.7,-1.4,-0.91
1,1547710850066,9.88,-1.54,-0.39
1,1547710850066,9.84,-1.89,-0.66
1,1547710850066,10.07,-1.42,-2.05
1,1547710850066,10.33,-1.15,-2.14
1,1547710850141,10.72,-1.11,-1.69
1,1547710850142,10.66,-1.52,-1.11
1,1547710850142,10.72,-2.77,0.07
1,1547710850142,10.7,-2.42,1.21
1,1547710850143,10.42,-1.28,1.25
1,1547710850143,10.0,-0.68,1.05
1,1547710850143,9.43,-1.79,1.05
1,1547710850143,10.54,-2.4,1.17
1,1547710850216,11.42,-2.73,0.95
1,1547710850216,11.25,-3.06,0.48
1,1547710850217,11.01,-4.92,-1.95
1,1547710850217,11.99,-3.84,-1.42
1,1547710850217,12.36,-1.38,-0.8
1,1547710850218,11.95,0.99,-0.68
1,1547710850218,10.07,-0.11,-1.54
1,1547710850321,10.46,-2.26,-2.34
1,1547710850322,11.97,-3.71,-4.0
1,1547710850322,13.63,-3.67,-5.35
1,1547710850322,14.64,-1.44,-6.54
1,1547710850323,13.9,-0.44,-4.29
1,1547710850324,12.55,-0.64,-1.46
1,1547710850324,11.21,-1.13,0.64
1,1547710850324,11.07,-1.81,1.17
1,1547710850364,11.79,-1.26,-0.19
1,1547710850389,12.71,-1.21,-1.75
1,1547710850389,13.02,-1.66,-1.83
1,1547710850389,12.73,-2.22,-1.17
1,1547710850389,12.03,-1.52,-1.52
1,1547710850390,11.54,-1.32,-1.07
1,1547710850390,11.71,-1.95,0.23
1,1547710850442,12.83,-2.85,-0.19
1,1547710850443,13.18,-2.32,-1.62
1,1547710850443,13.1,-2.01,-2.18
1,1547710850455,12.92,-2.32,-2.3
1,1547710850457,13.26,-1.52,-2.91
1,1547710850457,13.32,-1.75,-2.81
1,1547710850458,12.87,-2.42,-2.73
1,1547710850517,12.57,-3.28,-2.61
1,1547710850517,14.19,-2.07,-1.32
1,1547710850553,15.21,-0.6,-1.34
1,1547710850554,15.29,-0.64,-1.99
1,1547710850556,14.98,-2.07,-2.1
1,1547710850556,13.67,-4.55,-0.82
1,1547710850558,13.32,-3.14,-0.46
1,1547710850559,13.94,-0.44,-0.91
1,1547710850589,14.19,-0.07,-1.28
1,1547710850591,14.72,-4.12,-0.85
1,1547710850592,15.21,-3.75,-0.74
1,1547710850593,15.23,-2.53,-1.32
1,1547710850614,14.92,-2.28,-1.75
1,1547710850614,14.19,-1.54,-2.16
1,1547710850614,14.08,-1.11,-3.12
1,1547710850664,14.49,-1.15,-4.0
1,1547710850665,14.72,-1.5,-4.04
1,1547710850667,13.75,-2.34,-2.87
1,1547710850668,13.28,-2.96,-1.6
1,1547710850668,13.16,-2.69,-0.78
1,1547710850669,13.14,-2.22,-0.41
1,1547710850669,12.98,-2.94,-0.82
1,1547710850670,12.94,-3.3,-1.01
1,1547710850737,12.89,-2.38,-1.05
1,1547710850758,12.34,-1.48,-1.34
1,1547710850758,11.93,-1.77,-0.82
1,1547710850759,11.69,-3.16,-0.82
1,1547710850759,11.73,-3.47,-0.83
1,1547710850759,11.77,-2.22,-0.78
1,1547710850759,11.75,-1.13,-1.15
1,1547710850818,11.83,-1.64,-1.23
1,1547710850819,11.87,-2.34,-1.32
1,1547710850819,11.79,-2.36,-1.56
1,1547710850820,11.38,-1.52,-2.07
1,1547710850821,11.01,-1.36,-2.14
1,1547710850853,10.56,-1.54,-2.1
1,1547710850853,10.15,-1.48,-1.99
1,1547710850853,10.46,-0.72,-2.14
1,1547710850905,11.17,-0.52,-2.24
1,1547710850905,11.85,-0.66,-2.01
1,1547710850906,12.03,-1.09,-1.93
1,1547710850906,8.59,-3.88,0.29
1,1547710850907,7.42,-4.47,1.25
1,1547710850907,7.57,-2.81,1.42
1,1547710850908,8.04,-1.01,1.23
1,1547710850962,9.14,-0.6,0.64
1,1547710850978,9.25,-1.19,1.09
1,1547710850979,8.53,-2.12,1.32
1,1547710850980,7.53,-2.91,1.44
1,1547710850980,7.3,-1.77,1.13
1,1547710850981,7.1,-1.46,0.52
1,1547710850982,6.91,-1.38,-0.05
1,1547710850983,6.91,-1.11,-0.42
1,1547710851047,6.44,-1.42,-0.21
1,1547710851048,6.17,-1.87,-0.19
1,1547710851050,6.73,-1.64,-0.66
1,1547710851051,7.24,-1.11,-0.87
1,1547710851053,6.66,-1.21,0.07
1,1547710851054,6.17,-1.5,0.6
1,1547710851055,5.97,-1.48,0.97
1,1547710851113,5.93,-1.19,1.05
1,1547710851113,5.89,-0.99,0.97
1,1547710851188,5.76,-0.85,1.13
1,1547710851189,5.6,-0.95,1.23
1,1547710851189,5.29,-1.11,1.25
1,1547710851211,5.27,-1.09,1.3
1,1547710851211,5.66,-0.48,1.44
1,1547710851212,5.56,-0.33,1.71
1,1547710851212,5.07,-0.21,1.81
1,1547710851212,5.33,0.39,3.06
1,1547710851266,5.91,0.01,2.4
1,1547710851267,7.03,-0.64,1.25
1,1547710851282,7.1,-1.56,1.38
1,1547710851283,7.32,-1.19,1.62
1,1547710851284,7.4,-1.09,1.69
1,1547710851286,7.46,-1.11,1.81
1,1547710851287,7.59,-1.11,2.3
1,1547710851288,7.81,-1.62,2.4
1,1547710851339,7.89,-1.87,2.69
1,1547710851362,8.69,-1.23,3.18
1,1547710851362,9.41,-1.05,2.89
1,1547710851362,8.82,-1.09,2.59
1,1547710851363,8.71,-1.03,2.08
1,1547710851363,8.41,-1.17,1.77
1,1547710851363,8.2,-1.28,1.64
1,1547710851363,8.57,-1.36,1.26
1,1547710851411,9.12,-1.66,0.89
1,1547710851412,9.08,-1.77,0.76
1,1547710851412,9.23,-1.67,0.64
1,1547710851412,8.84,-1.44,0.56
1,1547710851490,8.73,-1.44,0.97
1,1547710851569,8.71,-1.52,1.11
1,1547710851572,8.43,-1.64,1.11
1,1547710851574,7.87,-1.62,0.83
1,1547710851576,6.66,-0.99,1.25
1,1547710851578,6.77,-1.15,1.56
1,1547710851579,7.26,-1.75,1.69
1,1547710851580,7.71,-1.75,1.4
1,1547710851582,7.18,-1.07,1.21
1,1547710851642,6.87,-1.05,1.3
1,1547710851644,6.62,-0.5,1.66
1,1547710851647,7.38,-1.3,-0.25
1,1547710851649,7.53,-0.39,-1.38
1,1547710851650,7.51,-0.31,-0.11
1,1547710851651,7.83,-1.19,0.31
1,1547710851652,8.18,-2.01,0.56
1,1547710851653,7.89,-2.4,0.23
1,1547710851719,9.37,-0.62,-1.85
1,1547710851720,8.37,-1.38,-1.58
1,1547710851722,7.67,-2.81,-0.62
1,1547710851723,8.47,-3.08,0.19
1,1547710851723,8.94,-2.32,0.09
1,1547710851724,9.43,-1.21,0.25
1,1547710851725,9.84,-0.6,-0.13
1,1547710851726,9.84,-0.25,-1.38
1,1547710851788,9.76,-0.58,-1.4
1,1547710851790,9.98,-1.17,-0.93
1,1547710851790,10.72,-1.11,0.37
1,1547710851791,10.76,-0.56,1.13
1,1547710851791,10.0,-1.69,1.09
1,1547710851792,9.7,-3.22,0.15
1,1547710851793,9.74,-3.84,-0.99
1,1547710851793,10.76,-3.04,-1.87
1,1547710851867,10.91,-2.28,-1.62
1,1547710851868,10.8,-1.87,-2.07
1,1547710851869,11.44,-1.38,2.01
1,1547710851870,12.32,-0.37,5.5
1,1547710851870,11.09,-0.01,-3.88
1,1547710851871,9.53,-1.99,-6.26
1,1547710851872,9.94,-4.06,-3.12
1,1547710851872,11.01,-4.04,0.41
1,1547710851946,11.42,-1.52,0.25
1,1547710851947,10.46,0.39,-0.74
1,1547710851948,7.81,1.19,-2.87
1,1547710851949,10.23,0.44,-4.17
1,1547710851950,12.18,-0.95,-2.26
1,1547710851951,12.53,-2.03,-0.72
1,1547710851952,11.79,-2.28,-0.78
1,1547710852018,10.15,-1.83,-2.24
1,1547710852020,10.83,-2.26,-1.5
1,1547710852021,11.3,-2.94,-0.44
1,1547710852022,11.28,-3.12,0.23
1,1547710852023,11.64,-1.5,-0.99
1,1547710852024,12.32,-1.09,-1.28
1,1547710852025,12.81,-1.09,-1.69
1,1547710852028,12.46,-1.52,-2.46
1,1547710852094,10.76,-2.51,-2.53
1,1547710852119,10.25,-1.97,-2.55
1,1547710852120,10.54,-1.52,-3.08
1,1547710852120,11.44,-1.58,-3.43
1,1547710852121,12.92,-1.85,-2.57
1,1547710852121,12.96,-1.56,-1.56
1,1547710852121,12.73,-1.05,-0.99
1,1547710852162,12.55,-0.74,-0.29
1,1547710852163,11.89,-2.03,-0.54
1,1547710852163,11.48,-2.65,-1.13
1,1547710852164,11.48,-2.55,-2.03
1,1547710852164,12.2,-2.14,-2.01
1,1547710852164,13.71,-1.71,-2.53
1,1547710852165,13.55,-1.99,-3.0
1,1547710852165,12.53,-1.79,-2.98
1,1547710852242,12.5,-1.87,-3.06
1,1547710852243,13.53,-1.87,-3.49
1,1547710852245,13.67,-1.17,-3.43
1,1547710852245,13.28,-1.09,-3.43
1,1547710852246,13.02,-1.58,-2.98
1,1547710852252,13.78,-3.39,-1.44
1,1547710852253,14.53,-3.08,-1.89
1,1547710852317,15.15,-1.77,-2.38
1,1547710852320,14.74,-1.07,-2.08
1,1547710852323,14.29,-2.34,-2.24
1,1547710852325,14.51,-2.53,-2.77
1,1547710852326,14.51,-2.24,-3.59
1,1547710852328,13.84,-2.53,-4.14
1,1547710852329,12.32,-4.31,-2.53
1,1547710852331,12.67,-4.66,-2.03
1,1547710852389,14.21,-3.33,-2.51
1,1547710852390,15.62,-1.4,-3.49
1,1547710852390,12.32,0.03,-2.36
1,1547710852390,11.38,0.42,-2.73
1,1547710852390,11.5,-0.48,-3.45
1,1547710852391,12.4,-1.85,-3.63
1,1547710852391,12.85,-4.58,-2.89
1,1547710852470,12.14,-3.73,-1.97
1,1547710852471,11.58,-2.34,-1.79
1,1547710852471,11.77,-1.32,-1.6
1,1547710852472,12.94,-1.28,2.03
1,1547710852489,12.46,-1.21,0.33
1,1547710852543,11.66,-1.19,-1.38
1,1547710852544,10.52,-1.75,-1.23
1,1547710852544,8.71,-1.85,1.44
1,1547710852545,9.43,-0.42,1.17
1,1547710852545,11.48,1.54,-1.05
1,1547710852553,12.98,2.18,-3.04
1,1547710852554,12.07,-2.87,-1.34
1,1547710852554,9.55,-4.27,1.23
1,1547710852615,8.06,-2.67,1.23
1,1547710852616,14.0,1.42,-1.13
1,1547710852616,11.67,-1.25,0.99
1,1547710852616,8.78,-3.78,-0.25
1,1547710852617,7.92,-4.29,-1.62
1,1547710852617,10.33,-3.59,-1.93
1,1547710852617,10.66,-3.61,-1.66
1,1547710852617,10.17,-3.39,-1.11
1,1547710852692,9.8,-2.36,-2.08
1,1547710852693,10.89,-0.6,-1.89
1,1547710852704,10.58,-0.78,-0.74
1,1547710852705,9.76,-1.15,-0.91
1,1547710852705,9.19,-1.07,-0.25
1,1547710852705,8.75,-1.13,0.64
1,1547710852705,8.24,-1.09,0.52
1,1547710852705,8.02,-1.07,0.76
1,1547710852765,8.06,-1.15,0.23
1,1547710852766,7.85,-2.48,0.87
1,1547710852789,7.5,-3.06,0.87
1,1547710852790,7.26,-2.94,0.19
1,1547710852790,7.24,-2.08,0.01
1,1547710852790,6.87,-1.48,0.44
1,1547710852790,6.21,-1.67,0.93
1,1547710852839,5.76,-1.64,1.3
1,1547710852839,5.85,-1.26,1.23
1,1547710852841,6.01,-0.46,1.17
1,1547710852843,5.41,-0.52,1.09
1,1547710852843,5.05,-0.62,0.95
1,1547710852844,5.11,-0.66,1.11
1,1547710852844,5.35,-0.62,1.32
1,1547710852844,5.11,-0.83,1.46
1,1547710852917,4.8,-0.99,1.54
1,1547710852918,4.68,-1.05,1.44
1,1547710852919,4.43,-0.44,1.05
1,1547710852919,4.33,-0.35,0.82
1,1547710852919,4.55,-0.42,1.25
1,1547710852920,5.09,-0.39,1.95
1,1547710852920,5.64,-0.37,3.04
1,1547710852995,5.39,-0.29,3.02
1,1547710852996,5.19,-0.09,2.83
1,1547710852997,5.78,-0.19,2.55
1,1547710852998,7.42,-0.99,2.1
1,1547710852999,8.08,-0.99,2.03
1,1547710852999,8.67,-0.91,1.89
1,1547710853000,8.49,-0.99,2.01
1,1547710853001,8.3,-1.09,2.16
1,1547710853152,8.14,-1.11,1.77
1,1547710853154,7.79,-1.44,2.12
1,1547710853155,8.0,-2.46,2.73
1,1547710853156,9.19,-2.5,3.45
1,1547710853157,9.78,-1.17,3.69
1,1547710853219,10.41,-0.56,2.83
1,1547710853224,10.21,-0.95,2.51
1,1547710853226,9.9,-1.97,3.16
1,1547710853228,10.5,-2.07,3.08
1,1547710853229,9.96,-1.71,2.83
1,1547710853230,8.86,-1.32,1.26
1,1547710853232,8.04,-1.44,1.44
1,1547710853233,7.79,-1.64,1.71
1,1547710853292,7.83,-1.93,2.1
1,1547710853293,7.07,-1.09,1.36
1,1547710853293,7.1,-1.01,1.54
1,1547710853294,7.44,-0.93,1.77
1,1547710853294,7.5,-0.78,1.69
1,1547710853295,7.1,-0.39,1.75
1,1547710853295,5.93,0.03,1.66
1,1547710853296,6.09,-0.27,1.6
1,1547710853366,6.44,-0.64,1.52
1,1547710853367,6.52,-1.07,1.3
1,1547710853367,6.44,-1.28,1.21
1,1547710853367,6.52,-1.34,1.23
1,1547710853368,6.6,-1.32,1.19
1,1547710853368,6.85,-1.28,1.11
1,1547710853368,6.67,-1.4,0.66
1,1547710853368,6.87,-1.17,0.35
1,1547710853444,7.07,-0.8,0.6
1,1547710853444,6.91,-0.48,0.46
1,1547710853445,7.38,-0.72,-1.11
1,1547710853465,7.65,-1.09,-0.31
1,1547710853466,7.87,-1.71,-0.68
1,1547710853466,7.96,-2.59,-0.52
1,1547710853467,8.51,-2.48,-0.64
1,1547710853467,9.14,-1.42,-0.76
1,1547710853596,9.33,-0.8,-0.58
1,1547710853662,9.12,-0.31,0.07
1,1547710853663,8.02,-1.52,1.11
1,1547710853663,8.32,-2.83,0.85
1,1547710853664,9.16,-3.43,0.33
1,1547710853665,10.09,-2.79,-0.29
1,1547710853665,10.91,-1.05,-0.27
1,1547710853666,10.89,-1.11,0.27
1,1547710853667,10.58,-1.58,0.87
1,1547710853740,10.58,0.97,-1.19
1,1547710853765,10.62,-0.31,0.03
1,1547710853766,11.25,-2.48,-1.54
1,1547710853766,11.13,-3.67,0.83
1,1547710853767,11.5,-3.49,1.83
1,1547710853768,11.89,-1.52,1.32
1,1547710853768,11.79,1.62,-1.48
1,1547710853769,11.48,0.33,-2.01
1,1547710853818,11.4,-2.08,-1.21
1,1547710853819,11.4,-4.27,0.31
1,1547710853820,13.14,-4.57,0.74
1,1547710853821,13.82,-3.49,-0.72
1,1547710853822,13.47,-1.87,-1.67
1,1547710853822,12.22,-1.09,-2.44
1,1547710853823,9.68,-1.83,-2.89
1,1547710853824,10.44,-2.07,-2.32
1,1547710853887,12.26,-2.14,-2.24
1,1547710853889,13.78,-2.63,-2.22
1,1547710853889,15.6,-2.65,-1.09
1,1547710853890,14.84,-1.81,-1.4
1,1547710853890,13.33,-1.11,-2.07
1,1547710853890,12.01,-1.09,-2.14
1,1547710853890,11.03,-3.2,-2.14
1,1547710853890,11.99,-3.73,-2.2
1,1547710853969,13.12,-3.39,-1.21
1,1547710853971,13.45,-3.02,-0.87
1,1547710853972,12.5,-2.65,-0.42
1,1547710853973,12.53,-2.65,-1.07
1,1547710853975,12.94,-2.44,-1.4
1,1547710854046,13.59,-2.12,-1.11
1,1547710854049,12.59,-1.11,-2.22
1,1547710854051,12.71,-1.11,-2.59
1,1547710854053,13.37,-1.28,-1.81
1,1547710854054,13.94,-1.56,-0.93
1,1547710854055,14.74,-3.0,-2.16
1,1547710854056,14.74,-3.8,-2.81
1,1547710854057,14.33,-3.76,-2.77
1,1547710854114,13.82,-2.67,-2.34
1,1547710854115,14.0,-2.2,-3.0
1,1547710854116,14.12,-3.12,-1.99
1,1547710854134,14.76,-3.24,-1.19
1,1547710854135,14.25,-2.91,0.31
1,1547710854135,13.63,-2.26,0.11
1,1547710854135,13.41,-1.44,-0.66
1,1547710854135,13.47,-1.6,-1.34
1,1547710854190,14.04,-1.83,-1.75
1,1547710854190,13.65,-2.38,-1.81
1,1547710854192,13.12,-2.92,-1.38
1,1547710854194,13.18,-3.33,-1.79
1,1547710854195,13.2,-3.02,-1.64
1,1547710854196,12.83,-1.75,-1.32
1,1547710854197,12.24,-0.85,-1.26
1,1547710854198,11.64,-0.87,-1.32
1,1547710854262,11.13,-2.96,-1.52
1,1547710854263,10.82,-4.23,-2.05
1,1547710854285,10.78,-4.47,-1.75
1,1547710854286,10.83,-3.32,-0.58
1,1547710854287,11.17,0.5,-0.91
1,1547710854287,11.52,1.67,-1.81
1,1547710854289,11.26,1.11,-2.03
1,1547710854290,10.91,-0.74,-2.12
1,1547710854337,9.72,-1.87,-1.44
1,1547710854338,9.43,-2.16,-0.93
1,1547710854338,9.84,-2.51,-0.64
1,1547710854338,10.7,-2.65,-0.6
1,1547710854351,11.13,-2.67,0.23
1,1547710854352,10.64,-2.5,0.21
1,1547710854352,10.27,-1.75,0.25
1,1547710854352,10.54,-1.21,0.35
1,1547710854414,10.72,-2.28,0.39
1,1547710854414,10.44,-2.14,0.39
1,1547710854415,10.39,-1.79,0.37
1,1547710854446,10.37,-1.81,0.5
1,1547710854447,10.11,-2.03,0.5
1,1547710854448,9.74,-2.4,0.83
1,1547710854449,9.72,-2.46,1.21
1,1547710854496,9.6,-2.07,1.28
1,1547710854496,8.84,-1.19,1.3
1,1547710854496,8.63,-1.09,1.25
1,1547710854497,8.37,-1.23,1.15
1,1547710854497,7.89,-1.56,0.95
1,1547710854497,6.99,-2.24,1.15
1,1547710854498,6.99,-2.42,1.21
1,1547710854519,6.85,-2.1,1.23
1,1547710854564,6.54,-1.5,1.21
1,1547710854586,5.89,-1.11,0.95
1,1547710854586,5.97,-0.95,0.91
1,1547710854587,6.36,-0.66,0.78
1,1547710854587,6.67,-0.27,0.52
1,1547710854587,5.99,-0.35,0.15
1,1547710854587,5.44,-0.6,0.15
1,1547710854641,5.37,-0.91,0.33
1,1547710854641,5.44,-1.09,0.64
1,1547710854641,5.78,-1.25,1.01
1,1547710854642,5.44,-1.09,1.11
1,1547710854642,5.33,-0.97,1.23
1,1547710854654,5.5,-0.89,1.23
1,1547710854654,5.74,-0.78,1.28
1,1547710854654,5.62,-0.62,1.56
1,1547710854714,5.5,-0.54,1.79
1,1547710854715,5.21,-0.74,1.99
1,1547710854716,5.83,-0.54,2.2
1,1547710854717,6.23,-0.62,2.12
1,1547710854718,6.34,-0.78,2.5
1,1547710854719,6.52,-0.93,2.71
1,1547710854720,6.93,-1.13,2.24
1,1547710854800,7.16,-1.15,2.38
1,1547710854801,7.28,-1.13,2.59
1,1547710854801,7.5,-1.09,2.91
1,1547710854801,7.85,-1.03,3.08
1,1547710854802,7.55,-0.99,3.32
1,1547710854802,7.3,-0.85,3.61
1,1547710854802,7.4,-0.78,4.04
1,1547710854802,8.12,-0.82,4.0
1,1547710854864,8.35,-0.95,4.0
1,1547710854864,8.61,-1.13,3.82
1,1547710854865,9.0,-1.42,3.61
1,1547710854874,9.57,-1.44,3.12
1,1547710854875,9.53,-1.11,2.65
1,1547710854875,9.21,-0.97,2.2
1,1547710854875,9.06,-0.83,1.97
1,1547710854940,9.16,-0.97,2.14
1,1547710854963,9.19,-1.19,2.4
1,1547710854965,9.04,-1.69,2.4
1,1547710854965,8.9,-2.01,2.28
1,1547710854966,8.8,-1.58,2.4
1,1547710854966,8.86,-1.62,2.4
1,1547710854967,8.75,-1.66,2.57
1,1547710854967,8.3,-1.3,2.85
1,1547710855023,6.81,-0.58,2.73
1,1547710855026,6.87,-0.52,2.48
1,1547710855027,7.32,-0.95,2.2
1,1547710855028,7.4,-1.32,2.22
1,1547710855029,7.94,-1.75,2.2
1,1547710855030,8.2,-1.71,2.1
1,1547710855031,7.94,-1.56,2.14
1,1547710855089,7.34,-1.25,2.07
1,1547710855108,6.67,-0.68,1.83
1,1547710855108,6.75,-0.41,1.83
1,1547710855109,6.54,-0.56,1.95
1,1547710855109,6.58,-0.97,1.73
1,1547710855109,7.28,-1.73,1.21
1,1547710855109,6.99,-1.73,1.15
1,1547710855164,6.62,-1.44,1.17
1,1547710855165,6.62,-1.17,1.05
1,1547710855165,6.87,-0.99,0.93
1,1547710855176,7.3,-0.91,1.25
1,1547710855178,7.71,-1.11,1.15
1,1547710855179,7.79,-1.32,0.91
1,1547710855180,7.32,-1.05,0.09
1,1547710855181,6.99,-0.76,-0.05
1,1547710855254,7.34,-0.74,-0.7
1,1547710855255,7.59,-1.23,-0.01
1,1547710855255,9.04,-1.36,0.42
1,1547710855255,9.45,-1.11,0.52
1,1547710855256,9.58,-1.11,0.74
1,1547710855256,9.82,-1.11,1.17
1,1547710855256,9.45,-1.54,1.66
1,1547710855313,9.08,-1.79,1.28
1,1547710855327,8.71,-1.66,0.68
1,1547710855328,8.18,-1.6,-0.74
1,1547710855328,8.69,-1.64,-0.54
1,1547710855328,10.15,-2.07,0.09
1,1547710855329,10.82,-2.87,0.5
1,1547710855329,10.56,-3.61,0.83
1,1547710855329,9.23,-3.08,1.23
1,1547710855391,8.84,-2.28,1.34
1,1547710855392,8.65,-1.54,1.26
1,1547710855392,8.69,-1.11,1.11
1,1547710855410,9.25,-1.54,-0.72
1,1547710855410,9.68,-1.99,-1.21
1,1547710855410,9.78,-1.62,-1.07
1,1547710855410,9.58,-0.91,-0.6
1,1547710855411,9.47,0.82,0.29
1,1547710855464,9.84,0.64,0.56
1,1547710855465,10.09,-0.13,0.95
1,1547710855465,10.05,-1.17,1.09
1,1547710855482,10.07,-2.98,0.41
1,1547710855483,10.0,-2.89,-0.29
1,1547710855484,10.03,-2.32,-0.52
1,1547710855484,10.41,-2.01,-0.7
1,1547710855568,11.81,-1.83,-0.7
1,1547710855570,11.99,-1.99,0.48
1,1547710855571,12.18,-1.93,0.44
1,1547710855573,12.38,-1.73,-0.39
1,1547710855574,10.41,-1.13,-2.08
1,1547710855575,9.72,-1.07,-1.71
1,1547710855577,10.52,-1.34,-3.22
1,1547710855612,11.26,-1.58,-2.32
1,1547710855612,12.59,-3.22,-0.91
1,1547710855628,12.71,-3.9,-0.64
1,1547710855628,12.2,-3.84,0.15
1,1547710855628,11.69,-2.5,0.72
1,1547710855629,11.28,0.11,-0.17
1,1547710855629,10.87,-0.37,-1.05
1,1547710855629,10.99,-1.4,-1.34
1,1547710855694,11.95,-2.69,-1.48
1,1547710855695,14.04,-3.76,-0.83
1,1547710855696,13.92,-3.69,-0.03
1,1547710855697,13.08,-3.2,1.07
1,1547710855698,12.1,-2.61,1.3
1,1547710855699,11.66,-0.15,-0.31
1,1547710855699,12.12,-0.27,-1.71
1,1547710855768,13.1,-1.54,-1.93
1,1547710855781,14.08,-2.71,-2.34
1,1547710855782,14.66,-1.34,-2.89
1,1547710855783,13.3,-1.66,-1.75
1,1547710855784,12.89,-1.87,-1.25
1,1547710855784,13.33,-1.48,-1.44
1,1547710855785,14.47,-1.71,-1.83
1,1547710855786,14.57,-2.69,-0.97
1,1547710855843,14.53,-3.02,-0.6
1,1547710855844,14.51,-2.77,-1.13
1,1547710855846,14.78,-2.77,-2.4
1,1547710855846,15.27,-2.81,-2.36
1,1547710855847,15.54,-2.12,-1.87
1,1547710855848,15.29,-1.26,-1.5
1,1547710855849,13.53,-3.57,-1.23
1,1547710855918,14.12,-5.52,-2.22
1,1547710855991,14.98,-5.33,-3.04
1,1547710856068,15.52,-2.98,-2.91
1,1547710856070,15.31,0.17,-2.01
1,1547710856072,14.58,-0.93,-1.99
1,1547710856073,13.78,-2.73,-2.28
1,1547710856073,13.33,-3.84,-2.32
1,1547710856074,13.26,-2.3,-1.99
1,1547710856075,13.35,-1.19,-1.83
1,1547710856076,13.3,-1.25,-1.81
1,1547710856142,12.12,-2.59,-0.72
1,1547710856143,10.83,-1.54,-1.44
1,1547710856143,11.21,-2.48,-0.76
1,1547710856144,11.36,-2.2,-1.67
1,1547710856144,11.23,-2.14,-1.52
1,1547710856145,10.82,-3.24,1.32
1,1547710856145,10.39,-1.66,0.13
1,1547710856146,10.23,-1.13,-0.54
1,1547710856217,9.96,-2.07,-0.37
1,1547710856218,9.84,-3.02,-0.15
1,1547710856218,10.37,-1.36,-0.62
1,1547710856219,9.96,-0.99,-0.37
1,1547710856219,9.25,-0.83,0.31
1,1547710856220,8.61,-0.95,0.41
1,1547710856220,8.75,-1.07,0.48
1,1547710856221,9.25,-1.03,0.95
1,1547710856294,9.29,-1.11,1.23
1,1547710856295,8.84,-1.19,1.21
1,1547710856295,8.06,-1.42,1.05
1,1547710856296,8.43,-1.13,0.85
1,1547710856296,8.57,-0.91,1.15
1,1547710856296,8.04,-1.01,1.21
1,1547710856297,6.71,-1.38,1.07
1,1547710856297,6.46,-1.58,1.15
1,1547710856366,6.32,-1.85,1.21
1,1547710856367,6.07,-2.18,1.07
1,1547710856368,5.42,-1.99,0.76
1,1547710856369,5.39,-1.62,0.85
1,1547710856370,5.58,-1.01,1.11
1,1547710856370,5.93,-0.37,1.17
1,1547710856371,5.91,0.13,1.11
1,1547710856372,5.8,0.07,1.21
1,1547710856443,5.58,0.23,1.23
1,1547710856444,5.21,0.31,1.15
1,1547710856444,4.51,-0.05,1.62
1,1547710856445,5.01,-0.42,3.12
1,1547710856445,5.29,-0.93,2.26
1,1547710856446,5.29,-1.13,1.34
1,1547710856446,5.6,-0.95,1.6
1,1547710856516,6.34,-0.68,1.81
1,1547710856518,6.95,-0.8,1.4
1,1547710856519,6.69,-1.11,1.23
1,1547710856521,5.48,-1.54,1.69
1,1547710856522,5.56,-1.25,1.87
1,1547710856523,6.4,-0.93,2.55
1,1547710856525,7.01,-0.99,3.0
1,1547710856526,6.77,-1.67,2.91
1,1547710856591,6.79,-1.36,3.16
1,1547710856602,7.2,-0.99,2.92
1,1547710856602,7.4,-0.7,3.04
1,1547710856603,7.3,-1.05,3.57
1,1547710856603,7.91,-1.11,2.46
1,1547710856603,8.57,-1.03,2.08
1,1547710856604,8.67,-0.89,2.24
1,1547710856666,8.59,-1.15,2.38
1,1547710856666,8.76,-1.25,2.44
1,1547710856667,8.88,-1.3,1.91
1,1547710856667,8.96,-1.28,1.34
1,1547710856667,8.86,-1.23,1.21
1,1547710856668,8.39,-1.6,1.44
1,1547710856687,8.28,-1.73,1.64
1,1547710856688,8.02,-1.77,1.89
1,1547710856740,8.1,-1.44,2.05
1,1547710856740,8.49,-1.32,1.83
1,1547710856740,8.82,-1.19,1.46
1,1547710856740,8.98,-1.28,1.21
1,1547710856741,8.67,-1.81,1.34
1,1547710856741,7.89,-1.5,1.83
1,1547710856741,7.26,-1.09,2.2
1,1547710856816,6.91,-1.05,2.22
1,1547710856819,6.42,-1.09,2.07
1,1547710856820,6.28,-1.67,1.62
1,1547710856821,6.93,-1.56,1.46
1,1547710856823,7.69,-1.44,1.28
1,1547710856824,7.75,-1.09,1.23
1,1547710856825,7.24,-0.89,1.3
1,1547710856826,6.58,-0.78,1.38
1,1547710856892,6.42,-0.83,1.3
1,1547710856893,6.6,-0.82,1.25
1,1547710856909,7.05,-1.09,1.05
1,1547710856909,7.46,-1.05,0.44
1,1547710856910,7.83,-1.09,-0.35
1,1547710856910,7.91,-1.11,-0.17
1,1547710856910,8.12,-1.54,0.58
1,1547710856963,7.94,-1.69,0.64
1,1547710856964,7.81,-1.79,0.83
1,1547710856970,7.77,-1.75,0.83
1,1547710856971,7.89,-0.87,-0.35
1,1547710856971,7.94,-0.41,-0.7
1,1547710856971,8.14,-0.78,-0.66
1,1547710856971,8.57,-1.5,-0.03
1,1547710856971,9.43,-2.55,1.38
1,1547710857039,9.23,-2.05,1.75
1,1547710857061,8.84,-1.4,1.79
1,1547710857062,8.45,-1.09,1.28
1,1547710857063,8.57,-1.09,-0.54
1,1547710857064,8.94,-1.3,-1.15
1,1547710857065,9.17,-1.75,-0.97
1,1547710857065,9.43,-1.95,-0.31
1,1547710857118,9.53,-2.24,0.44
1,1547710857120,9.33,-2.32,0.54
1,1547710857121,9.1,-2.2,0.6
1,1547710857122,8.9,-2.01,0.19
1,1547710857122,8.8,-0.66,-1.44
1,1547710857123,8.57,-0.31,-1.23
1,1547710857126,9.21,-0.58,-3.1
1,1547710857127,9.9,-1.11,-1.36
1,1547710857198,11.5,-0.99,1.05
1,1547710857198,11.34,-1.13,1.46
1,1547710857198,10.62,-1.75,1.15
1,1547710857199,9.76,-2.3,0.01
1,1547710857199,8.71,-1.23,-2.98
1,1547710857199,8.75,-0.8,-3.51
1,1547710857199,9.72,-0.97,-2.61
1,1547710857264,10.99,-1.05,-1.28
1,1547710857265,12.73,-2.36,1.85
1,1547710857265,12.91,-3.22,2.26
1,1547710857265,12.42,-2.77,1.64
1,1547710857266,11.52,-1.42,0.58
1,1547710857266,9.96,-0.05,-2.44
1,1547710857267,9.88,-0.99,-3.08
1,1547710857267,10.85,-2.71,-1.95
1,1547710857339,12.61,-4.12,-0.64
1,1547710857340,15.23,-3.61,-0.52
1,1547710857340,14.19,-2.65,-1.17
1,1547710857341,11.87,-1.81,-1.66
1,1547710857341,9.74,-1.5,-1.93
1,1547710857342,9.35,-1.4,-1.5
1,1547710857342,11.4,-1.26,-2.14
1,1547710857414,13.61,-1.32,-2.75
1,1547710857425,14.96,-2.07,-2.01
1,1547710857426,14.14,-2.2,0.7
1,1547710857426,12.61,-1.23,0.33
1,1547710857426,11.3,-1.01,-0.8
1,1547710857427,10.7,-1.21,-1.85
1,1547710857427,13.06,-0.25,-2.75
1,1547710857428,14.21,-0.35,-2.51
1,1547710857490,14.51,-2.24,-2.12
1,1547710857492,14.49,-3.84,-1.83
1,1547710857494,13.0,-2.81,-2.46
1,1547710857495,12.4,-2.22,-2.46
1,1547710857496,13.28,-2.12,-2.03
1,1547710857496,14.94,-2.55,-1.36
1,1547710857497,16.52,-3.24,-0.97
1,1547710857568,15.68,-2.94,-1.81
1,1547710857570,13.84,-2.12,-1.93
1,1547710857571,12.4,-1.01,-1.38
1,1547710857572,13.88,-0.54,-2.32
1,1547710857573,15.13,-2.01,-2.18
1,1547710857574,15.56,-3.3,-1.36
1,1547710857575,15.42,-3.0,-0.74
1,1547710857643,15.03,-2.34,-0.6
1,1547710857644,14.8,-2.38,-1.52
1,1547710857644,14.78,-1.85,-1.93
1,1547710857645,14.78,-0.95,-2.01
1,1547710857645,13.96,0.46,-2.65
1,1547710857646,13.45,-0.83,-2.44
1,1547710857646,13.94,-2.94,-2.59
1,1547710857646,14.7,-3.76,-2.67
1,1547710857716,14.58,-1.75,-1.71
1,1547710857717,14.16,-2.03,-1.36
1,1547710857718,13.96,-2.61,-1.56
1,1547710857719,13.78,-2.08,-2.07
1,1547710857720,13.2,-1.58,-2.4
1,1547710857720,12.89,-2.46,-1.64
1,1547710857721,13.16,-2.26,-1.56
1,1547710857722,13.02,-1.09,-1.95
1,1547710857789,11.77,-0.83,-1.66
1,1547710857790,11.87,-1.71,-1.54
1,1547710857790,12.01,-1.97,-1.01
1,1547710857813,11.95,-1.26,-0.31
1,1547710857814,11.67,-1.11,-0.29
1,1547710857814,11.48,-1.4,-0.25
1,1547710857815,11.13,-1.36,0.37
1,1547710857863,10.91,-1.11,1.13
1,1547710857864,10.03,-2.12,1.11
1,1547710857865,9.74,-3.24,0.52
1,1547710857866,9.41,-3.18,-0.13
1,1547710857868,9.62,-2.46,-0.74
1,1547710857868,10.41,-0.93,-0.11
1,1547710857869,10.33,-0.72,0.56
1,1547710857939,10.37,-0.41,0.68
1,1547710857940,10.11,0.03,0.5
1,1547710857940,8.51,-0.37,1.19
1,1547710857941,8.47,-0.46,1.23
1,1547710857942,8.53,0.03,1.17
1,1547710857942,8.3,0.29,1.15
1,1547710857942,8.39,-0.44,0.91
1,1547710857943,8.3,-0.89,0.91
1,1547710858014,8.14,-1.32,1.09
1,1547710858015,8.45,-1.79,1.13
1,1547710858031,8.18,-2.42,0.46
1,1547710858032,7.92,-1.6,0.33
1,1547710858032,7.73,-0.93,0.21
1,1547710858032,7.5,-0.68,0.44
1,1547710858033,7.42,-0.62,1.13
1,1547710858089,7.07,-1.03,1.11
1,1547710858111,6.67,-1.32,1.07
1,1547710858111,6.46,-1.56,1.19
1,1547710858112,6.69,-1.17,1.15
1,1547710858112,7.1,-0.99,0.87
1,1547710858112,6.85,-0.87,0.66
1,1547710858112,6.28,-1.09,0.93
1,1547710858113,5.62,-1.09,1.11
1,1547710858165,5.52,-0.87,1.17
1,1547710858181,5.46,-0.78,1.21
1,1547710858182,5.46,-0.68,1.23
1,1547710858182,5.33,-0.19,1.17
1,1547710858182,5.46,0.01,1.44
1,1547710858182,5.19,-0.15,1.79
1,1547710858182,5.09,-1.03,2.69
1,1547710858239,5.37,-1.4,1.89
1,1547710858240,6.32,-0.68,2.32
1,1547710858240,6.44,-0.39,2.32
1,1547710858247,6.28,-0.74,2.14
1,1547710858248,6.34,-0.97,2.4
1,1547710858248,6.5,-0.7,2.38
1,1547710858248,6.5,-0.41,2.44
1,1547710858248,6.42,-0.29,2.48
1,1547710858313,7.08,-0.99,2.57
1,1547710858314,7.48,-1.23,2.3
1,1547710858315,7.48,-1.44,2.1
1,1547710858316,7.51,-1.38,2.24
1,1547710858317,8.24,-1.3,2.16
1,1547710858318,8.41,-1.15,2.07
1,1547710858318,8.14,-1.15,2.44
1,1547710858392,8.02,-1.44,2.55
1,1547710858416,8.76,-1.21,2.3
1,1547710858417,8.41,-1.21,2.16
1,1547710858417,8.26,-1.11,2.22
1,1547710858417,8.57,-1.11,2.07
1,1547710858418,9.02,-1.6,1.71
1,1547710858419,9.1,-1.52,1.46
1,1547710858419,9.25,-1.21,1.5
1,1547710858463,9.33,-1.26,1.54
1,1547710858482,9.04,-1.6,1.91
1,1547710858483,9.27,-1.4,2.07
1,1547710858483,9.25,-1.19,2.3
1,1547710858483,8.61,-1.15,2.38
1,1547710858483,8.22,-1.42,2.01
1,1547710858483,8.26,-1.81,1.93
1,1547710858541,8.3,-2.05,1.95
1,1547710858541,8.32,-1.97,2.03
1,1547710858542,8.12,-1.32,2.14
1,1547710858551,7.69,-1.11,2.18
1,1547710858552,7.14,-0.91,2.22
1,1547710858552,7.07,-0.76,2.26
1,1547710858553,7.05,-0.93,2.46
1,1547710858553,6.87,-1.07,2.14
1,1547710858614,6.77,-1.11,1.83
1,1547710858615,6.71,-1.15,1.44
1,1547710858615,6.75,-1.17,1.34
1,1547710858615,6.99,-1.13,1.32
1,1547710858615,7.28,-1.11,1.21
1,1547710858616,7.42,-1.13,1.07
1,1547710858616,7.08,-1.09,1.15
1,1547710858690,6.62,-0.93,1.23
1,1547710858692,6.75,-0.6,1.23
1,1547710858693,6.89,-0.72,1.21
1,1547710858695,7.05,-1.3,1.17
1,1547710858696,7.55,-1.62,1.15
1,1547710858696,7.94,-1.64,0.87
1,1547710858697,8.04,-1.58,0.78
1,1547710858697,8.16,-0.68,-0.11
1,1547710858763,8.12,-0.42,-0.5
1,1547710858842,8.0,-0.78,0.52
1,1547710858843,7.94,-1.15,1.15
1,1547710858843,8.14,-1.97,1.32
1,1547710858843,8.32,-2.3,1.23
1,1547710858844,8.73,-2.26,1.19
1,1547710858844,9.16,-1.83,1.05
1,1547710858844,9.64,-0.95,0.0
1,1547710858844,8.88,-0.99,0.05
1,1547710858916,8.3,-1.32,0.39
1,1547710858916,8.39,-1.83,0.46
1,1547710858917,8.82,-1.5,-0.05
1,1547710858917,9.04,-2.12,0.48
1,1547710858918,9.19,-2.28,0.6
1,1547710858919,9.53,-1.28,-0.46
1,1547710858920,11.28,-0.05,8.8
1,1547710858921,11.01,-4.33,17.28
1,1547710858992,10.85,-2.14,-1.73
1,1547710858993,11.48,-0.97,-10.56
1,1547710858995,11.15,-4.06,-5.91
1,1547710858996,13.2,-3.33,-1.73
1,1547710858997,13.9,-1.99,3.33
1,1547710858998,12.77,-0.13,3.88
1,1547710859000,4.1,1.09,1.75
1,1547710859001,1.36,-0.5,1.25
1,1547710859064,7.18,-1.4,-0.44
1,1547710859089,13.69,-2.01,-4.8
1,1547710859090,14.31,-0.42,-0.8
1,1547710859090,12.65,0.33,0.15
1,1547710859090,11.83,0.52,1.09
1,1547710859091,11.5,-0.6,0.83
1,1547710859091,9.96,-2.42,1.17
1,1547710859091,10.13,-2.18,-0.62
1,1547710859221,10.95,-2.01,-2.4
1,1547710859222,12.07,-2.46,-2.16
1,1547710859223,12.87,-2.63,-3.2
1,1547710859224,12.24,-1.66,-2.51
1,1547710859225,11.05,-0.82,-1.52
1,1547710859303,10.09,0.29,-1.03
1,1547710859304,11.83,0.87,-2.63
1,1547710859304,13.16,-0.5,-2.63
1,1547710859304,14.1,-2.2,-1.09
1,1547710859305,14.96,-1.6,-2.32
1,1547710859305,14.58,-2.38,-2.07
1,1547710859305,13.92,-2.96,-1.99
1,1547710859305,14.0,-1.87,-2.14
1,1547710859401,14.47,-1.01,-2.24
1,1547710859402,14.51,-3.37,-2.46
1,1547710859402,14.88,-3.16,-3.02
1,1547710859403,15.0,-2.46,-3.47
1,1547710859403,14.8,-1.28,-3.41
1,1547710859403,13.76,-0.19,-2.12
1,1547710859404,13.49,-0.83,-1.67
1,1547710859404,13.78,-1.77,-1.66
1,1547710859436,14.33,-2.91,-1.71
1,1547710859437,14.72,-1.71,0.33
1,1547710859437,14.68,-1.11,0.15
1,1547710859458,14.33,-1.32,-0.87
1,1547710859458,14.14,-1.52,-0.99
1,1547710859459,14.45,-1.05,-1.34
1,1547710859459,13.53,-2.01,-1.48
1,1547710859459,12.59,-3.69,-1.3
1,1547710859515,12.69,-4.29,-1.6
1,1547710859515,14.02,-0.99,-3.45
1,1547710859516,14.04,0.52,-4.02
1,1547710859516,13.47,0.35,-3.59
1,1547710859516,12.1,-1.19,-2.07
1,1547710859517,11.54,-2.4,-1.52
1,1547710859535,12.53,-2.59,-1.52
1,1547710859535,13.04,-2.89,-0.44
1,1547710859591,12.92,-2.57,-0.29
1,1547710859591,11.54,-1.01,-1.81
1,1547710859592,10.8,-0.93,-1.44
1,1547710859592,11.36,-1.15,-0.91
1,1547710859592,12.12,-1.25,-0.11
1,1547710859592,12.38,-1.66,-0.27
1,1547710859593,12.2,-2.26,-0.91
1,1547710859593,12.18,-2.92,-1.01
1,1547710859665,12.48,-2.51,-1.3
1,1547710859675,11.95,-0.03,-1.56
1,1547710859676,11.48,-0.17,-1.21
1,1547710859676,11.19,-0.99,-1.38
1,1547710859676,10.95,-1.6,-0.83
1,1547710859676,10.15,-3.16,0.0
1,1547710859676,10.09,-3.0,0.19
1,1547710859740,10.13,-2.42,0.62
1,1547710859760,10.21,-1.89,0.78
1,1547710859761,10.03,-1.28,1.11
1,1547710859761,9.39,-1.66,1.15
1,1547710859761,8.51,-2.34,0.93
1,1547710859761,7.89,-2.73,0.83
1,1547710859761,7.55,-2.08,0.8
1,1547710859762,7.61,-1.79,0.64
1,1547710859856,7.92,-1.34,0.42
1,1547710859857,8.37,-1.15,0.15
1,1547710859857,8.02,-1.71,0.27
1,1547710859858,7.5,-1.85,0.27
1,1547710859859,7.08,-1.56,0.13
1,1547710859859,6.87,-1.15,0.11
1,1547710859860,6.91,-1.28,0.46
1,1547710859893,6.83,-1.75,0.17
1,1547710859894,6.67,-1.89,-0.11
1,1547710859895,6.15,-1.95,-0.23
1,1547710859896,5.78,-1.32,0.11
1,1547710859896,5.87,-0.8,0.74
1,1547710859896,5.76,-0.17,1.19
1,1547710859896,5.37,0.15,1.25
1,1547710859896,4.27,-0.05,1.28
1,1547710859965,4.23,-0.31,1.5
1,1547710859966,4.53,-0.42,1.69
1,1547710859975,4.88,-0.8,1.38
1,1547710859977,5.07,-1.15,1.6
1,1547710859979,4.74,-1.11,1.62
1,1547710859979,4.62,-0.95,1.73
1,1547710859980,5.01,-0.72,1.87
1,1547710860042,5.56,-0.74,1.95
1,1547710860043,5.8,-0.66,2.07
1,1547710860044,5.99,-0.44,2.05
1,1547710860045,5.83,-0.54,2.22
1,1547710860047,5.99,-1.42,2.5
1,1547710860047,6.48,-1.71,2.85
1,1547710860048,7.05,-1.5,2.12
1,1547710860049,7.79,-0.89,1.6
1,1547710860114,8.78,-0.37,1.79
1,1547710860115,8.86,-0.93,2.4
1,1547710860116,8.75,-1.64,3.06
1,1547710860116,8.47,-1.91,3.02
1,1547710860117,8.14,-1.11,2.63
1,1547710860118,8.43,-1.11,2.83
1,1547710860118,9.06,-1.48,2.61
1,1547710860201,9.41,-1.91,2.14
1,1547710860202,10.0,-0.93,1.17
1,1547710860203,9.82,-0.97,1.13
1,1547710860204,9.37,-1.26,1.26
1,1547710860205,9.37,-1.44,1.3
1,1547710860205,9.31,-0.72,1.79
1,1547710860206,9.06,-0.52,1.69
1,1547710860207,8.84,-1.01,1.34
1,1547710860264,8.73,-1.62,1.21
1,1547710860265,9.06,-1.83,1.25
1,1547710860266,9.08,-1.17,1.42
1,1547710860266,8.57,-1.09,1.99
1,1547710860266,8.47,-1.4,2.18
1,1547710860267,7.5,-2.44,1.64
1,1547710860267,7.07,-2.26,1.66
1,1547710860344,7.48,-1.95,1.89
1,1547710860345,8.0,-1.95,1.91
1,1547710860346,8.47,-1.62,1.28
1,1547710860347,8.43,-1.19,1.58
1,1547710860348,8.18,-0.82,2.18
1,1547710860348,7.81,-0.76,2.38
1,1547710860349,7.14,-1.05,2.67
1,1547710860350,6.81,-1.03,2.16
1,1547710860415,7.18,-1.01,1.75
1,1547710860416,7.36,-1.13,1.5
1,1547710860416,7.48,-1.19,1.32
1,1547710860417,7.4,-1.42,1.17
1,1547710860418,7.42,-1.44,1.11
1,1547710860418,7.38,-1.54,1.11
1,1547710860419,7.16,-1.25,0.91
1,1547710860502,7.16,-1.44,0.87
1,1547710860503,7.07,-1.81,1.05
1,1547710860504,6.83,-1.93,1.11
1,1547710860505,7.05,-1.32,0.93
1,1547710860506,7.34,-0.97,0.05
1,1547710860506,8.67,-0.74,-2.87
1,1547710860507,8.47,-0.74,-0.31
1,1547710860508,8.16,-1.67,1.15
1,1547710860567,7.81,-2.3,1.32
1,1547710860568,7.38,-2.34,1.21
1,1547710860568,7.14,-1.81,0.93
1,1547710860569,8.18,-1.13,-0.15
1,1547710860569,8.82,-0.52,-0.64
1,1547710860570,9.37,0.25,-0.87
1,1547710860570,9.64,0.82,-0.56
1,1547710860642,10.19,0.41,-0.01
1,1547710860645,9.86,0.0,-0.91
1,1547710860646,9.0,-0.56,-1.05
1,1547710860648,8.18,-1.71,-0.91
1,1547710860650,7.89,-3.49,-1.01
1,1547710860652,8.16,-3.82,-0.8
1,1547710860653,8.59,-3.78,-0.19
1,1547710860713,9.17,-2.98,0.89
1,1547710860716,10.03,-1.54,2.07
1,1547710860717,9.74,-1.91,2.24
1,1547710860718,9.23,-2.16,1.4
1,1547710860718,8.9,-2.57,0.62
1,1547710860719,9.6,-3.51,-1.28
1,1547710860720,10.48,-2.79,-0.93
1,1547710860721,11.28,-1.42,-0.54
1,1547710860803,11.44,-0.58,-0.42
1,1547710860805,10.13,-1.01,-0.05
1,1547710860805,9.39,-1.13,-0.13
1,1547710860806,8.9,-1.15,-0.25
1,1547710860807,8.92,-1.58,-1.17
1,1547710860807,9.45,-2.28,-1.52
1,1547710860808,11.21,-3.53,-1.58
1,1547710860865,11.97,-3.18,-2.07
1,1547710860866,12.01,-2.07,-1.91
1,1547710860867,10.68,-0.76,-2.07
1,1547710860869,9.82,-0.5,-2.46
1,1547710860870,9.45,-0.76,-2.07
1,1547710860870,9.98,-1.13,-1.85
1,1547710860871,12.08,-2.51,-1.34
1,1547710860871,12.42,-2.44,-1.23
1,1547710860940,12.08,-1.23,-1.81
1,1547710860941,11.3,-0.39,-2.28
1,1547710860942,10.78,-0.33,-2.94
1,1547710860942,11.23,-1.52,-1.64
1,1547710860942,12.03,-2.46,-0.42
1,1547710860942,12.87,-2.69,-0.21
1,1547710860943,13.51,-1.44,-0.27
1,1547710861018,13.04,-1.17,-0.58
1,1547710861044,12.26,-0.91,-1.75
1,1547710861046,11.42,-0.66,-2.42
1,1547710861047,10.87,-0.17,-2.2
1,1547710861048,12.65,0.46,-2.65
1,1547710861108,13.53,-0.56,-2.79
1,1547710861109,13.82,-2.22,-3.59
1,1547710861110,13.61,-4.25,-3.82
1,1547710861110,12.08,-4.27,-2.42
1,1547710861110,12.1,-1.62,-1.99
1,1547710861111,12.36,-0.27,-2.01
1,1547710861111,11.58,-1.13,-1.3
1,1547710861112,12.1,-0.85,-1.62
1,1547710861165,13.45,-0.6,-1.58
1,1547710861165,14.37,-2.26,-2.2
1,1547710861166,13.51,-2.69,-2.48
1,1547710861166,13.75,-1.03,-2.2
1,1547710861166,14.06,0.58,-2.22
1,1547710861190,13.59,-2.3,-2.07
1,1547710861192,13.8,-3.94,-1.6
1,1547710861192,14.12,-3.2,-1.83
1,1547710861242,14.6,-0.99,-3.04
1,1547710861243,14.55,-0.62,-3.53
1,1547710861244,14.74,-1.46,-3.16
1,1547710861246,14.88,-2.08,-2.59
1,1547710861247,15.25,-2.42,-1.95
1,1547710861248,16.09,-1.91,-2.12
1,1547710861249,15.19,-1.99,-2.01
1,1547710861250,14.31,-2.03,-1.95
1,1547710861315,13.92,-2.07,-2.92
1,1547710861342,13.59,-2.07,-3.8
1,1547710861343,13.75,-0.93,-2.18
1,1547710861344,13.98,-0.66,-1.83
1,1547710861344,14.02,-0.91,-1.71
1,1547710861345,13.9,-1.34,-1.4
1,1547710861345,13.75,-2.4,-1.5
1,1547710861346,13.57,-2.34,-1.64
1,1547710861392,13.0,-1.87,-2.07
1,1547710861409,12.26,-1.66,-2.81
1,1547710861410,11.64,-0.91,-1.75
1,1547710861411,11.25,-0.74,-0.27
1,1547710861411,11.5,-1.26,-0.39
1,1547710861412,11.71,-1.34,-0.97
1,1547710861412,10.82,-1.79,-2.16
1,1547710861466,11.36,-1.64,-2.59
1,1547710861488,11.34,-1.36,-2.2
1,1547710861488,11.23,-1.17,-1.48
1,1547710861488,10.68,-1.3,0.33
1,1547710861489,9.78,-1.95,0.93
1,1547710861489,9.37,-2.05,1.21
1,1547710861489,9.35,-1.42,1.05
1,1547710861489,8.98,-0.74,0.87
1,1547710861538,8.94,-0.72,0.68
1,1547710861538,9.33,-0.93,0.5
1,1547710861556,9.86,-1.19,0.68
1,1547710861556,9.8,-1.23,1.05
1,1547710861556,10.03,-1.15,0.68
1,1547710861557,10.17,-1.13,0.41
1,1547710861557,9.88,-1.13,0.19
1,1547710861615,8.71,-2.55,-0.03
1,1547710861616,8.32,-3.0,-0.03
1,1547710861617,8.14,-2.79,-0.01
1,1547710861618,7.91,-2.59,0.07
1,1547710861643,7.91,-1.71,0.11
1,1547710861643,8.1,-1.17,0.35
1,1547710861644,8.02,-1.15,0.5
1,1547710861644,7.85,-1.36,0.58
1,1547710861692,7.38,-1.15,0.39
1,1547710861692,7.05,-1.01,0.29
1,1547710861693,6.73,-0.78,0.35
1,1547710861707,6.5,-0.68,0.48
1,1547710861708,6.19,-0.01,0.64
1,1547710861708,6.13,-0.03,0.7
1,1547710861708,5.99,-0.97,0.95
1,1547710861765,5.62,-1.5,1.19
1,1547710861773,5.91,-1.15,1.21
1,1547710861774,6.67,-1.03,1.21
1,1547710861774,6.99,-1.07,1.23
1,1547710861774,6.38,-1.13,1.32
1,1547710861774,5.78,-0.64,1.32
1,1547710861775,5.8,-0.6,1.62
1,1547710861775,5.23,-0.99,1.66
1,1547710861839,4.92,-1.21,1.81
1,1547710861840,5.48,-1.19,2.57
1,1547710861840,6.13,-1.25,1.91
1,1547710861841,6.75,-1.42,1.81
1,1547710861859,7.05,-1.52,1.97
1,1547710861860,6.5,-1.07,2.24
1,1547710861861,6.38,-1.13,2.4
1,1547710861912,6.42,-1.34,2.61
1,1547710861912,6.44,-1.48,2.65
1,1547710861913,7.16,-1.58,2.5
1,1547710861913,7.63,-1.52,2.14
1,1547710861913,7.81,-1.09,1.73
1,1547710861914,8.06,-0.48,1.77
1,1547710861925,8.96,-0.39,1.89
1,1547710861925,8.37,-1.05,2.2
1,1547710861989,7.73,-1.58,2.81
1,1547710861990,7.75,-2.1,3.26
1,1547710861990,8.32,-1.85,2.98
1,1547710861990,8.53,-1.56,2.61
1,1547710861990,8.86,-1.26,2.53
1,1547710861991,9.37,-1.32,2.57
1,1547710861991,9.17,-2.24,2.67
1,1547710862068,8.96,-2.14,3.0
1,1547710862070,8.88,-1.81,3.14
1,1547710862072,8.98,-1.42,2.96
1,1547710862073,9.02,-1.13,2.05
1,1547710862074,8.88,-1.13,1.77
1,1547710862076,9.06,-1.01,1.75
1,1547710862077,9.6,-0.64,1.62
1,1547710862080,9.47,-0.95,1.42
1,1547710862140,9.0,-1.28,1.73
1,1547710862141,8.75,-1.87,2.08
1,1547710862142,8.67,-2.28,2.51
1,1547710862142,8.39,-2.24,2.48
1,1547710862143,8.32,-2.08,2.05
1,1547710862143,8.2,-1.32,1.79
1,1547710862144,8.22,-0.99,1.62
1,1547710862219,8.67,-1.46,1.34
1,1547710862231,8.53,-1.46,1.36
1,1547710862232,8.37,-1.19,1.3
1,1547710862232,8.2,-1.15,1.28
1,1547710862232,7.4,-1.38,1.26
1,1547710862233,7.4,-1.44,1.34
1,1547710862233,7.69,-1.32,1.34
1,1547710862234,7.83,-1.13,1.44
1,1547710862288,7.65,-1.13,1.52
1,1547710862289,7.3,-1.17,1.62
1,1547710862289,6.85,-1.34,1.64
1,1547710862290,6.48,-1.4,1.44
1,1547710862290,6.34,-1.03,1.5
1,1547710862314,6.52,-0.87,1.52
1,1547710862315,6.52,-0.95,1.46
1,1547710862365,6.34,-1.54,1.42
1,1547710862378,6.83,-3.04,1.25
1,1547710862379,7.24,-3.0,0.89
1,1547710862379,7.46,-2.24,0.29
1,1547710862379,7.4,-1.07,0.37
1,1547710862379,7.55,0.54,0.39
1,1547710862380,7.71,0.35,0.48
1,1547710862380,7.79,-0.52,0.56
1,1547710862442,7.98,-1.13,0.5
1,1547710862445,8.0,-1.21,0.13
1,1547710862446,7.89,-1.5,0.31
1,1547710862448,8.33,-1.83,0.66
1,1547710862449,9.1,-1.95,0.95
1,1547710862450,9.02,-2.51,0.85
1,1547710862452,8.78,-2.4,0.62
1,1547710862516,8.75,-1.75,0.27
1,1547710862517,8.92,-0.99,0.33
1,1547710862518,9.45,-1.07,0.09
1,1547710862531,9.16,-1.52,-0.23
1,1547710862532,8.82,-1.66,0.39
1,1547710862532,9.1,-1.4,1.21
1,1547710862533,9.84,-2.1,2.03
1,1547710862533,9.88,-1.38,1.3
1,1547710862587,9.57,-0.58,0.74
1,1547710862597,9.21,-0.15,-0.42
1,1547710862597,9.25,-1.81,-1.21
1,1547710862598,9.23,-2.55,-0.17
1,1547710862598,11.28,-3.04,2.85
1,1547710862598,14.02,-3.45,5.89
1,1547710862598,10.39,-1.99,0.0
1,1547710862664,6.32,-0.64,-0.01
1,1547710862665,5.39,0.74,-12.14
1,1547710862665,9.43,2.07,-8.73
1,1547710862666,13.2,-4.31,-0.31
1,1547710862667,10.68,-6.28,2.03
1,1547710862683,7.87,-4.86,2.96
1,1547710862684,6.26,-0.5,8.0
1,1547710862684,10.09,4.76,-1.13
1,1547710862755,13.02,2.38,-2.32
1,1547710862756,12.85,-1.5,-3.65
1,1547710862756,11.38,-4.02,-1.85
1,1547710862756,11.19,-2.24,-0.85
1,1547710862757,11.46,-0.82,1.07
1,1547710862757,10.74,-0.99,1.62
1,1547710862757,9.23,-2.07,2.03
1,1547710862814,10.6,-2.26,-0.19
1,1547710862833,12.67,-1.38,-1.34
1,1547710862834,13.3,-1.19,-1.23
1,1547710862834,12.53,-1.3,-1.89
1,1547710862835,11.87,-1.11,-3.37
1,1547710862835,12.12,-1.66,-2.89
1,1547710862835,12.03,-1.87,-2.18
1,1547710862835,11.95,-1.38,-1.66
1,1547710862889,12.79,-1.46,-1.81
1,1547710862890,12.98,-2.61,-1.21
1,1547710862892,13.26,-2.71,-0.13
1,1547710862893,13.84,-1.93,-0.64
1,1547710862894,13.88,-1.66,-1.62
1,1547710862895,13.47,-1.28,-1.05
1,1547710862896,12.53,-1.34,-0.64
1,1547710862963,12.26,-1.89,-0.8
1,1547710862965,14.31,-1.71,-2.32
1,1547710862991,14.9,-1.64,-2.55
1,1547710862992,15.01,-2.2,-1.97
1,1547710862992,15.09,-2.96,-1.28
1,1547710862992,15.44,-1.6,-1.56
1,1547710862992,15.07,-1.09,-1.89
1,1547710862993,14.57,-1.48,-1.95
1,1547710863039,14.23,-2.4,-2.26
1,1547710863050,14.84,-3.02,-2.53
1,1547710863051,14.94,-2.91,-1.97
1,1547710863051,14.92,-2.5,-1.58
1,1547710863051,14.92,-1.54,-1.62
1,1547710863052,14.92,-2.05,-2.26
1,1547710863052,14.84,-2.77,-1.77
1,1547710863117,14.43,-2.46,-0.93
1,1547710863120,13.82,-1.5,-1.19
1,1547710863120,13.1,-0.99,-1.4
1,1547710863121,13.53,-1.77,-0.85
1,1547710863121,13.98,-2.57,-0.27
1,1547710863122,14.14,-3.26,-0.13
1,1547710863123,14.1,-2.5,-1.11
1,1547710863123,13.55,-1.38,-2.03
1,1547710863189,12.98,-1.09,-2.22
1,1547710863190,12.89,-1.4,-1.93
1,1547710863190,13.16,-1.91,-2.03
1,1547710863190,13.12,-2.26,-2.03
1,1547710863190,13.02,-2.63,-1.99
1,1547710863191,12.69,-3.02,-2.12
1,1547710863191,12.34,-2.73,-1.62
1,1547710863267,12.22,-1.52,-1.93
1,1547710863269,11.89,-0.74,-2.51
1,1547710863271,11.5,-0.85,-2.34
1,1547710863272,11.54,-1.93,-0.87
1,1547710863273,11.44,-1.77,-0.54
1,1547710863274,10.85,-1.6,-0.29
1,1547710863275,10.62,-2.08,0.37
1,1547710863276,11.32,-3.2,-0.31
1,1547710863341,11.15,-2.32,-0.6
1,1547710863343,10.8,-1.4,-0.82
1,1547710863364,10.52,-1.15,-0.64
1,1547710863365,10.09,-1.36,-0.15
1,1547710863366,9.92,-1.34,-0.17
1,1547710863367,9.88,-1.11,-0.39
1,1547710863367,10.03,-0.97,-0.41
1,1547710863428,10.21,-2.61,-0.46
1,1547710863428,10.01,-3.35,-0.44
1,1547710863429,9.6,-2.94,-0.6
1,1547710863429,9.31,-2.4,-0.89
1,1547710863429,8.98,-2.53,-0.25
1,1547710863430,8.75,-2.46,0.15
1,1547710863430,8.65,-1.89,0.33
1,1547710863430,8.49,-1.13,0.52
1,1547710863490,7.61,-0.93,0.64
1,1547710863491,7.34,-1.26,1.03
1,1547710863507,7.53,-1.36,1.26
1,1547710863508,8.0,-1.21,1.23
1,1547710863508,8.22,-1.19,1.15
1,1547710863508,7.89,-1.11,0.89
1,1547710863509,7.38,-1.09,0.82
1,1547710863565,6.99,-1.15,1.11
1,1547710863567,6.97,-1.09,1.21
1,1547710863569,6.73,-1.36,1.34
1,1547710863570,6.44,-1.81,1.54
1,1547710863571,6.21,-1.77,1.34
1,1547710863573,5.91,-1.26,1.3
1,1547710863576,6.01,-1.19,1.38
1,1547710863644,6.05,-1.34,1.6
1,1547710863645,5.99,-1.19,1.56
1,1547710863647,6.23,-0.93,1.5
1,1547710863648,6.26,-0.91,1.54
1,1547710863650,6.26,-0.6,1.67
1,1547710863651,6.01,-0.21,1.66
1,1547710863652,5.23,-0.29,1.69
1,1547710863653,5.07,-0.83,1.81
1,1547710863716,5.05,-1.26,3.28
1,1547710863717,4.96,-1.87,4.31
1,1547710863717,6.42,-1.13,3.18
1,1547710863741,6.75,-0.11,2.73
1,1547710863742,6.34,0.58,2.07
1,1547710863742,5.8,0.37,3.0
1,1547710863743,6.75,-1.11,3.28
1,1547710863791,6.73,-1.13,2.24
1,1547710863817,6.54,-1.07,2.07
1,1547710863817,6.89,-1.09,1.89
1,1547710863818,8.22,-1.52,2.38
1,1547710863819,8.18,-1.91,2.89
1,1547710863819,8.12,-2.2,2.34
1,1547710863820,8.49,-1.64,2.48
1,1547710863820,8.51,-0.58,1.99
1,1547710863864,8.59,-0.89,1.83
1,1547710863866,9.17,-1.6,2.26
1,1547710863866,9.06,-2.65,2.38
1,1547710863867,9.19,-1.64,2.16
1,1547710863868,9.35,-1.21,2.53
1,1547710863868,9.78,-1.38,2.81
1,1547710863869,9.84,-1.58,3.32
1,1547710863869,9.14,-1.71,3.47
1,1547710863941,8.02,-1.79,4.23
1,1547710863942,8.37,-1.71,4.53
1,1547710863943,8.84,-1.67,3.92
1,1547710863943,9.16,-1.54,3.88
1,1547710863944,9.39,-1.13,3.94
1,1547710863944,9.27,-0.91,3.59
1,1547710863945,8.84,-0.54,3.73
1,1547710864021,8.75,-0.62,3.76
1,1547710864022,9.19,-1.25,4.02
1,1547710864023,8.82,-1.56,4.1
1,1547710864024,8.43,-1.54,3.84
1,1547710864025,8.59,-1.19,3.67
1,1547710864092,9.29,-1.19,3.41
1,1547710864093,9.16,-1.48,3.41
1,1547710864093,8.96,-1.54,3.3
1,1547710864094,8.75,-1.54,2.89
1,1547710864095,8.78,-1.28,2.75
1,1547710864095,8.78,-1.17,2.83
1,1547710864096,8.69,-1.23,2.89
1,1547710864096,8.63,-1.25,2.67
1,1547710864168,8.41,-1.11,3.06
1,1547710864169,8.82,-1.01,3.12
1,1547710864171,9.08,-1.01,3.14
1,1547710864172,8.69,-1.13,3.12
1,1547710864172,8.92,-1.25,3.49
1,1547710864173,8.98,-1.48,3.63
1,1547710864174,8.78,-1.71,3.22
1,1547710864175,8.55,-1.71,2.92
1,1547710864243,8.43,-1.58,2.34
1,1547710864249,8.69,-1.87,2.2
1,1547710864250,8.73,-1.95,1.52
1,1547710864252,8.88,-1.5,1.64
1,1547710864253,8.9,-1.73,1.44
1,1547710864254,8.47,-1.85,1.4
1,1547710864255,7.81,-1.99,1.42
1,1547710864256,7.5,-2.01,2.2
1,1547710864318,8.61,-1.48,1.17
1,1547710864321,7.98,-1.05,1.13
1,1547710864322,7.5,-1.17,1.05
1,1547710864322,7.81,-1.6,0.78
1,1547710864323,8.86,-1.6,1.23
1,1547710864324,8.59,-1.83,1.32
1,1547710864325,8.39,-1.77,1.17
1,1547710864326,8.37,-1.54,0.87
1,1547710864393,7.71,-2.03,1.23
1,1547710864396,7.98,-2.03,1.26
1,1547710864398,7.92,-1.36,1.21
1,1547710864399,7.73,-1.05,1.13
1,1547710864400,8.26,-1.26,1.15
1,1547710864401,8.78,-1.36,1.15
1,1547710864402,9.06,-1.48,1.09
1,1547710864403,8.9,-1.95,0.93
1,1547710864467,9.14,-1.15,1.23
1,1547710864469,8.88,-1.07,0.99
1,1547710864469,8.08,-1.46,1.09
1,1547710864470,8.33,-1.95,1.25
1,1547710864470,11.81,1.46,0.99
1,1547710864471,11.97,1.09,-0.83
1,1547710864471,8.9,-2.1,-0.42
1,1547710864543,7.71,-6.62,-0.19
1,1547710864545,8.53,-3.51,0.35
1,1547710864547,8.65,-1.19,0.82
1,1547710864548,9.1,0.46,0.91
1,1547710864549,8.69,-0.11,0.87
1,1547710864550,8.71,-2.85,0.0
1,1547710864551,9.02,-2.89,0.11
1,1547710864552,9.8,-1.77,-0.03
1,1547710864620,10.54,-1.09,-0.35
1,1547710864621,9.94,-2.85,0.54
1,1547710864622,9.08,-4.1,1.28
1,1547710864623,8.26,-4.12,1.54
1,1547710864623,8.67,-2.65,1.71
1,1547710864624,9.06,-1.46,0.72
1,1547710864625,9.19,-1.66,-0.09
1,1547710864691,9.47,-1.75,-0.8
1,1547710864692,9.1,-2.01,-1.38
1,1547710864693,9.17,-1.32,-1.71
1,1547710864694,9.14,-1.11,-1.13
1,1547710864694,8.8,-1.09,-0.37
1,1547710864695,8.47,-1.03,0.05
1,1547710864695,8.8,-2.07,0.01
1,1547710864696,8.8,-3.22,0.13
1,1547710864761,9.0,-3.78,0.74
1,1547710864762,9.41,-4.33,1.09
1,1547710864763,9.35,-3.2,1.62
1,1547710864763,9.08,-1.81,1.44
1,1547710864763,8.65,-1.05,1.03
1,1547710864778,8.32,-1.52,-0.58
1,1547710864778,11.36,-0.6,1.05
