1,1547448854310,-9.62,-0.48,1.48
1,1547448854311,-9.64,-1.03,1.79
1,1547448854315,-9.78,-1.07,1.62
1,1547448854316,-9.66,-0.97,1.52
1,1547448854316,-9.72,-1.03,1.58
1,1547448854316,-9.78,-0.97,1.54
1,1547448854316,-9.82,-1.07,1.4
1,1547448854317,-9.8,-0.91,1.13
1,1547448854463,-9.88,-0.66,1.09
1,1547448854463,-10.09,-0.76,0.93
1,1547448854463,-10.19,-0.74,0.95
1,1547448854535,-10.33,-0.58,0.95
1,1547448854538,-10.35,-0.58,1.01
1,1547448854538,-10.48,-0.93,1.23
1,1547448854539,-10.44,-0.87,1.23
1,1547448854539,-10.48,-0.76,0.95
1,1547448854539,-10.46,-0.8,0.8
1,1547448854540,-10.23,-0.85,0.99
1,1547448854540,-10.09,-0.95,0.91
1,1547448854616,-10.09,-0.97,0.83
1,1547448854616,-10.03,-0.85,0.8
1,1547448854617,-9.92,-0.83,0.99
1,1547448854617,-9.98,-0.95,0.93
1,1547448854618,-9.96,-0.99,0.83
1,1547448854687,-10.05,-1.13,0.72
1,1547448854687,-10.11,-1.05,0.76
1,1547448854688,-10.21,-1.01,0.8
1,1547448854688,-10.23,-0.95,0.89
1,1547448854688,-10.33,-0.95,0.85
1,1547448854689,-10.29,-0.95,0.91
1,1547448854689,-10.33,-1.01,0.93
1,1547448854689,-10.35,-0.91,1.05
1,1547448854764,-10.33,-0.95,0.97
1,1547448854764,-10.41,-1.07,0.72
1,1547448854764,-10.39,-1.25,0.91
1,1547448854765,-10.27,-1.4,0.99
1,1547448854765,-10.23,-1.26,0.87
1,1547448854837,-10.15,-0.72,0.91
1,1547448854838,-10.11,-0.8,0.93
1,1547448854838,-10.07,-1.07,0.95
1,1547448854839,-10.05,-0.99,0.74
1,1547448854839,-10.09,-0.85,0.52
1,1547448854839,-10.11,-0.97,0.64
1,1547448854840,-10.17,-1.3,0.99
1,1547448854840,-10.0,-1.25,0.95
1,1547448854911,-10.15,-1.03,0.83
1,1547448854912,-10.23,-1.07,0.85
1,1547448854912,-10.25,-0.97,0.85
1,1547448854913,-10.19,-1.01,0.83
1,1547448854913,-10.15,-0.97,0.83
1,1547448854913,-10.11,-0.99,0.74
1,1547448854913,-10.03,-1.07,0.74
1,1547448854914,-10.01,-1.26,0.8
1,1547448854985,-10.07,-1.09,0.72
1,1547448854986,-10.09,-1.19,0.58
1,1547448854986,-10.09,-1.13,0.48
1,1547448855005,-10.09,-0.99,0.48
1,1547448855006,-10.25,-1.17,0.41
1,1547448855006,-10.33,-1.25,0.5
1,1547448855006,-10.29,-1.25,0.41
1,1547448855006,-10.37,-1.34,0.44
1,1547448855060,-10.44,-1.44,0.35
1,1547448855060,-10.46,-1.34,0.21
1,1547448855061,-10.44,-1.28,0.15
1,1547448855073,-10.46,-1.13,-0.01
1,1547448855073,-10.58,-1.26,0.09
1,1547448855074,-10.62,-1.56,-0.05
1,1547448855074,-10.74,-1.62,-0.17
1,1547448855074,-10.76,-1.4,-0.17
1,1547448855135,-10.8,-1.23,-0.17
1,1547448855140,-10.85,-1.6,-0.07
1,1547448855141,-10.78,-1.52,-0.35
1,1547448855141,-10.87,-1.58,-0.37
1,1547448855141,-10.97,-1.66,-0.41
1,1547448855141,-10.91,-1.81,-0.56
1,1547448855142,-11.01,-1.87,-0.46
1,1547448855210,-10.93,-1.77,-0.44
1,1547448855211,-10.99,-1.99,-0.37
1,1547448855212,-11.05,-1.71,-0.68
1,1547448855213,-11.09,-1.71,-0.62
1,1547448855213,-10.93,-1.97,-0.62
1,1547448855214,-10.95,-2.07,-0.64
1,1547448855214,-11.03,-1.93,-0.62
1,1547448855214,-10.91,-2.28,-0.64
1,1547448855285,-10.91,-2.1,-0.66
1,1547448855290,-10.83,-2.12,-0.74
1,1547448855290,-10.68,-2.28,-0.89
1,1547448855291,-10.78,-2.26,-0.89
1,1547448855291,-10.7,-2.2,-0.82
1,1547448855291,-10.66,-2.16,-0.74
1,1547448855291,-10.7,-2.28,-0.64
1,1547448855291,-10.42,-2.03,-1.19
1,1547448855361,-10.52,-2.46,-1.3
1,1547448855374,-10.58,-2.79,-1.25
1,1547448855374,-10.46,-2.32,-1.34
1,1547448855375,-10.35,-2.18,-1.69
1,1547448855375,-10.48,-2.61,-1.62
1,1547448855375,-10.5,-2.55,-1.77
1,1547448855375,-10.54,-2.08,-2.07
1,1547448855435,-10.52,-2.36,-1.67
1,1547448855435,-10.41,-2.96,-1.69
1,1547448855442,-10.44,-2.61,-2.01
1,1547448855442,-10.31,-2.26,-2.5
1,1547448855443,-10.33,-2.81,-2.53
1,1547448855443,-10.44,-2.61,-2.57
1,1547448855443,-10.41,-2.2,-2.61
1,1547448855443,-10.35,-2.59,-2.57
1,1547448855512,-10.29,-2.96,-2.22
1,1547448855526,-10.25,-3.28,-2.46
1,1547448855526,-10.17,-2.61,-2.69
1,1547448855527,-10.09,-2.51,-2.91
1,1547448855527,-10.17,-2.92,-3.1
1,1547448855528,-10.01,-3.2,-2.89
1,1547448855528,-10.09,-3.53,-2.67
1,1547448855585,-10.03,-3.47,-2.57
1,1547448855585,-9.98,-2.96,-2.59
1,1547448855586,-9.78,-3.12,-2.83
1,1547448855586,-9.68,-3.65,-2.53
1,1547448855592,-9.6,-3.57,-2.69
1,1547448855592,-9.72,-3.37,-2.98
1,1547448855593,-9.8,-3.41,-2.73
1,1547448855593,-9.43,-3.28,-2.53
1,1547448855660,-9.62,-3.73,-2.53
1,1547448855662,-9.55,-3.59,-2.08
1,1547448855662,-9.41,-3.43,-2.03
1,1547448855663,-9.27,-3.59,-2.34
1,1547448855663,-9.37,-3.39,-2.36
1,1547448855664,-9.31,-3.45,-2.28
1,1547448855664,-9.27,-3.8,-2.24
1,1547448855736,-9.17,-4.29,-1.64
1,1547448855737,-9.12,-4.53,-1.73
1,1547448855738,-9.08,-4.49,-1.38
1,1547448855738,-9.02,-4.33,-1.48
1,1547448855739,-9.19,-4.02,-1.52
1,1547448855739,-9.23,-3.76,-1.99
1,1547448855739,-9.55,-3.37,-2.94
1,1547448855809,-10.01,-3.28,-3.3
1,1547448855811,-9.66,-4.06,-1.44
1,1547448855813,-9.02,-4.66,-1.19
1,1547448855813,-8.75,-4.55,-0.68
1,1547448855814,-8.73,-4.19,-1.09
1,1547448855814,-9.25,-3.92,-2.46
1,1547448855814,-9.39,-3.78,-1.4
1,1547448855815,-9.21,-3.8,-1.46
1,1547448855910,-8.98,-3.88,-1.58
1,1547448855911,-8.78,-3.94,-1.28
1,1547448855911,-8.67,-4.17,-1.19
1,1547448855912,-8.55,-4.57,-1.23
1,1547448855912,-8.71,-4.37,-1.36
1,1547448855912,-9.12,-3.82,-1.36
1,1547448855913,-9.39,-3.28,-2.32
1,1547448855914,-9.29,-3.33,-1.79
1,1547448855959,-8.88,-3.76,-1.36
1,1547448855960,-8.63,-4.66,-1.62
1,1547448855960,-8.69,-4.62,-0.7
1,1547448855960,-8.76,-4.31,-1.26
1,1547448855978,-9.21,-3.76,-1.81
1,1547448855979,-9.57,-3.43,-1.58
1,1547448855979,-9.27,-3.55,-1.62
1,1547448856035,-9.0,-3.86,-1.3
1,1547448856036,-8.59,-4.41,-1.54
1,1547448856037,-8.45,-4.35,-1.07
1,1547448856037,-8.33,-4.33,-1.71
1,1547448856038,-8.43,-3.96,-1.25
1,1547448856038,-8.71,-3.35,-0.64
1,1547448856038,-8.53,-2.87,-0.62
1,1547448856039,-8.04,-2.57,-0.64
1,1547448856111,-7.44,-4.12,-2.1
1,1547448856111,-7.89,-4.55,-0.95
1,1547448856112,-8.08,-4.33,-0.64
1,1547448856112,-8.14,-4.1,-1.3
1,1547448856112,-8.22,-2.59,-0.8
1,1547448856113,-8.12,-2.28,-0.66
1,1547448856113,-7.53,-2.48,-0.66
1,1547448856113,-7.08,-3.75,-1.09
1,1547448856185,-8.1,-4.16,0.17
1,1547448856186,-8.41,-3.55,0.11
1,1547448856186,-8.16,-3.55,-1.03
1,1547448856198,-8.3,-3.37,-1.66
1,1547448856198,-9.12,-2.46,-1.54
1,1547448856198,-9.35,-2.77,-0.83
1,1547448856198,-9.1,-2.73,0.74
1,1547448856260,-7.94,-2.42,1.32
1,1547448856261,-7.67,-4.16,-0.97
1,1547448856261,-9.14,-4.31,-0.78
1,1547448856261,-10.09,-3.2,-0.56
1,1547448856262,-10.33,-1.91,-0.11
1,1547448856262,-9.51,-1.13,0.23
1,1547448856262,-7.28,-3.57,-0.7
1,1547448856281,-7.92,-4.41,-0.09
1,1547448856336,-8.94,-3.67,0.62
1,1547448856336,-9.35,-2.51,0.37
1,1547448856337,-7.94,-2.2,-0.66
1,1547448856337,-7.65,-3.22,-0.74
1,1547448856348,-8.61,-3.49,0.48
1,1547448856348,-9.23,-2.63,1.66
1,1547448856411,-8.75,-2.81,0.7
1,1547448856411,-8.71,-2.44,1.64
1,1547448856412,-8.55,-2.81,0.99
1,1547448856412,-8.61,-4.06,-0.33
1,1547448856412,-9.68,-3.82,0.89
1,1547448856412,-10.0,-2.28,1.34
1,1547448856413,-9.76,-1.44,1.13
1,1547448856413,-9.25,-1.38,1.58
1,1547448856486,-8.67,-4.04,1.23
1,1547448856487,-9.27,-5.42,1.07
1,1547448856499,-9.8,-4.53,2.08
1,1547448856499,-9.74,-3.02,1.99
1,1547448856499,-9.31,-2.5,1.26
1,1547448856500,-8.76,-3.63,0.0
1,1547448856500,-9.45,-4.19,-0.13
1,1547448856500,-9.92,-4.35,0.35
1,1547448856560,-9.66,-3.75,1.64
1,1547448856561,-8.86,-2.51,2.51
1,1547448856584,-8.9,-2.5,2.85
1,1547448856584,-8.53,-3.24,2.92
1,1547448856584,-8.28,-4.7,0.93
1,1547448856585,-10.17,-3.94,1.21
1,1547448856585,-10.0,-2.16,2.12
1,1547448856585,-9.17,-1.87,2.1
1,1547448856637,-8.57,-2.67,2.59
1,1547448856637,-8.76,-3.57,4.12
1,1547448856638,-8.37,-3.78,2.46
1,1547448856638,-8.18,-4.23,1.19
1,1547448856638,-8.86,-4.06,0.89
1,1547448856638,-9.49,-2.28,2.48
1,1547448856638,-8.69,-2.01,2.69
1,1547448856710,-8.24,-2.32,3.57
1,1547448856710,-8.49,-2.83,4.27
1,1547448856711,-8.45,-3.39,3.98
1,1547448856720,-8.12,-4.0,2.14
1,1547448856720,-8.47,-3.76,2.14
1,1547448856721,-8.88,-3.28,2.46
1,1547448856721,-9.0,-2.87,2.75
1,1547448856721,-8.08,-2.59,3.63
1,1547448856786,-8.12,-3.12,4.1
1,1547448856802,-8.24,-3.45,4.37
1,1547448856802,-8.39,-3.88,3.57
1,1547448856802,-8.76,-3.18,3.57
1,1547448856802,-8.78,-3.14,3.16
1,1547448856803,-8.78,-3.47,3.14
1,1547448856803,-8.76,-3.39,4.0
1,1547448856803,-8.69,-2.87,4.7
1,1547448856860,-8.33,-3.32,4.66
1,1547448856860,-8.37,-3.92,3.92
1,1547448856869,-8.92,-4.16,3.65
1,1547448856870,-9.06,-3.76,4.39
1,1547448856870,-8.8,-3.98,4.43
1,1547448856870,-8.71,-4.06,4.9
1,1547448856870,-8.71,-3.73,5.33
1,1547448856934,-8.96,-3.43,5.56
1,1547448856935,-8.76,-3.51,4.98
1,1547448856935,-8.82,-3.69,4.98
1,1547448856954,-8.94,-4.12,4.98
1,1547448856954,-8.84,-4.64,5.01
1,1547448856955,-8.55,-4.33,5.97
1,1547448856955,-8.35,-4.55,5.74
1,1547448857010,-8.2,-4.7,5.7
1,1547448857010,-8.16,-4.1,6.17
1,1547448857020,-8.69,-3.47,5.31
1,1547448857021,-8.51,-3.78,5.82
1,1547448857021,-8.24,-4.08,6.46
1,1547448857021,-8.22,-4.1,6.89
1,1547448857021,-7.77,-4.19,6.52
1,1547448857022,-7.67,-4.19,6.6
1,1547448857085,-7.81,-3.98,6.6
1,1547448857085,-7.75,-3.8,7.73
1,1547448857085,-7.61,-4.12,6.67
1,1547448857086,-7.46,-4.12,6.89
1,1547448857086,-7.55,-3.43,7.77
1,1547448857105,-7.46,-2.91,8.1
1,1547448857106,-7.07,-2.87,8.22
1,1547448857106,-6.75,-4.47,7.67
1,1547448857160,-6.99,-4.35,7.34
1,1547448857171,-7.3,-3.28,7.67
1,1547448857171,-7.18,-2.61,7.81
1,1547448857172,-6.44,-2.79,8.28
1,1547448857172,-6.58,-3.37,8.53
1,1547448857172,-6.48,-3.86,8.41
1,1547448857172,-6.46,-3.75,8.47
1,1547448857237,-6.36,-2.36,8.32
1,1547448857237,-6.25,-2.18,7.46
1,1547448857238,-6.28,-2.26,7.94
1,1547448857238,-6.32,-2.75,8.92
1,1547448857238,-5.64,-3.84,9.17
1,1547448857238,-5.76,-2.96,8.57
1,1547448857239,-5.83,-1.89,8.96
1,1547448857239,-5.64,-1.46,9.35
1,1547448857312,-5.37,-2.55,9.86
1,1547448857312,-5.33,-3.14,10.17
1,1547448857312,-5.09,-3.24,8.65
1,1547448857313,-5.17,-2.34,7.92
1,1547448857313,-5.31,-1.62,8.24
1,1547448857313,-4.66,-1.48,9.78
1,1547448857313,-4.25,-1.75,10.15
1,1547448857385,-3.96,-2.14,10.6
1,1547448857386,-4.0,-2.87,10.41
1,1547448857387,-4.74,-2.4,9.94
1,1547448857388,-4.66,-1.05,8.22
1,1547448857388,-4.45,-0.07,8.51
1,1547448857388,-3.88,-0.29,8.94
1,1547448857389,-3.14,-2.2,10.78
1,1547448857389,-3.02,-2.85,11.83
1,1547448857461,-3.0,-3.0,12.38
1,1547448857463,-3.37,-2.3,11.64
1,1547448857464,-2.81,-0.87,10.44
1,1547448857464,-2.53,0.13,8.28
1,1547448857465,-2.53,0.91,7.83
1,1547448857465,-2.05,0.8,8.57
1,1547448857466,-1.42,0.05,9.74
1,1547448857537,-1.3,-2.5,12.94
1,1547448857538,-1.23,-3.08,13.02
1,1547448857538,-2.18,-1.97,12.26
1,1547448857539,-3.0,-0.56,11.44
1,1547448857539,-1.42,0.91,10.64
1,1547448857539,-0.19,1.5,8.57
1,1547448857540,0.29,1.77,4.82
1,1547448857540,-0.11,1.97,4.02
1,1547448857612,-1.13,2.28,11.09
1,1547448857613,-0.11,-1.81,9.74
1,1547448857614,0.48,-3.9,11.5
1,1547448857615,-0.05,-2.55,13.39
1,1547448857615,-0.13,1.28,12.36
1,1547448857615,1.28,1.28,7.1
1,1547448857615,1.77,1.42,4.78
1,1547448857616,1.85,1.36,4.21
1,1547448857686,4.14,-1.23,9.45
1,1547448857687,3.2,-2.01,9.92
1,1547448857688,2.16,-0.72,10.83
1,1547448857689,1.09,1.73,13.12
1,1547448857689,0.62,4.1,14.53
1,1547448857690,1.15,5.09,8.26
1,1547448857691,2.12,2.61,1.28
1,1547448857767,1.93,0.91,-6.36
1,1547448857768,3.33,0.0,-1.4
1,1547448857768,10.58,-2.42,10.41
1,1547448857769,9.94,-3.47,13.02
1,1547448857769,10.39,-0.85,10.42
1,1547448857769,8.0,1.81,7.75
1,1547448857770,4.66,5.66,9.29
1,1547448857770,3.88,2.92,-0.52
1,1547448857840,4.49,0.62,-2.14
1,1547448857841,10.25,0.35,-0.15
1,1547448857841,10.17,0.27,10.97
1,1547448857860,10.72,0.62,9.31
1,1547448857861,9.7,1.75,6.52
1,1547448857861,8.75,3.45,6.67
1,1547448857862,7.77,4.47,3.32
1,1547448857914,7.53,3.43,2.61
1,1547448857916,8.18,2.28,1.85
1,1547448857917,9.82,1.62,2.38
1,1547448857918,10.91,-0.03,5.11
1,1547448857919,10.62,-0.07,4.29
1,1547448857920,10.03,0.78,4.84
1,1547448857921,9.23,1.91,5.6
1,1547448857922,8.3,2.79,4.76
1,1547448857985,8.18,3.69,3.04
1,1547448857985,8.67,3.04,2.83
1,1547448857986,9.55,1.99,2.83
1,1547448857987,10.48,1.44,3.04
1,1547448857988,11.56,1.73,3.94
1,1547448857989,11.42,2.22,3.76
1,1547448857989,10.74,2.87,2.92
1,1547448857990,9.76,3.14,1.89
1,1547448858060,8.8,1.71,0.33
1,1547448858060,8.98,0.68,2.32
1,1547448858062,9.62,0.09,3.24
1,1547448858063,10.58,0.41,4.0
1,1547448858063,11.77,2.08,2.12
1,1547448858076,11.75,2.92,2.16
1,1547448858077,11.26,3.71,2.34
1,1547448858135,10.01,3.55,0.99
1,1547448858136,9.82,0.46,-1.25
1,1547448858137,10.62,-0.87,-1.01
1,1547448858137,11.77,-1.3,1.17
1,1547448858138,12.61,-1.09,2.94
1,1547448858138,11.42,-0.52,3.92
1,1547448858139,10.68,2.34,1.95
1,1547448858139,10.68,3.73,0.99
1,1547448858210,10.62,4.35,0.5
1,1547448858211,10.39,3.98,0.27
1,1547448858212,11.15,0.95,-0.58
1,1547448858213,11.64,-0.41,-0.03
1,1547448858214,12.22,-1.25,0.09
1,1547448858214,12.38,-1.34,0.82
1,1547448858215,11.71,0.6,1.89
1,1547448858285,11.21,1.85,1.77
1,1547448858286,10.64,2.5,1.13
1,1547448858286,10.46,2.81,0.48
1,1547448858286,11.13,1.71,-0.42
1,1547448858287,11.3,0.48,-0.35
1,1547448858294,11.77,-0.64,-1.05
1,1547448858295,11.79,-1.34,0.01
1,1547448858295,11.62,-0.66,1.13
1,1547448858360,11.36,0.46,1.21
1,1547448858361,11.07,1.38,1.07
1,1547448858362,10.58,1.67,0.56
1,1547448858362,10.17,1.46,0.21
1,1547448858363,10.33,0.56,0.44
1,1547448858363,10.39,0.05,0.13
1,1547448858365,10.6,-0.41,0.13
1,1547448858435,10.64,-0.6,0.52
1,1547448858445,10.13,-0.07,1.15
1,1547448858446,9.88,0.46,1.3
1,1547448858446,9.72,0.95,1.28
1,1547448858446,9.68,1.17,1.25
1,1547448858447,9.64,1.01,1.07
1,1547448858447,9.53,0.62,0.54
1,1547448858447,9.53,0.07,0.09
1,1547448858512,9.66,-0.54,-0.19
1,1547448858512,10.21,-1.28,0.6
1,1547448858512,10.0,-0.87,1.03
1,1547448858513,9.92,-0.39,1.21
1,1547448858513,9.66,0.13,1.4
1,1547448858513,9.12,0.31,0.74
1,1547448858513,9.06,0.01,0.52
1,1547448858586,9.27,-0.39,0.48
1,1547448858596,9.55,-0.78,0.62
1,1547448858597,9.66,-1.23,0.7
1,1547448858597,9.51,-1.71,0.78
1,1547448858597,9.43,-1.52,0.87
1,1547448858597,9.33,-1.13,0.8
1,1547448858598,9.17,-0.76,0.66
1,1547448858598,9.04,-0.64,0.07
1,1547448858661,9.16,-1.05,-0.05
1,1547448858661,9.35,-1.54,0.07
1,1547448858662,9.49,-1.95,0.09
1,1547448858662,9.58,-2.38,-0.48
1,1547448858663,9.7,-2.22,-0.17
1,1547448858663,9.7,-1.85,-0.25
1,1547448858663,9.57,-1.52,-0.37
1,1547448858663,9.39,-1.32,0.29
1,1547448858735,9.21,-1.52,0.35
1,1547448858737,9.23,-1.83,0.13
1,1547448858737,9.49,-2.18,-0.23
1,1547448858749,10.31,-2.53,0.29
1,1547448858749,10.29,-2.38,0.39
1,1547448858749,10.05,-2.18,0.41
1,1547448858750,9.82,-1.93,0.48
1,1547448858810,9.64,-1.75,0.66
1,1547448858815,9.64,-1.81,1.03
1,1547448858815,9.78,-1.95,1.21
1,1547448858816,9.84,-2.12,1.46
1,1547448858816,9.72,-2.28,1.56
1,1547448858816,9.8,-2.28,1.36
1,1547448858816,9.82,-1.91,1.28
1,1547448858816,9.86,-1.58,1.32
1,1547448858886,9.82,-1.4,1.48
1,1547448858899,9.68,-1.48,1.95
1,1547448858900,9.58,-1.85,1.99
1,1547448858900,9.64,-2.12,1.93
1,1547448858900,9.62,-2.24,1.95
1,1547448858900,9.37,-2.03,1.46
1,1547448858900,9.39,-2.03,1.38
1,1547448858961,9.47,-2.07,1.73
1,1547448858984,9.47,-1.91,2.1
1,1547448858985,9.29,-1.5,2.1
1,1547448858985,9.08,-1.36,2.48
1,1547448858985,9.21,-1.32,2.07
1,1547448858985,9.33,-1.46,1.85
1,1547448858986,9.62,-1.4,1.91
1,1547448858986,9.76,-1.56,1.54
1,1547448859035,9.86,-1.73,1.56
1,1547448859036,9.92,-1.67,2.14
1,1547448859036,9.7,-1.46,2.14
1,1547448859051,9.19,-1.09,1.75
1,1547448859052,9.29,-1.38,1.13
1,1547448859052,9.84,-1.81,1.05
1,1547448859052,10.42,-1.97,1.54
1,1547448859112,10.5,-0.83,2.48
1,1547448859112,9.96,-0.58,2.01
1,1547448859119,9.62,-0.52,1.46
1,1547448859119,9.6,-0.8,1.01
1,1547448859120,10.5,-2.34,-0.01
1,1547448859120,11.03,-2.61,-0.41
1,1547448859120,11.64,-2.07,-1.4
1,1547448859121,11.48,-1.01,-1.5
1,1547448859185,9.78,1.03,0.21
1,1547448859185,8.55,0.97,0.05
1,1547448859186,8.39,0.33,-0.07
1,1547448859186,8.76,-0.33,0.35
1,1547448859186,11.6,-2.55,0.72
1,1547448859187,11.64,-2.51,0.68
1,1547448859187,11.13,-1.81,0.09
1,1547448859261,10.72,-0.91,-0.27
1,1547448859262,10.23,-0.33,-0.11
1,1547448859262,10.09,-0.5,0.21
1,1547448859263,10.21,-0.78,0.05
1,1547448859263,10.23,-0.91,-0.48
1,1547448859263,10.39,-1.03,-0.66
1,1547448859264,10.21,-1.05,-1.42
1,1547448859264,9.74,-0.8,-1.54
1,1547448859335,9.27,-0.99,-1.26
1,1547448859353,9.25,-1.03,-1.13
1,1547448859353,9.8,-0.37,-0.52
1,1547448859354,10.09,-0.27,-0.58
1,1547448859354,10.23,-0.6,-0.48
1,1547448859354,10.09,-1.21,-0.31
1,1547448859354,9.9,-1.71,-0.58
1,1547448859412,9.9,-1.56,-0.83
1,1547448859413,10.13,-1.11,-1.4
1,1547448859413,10.27,-0.85,-1.62
1,1547448859413,9.96,-0.72,-1.42
1,1547448859413,10.09,-1.32,-3.9
1,1547448859414,10.19,-1.46,-2.34
1,1547448859414,10.25,-1.07,-2.16
1,1547448859414,10.15,-0.66,-1.87
1,1547448859488,10.09,-1.34,-1.91
1,1547448859488,10.21,-1.32,-2.16
1,1547448859489,10.27,-1.13,-2.3
1,1547448859489,10.19,-1.4,-2.59
1,1547448859490,9.72,-1.81,-3.33
1,1547448859490,9.49,-1.6,-4.04
1,1547448859490,9.41,-1.64,-3.73
1,1547448859491,9.96,-1.91,-2.36
1,1547448859562,11.69,-3.04,0.19
1,1547448859563,11.56,-2.96,0.46
1,1547448859563,11.01,-2.07,0.41
1,1547448859564,10.25,-0.74,0.17
1,1547448859564,9.53,1.11,0.39
1,1547448859565,10.19,1.48,0.35
1,1547448859565,10.83,1.54,0.7
1,1547448859641,10.95,1.09,0.76
1,1547448859642,10.64,0.15,0.21
1,1547448859657,9.78,-1.69,-0.29
1,1547448859658,9.53,-2.1,-0.46
1,1547448859659,9.41,-2.07,-0.54
1,1547448859659,9.35,-1.73,-0.6
1,1547448859660,9.6,-0.72,-0.62
1,1547448859660,9.78,0.13,-0.56
1,1547448859714,9.9,0.97,-0.62
1,1547448859716,10.17,1.32,-0.7
1,1547448859718,10.83,0.72,-0.91
1,1547448859719,11.13,0.01,-0.76
1,1547448859720,11.44,-0.46,-0.68
1,1547448859721,11.69,-0.62,-0.62
1,1547448859722,11.81,-0.35,-0.6
1,1547448859789,11.85,-0.17,-0.6
1,1547448859789,11.71,-0.07,-0.54
1,1547448859790,11.34,-0.13,-0.35
1,1547448859790,10.52,-0.5,0.89
1,1547448859807,10.29,-0.74,1.09
1,1547448859808,10.37,-1.15,0.87
1,1547448859808,10.76,-1.52,0.46
1,1547448859815,11.05,-1.75,-0.01
1,1547448859860,10.91,-1.79,-0.41
1,1547448859861,10.52,-1.69,-0.37
1,1547448859862,9.98,-1.5,-0.21
1,1547448859862,9.45,-1.38,0.03
1,1547448859862,8.88,-1.28,0.03
1,1547448859863,8.88,-1.38,0.0
1,1547448859864,8.94,-1.66,0.03
1,1547448859938,9.16,-2.3,0.39
1,1547448859938,9.23,-2.59,0.37
1,1547448859939,9.04,-2.51,0.37
1,1547448859941,8.67,-2.44,0.21
1,1547448859942,8.41,-2.34,0.41
1,1547448859943,8.18,-2.26,0.41
1,1547448859944,8.1,-2.24,0.68
1,1547448859945,8.04,-2.36,0.64
1,1547448860020,8.65,-2.24,1.62
1,1547448860022,8.86,-2.34,0.39
1,1547448860023,9.04,-2.42,0.03
1,1547448860024,9.1,-2.42,0.03
1,1547448860026,9.45,-2.24,0.21
1,1547448860027,9.8,-1.97,0.46
1,1547448860028,10.19,-1.34,1.15
1,1547448860089,10.15,-1.17,1.5
1,1547448860089,10.13,-1.21,1.73
1,1547448860109,10.13,-1.46,1.89
1,1547448860110,10.17,-2.42,1.71
1,1547448860110,10.07,-2.79,1.56
1,1547448860110,10.07,-2.94,1.32
1,1547448860111,10.25,-2.94,1.21
1,1547448860111,10.37,-2.87,1.19
1,1547448860162,10.35,-2.73,1.25
1,1547448860184,10.35,-2.57,1.36
1,1547448860185,10.27,-2.42,1.3
1,1547448860186,10.03,-2.07,1.19
1,1547448860186,9.84,-1.91,1.25
1,1547448860187,9.64,-1.73,1.46
1,1547448860188,9.57,-1.54,1.5
1,1547448860188,9.74,-1.28,1.26
1,1547448860241,9.84,-1.25,1.09
1,1547448860241,9.86,-1.26,0.74
1,1547448860242,9.96,-1.26,0.46
1,1547448860261,10.03,-1.3,0.39
1,1547448860262,10.03,-1.48,0.19
1,1547448860262,10.0,-1.56,0.21
1,1547448860262,9.86,-1.58,0.44
1,1547448860393,9.66,-1.62,0.54
1,1547448860394,9.57,-1.6,0.82
1,1547448860394,9.6,-1.52,0.78
1,1547448860394,9.78,-1.42,0.54
1,1547448860395,10.01,-1.38,0.42
1,1547448860464,10.15,-1.25,0.37
1,1547448860465,9.98,-1.34,0.46
1,1547448860465,9.76,-1.48,0.62
1,1547448860465,9.55,-1.56,0.85
1,1547448860465,9.62,-1.64,0.76
1,1547448860466,9.78,-1.89,1.32
1,1547448860466,9.8,-1.79,1.26
1,1547448860466,9.84,-1.66,1.36
1,1547448860535,9.92,-1.32,1.5
1,1547448860535,10.01,-1.09,1.58
1,1547448860548,10.05,-1.26,1.64
1,1547448860548,10.05,-1.46,1.67
1,1547448860548,9.98,-1.66,1.64
1,1547448860548,10.11,-1.83,1.6
1,1547448860549,10.29,-1.79,1.48
1,1547448860549,10.39,-1.52,1.52
1,1547448860619,10.31,-1.25,1.64
1,1547448860619,9.98,-0.87,1.69
1,1547448860619,9.84,-0.89,1.75
1,1547448860620,9.92,-1.03,1.64
1,1547448860620,10.09,-1.19,1.5
1,1547448860620,10.33,-1.25,1.28
1,1547448860620,10.21,-1.21,1.25
1,1547448860620,10.07,-1.15,1.17
1,1547448860691,9.98,-1.09,1.17
1,1547448860691,9.88,-0.97,1.3
1,1547448860691,9.72,-0.76,1.6
1,1547448860691,9.68,-0.78,1.36
1,1547448860691,9.8,-0.83,1.09
1,1547448860692,9.98,-0.95,0.93
1,1547448860692,10.17,-1.28,0.89
1,1547448860692,10.11,-1.4,1.03
1,1547448860763,10.0,-1.42,1.13
1,1547448860764,9.84,-1.26,1.28
1,1547448860764,9.58,-0.87,1.52
1,1547448860764,9.6,-0.8,1.44
1,1547448860764,9.7,-0.8,1.34
1,1547448860764,9.84,-0.87,1.21
1,1547448860765,10.09,-1.23,1.05
1,1547448860765,10.17,-1.36,1.01
1,1547448860836,10.17,-1.38,0.99
1,1547448860837,10.11,-1.34,1.03
1,1547448860837,9.98,-1.19,1.36
1,1547448860837,9.94,-1.15,1.56
1,1547448860838,9.88,-1.07,1.69
1,1547448860838,9.92,-1.07,1.62
1,1547448860838,9.96,-1.13,1.46
1,1547448860838,10.09,-1.15,1.32
1,1547448860910,10.11,-1.13,1.3
1,1547448860926,10.03,-1.09,1.32
1,1547448860926,9.96,-1.15,1.4
1,1547448860927,9.84,-1.21,1.44
1,1547448860927,9.82,-1.26,1.46
1,1547448860927,9.92,-1.36,1.38
1,1547448860927,9.96,-1.44,1.42
1,1547448861002,9.98,-1.4,1.38
1,1547448861002,9.92,-1.23,1.36
1,1547448861002,9.82,-1.07,1.3
1,1547448861003,9.74,-0.97,1.3
1,1547448861003,9.76,-1.01,1.17
1,1547448861003,9.78,-1.09,1.28
1,1547448861003,9.76,-1.17,1.28
1,1547448861003,9.78,-1.26,1.19
1,1547448861064,9.98,-1.32,1.15
1,1547448861065,9.96,-1.3,1.21
1,1547448861066,9.92,-1.28,1.23
1,1547448861066,9.82,-1.3,1.26
1,1547448861066,9.74,-1.26,1.26
1,1547448861067,9.78,-1.36,1.28
1,1547448861067,9.86,-1.4,1.38
1,1547448861139,9.86,-1.42,1.44
1,1547448861139,9.88,-1.4,1.4
1,1547448861140,9.84,-1.28,1.3
1,1547448861140,9.88,-1.25,1.32
1,1547448861140,9.82,-1.25,1.36
1,1547448861140,9.72,-1.21,1.28
1,1547448861140,9.78,-1.23,1.34
1,1547448861141,9.82,-1.25,1.4
1,1547448861210,9.84,-1.3,1.4
1,1547448861210,9.8,-1.34,1.36
1,1547448861211,9.82,-1.42,1.26
1,1547448861222,9.9,-1.38,1.23
1,1547448861222,9.94,-1.38,1.3
1,1547448861222,9.88,-1.38,1.36
1,1547448861223,9.76,-1.28,1.32
1,1547448861295,9.72,-1.21,1.28
1,1547448861295,9.78,-1.21,1.26
1,1547448861295,9.84,-1.32,1.28
1,1547448861295,9.86,-1.38,1.5
1,1547448861296,9.6,-1.6,1.3
1,1547448861296,9.74,-1.62,1.21
1,1547448861296,9.9,-1.66,1.13
1,1547448861296,10.01,-1.64,1.07
1,1547448861360,9.84,-1.38,1.25
1,1547448861360,9.6,-1.28,1.36
1,1547448861360,9.51,-1.26,1.38
1,1547448861361,9.49,-1.32,1.42
1,1547448861374,9.76,-1.44,1.26
1,1547448861375,9.9,-1.46,1.21
1,1547448861375,9.9,-1.52,1.3
1,1547448861446,9.74,-1.56,1.44
1,1547448861447,9.7,-1.42,1.25
1,1547448861447,9.86,-1.36,1.3
1,1547448861447,9.98,-1.34,1.36
1,1547448861447,10.0,-1.38,1.46
1,1547448861448,9.84,-1.46,1.42
1,1547448861448,9.8,-1.52,1.4
1,1547448861448,9.88,-1.6,1.28
1,1547448861509,10.03,-1.62,1.25
1,1547448861509,10.11,-1.71,1.3
1,1547448861510,10.03,-1.73,1.25
1,1547448861510,9.94,-1.75,1.28
1,1547448861524,9.86,-1.66,1.21
1,1547448861524,9.82,-1.58,1.23
1,1547448861524,9.84,-1.46,1.25
1,1547448861624,9.82,-1.46,1.28
1,1547448861624,9.8,-1.48,1.26
1,1547448861625,9.8,-1.5,1.28
1,1547448861625,9.88,-1.58,1.26
1,1547448861625,9.9,-1.54,1.19
1,1547448861625,9.9,-1.48,1.17
1,1547448861625,9.9,-1.44,1.21
1,1547448861626,9.9,-1.44,1.34
1,1547448861689,9.88,-1.48,1.42
1,1547448861689,9.86,-1.58,1.48
1,1547448861689,9.84,-1.54,1.54
1,1547448861690,9.84,-1.52,1.52
1,1547448861690,9.86,-1.52,1.44
1,1547448861690,9.92,-1.54,1.36
1,1547448861690,9.96,-1.56,1.26
1,1547448861690,9.98,-1.58,1.23
1,1547448861781,9.98,-1.6,1.19
1,1547448861782,9.92,-1.52,1.26
1,1547448861782,9.86,-1.52,1.21
1,1547448861782,9.84,-1.5,1.21
1,1547448861782,9.84,-1.48,1.15
1,1547448861782,9.86,-1.52,1.15
1,1547448861783,9.86,-1.5,1.07
1,1547448861828,9.9,-1.4,1.09
1,1547448861829,9.8,-1.42,1.19
1,1547448861829,9.78,-1.42,1.13
1,1547448861829,9.82,-1.42,1.15
1,1547448861830,9.86,-1.4,1.26
1,1547448861830,9.82,-1.4,1.42
1,1547448861830,9.88,-1.4,1.36
1,1547448861830,9.9,-1.4,1.28
1,1547448861885,9.94,-1.38,1.34
1,1547448861885,9.9,-1.44,1.44
1,1547448861885,9.88,-1.44,1.4
1,1547448861886,9.84,-1.46,1.4
1,1547448861886,9.86,-1.46,1.34
1,1547448861887,9.88,-1.44,1.32
1,1547448861887,9.94,-1.52,1.26
1,1547448861978,9.96,-1.5,1.23
1,1547448861978,9.94,-1.48,1.21
1,1547448861978,9.96,-1.44,1.15
1,1547448861979,9.88,-1.32,1.11
1,1547448861979,9.82,-1.34,1.11
1,1547448861979,9.84,-1.4,1.13
1,1547448861980,9.86,-1.44,1.13
1,1547448861980,9.92,-1.44,1.13
1,1547448862046,9.94,-1.48,1.15
1,1547448862046,9.94,-1.46,1.13
1,1547448862047,9.98,-1.44,1.23
1,1547448862047,9.9,-1.38,1.28
1,1547448862047,9.86,-1.32,1.28
1,1547448862047,9.82,-1.34,1.23
1,1547448862048,9.8,-1.34,1.25
1,1547448862113,9.84,-1.4,1.32
1,1547448862113,9.84,-1.44,1.3
1,1547448862114,9.9,-1.4,1.32
1,1547448862114,9.88,-1.42,1.36
1,1547448862114,9.84,-1.4,1.19
1,1547448862114,9.94,-1.46,1.17
1,1547448862115,9.96,-1.48,1.21
1,1547448862115,9.92,-1.5,1.17
1,1547448862185,9.9,-1.46,1.13
1,1547448862186,9.82,-1.42,1.26
1,1547448862186,9.7,-1.42,1.21
1,1547448862198,9.72,-1.42,1.09
1,1547448862198,9.86,-1.4,1.05
1,1547448862198,9.96,-1.4,1.26
1,1547448862199,9.86,-1.46,1.26
1,1547448862263,9.8,-1.48,1.17
1,1547448862264,9.82,-1.46,1.15
1,1547448862264,9.86,-1.48,1.34
1,1547448862264,9.88,-1.5,1.34
1,1547448862265,9.88,-1.5,1.34
1,1547448862265,9.86,-1.44,1.28
1,1547448862265,9.82,-1.28,1.28
1,1547448862265,9.78,-1.26,1.34
1,1547448862335,9.76,-1.25,1.34
1,1547448862335,9.8,-1.28,1.38
1,1547448862335,9.9,-1.44,1.42
1,1547448862348,9.96,-1.5,1.34
1,1547448862349,9.96,-1.46,1.26
1,1547448862349,9.94,-1.4,1.17
1,1547448862349,9.96,-1.34,1.17
1,1547448862349,9.88,-1.15,1.36
1,1547448862414,9.82,-1.11,1.4
1,1547448862415,9.86,-1.15,1.46
1,1547448862415,9.84,-1.26,1.38
1,1547448862416,9.94,-1.46,1.38
1,1547448862416,9.96,-1.46,1.48
1,1547448862416,9.92,-1.38,1.56
1,1547448862416,9.86,-1.32,1.54
1,1547448862500,9.76,-1.21,1.4
1,1547448862500,9.78,-1.21,1.25
1,1547448862501,9.8,-1.28,1.19
1,1547448862501,9.88,-1.38,1.19
1,1547448862501,9.86,-1.5,1.38
1,1547448862502,9.86,-1.56,1.36
1,1547448862502,9.82,-1.6,1.3
1,1547448862502,9.84,-1.54,1.26
1,1547448862582,9.82,-1.38,1.13
1,1547448862583,9.88,-1.32,1.17
1,1547448862583,9.92,-1.36,1.26
1,1547448862583,9.86,-1.38,1.36
1,1547448862584,9.82,-1.48,1.3
1,1547448862584,9.88,-1.44,1.28
1,1547448862584,9.94,-1.32,1.4
1,1547448862648,9.88,-1.26,1.48
1,1547448862649,9.78,-1.26,1.44
1,1547448862649,9.88,-1.4,1.34
1,1547448862649,9.96,-1.54,1.26
1,1547448862650,10.05,-1.6,1.36
1,1547448862650,10.01,-1.58,1.42
1,1547448862650,9.74,-1.32,1.46
1,1547448862651,9.76,-1.21,1.46
1,1547448862734,9.76,-1.21,1.46
1,1547448862735,9.84,-1.21,1.4
1,1547448862735,9.84,-1.3,1.5
1,1547448862735,9.82,-1.38,1.46
1,1547448862735,9.88,-1.46,1.42
1,1547448862736,9.9,-1.44,1.4
1,1547448862736,9.88,-1.34,1.4
1,1547448862785,9.9,-1.3,1.4
1,1547448862786,9.9,-1.28,1.44
1,1547448862787,9.86,-1.36,1.4
1,1547448862787,9.86,-1.46,1.46
1,1547448862787,9.84,-1.46,1.44
1,1547448862788,9.88,-1.48,1.4
1,1547448862788,9.92,-1.5,1.3
1,1547448862794,9.96,-1.5,1.36
1,1547448862860,9.88,-1.44,1.42
1,1547448862861,9.86,-1.38,1.56
1,1547448862862,9.76,-1.34,1.6
1,1547448862862,9.76,-1.3,1.54
1,1547448862863,9.82,-1.26,1.58
1,1547448862864,9.8,-1.23,1.62
1,1547448862864,9.74,-1.23,1.58
1,1547448862865,9.74,-1.19,1.56
1,1547448862939,9.8,-1.26,1.52
1,1547448862940,9.84,-1.36,1.42
1,1547448862940,9.94,-1.44,1.32
1,1547448862941,10.01,-1.42,1.42
1,1547448862941,9.86,-1.42,1.5
1,1547448863011,9.82,-1.42,1.44
1,1547448863031,9.84,-1.42,1.48
1,1547448863031,9.92,-1.36,1.46
1,1547448863031,9.88,-1.3,1.58
1,1547448863032,9.8,-1.3,1.58
1,1547448863032,9.78,-1.36,1.5
1,1547448863032,9.82,-1.4,1.46
1,1547448863032,9.94,-1.44,1.44
1,1547448863086,9.96,-1.5,1.46
1,1547448863086,9.86,-1.44,1.5
1,1547448863086,9.82,-1.42,1.5
1,1547448863087,9.78,-1.4,1.52
1,1547448863096,9.8,-1.46,1.5
1,1547448863097,9.88,-1.46,1.46
1,1547448863097,9.98,-1.46,1.44
1,1547448863097,10.0,-1.4,1.44
1,1547448863161,9.92,-1.32,1.42
1,1547448863162,9.88,-1.36,1.4
1,1547448863163,9.9,-1.38,1.44
1,1547448863163,9.92,-1.4,1.46
1,1547448863163,9.94,-1.4,1.52
1,1547448863164,9.88,-1.36,1.64
1,1547448863164,9.84,-1.34,1.6
1,1547448863164,9.82,-1.34,1.64
1,1547448863235,9.88,-1.42,1.6
1,1547448863236,9.92,-1.44,1.56
1,1547448863248,9.9,-1.44,1.58
1,1547448863249,9.86,-1.42,1.56
1,1547448863249,9.82,-1.38,1.54
1,1547448863249,9.82,-1.4,1.5
1,1547448863250,9.86,-1.42,1.44
1,1547448863250,9.88,-1.4,1.44
1,1547448863313,9.86,-1.36,1.5
1,1547448863313,9.74,-1.38,1.46
1,1547448863314,9.76,-1.4,1.4
1,1547448863314,9.84,-1.44,1.4
1,1547448863315,9.82,-1.46,1.38
1,1547448863315,9.86,-1.36,1.4
1,1547448863315,9.78,-1.34,1.46
1,1547448863316,9.7,-1.34,1.56
1,1547448863386,9.66,-1.38,1.44
1,1547448863466,9.88,-1.36,1.36
1,1547448863540,9.92,-1.36,1.52
1,1547448863554,9.82,-1.32,1.54
1,1547448863555,9.82,-1.26,1.5
1,1547448863555,9.8,-1.23,1.46
1,1547448863556,9.86,-1.34,1.58
1,1547448863556,9.86,-1.4,1.6
1,1547448863557,9.8,-1.46,1.66
1,1547448863557,9.78,-1.4,1.64
1,1547448863613,9.86,-1.28,1.38
1,1547448863615,9.82,-1.48,1.34
1,1547448863616,9.88,-1.46,1.3
1,1547448863617,9.96,-1.52,1.32
1,1547448863618,9.98,-1.56,1.32
1,1547448863621,9.98,-1.6,1.38
1,1547448863622,9.8,-1.54,1.44
1,1547448863622,9.76,-1.46,1.42
1,1547448863691,9.78,-1.4,1.32
1,1547448863702,9.84,-1.38,1.26
1,1547448863703,9.92,-1.42,1.32
1,1547448863704,9.94,-1.42,1.3
1,1547448863704,9.94,-1.4,1.32
1,1547448863704,9.9,-1.42,1.34
1,1547448863704,9.92,-1.46,1.32
1,1547448863705,9.94,-1.38,1.28
1,1547448863766,9.94,-1.32,1.36
1,1547448863767,9.82,-1.3,1.54
1,1547448863767,9.74,-1.34,1.26
1,1547448863767,9.82,-1.32,1.21
1,1547448863768,9.98,-1.3,1.32
1,1547448863768,10.0,-1.34,1.42
1,1547448863768,9.98,-1.4,1.42
1,1547448863768,9.9,-1.4,1.21
1,1547448863839,9.88,-1.34,1.23
1,1547448863841,9.9,-1.34,1.34
1,1547448863843,9.88,-1.3,1.44
1,1547448863844,9.72,-1.3,1.36
1,1547448863845,9.72,-1.34,1.3
1,1547448863848,9.78,-1.38,1.28
1,1547448863850,9.84,-1.44,1.25
1,1547448863851,9.94,-1.4,1.19
1,1547448863918,9.94,-1.38,1.15
1,1547448863938,9.9,-1.34,1.13
1,1547448863939,9.86,-1.32,1.15
1,1547448863940,9.84,-1.32,1.23
1,1547448863940,9.84,-1.3,1.3
1,1547448863940,9.8,-1.32,1.34
1,1547448863941,9.82,-1.36,1.34
1,1547448863987,9.84,-1.34,1.38
1,1547448864007,9.82,-1.36,1.32
1,1547448864008,9.86,-1.34,1.34
1,1547448864008,9.88,-1.4,1.28
1,1547448864008,9.88,-1.42,1.25
1,1547448864009,9.96,-1.46,1.19
1,1547448864009,9.94,-1.48,1.19
1,1547448864009,9.96,-1.46,1.25
1,1547448864062,9.88,-1.4,1.28
1,1547448864063,9.84,-1.26,1.28
1,1547448864063,9.84,-1.28,1.26
1,1547448864063,9.82,-1.4,1.34
1,1547448864072,9.84,-1.44,1.3
1,1547448864072,9.86,-1.46,1.25
1,1547448864073,9.94,-1.44,1.25
1,1547448864140,9.9,-1.36,1.21
1,1547448864140,9.94,-1.26,1.23
1,1547448864141,9.8,-1.23,1.38
1,1547448864141,9.72,-1.25,1.36
1,1547448864142,9.76,-1.28,1.36
1,1547448864142,9.82,-1.32,1.32
1,1547448864142,9.9,-1.4,1.54
1,1547448864143,9.8,-1.42,1.54
1,1547448864214,9.74,-1.44,1.4
1,1547448864214,9.8,-1.4,1.28
1,1547448864215,9.92,-1.42,1.23
1,1547448864216,10.0,-1.44,1.42
1,1547448864216,9.86,-1.4,1.44
1,1547448864224,9.74,-1.34,1.4
1,1547448864225,9.68,-1.28,1.42
1,1547448864225,9.72,-1.28,1.46
1,1547448864287,9.8,-1.38,1.38
1,1547448864288,9.88,-1.44,1.25
1,1547448864288,10.0,-1.5,1.13
1,1547448864289,9.98,-1.58,1.13
1,1547448864289,9.88,-1.48,1.21
1,1547448864289,9.78,-1.36,1.21
1,1547448864290,9.8,-1.28,1.15
1,1547448864365,9.86,-1.25,1.3
1,1547448864366,9.84,-1.25,1.3
1,1547448864367,9.88,-1.32,1.15
1,1547448864367,9.9,-1.32,1.07
1,1547448864367,9.96,-1.3,1.05
1,1547448864367,10.01,-1.28,1.13
1,1547448864368,9.96,-1.3,1.23
1,1547448864369,9.88,-1.38,1.36
1,1547448864438,9.8,-1.38,1.38
1,1547448864440,9.8,-1.38,1.36
1,1547448864441,9.82,-1.32,1.36
1,1547448864442,9.86,-1.28,1.4
1,1547448864443,9.86,-1.34,1.26
1,1547448864443,9.84,-1.62,1.11
1,1547448864444,9.86,-1.93,1.03
1,1547448864514,9.94,-2.3,0.85
1,1547448864515,10.09,-2.59,0.89
1,1547448864516,10.46,-2.59,1.03
1,1547448864516,10.76,-2.3,1.15
1,1547448864517,10.72,-1.95,1.44
1,1547448864517,10.42,-1.54,1.54
1,1547448864518,9.78,-1.52,1.95
1,1547448864518,9.62,-1.79,1.73
1,1547448864587,9.88,-2.34,1.23
1,1547448864587,10.07,-2.83,0.97
1,1547448864588,10.17,-2.46,0.68
1,1547448864588,10.46,-0.62,0.87
1,1547448864589,10.35,0.03,0.58
1,1547448864589,10.03,-0.27,1.15
1,1547448864589,9.74,-1.71,0.5
1,1547448864663,10.99,-4.21,1.4
1,1547448864677,11.03,-4.45,2.2
1,1547448864677,10.54,-3.8,2.05
1,1547448864678,10.27,-2.3,1.4
1,1547448864678,10.31,0.41,0.91
1,1547448864678,10.44,0.58,0.64
1,1547448864678,10.76,0.11,0.39
1,1547448864678,11.34,-0.76,0.99
1,1547448864738,11.3,-1.5,1.64
1,1547448864739,10.54,-1.01,1.71
1,1547448864740,9.84,-0.52,1.28
1,1547448864769,9.68,-0.19,1.07
1,1547448864771,9.88,0.15,1.85
1,1547448864771,10.13,-0.07,2.28
1,1547448864772,10.05,-0.29,2.42
1,1547448864824,10.09,-0.33,2.57
1,1547448864825,9.86,-0.03,2.46
1,1547448864825,9.45,0.95,2.03
1,1547448864825,9.53,0.91,2.44
1,1547448864826,9.35,0.42,2.67
1,1547448864826,9.64,-0.31,2.4
1,1547448864826,10.37,-0.31,2.77
1,1547448864827,10.13,0.15,3.12
1,1547448864889,10.03,0.7,2.69
1,1547448864890,10.09,1.01,2.38
1,1547448864891,9.98,0.25,2.48
1,1547448864892,9.92,-0.09,2.91
1,1547448864892,9.64,0.37,3.14
1,1547448864893,9.19,1.56,3.33
1,1547448864893,8.43,1.75,3.43
1,1547448864893,9.17,1.26,3.06
1,1547448864960,9.64,0.95,3.16
1,1547448864960,9.45,0.7,3.18
1,1547448864961,9.1,0.58,3.49
1,1547448864978,9.23,0.8,3.53
1,1547448864979,9.55,1.25,3.55
1,1547448864979,8.98,1.81,3.73
1,1547448864980,8.37,1.91,3.71
1,1547448865035,7.87,1.3,3.69
1,1547448865035,7.79,0.76,3.45
1,1547448865036,7.81,0.52,2.87
1,1547448865045,8.35,0.29,2.71
1,1547448865045,8.63,1.21,3.24
1,1547448865045,8.39,1.5,3.57
1,1547448865045,8.24,1.28,3.63
1,1547448865046,7.98,1.17,3.73
1,1547448865110,8.37,1.21,3.78
1,1547448865130,9.29,0.83,3.94
1,1547448865131,9.88,0.39,3.98
1,1547448865131,10.29,0.33,3.92
1,1547448865131,10.41,0.64,3.41
1,1547448865131,10.21,1.32,2.2
1,1547448865132,10.42,1.91,3.71
1,1547448865185,10.39,2.22,4.9
1,1547448865185,10.31,2.05,5.42
1,1547448865185,9.96,1.23,4.62
1,1547448865185,10.41,1.19,4.51
1,1547448865196,10.8,1.66,5.31
1,1547448865197,10.44,2.01,6.09
1,1547448865197,9.45,2.08,7.01
1,1547448865197,9.41,2.16,6.64
1,1547448865261,9.62,2.36,6.11
1,1547448865261,9.51,2.59,6.28
1,1547448865262,9.06,3.28,7.24
1,1547448865262,9.16,3.0,6.34
1,1547448865262,9.27,2.81,6.42
1,1547448865281,8.8,3.26,7.34
1,1547448865282,7.69,3.88,7.75
1,1547448865334,8.02,3.63,7.63
1,1547448865335,8.26,3.35,8.06
1,1547448865335,7.98,3.39,7.98
1,1547448865347,7.4,3.55,7.65
1,1547448865348,6.91,3.76,7.18
1,1547448865348,7.36,4.06,6.91
1,1547448865348,7.07,4.6,7.48
1,1547448865409,6.09,5.13,8.06
1,1547448865410,6.23,3.94,7.63
1,1547448865410,6.01,3.86,8.86
1,1547448865432,6.07,3.71,8.73
1,1547448865432,5.89,3.82,8.14
1,1547448865433,5.03,4.72,8.55
1,1547448865433,5.17,4.8,9.0
1,1547448865485,5.23,4.47,8.8
1,1547448865486,3.86,5.09,10.05
1,1547448865487,4.39,3.65,8.45
1,1547448865488,4.31,3.9,10.5
1,1547448865501,3.49,4.37,10.17
1,1547448865501,2.67,4.82,10.13
1,1547448865502,4.06,4.08,8.18
1,1547448865502,3.82,4.25,9.39
1,1547448865560,2.59,4.35,10.35
1,1547448865561,2.67,3.92,10.01
1,1547448865582,2.87,3.41,9.51
1,1547448865583,1.05,3.88,9.64
1,1547448865583,1.15,3.78,10.23
1,1547448865583,0.97,4.1,11.3
1,1547448865583,0.23,3.49,10.42
1,1547448865584,0.97,2.05,9.14
1,1547448865635,0.13,2.18,9.0
1,1547448865637,-0.58,3.0,10.03
1,1547448865638,-1.36,3.1,10.6
1,1547448865638,-1.93,3.59,12.3
1,1547448865651,-2.24,3.47,11.34
1,1547448865651,-2.05,2.94,10.23
1,1547448865652,-1.28,1.11,6.66
1,1547448865652,-1.64,-1.28,5.89
1,1547448865710,-2.91,0.07,7.57
1,1547448865711,-3.63,2.22,8.41
1,1547448865712,-3.65,3.45,7.81
1,1547448865712,-2.71,3.08,7.3
1,1547448865713,-1.71,0.74,6.73
1,1547448865713,-2.01,0.82,7.63
1,1547448865714,-2.67,0.85,6.13
1,1547448865714,-1.56,-0.8,3.49
1,1547448865784,-1.13,-0.6,6.09
1,1547448865808,-1.87,-0.13,4.14
1,1547448865808,-1.85,0.35,4.68
1,1547448865808,-2.2,0.35,5.0
1,1547448865808,-3.53,-0.05,6.3
1,1547448865809,-3.1,-0.76,4.68
1,1547448865809,-2.55,-2.08,2.44
1,1547448865859,-1.64,-3.76,2.51
1,1547448865861,-2.51,-3.39,3.57
1,1547448865861,-2.91,-1.54,4.29
1,1547448865861,-3.92,-0.09,3.73
1,1547448865861,-3.98,-0.56,2.71
1,1547448865885,-4.06,-2.85,3.49
1,1547448865886,-4.14,-2.34,6.4
1,1547448865886,-5.54,-1.21,5.42
1,1547448865935,-5.21,-0.6,4.98
1,1547448865951,-4.62,-0.44,5.76
1,1547448865951,-3.96,-2.73,4.9
1,1547448865952,-4.57,-2.63,4.04
1,1547448865952,-5.0,-2.81,2.51
1,1547448865952,-4.62,-2.79,3.94
1,1547448865952,-6.34,-0.66,5.44
1,1547448866011,-7.61,0.56,3.61
1,1547448866011,-6.81,1.48,15.39
1,1547448866016,-10.01,-0.66,7.18
1,1547448866017,-7.38,-1.58,14.06
1,1547448866017,-7.91,-2.08,2.32
1,1547448866017,-4.43,-1.44,9.41
1,1547448866017,-8.41,-2.07,8.26
1,1547448866017,-6.42,-3.45,10.62
1,1547448866086,-6.75,-2.73,8.69
1,1547448866087,-6.48,-1.73,11.42
1,1547448866088,-8.16,-0.29,9.04
1,1547448866088,-7.4,0.13,10.33
1,1547448866088,-7.4,-1.95,8.53
1,1547448866089,-6.97,-2.38,9.45
1,1547448866089,-7.73,-1.21,7.79
1,1547448866089,-6.81,-0.74,8.26
1,1547448866165,-6.83,-1.01,8.28
1,1547448866165,-7.81,0.48,10.41
1,1547448866166,-8.28,1.23,10.82
1,1547448866167,-8.76,1.15,11.44
1,1547448866167,-7.28,-0.62,9.41
1,1547448866235,-7.67,-0.37,9.49
1,1547448866237,-7.48,0.09,8.94
1,1547448866237,-7.12,-0.01,9.68
1,1547448866238,-7.34,-0.68,9.33
1,1547448866238,-7.28,-0.58,9.37
1,1547448866238,-7.3,-0.05,9.25
1,1547448866239,-7.22,0.62,10.52
1,1547448866239,-7.34,0.41,9.57
1,1547448866314,-7.1,0.07,9.53
1,1547448866315,-7.1,0.48,8.39
1,1547448866315,-6.6,0.27,7.69
1,1547448866315,-7.4,-0.09,8.73
1,1547448866316,-7.03,0.0,8.43
1,1547448866387,-6.93,0.54,8.16
1,1547448866388,-6.73,0.78,8.55
1,1547448866388,-7.26,0.89,9.62
1,1547448866388,-6.91,0.83,7.69
1,1547448866388,-6.83,0.64,7.53
1,1547448866388,-6.73,0.27,8.1
1,1547448866389,-6.85,-0.01,8.26
1,1547448866389,-6.97,0.19,7.73
1,1547448866462,-7.3,0.41,7.75
1,1547448866471,-7.4,0.31,7.22
1,1547448866472,-8.35,0.21,7.26
1,1547448866472,-7.44,-0.54,7.46
1,1547448866472,-8.12,1.32,7.79
1,1547448866472,-8.45,1.93,6.89
1,1547448866473,-8.28,1.58,6.77
1,1547448866473,-8.49,0.82,7.1
1,1547448866539,-9.04,1.46,7.57
1,1547448866539,-8.82,1.91,7.73
1,1547448866540,-9.02,1.89,7.05
1,1547448866541,-9.49,1.58,6.6
1,1547448866559,-9.23,1.23,6.19
1,1547448866560,-8.73,1.13,5.29
1,1547448866561,-9.16,1.44,4.78
1,1547448866561,-8.98,1.93,3.51
1,1547448866612,-8.43,2.1,2.75
1,1547448866615,-8.02,1.89,1.56
1,1547448866615,-6.4,0.89,1.54
1,1547448866616,-4.55,-2.18,3.63
1,1547448866616,-5.01,-4.29,6.26
1,1547448866618,-0.01,1.83,2.16
1,1547448866618,3.37,1.89,1.01
1,1547448866690,3.08,2.18,1.79
1,1547448866690,-0.54,3.24,1.25
1,1547448866690,-2.08,0.58,0.07
1,1547448866691,-2.81,-2.87,-0.74
1,1547448866691,-3.24,-3.2,0.0
1,1547448866691,-5.54,-4.76,-0.78
1,1547448866691,-8.06,-1.99,-15.74
1,1547448866691,-4.64,6.19,-14.12
1,1547448866764,-6.85,-1.19,-9.53
1,1547448866765,-8.04,-14.86,-3.67
1,1547448866767,-9.25,-22.1,-6.38
1,1547448866768,-5.87,-13.59,-17.38
1,1547448866769,-4.29,-9.96,-19.17
1,1547448866770,-4.02,-2.22,-17.83
1,1547448866772,-6.01,3.98,-13.92
1,1547448866773,-12.28,5.97,-11.97
1,1547448866839,-5.0,5.82,-13.06
1,1547448866839,-4.21,6.87,-17.07
1,1547448866840,-19.74,11.15,-23.55
1,1547448866858,-26.44,13.86,-24.12
1,1547448866858,-4.78,0.54,-5.44
1,1547448866859,-1.44,-0.35,-6.67
1,1547448866859,6.07,-7.34,35.85
1,1547448866913,41.44,18.14,-18.26
1,1547448866914,6.95,7.81,-32.55
1,1547448866915,-1.85,-0.13,-14.94
1,1547448866916,-10.39,-10.05,-3.18
1,1547448866917,-21.91,-15.33,6.77
1,1547448866917,-21.71,-0.03,-12.42
1,1547448866918,-13.2,-2.65,-9.16
1,1547448866918,-6.26,-6.11,-9.51
1,1547448866997,-1.32,-6.62,-10.29
1,1547448866999,-5.95,-6.69,-7.07
1,1547448867000,-11.5,-6.09,-7.32
1,1547448867001,-14.29,-4.64,-8.82
1,1547448867002,-12.57,-3.9,-9.27
1,1547448867003,-6.95,-4.74,-9.7
1,1547448867032,-5.72,-4.29,-8.04
1,1547448867064,-5.87,-4.25,-9.25
1,1547448867065,-6.89,-5.03,-11.77
1,1547448867065,-7.73,-5.19,-10.35
1,1547448867066,-7.24,-5.74,-9.37
1,1547448867067,-6.4,-5.83,-8.47
1,1547448867068,-5.62,-5.27,-9.6
1,1547448867068,-5.68,-4.94,-11.15
1,1547448867075,-6.23,-5.83,-12.46
1,1547448867137,-5.85,-5.68,-11.95
1,1547448867138,-5.17,-5.19,-11.25
1,1547448867138,-4.86,-4.94,-11.93
1,1547448867139,-5.05,-4.9,-12.91
1,1547448867140,-5.31,-5.17,-11.34
1,1547448867141,-5.66,-6.11,-10.42
1,1547448867141,-5.82,-6.42,-10.13
1,1547448867215,-5.07,-5.39,-11.54
1,1547448867217,-5.11,-5.52,-11.3
1,1547448867218,-5.05,-5.33,-11.03
1,1547448867218,-4.66,-5.05,-12.12
1,1547448867219,-4.94,-4.74,-9.33
1,1547448867220,-5.33,-5.48,-4.78
1,1547448867220,-4.19,-6.13,-4.45
1,1547448867221,-3.1,-6.17,-6.71
1,1547448867286,-4.43,-4.66,-10.52
1,1547448867287,-5.01,-4.58,-10.83
1,1547448867308,-4.8,-4.84,-11.05
1,1547448867309,-4.45,-4.88,-10.83
1,1547448867309,-4.51,-4.41,-9.94
1,1547448867309,-4.53,-5.11,-7.85
1,1547448867310,-3.88,-5.99,-5.95
1,1547448867361,-3.61,-5.83,-5.42
1,1547448867362,-4.0,-4.7,-6.71
1,1547448867377,-4.31,-3.96,-9.55
1,1547448867378,-4.33,-4.14,-10.11
1,1547448867378,-4.72,-3.55,-9.49
1,1547448867378,-5.31,-3.76,-8.59
1,1547448867379,-4.86,-4.8,-8.12
1,1547448867379,-5.13,-4.58,-7.91
1,1547448867436,-5.39,-4.49,-7.96
1,1547448867437,-5.42,-4.58,-8.16
1,1547448867447,-5.52,-4.06,-8.22
1,1547448867448,-5.46,-4.35,-7.96
1,1547448867448,-5.64,-4.1,-7.57
1,1547448867448,-5.66,-4.82,-7.14
1,1547448867449,-5.58,-4.49,-7.36
1,1547448867449,-5.68,-4.25,-7.42
1,1547448867513,-5.72,-4.29,-7.28
1,1547448867515,-5.74,-4.27,-7.26
1,1547448867517,-5.83,-4.35,-6.83
1,1547448867519,-6.05,-4.72,-6.56
1,1547448867520,-5.85,-4.86,-6.28
1,1547448867521,-5.8,-4.72,-6.71
1,1547448867522,-5.58,-4.31,-6.64
1,1547448867595,-5.76,-4.53,-6.3
1,1547448867596,-5.6,-4.47,-5.99
1,1547448867596,-5.7,-4.25,-5.97
1,1547448867596,-5.66,-3.94,-5.91
1,1547448867597,-4.88,-2.79,-6.44
1,1547448867597,-5.09,-2.42,-6.01
1,1547448867597,-5.37,-3.06,-5.82
1,1547448867597,-5.39,-3.96,-5.93
1,1547448867660,-5.82,-4.49,-6.5
1,1547448867661,-5.93,-4.33,-7.2
1,1547448867662,-5.95,-4.1,-7.2
1,1547448867662,-5.83,-3.84,-6.48
1,1547448867663,-5.33,-3.3,-6.26
1,1547448867663,-5.35,-3.37,-6.58
1,1547448867664,-5.5,-3.39,-6.5
1,1547448867736,-5.78,-3.37,-6.23
1,1547448867737,-5.64,-4.35,-6.19
1,1547448867737,-5.74,-3.88,-6.81
1,1547448867738,-6.17,-3.49,-7.12
1,1547448867738,-6.4,-4.19,-5.99
1,1547448867738,-6.48,-4.55,-5.82
1,1547448867738,-7.08,-3.59,-6.6
1,1547448867739,-7.34,-4.45,-6.77
1,1547448867811,-7.22,-4.43,-7.61
1,1547448867812,-7.2,-4.04,-8.14
1,1547448867812,-6.97,-4.49,-7.24
1,1547448867813,-7.65,-4.51,-7.5
1,1547448867813,-7.85,-3.84,-7.51
1,1547448867813,-7.34,-3.94,-8.12
1,1547448867814,-7.44,-4.33,-9.96
1,1547448867885,-7.79,-4.51,-10.23
1,1547448867886,-6.95,-6.07,-9.45
1,1547448867887,-6.09,-5.89,-8.33
1,1547448867888,-5.72,-4.08,-7.65
1,1547448867888,-5.23,-3.63,-7.32
1,1547448867888,-4.58,-4.16,-6.6
1,1547448867889,-3.76,-4.27,-5.93
1,1547448867889,-2.1,-3.28,-4.55
1,1547448867963,-1.5,-3.51,-4.27
1,1547448867964,-1.01,-3.02,-4.29
1,1547448867965,-0.82,-2.46,-3.9
1,1547448867965,-1.36,-2.5,-2.96
1,1547448867965,-3.49,-6.09,-3.49
1,1547448868035,-3.33,-7.69,-5.58
1,1547448868035,-3.33,-6.23,-5.8
1,1547448868049,-3.84,-4.76,-8.2
1,1547448868049,-6.54,-7.61,-10.64
1,1547448868049,-8.82,-8.02,-6.83
1,1547448868050,-11.5,-7.59,-4.27
1,1547448868050,-12.48,-4.94,-2.69
1,1547448868050,-10.83,-0.62,-5.52
1,1547448868111,-10.46,1.28,-6.66
1,1547448868111,-9.9,2.46,-9.55
1,1547448868112,-5.6,1.46,-11.28
1,1547448868112,-2.59,-1.52,-9.74
1,1547448868133,1.34,-3.53,-5.76
1,1547448868133,4.31,-3.45,-0.27
1,1547448868133,6.93,-2.12,-2.2
1,1547448868134,1.4,-1.99,-11.87
1,1547448868187,-10.46,-2.53,-9.23
1,1547448868202,-20.5,-2.87,-9.21
1,1547448868203,-23.96,-2.08,-11.19
1,1547448868203,-7.46,-1.07,-8.96
1,1547448868203,-3.51,-2.73,-11.79
1,1547448868203,-3.33,-4.47,-12.2
1,1547448868203,-5.35,-5.21,-10.64
1,1547448868204,-11.85,-3.35,-11.23
1,1547448868260,-13.08,-2.26,-10.99
1,1547448868260,-12.24,-2.46,-11.25
1,1547448868261,-8.14,-4.74,-9.06
1,1547448868261,-7.1,-3.96,-8.47
1,1547448868261,-8.33,-4.1,-7.73
1,1547448868262,-9.35,-4.49,-7.46
1,1547448868267,-9.35,-4.68,-7.85
1,1547448868268,-8.35,-5.01,-7.22
1,1547448868335,-7.65,-4.92,-6.81
1,1547448868335,-6.91,-4.7,-7.94
1,1547448868351,-6.5,-3.94,-8.12
1,1547448868351,-6.6,-3.47,-6.03
1,1547448868352,-6.62,-3.63,-5.23
1,1547448868352,-6.03,-3.43,-5.31
1,1547448868352,-5.03,-3.75,-7.12
1,1547448868409,-4.35,-4.39,-8.71
1,1547448868410,-3.98,-6.21,-8.59
1,1547448868411,-3.04,-6.03,-7.5
1,1547448868412,-2.48,-5.58,-7.24
1,1547448868412,-2.53,-4.9,-7.08
1,1547448868413,-3.47,-3.2,-5.91
1,1547448868419,-4.33,-3.35,-3.96
1,1547448868420,-4.17,-3.69,-1.11
1,1547448868487,-2.59,-4.02,-0.5
1,1547448868488,1.11,-2.96,-0.76
1,1547448868489,1.54,-2.53,-2.96
1,1547448868489,0.87,-2.55,-6.03
1,1547448868489,-1.21,-2.81,-7.1
1,1547448868490,-5.62,-4.14,-5.09
1,1547448868491,-5.56,-4.19,-4.84
1,1547448868562,-3.86,-3.37,-5.17
1,1547448868563,-2.01,-2.92,-7.69
1,1547448868564,-1.48,-2.94,-9.7
1,1547448868565,-3.28,-3.37,-6.83
1,1547448868565,-4.37,-3.06,-7.42
1,1547448868636,-4.64,-2.53,-9.62
1,1547448868637,-4.76,-2.12,-10.41
1,1547448868638,-4.58,-3.63,-8.28
1,1547448868638,-4.19,-4.39,-9.27
1,1547448868639,-3.41,-4.43,-9.62
1,1547448868639,-2.94,-4.33,-9.12
1,1547448868639,-4.1,-4.96,-8.75
1,1547448868639,-3.8,-4.08,-10.05
1,1547448868710,-2.89,-2.79,-10.05
1,1547448868712,-1.64,-2.12,-7.85
1,1547448868712,-2.01,-2.75,-9.94
1,1547448868713,-2.01,-2.59,-9.94
1,1547448868713,-1.79,-2.4,-7.92
1,1547448868713,-1.48,-2.34,-9.31
1,1547448868713,-0.5,-1.56,-7.07
1,1547448868713,0.15,-1.64,-8.84
1,1547448868788,0.44,-1.81,-10.54
1,1547448868788,0.89,-1.56,-9.31
1,1547448868789,0.72,-2.44,-10.09
1,1547448868789,0.82,-1.99,-8.92
1,1547448868789,0.87,-1.44,-10.03
1,1547448868789,1.01,-1.03,-11.71
1,1547448868790,1.09,-0.76,-9.86
1,1547448868790,0.21,-1.52,-10.83
1,1547448868861,0.37,-1.4,-11.97
1,1547448868862,0.8,-1.03,-12.5
1,1547448868862,1.32,-0.19,-11.42
1,1547448868862,1.77,0.11,-11.34
1,1547448868863,1.97,0.25,-12.53
1,1547448868863,2.16,0.41,-12.98
1,1547448868864,2.59,0.6,-11.05
1,1547448868864,2.69,0.33,-11.05
1,1547448868936,2.59,-0.07,-11.95
1,1547448868937,2.34,-0.39,-11.46
1,1547448868937,1.52,-0.74,-10.52
1,1547448868937,1.13,-0.8,-10.97
1,1547448868937,1.05,-0.52,-9.33
1,1547448868938,0.85,-0.11,-10.99
1,1547448868938,0.72,0.01,-12.1
1,1547448868938,1.13,0.48,-9.37
1,1547448869011,1.11,0.41,-10.25
1,1547448869024,1.25,0.42,-8.76
1,1547448869025,1.44,0.19,-9.76
1,1547448869025,1.79,-0.05,-9.39
1,1547448869025,2.34,0.07,-7.79
1,1547448869026,2.51,0.13,-8.71
1,1547448869026,2.73,0.25,-9.58
1,1547448869090,3.82,0.15,-12.67
1,1547448869090,4.21,0.15,-10.07
1,1547448869091,4.7,0.07,-8.55
1,1547448869091,5.85,-0.13,-10.52
1,1547448869091,4.74,-0.5,-8.04
1,1547448869091,4.19,-0.44,-8.04
1,1547448869091,4.0,-0.03,-8.67
1,1547448869092,4.25,0.05,-10.64
1,1547448869163,5.5,-0.7,-10.8
1,1547448869163,6.03,-1.01,-9.35
1,1547448869164,6.5,-0.82,-8.2
1,1547448869164,7.03,-0.39,-8.51
1,1547448869164,6.52,-0.11,-9.62
1,1547448869165,6.25,-0.13,-8.8
1,1547448869165,6.13,-0.42,-8.2
1,1547448869335,6.3,-0.8,-8.82
1,1547448869337,6.81,-1.4,-11.23
1,1547448869338,7.61,-2.32,-8.96
1,1547448869339,8.39,-1.71,-7.61
1,1547448869340,9.29,-0.76,-7.91
1,1547448869448,8.39,-0.44,-6.77
1,1547448869449,6.4,-1.83,-5.56
1,1547448869449,6.56,-1.67,-6.17
1,1547448869450,8.02,-1.03,-7.79
1,1547448869450,9.45,2.08,-6.26
1,1547448869450,9.19,0.64,-5.54
1,1547448869451,8.69,-0.76,-5.99
1,1547448869451,9.72,-0.87,-6.81
1,1547448869482,8.67,-1.26,-4.72
1,1547448869483,10.33,0.11,-7.79
1,1547448869483,10.8,-0.78,-8.18
1,1547448869484,10.56,-1.69,-7.85
1,1547448869484,10.15,-2.42,-7.59
1,1547448869484,9.55,-2.28,-6.32
1,1547448869484,9.25,-1.56,-4.8
1,1547448869485,8.69,-1.03,-3.41
1,1547448869537,8.08,-0.42,-3.2
1,1547448869544,7.87,1.09,-4.6
1,1547448869545,8.35,1.52,-5.03
1,1547448869545,8.9,1.5,-5.13
1,1547448869545,9.17,1.19,-5.41
1,1547448869545,9.23,0.91,-5.89
1,1547448869546,8.67,0.19,-5.39
1,1547448869546,8.35,-1.34,-2.53
1,1547448869614,7.65,-2.3,-1.99
1,1547448869615,7.53,-2.4,-4.33
1,1547448869629,9.29,-2.01,-6.01
1,1547448869630,9.66,-1.26,-5.74
1,1547448869630,9.49,-0.42,-5.39
1,1547448869631,8.96,0.56,-5.48
1,1547448869631,8.37,1.62,-6.3
1,1547448869631,9.0,-0.01,-4.16
1,1547448869693,9.41,-0.78,-4.02
1,1547448869693,9.64,-0.68,-4.98
1,1547448869694,9.31,-0.31,-5.17
1,1547448869694,9.25,0.09,-4.76
1,1547448869694,9.33,0.78,-4.88
1,1547448869694,9.49,1.15,-5.41
1,1547448869694,10.07,1.87,-5.6
1,1547448869762,9.8,1.81,-5.66
1,1547448869792,9.27,1.42,-5.58
1,1547448869794,8.67,0.87,-5.93
1,1547448869796,8.32,0.29,-5.99
1,1547448869798,8.22,-0.31,-5.74
1,1547448869799,8.32,-0.21,-5.76
1,1547448869801,8.33,0.09,-5.54
1,1547448869803,8.33,0.5,-5.5
1,1547448869859,8.2,0.25,-4.84
1,1547448869859,8.51,0.21,-4.82
1,1547448869859,8.86,0.48,-4.49
1,1547448869860,8.96,0.91,-3.78
1,1547448869860,8.57,1.75,-4.23
1,1547448869860,8.45,1.87,-4.25
1,1547448869861,8.53,1.85,-4.29
1,1547448869914,8.76,1.75,-4.39
1,1547448869931,8.86,1.38,-4.7
1,1547448869931,8.71,1.38,-4.8
1,1547448869932,8.55,1.52,-4.98
1,1547448869932,8.41,1.52,-5.13
1,1547448869932,8.33,1.3,-5.27
1,1547448869932,8.14,0.91,-5.52
1,1547448869933,7.94,0.64,-5.68
1,1547448869994,7.73,0.42,-5.54
1,1547448869995,7.53,0.19,-4.66
1,1547448869995,7.46,0.48,-4.02
1,1547448869995,7.44,1.01,-3.98
1,1547448869995,7.4,1.28,-4.27
1,1547448869996,7.42,1.46,-4.41
1,1547448869996,7.67,1.54,-5.03
1,1547448869996,7.89,1.25,-5.21
1,1547448870059,8.14,0.87,-5.21
1,1547448870060,8.35,0.48,-4.96
1,1547448870060,8.55,0.01,-4.23
1,1547448870061,8.47,0.15,-4.66
1,1547448870080,8.32,0.41,-5.05
1,1547448870081,8.22,0.6,-5.21
1,1547448870081,8.28,0.54,-5.41
1,1547448870138,8.69,0.23,-5.27
1,1547448870139,8.82,0.29,-5.05
1,1547448870141,8.78,0.39,-4.88
1,1547448870142,8.71,0.41,-4.88
1,1547448870143,8.65,0.42,-4.82
1,1547448870144,8.57,0.19,-4.96
1,1547448870144,8.63,-0.07,-4.94
1,1547448870145,8.88,-0.21,-4.76
1,1547448870219,9.37,0.25,-4.08
1,1547448870221,9.41,0.74,-4.33
1,1547448870223,9.45,0.85,-4.49
1,1547448870225,9.53,0.74,-4.47
1,1547448870226,9.37,0.39,-4.6
1,1547448870228,9.04,0.17,-4.94
1,1547448870229,8.73,0.09,-5.03
1,1547448870300,8.39,0.01,-5.11
1,1547448870301,7.87,-0.35,-5.15
1,1547448870302,7.71,-0.52,-4.88
1,1547448870302,7.71,-0.66,-4.64
1,1547448870302,7.73,-0.56,-4.68
1,1547448870303,7.75,-0.39,-4.92
1,1547448870304,7.94,-0.39,-4.8
1,1547448870304,8.28,-0.64,-4.58
1,1547448870364,8.51,-0.89,-4.41
1,1547448870388,8.63,-1.01,-4.0
1,1547448870389,8.35,-0.31,-3.75
1,1547448870390,8.61,0.0,-3.98
1,1547448870391,9.02,-0.13,-4.08
1,1547448870392,9.37,-0.33,-4.21
1,1547448870392,9.86,-1.11,-4.76
1,1547448870442,10.05,-1.23,-4.9
1,1547448870443,10.23,-0.95,-5.07
1,1547448870444,10.25,-0.7,-5.31
1,1547448870444,10.27,-0.91,-5.21
1,1547448870445,10.44,-1.03,-5.21
1,1547448870445,10.58,-1.01,-5.25
1,1547448870446,10.58,-1.09,-5.41
1,1547448870446,10.76,-0.8,-5.31
1,1547448870516,10.68,-0.6,-5.25
1,1547448870517,10.44,-0.6,-5.19
1,1547448870518,10.17,-0.66,-5.05
1,1547448870519,9.96,-0.82,-4.88
1,1547448870520,9.27,-1.09,-4.68
1,1547448870605,9.08,-1.3,-4.76
1,1547448870663,8.98,-1.38,-4.74
1,1547448870740,9.02,-1.36,-4.78
1,1547448870741,9.43,-1.38,-4.8
1,1547448870742,9.66,-1.26,-4.51
1,1547448870743,9.76,-1.05,-4.29
1,1547448870744,9.55,-0.78,-4.19
1,1547448870744,8.86,-0.15,-4.49
1,1547448870745,8.67,-0.11,-4.6
1,1547448870745,8.39,-0.44,-4.55
1,1547448870814,7.65,-1.09,-4.92
1,1547448870841,10.0,-0.09,-4.66
1,1547448870842,9.9,0.23,-5.07
1,1547448870843,9.98,0.48,-5.39
1,1547448870844,9.7,0.46,-5.54
1,1547448870845,9.25,-0.01,-5.33
1,1547448870845,8.94,-0.41,-5.19
1,1547448870846,8.76,-0.66,-5.42
1,1547448870903,8.82,-0.58,-5.62
1,1547448870904,9.06,-0.17,-5.27
1,1547448870904,8.84,-0.09,-4.86
1,1547448870905,8.39,-0.25,-4.7
1,1547448870905,8.22,-0.37,-4.66
1,1547448870906,8.53,-0.35,-4.14
1,1547448870906,8.61,-0.29,-3.9
1,1547448870906,8.51,-0.15,-4.16
1,1547448870963,8.49,0.03,-4.43
1,1547448870964,8.53,-0.23,-4.1
1,1547448870971,8.69,-0.15,-3.94
1,1547448870971,8.86,-0.13,-3.86
1,1547448870972,8.94,-0.15,-3.8
1,1547448870972,8.96,0.07,-4.82
1,1547448870972,9.12,0.19,-5.01
1,1547448870973,9.14,-0.05,-5.03
1,1547448871037,9.19,-0.41,-4.96
1,1547448871038,9.47,-0.54,-5.0
1,1547448871039,9.21,-0.35,-4.94
1,1547448871040,8.96,-0.07,-4.84
1,1547448871041,8.86,-0.03,-4.76
1,1547448871041,8.86,-0.23,-4.68
1,1547448871042,8.92,-0.58,-4.72
1,1547448871117,8.9,-0.5,-4.7
1,1547448871144,8.84,-0.41,-4.62
1,1547448871145,8.82,-0.31,-4.66
1,1547448871146,8.75,-0.29,-4.74
1,1547448871146,8.76,-0.44,-4.6
1,1547448871147,8.75,-0.54,-4.57
1,1547448871147,8.78,-0.46,-4.6
1,1547448871148,8.75,-0.17,-4.74
1,1547448871206,8.75,-0.05,-4.78
1,1547448871207,8.94,-0.25,-4.8
1,1547448871208,9.19,-0.37,-4.82
1,1547448871208,9.31,-0.39,-4.98
1,1547448871208,9.25,-0.33,-5.01
1,1547448871209,9.19,-0.25,-4.94
1,1547448871209,9.17,-0.23,-4.72
1,1547448871209,9.12,-0.37,-4.55
1,1547448871264,9.02,-0.41,-4.45
1,1547448871265,8.92,-0.37,-4.41
1,1547448871265,8.9,-0.35,-4.47
1,1547448871265,8.86,-0.33,-4.39
1,1547448871266,8.84,-0.25,-4.43
1,1547448871266,8.94,-0.29,-4.45
1,1547448871274,9.06,-0.44,-4.57
1,1547448871425,9.16,-0.62,-4.6
1,1547448871445,9.27,-0.39,-4.62
1,1547448871446,9.23,-0.21,-4.53
1,1547448871446,9.17,0.01,-4.49
1,1547448871447,9.1,0.11,-4.57
1,1547448871489,9.16,0.01,-4.9
1,1547448871490,9.17,-0.13,-4.88
1,1547448871490,9.1,-0.23,-4.72
1,1547448871508,9.02,-0.25,-4.51
1,1547448871508,8.88,0.03,-4.27
1,1547448871509,8.0,0.29,-4.6
1,1547448871564,8.16,0.21,-4.68
1,1547448871565,8.32,0.29,-4.7
1,1547448871565,8.35,0.5,-4.58
1,1547448871566,9.19,1.28,-5.0
1,1547448871566,8.92,1.69,-5.23
1,1547448871567,8.88,1.05,-5.17
1,1547448871567,9.47,0.91,-5.09
1,1547448871568,9.02,1.25,-5.21
1,1547448871640,8.33,1.34,-5.25
1,1547448871641,8.04,1.25,-5.58
1,1547448871662,8.22,0.6,-5.39
1,1547448871662,8.1,0.44,-5.27
1,1547448871663,7.89,0.56,-5.31
1,1547448871663,7.63,0.8,-5.23
1,1547448871664,7.44,0.83,-4.98
1,1547448871664,7.55,0.7,-4.78
1,1547448871717,7.79,0.72,-4.86
1,1547448871719,8.24,0.54,-4.72
1,1547448871719,8.86,0.72,-4.78
1,1547448871720,9.1,0.8,-4.92
1,1547448871721,9.45,0.7,-4.96
1,1547448871722,9.7,0.76,-4.86
1,1547448871722,9.8,0.41,-4.68
1,1547448871722,9.66,0.5,-5.03
1,1547448871787,9.41,0.52,-5.15
1,1547448871788,9.25,0.42,-5.11
1,1547448871812,8.9,0.05,-4.98
1,1547448871812,8.61,-0.09,-4.96
1,1547448871813,8.24,-0.29,-4.9
1,1547448871813,8.24,-0.41,-4.86
1,1547448871813,8.28,-0.44,-4.55
1,1547448871814,8.2,-0.62,-4.43
1,1547448871865,8.26,-0.66,-4.29
1,1547448871865,8.33,-0.74,-4.29
1,1547448871865,8.51,-0.85,-4.27
1,1547448871865,9.02,-0.76,-4.12
1,1547448871866,9.12,-0.72,-4.17
1,1547448871877,9.19,-0.72,-4.21
1,1547448871877,9.27,-0.72,-4.19
1,1547448871877,9.43,-0.66,-4.39
1,1547448871937,9.45,-0.85,-4.45
1,1547448871938,9.49,-1.05,-4.51
1,1547448871944,9.57,-1.13,-4.72
1,1547448871945,9.66,-1.23,-4.84
1,1547448871945,9.57,-1.42,-4.57
1,1547448871945,9.47,-1.5,-4.43
1,1547448871945,9.47,-1.4,-4.49
1,1547448872011,9.37,-1.32,-4.64
1,1547448872035,9.41,-1.34,-4.55
1,1547448872036,9.53,-1.42,-4.57
1,1547448872037,9.51,-1.62,-4.41
1,1547448872038,9.57,-1.67,-4.27
1,1547448872038,9.64,-1.66,-4.23
1,1547448872039,9.7,-1.77,-4.19
1,1547448872088,9.78,-1.79,-4.23
1,1547448872089,9.78,-1.64,-4.25
1,1547448872100,9.45,-1.48,-4.25
1,1547448872101,9.39,-1.56,-4.29
1,1547448872101,9.41,-1.6,-4.31
1,1547448872101,9.39,-1.69,-4.35
1,1547448872102,9.1,-1.69,-4.29
1,1547448872102,9.0,-1.67,-4.39
1,1547448872162,8.96,-1.69,-4.45
1,1547448872179,8.88,-1.77,-4.51
1,1547448872180,8.84,-1.87,-4.55
1,1547448872180,8.88,-1.95,-4.64
1,1547448872180,8.9,-1.93,-4.74
1,1547448872180,8.84,-1.99,-4.8
1,1547448872181,9.25,-2.16,-4.98
1,1547448872181,9.45,-2.2,-4.94
1,1547448872242,9.58,-2.1,-4.82
1,1547448872243,9.53,-1.79,-4.74
1,1547448872245,9.39,-1.42,-4.9
1,1547448872246,9.17,-0.87,-5.09
1,1547448872248,9.16,-0.82,-4.96
1,1547448872249,9.08,-0.76,-4.98
1,1547448872251,9.0,-0.76,-5.05
1,1547448872314,9.0,-0.99,-5.21
1,1547448872314,8.96,-1.11,-5.15
1,1547448872332,8.92,-0.99,-5.19
1,1547448872332,8.78,-0.72,-5.41
1,1547448872333,8.71,0.01,-5.42
1,1547448872333,8.71,0.29,-5.44
1,1547448872333,8.59,0.27,-5.48
1,1547448872334,8.47,0.05,-5.41
1,1547448872390,8.32,-0.39,-4.86
1,1547448872391,8.37,-0.23,-4.86
1,1547448872391,8.33,0.01,-4.84
1,1547448872398,8.22,0.17,-4.68
1,1547448872399,8.1,0.05,-4.86
1,1547448872399,8.28,0.01,-4.84
1,1547448872399,8.51,-0.07,-4.92
1,1547448872471,8.61,0.01,-4.88
1,1547448872483,8.55,0.13,-4.82
1,1547448872483,8.59,0.39,-4.72
1,1547448872483,8.57,0.5,-4.68
1,1547448872483,8.53,0.35,-4.68
1,1547448872483,8.59,0.19,-4.7
1,1547448872484,8.8,-0.11,-4.76
1,1547448872484,8.86,-0.19,-4.78
1,1547448872545,8.82,-0.17,-4.78
1,1547448872546,8.76,-0.15,-4.88
1,1547448872547,8.8,-0.21,-4.84
1,1547448872548,8.88,-0.23,-4.84
1,1547448872549,8.88,-0.33,-4.88
1,1547448872551,8.8,-0.41,-4.82
1,1547448872552,8.82,-0.52,-4.88
1,1547448872554,8.84,-0.5,-4.84
1,1547448872613,8.86,-0.46,-4.8
1,1547448872613,8.76,-0.52,-4.8
1,1547448872614,8.82,-0.66,-4.7
1,1547448872614,8.84,-0.7,-4.74
1,1547448872614,8.84,-0.72,-4.72
1,1547448872615,8.78,-0.68,-4.82
1,1547448872615,8.75,-0.62,-4.8
1,1547448872693,8.63,-0.52,-4.8
1,1547448872694,8.67,-0.6,-4.92
1,1547448872697,8.75,-0.68,-5.01
1,1547448872698,8.82,-0.68,-5.0
1,1547448872698,8.65,-0.62,-4.94
1,1547448872699,8.65,-0.56,-5.07
1,1547448872700,8.69,-0.52,-5.03
1,1547448872701,8.78,-0.5,-5.01
1,1547448872769,8.8,-0.41,-5.17
1,1547448872770,8.73,-0.25,-5.19
1,1547448872770,8.76,-0.29,-5.13
1,1547448872770,8.73,-0.42,-5.11
1,1547448872771,8.71,-0.41,-5.11
1,1547448872771,8.69,-0.33,-5.13
1,1547448872771,8.63,-0.27,-5.11
1,1547448872838,8.55,-0.23,-5.07
1,1547448872839,8.55,-0.33,-5.15
1,1547448872839,8.71,-0.31,-5.21
1,1547448872840,8.86,-0.33,-5.35
1,1547448872840,8.88,-0.33,-5.33
1,1547448872840,8.84,-0.35,-5.23
1,1547448872852,8.63,-0.37,-5.19
1,1547448872853,8.71,-0.23,-5.15
1,1547448872912,8.78,-0.35,-5.09
1,1547448872936,8.84,-0.42,-5.17
1,1547448872937,9.12,-0.72,-5.03
1,1547448872937,9.02,-0.58,-5.0
1,1547448872938,8.9,-0.42,-5.11
1,1547448872938,8.86,-0.33,-5.11
1,1547448872939,8.96,-0.62,-5.01
1,1547448872995,9.02,-0.78,-5.01
1,1547448872997,8.92,-0.74,-5.13
1,1547448872998,8.86,-0.64,-5.13
1,1547448873001,8.75,-0.62,-5.15
1,1547448873002,8.78,-0.5,-5.13
1,1547448873007,8.78,-0.52,-5.07
1,1547448873008,8.8,-0.62,-4.98
1,1547448873009,8.71,-0.66,-4.84
1,1547448873060,8.73,-0.52,-4.9
1,1547448873061,8.75,-0.52,-4.88
1,1547448873062,8.8,-0.56,-4.9
1,1547448873062,8.84,-0.62,-5.0
1,1547448873071,8.94,-0.6,-5.11
1,1547448873071,8.9,-0.46,-5.09
1,1547448873072,8.84,-0.44,-5.19
1,1547448873072,8.82,-0.41,-5.23
1,1547448873137,8.9,-0.42,-5.09
1,1547448873139,8.9,-0.54,-5.07
1,1547448873140,8.82,-0.44,-4.94
1,1547448873141,8.76,-0.42,-4.84
1,1547448873142,8.71,-0.5,-4.96
1,1547448873144,8.84,-0.42,-5.31
1,1547448873144,8.92,-0.33,-5.31
1,1547448873216,8.94,-0.35,-5.15
1,1547448873218,8.8,-0.62,-4.9
1,1547448873219,8.8,-0.58,-4.88
1,1547448873221,8.8,-0.44,-4.9
1,1547448873222,8.78,-0.39,-4.86
1,1547448873224,8.69,-0.31,-4.86
1,1547448873225,8.71,-0.41,-5.17
1,1547448873226,8.76,-0.48,-5.33
1,1547448873291,8.84,-0.54,-5.07
1,1547448873292,8.75,-0.68,-5.0
1,1547448873292,8.78,-0.58,-5.07
1,1547448873292,8.75,-0.46,-5.0
1,1547448873293,8.69,-0.39,-4.88
1,1547448873293,8.69,-0.41,-4.88
1,1547448873293,8.76,-0.44,-4.88
1,1547448873363,8.88,-0.5,-4.86
1,1547448873363,8.88,-0.6,-4.74
1,1547448873364,8.86,-0.58,-4.7
1,1547448873364,8.8,-0.41,-4.72
1,1547448873364,8.86,-0.41,-4.72
1,1547448873364,8.8,-0.44,-4.64
1,1547448873365,8.86,-0.56,-4.84
1,1547448873366,8.92,-0.52,-4.86
1,1547448873437,8.92,-0.48,-5.0
1,1547448873438,8.92,-0.48,-5.03
1,1547448873438,8.96,-0.54,-4.98
1,1547448873438,8.96,-0.56,-4.86
1,1547448873439,8.88,-0.54,-4.86
1,1547448873440,8.82,-0.58,-4.84
1,1547448873441,8.86,-0.52,-4.64
1,1547448873510,8.9,-0.5,-4.74
1,1547448873512,8.82,-0.39,-4.68
1,1547448873512,8.8,-0.41,-4.66
1,1547448873513,8.82,-0.42,-4.68
1,1547448873513,8.84,-0.42,-4.68
1,1547448873514,8.86,-0.42,-4.6
1,1547448873514,8.86,-0.41,-4.64
1,1547448873514,8.94,-0.44,-4.8
1,1547448873586,8.96,-0.48,-4.84
1,1547448873586,8.75,-0.39,-4.72
1,1547448873587,8.73,-0.44,-4.76
1,1547448873587,8.82,-0.42,-4.76
1,1547448873588,8.88,-0.41,-4.7
1,1547448873674,8.78,-0.42,-4.62
1,1547448873674,8.78,-0.48,-4.72
1,1547448873675,8.84,-0.5,-4.76
1,1547448873675,8.9,-0.5,-4.78
1,1547448873675,8.86,-0.33,-4.68
1,1547448873675,8.76,-0.29,-4.64
1,1547448873676,8.73,-0.42,-4.64
1,1547448873676,8.82,-0.56,-4.53
1,1547448873738,8.86,-0.46,-4.62
1,1547448873739,8.9,-0.42,-4.7
1,1547448873758,8.84,-0.42,-4.62
1,1547448873759,8.82,-0.5,-4.68
1,1547448873759,8.88,-0.44,-4.68
1,1547448873759,8.94,-0.5,-4.82
1,1547448873760,8.94,-0.54,-4.8
1,1547448873760,8.9,-0.5,-4.66
1,1547448873813,8.86,-0.48,-4.68
1,1547448873814,8.78,-0.37,-4.78
1,1547448873827,8.82,-0.33,-4.76
1,1547448873828,8.86,-0.42,-4.7
1,1547448873830,8.9,-0.39,-4.7
1,1547448873831,8.9,-0.42,-4.72
1,1547448873831,8.86,-0.54,-4.68
1,1547448873832,8.88,-0.42,-4.7
1,1547448873890,8.86,-0.35,-4.68
1,1547448873891,8.86,-0.39,-4.74
1,1547448873891,8.9,-0.42,-4.76
1,1547448873891,8.9,-0.44,-4.7
1,1547448873892,8.94,-0.48,-4.64
1,1547448873892,8.96,-0.42,-4.72
1,1547448873892,8.96,-0.33,-4.8
1,1547448873893,8.92,-0.33,-4.84
1,1547448873959,8.92,-0.37,-4.78
1,1547448873977,8.88,-0.37,-4.76
1,1547448873977,8.88,-0.46,-4.8
1,1547448873978,8.94,-0.52,-4.82
1,1547448873978,8.98,-0.48,-4.76
1,1547448873978,8.9,-0.39,-4.74
1,1547448873978,8.82,-0.33,-4.76
1,1547448873978,8.86,-0.33,-4.8
1,1547448874036,8.9,-0.39,-4.82
1,1547448874044,8.98,-0.46,-4.82
1,1547448874044,8.9,-0.46,-4.8
1,1547448874044,8.9,-0.44,-4.82
1,1547448874045,8.92,-0.39,-4.86
1,1547448874045,8.88,-0.41,-4.86
1,1547448874045,8.86,-0.37,-4.84
1,1547448874045,8.88,-0.42,-4.8
1,1547448874117,8.88,-0.39,-4.82
1,1547448874118,8.88,-0.41,-4.84
1,1547448874119,8.88,-0.46,-4.84
1,1547448874120,9.0,-0.46,-4.82
1,1547448874121,9.0,-0.37,-4.82
1,1547448874122,8.88,-0.19,-4.68
1,1547448874122,8.78,-0.25,-4.8
1,1547448874196,8.96,-0.41,-4.9
1,1547448874198,9.04,-0.48,-4.82
1,1547448874199,9.02,-0.44,-4.84
1,1547448874202,8.98,-0.37,-4.9
1,1547448874203,8.86,-0.39,-4.9
1,1547448874204,8.92,-0.46,-4.84
1,1547448874205,9.0,-0.52,-4.84
1,1547448874206,9.04,-0.6,-4.8
1,1547448874264,9.08,-0.58,-4.96
1,1547448874264,9.17,-0.42,-4.98
1,1547448874265,9.21,-0.23,-4.86
1,1547448874265,9.17,-0.07,-4.8
1,1547448874265,9.23,-0.05,-5.05
1,1547448874266,9.49,-0.64,-5.0
1,1547448874266,9.51,-1.03,-5.25
1,1547448874338,9.53,-0.83,-5.35
1,1547448874339,9.45,-0.56,-5.27
1,1547448874341,9.39,-0.07,-6.69
1,1547448874343,9.57,-0.07,-4.12
1,1547448874344,8.88,-0.19,-3.37
1,1547448874345,8.92,-0.31,-3.73
1,1547448874346,8.98,-1.32,-4.62
1,1547448874349,9.27,-1.34,-4.29
1,1547448874415,9.23,-0.89,-4.23
1,1547448874433,8.63,-0.66,-4.53
1,1547448874435,7.51,-0.41,-4.16
1,1547448874436,7.85,-1.13,-4.31
1,1547448874437,9.04,0.19,-3.53
1,1547448874438,8.78,0.11,-4.76
1,1547448874439,9.47,-0.72,-3.37
1,1547448874490,8.2,-0.48,-5.56
1,1547448874517,8.16,0.15,-5.97
1,1547448874519,7.81,1.21,-5.48
1,1547448874519,7.57,1.52,-5.56
1,1547448874520,7.26,1.11,-4.92
1,1547448874521,7.57,0.09,-5.8
1,1547448874522,8.41,-0.25,-5.19
1,1547448874522,8.75,-0.85,-4.88
1,1547448874565,8.61,-2.48,-4.76
1,1547448874581,8.37,-2.57,-4.7
1,1547448874582,8.18,-1.36,-5.48
1,1547448874583,7.91,0.07,-5.87
1,1547448874584,8.22,0.03,-6.87
1,1547448874584,9.21,-0.11,-6.6
1,1547448874585,9.14,-0.83,-6.77
1,1547448874642,8.69,-1.95,-6.79
1,1547448874666,8.82,0.11,-6.62
1,1547448874667,7.92,0.72,-6.97
1,1547448874667,7.53,1.56,-6.79
1,1547448874668,6.75,1.4,-6.21
1,1547448874668,6.36,1.19,-7.73
1,1547448874668,6.62,1.21,-8.65
1,1547448874669,6.81,0.91,-9.21
1,1547448874718,7.77,0.91,-9.55
1,1547448874719,9.51,1.66,-9.96
1,1547448874719,9.88,0.99,-7.94
1,1547448874720,9.7,-1.42,-4.76
1,1547448874720,9.37,-3.08,-3.24
1,1547448874721,10.09,-2.91,-3.35
1,1547448874721,9.16,0.03,-1.87
1,1547448874721,7.75,1.07,-2.24
1,1547448874790,6.91,0.85,-1.95
1,1547448874791,7.24,-0.39,-2.75
1,1547448874792,10.11,-2.44,-1.36
1,1547448874793,10.0,-2.44,-1.73
1,1547448874819,9.35,-1.52,-2.79
1,1547448874821,8.45,-0.56,-3.35
1,1547448874821,8.3,0.5,-5.27
1,1547448874867,8.75,0.95,-5.25
1,1547448874868,8.8,0.8,-4.96
1,1547448874869,8.37,0.03,-5.07
1,1547448874884,8.18,-0.85,-4.7
1,1547448874885,8.69,-0.62,-4.66
1,1547448874885,9.21,-0.27,-4.51
1,1547448874886,9.35,0.01,-4.49
1,1547448874887,9.19,0.29,-4.06
1,1547448874938,8.75,0.44,-3.92
1,1547448874939,9.08,0.33,-4.58
1,1547448874941,9.66,0.03,-5.21
1,1547448874941,10.11,-0.27,-5.37
1,1547448874942,10.03,-0.87,-4.88
1,1547448874942,9.62,-0.29,-4.76
1,1547448874943,9.19,0.48,-5.0
1,1547448875014,8.94,0.78,-4.98
1,1547448875040,8.98,0.03,-4.08
1,1547448875042,9.02,0.09,-4.14
1,1547448875043,9.12,0.21,-4.45
1,1547448875045,9.33,0.25,-4.49
1,1547448875045,9.14,0.31,-4.98
1,1547448875047,9.14,0.27,-5.05
1,1547448875048,9.0,0.48,-4.96
1,1547448875091,8.84,0.64,-4.62
1,1547448875093,8.32,-0.23,-3.65
1,1547448875094,8.2,-0.39,-3.9
1,1547448875095,8.45,-0.21,-3.96
1,1547448875096,8.71,0.15,-4.14
1,1547448875096,8.78,0.5,-4.47
1,1547448875097,8.96,0.44,-4.43
1,1547448875163,8.84,0.35,-4.21
1,1547448875163,8.94,0.05,-3.98
1,1547448875164,8.94,0.05,-4.0
1,1547448875164,9.14,0.07,-4.02
1,1547448875165,9.23,0.0,-3.96
1,1547448875165,9.25,0.09,-4.02
1,1547448875166,9.17,0.17,-4.27
1,1547448875166,9.25,-0.05,-4.19
1,1547448875239,9.35,-0.29,-4.23
1,1547448875240,9.33,-0.29,-4.43
1,1547448875242,9.35,-0.25,-4.53
1,1547448875244,9.33,0.0,-4.39
1,1547448875244,9.31,0.07,-4.14
1,1547448875245,9.25,0.07,-3.88
1,1547448875246,9.19,0.03,-4.02
1,1547448875246,9.39,0.07,-4.12
1,1547448875320,9.43,-0.05,-3.98
1,1547448875321,9.25,-0.27,-3.88
1,1547448875321,9.16,-0.37,-4.1
1,1547448875336,9.16,-0.27,-4.19
1,1547448875336,9.47,0.09,-4.23
1,1547448875337,9.45,0.19,-4.27
1,1547448875337,9.35,0.07,-4.27
1,1547448875392,9.23,-0.07,-4.17
1,1547448875392,9.04,-0.15,-3.96
1,1547448875393,9.0,-0.03,-4.04
1,1547448875394,9.04,0.13,-4.21
1,1547448875394,9.14,0.21,-4.29
1,1547448875395,9.35,-0.15,-4.16
1,1547448875395,9.29,-0.27,-3.98
1,1547448875396,9.19,-0.29,-3.96
1,1547448875462,9.06,-0.19,-3.88
1,1547448875463,8.98,-0.11,-3.76
1,1547448875463,9.04,-0.15,-4.14
1,1547448875463,9.17,-0.17,-4.29
1,1547448875469,9.27,-0.21,-4.29
1,1547448875470,9.08,-0.39,-4.53
1,1547448875470,9.08,-0.42,-4.43
1,1547448875539,9.14,-0.31,-4.51
1,1547448875542,9.16,-0.21,-4.37
1,1547448875543,9.17,-0.09,-4.27
1,1547448875544,9.0,-0.09,-4.29
1,1547448875546,9.0,-0.17,-4.19
1,1547448875547,9.12,-0.25,-4.12
1,1547448875548,9.21,-0.25,-4.02
1,1547448875549,9.12,-0.13,-4.12
1,1547448875617,9.12,-0.23,-4.35
1,1547448875618,9.17,-0.23,-4.23
1,1547448875619,9.21,-0.19,-4.21
1,1547448875619,9.17,-0.07,-4.37
1,1547448875620,9.16,-0.07,-4.33
1,1547448875620,9.16,-0.13,-4.16
1,1547448875621,9.12,-0.13,-4.02
1,1547448875690,9.12,-0.15,-3.98
1,1547448875691,9.08,-0.13,-4.04
1,1547448875691,9.04,-0.11,-4.02
1,1547448875692,9.08,-0.23,-4.0
1,1547448875692,9.12,-0.29,-4.08
1,1547448875693,9.23,-0.37,-4.17
1,1547448875693,9.27,-0.29,-4.16
1,1547448875694,9.25,-0.11,-4.14
1,1547448875763,9.21,0.09,-4.17
1,1547448875764,9.14,0.23,-4.06
1,1547448875765,9.17,0.09,-3.96
1,1547448875775,9.16,-0.01,-3.84
1,1547448875777,9.17,-0.11,-3.86
1,1547448875777,9.19,-0.13,-3.71
1,1547448875778,9.12,-0.07,-3.67
1,1547448875778,9.0,-0.01,-3.86
1,1547448875837,9.04,0.01,-4.04
1,1547448875838,9.27,-0.03,-4.08
1,1547448875838,9.27,-0.15,-4.08
1,1547448875839,9.25,-0.25,-4.21
1,1547448875839,9.23,-0.27,-4.16
1,1547448875839,9.14,0.05,-3.73
1,1547448875840,9.04,0.17,-3.84
1,1547448875913,9.23,0.17,-3.96
1,1547448875914,9.33,0.03,-3.9
1,1547448875925,9.33,-0.09,-3.84
1,1547448875926,9.14,-0.19,-4.23
1,1547448875926,9.21,-0.23,-4.25
1,1547448875927,9.29,-0.13,-4.19
1,1547448875927,9.33,0.01,-4.17
1,1547448875927,9.29,0.09,-3.96
1,1547448875987,9.19,0.03,-3.96
1,1547448876017,9.17,0.01,-4.02
1,1547448876018,9.19,0.0,-4.16
1,1547448876018,9.1,0.03,-4.51
1,1547448876019,9.1,0.01,-4.68
1,1547448876019,9.21,-0.07,-4.8
1,1547448876019,9.31,-0.21,-4.82
1,1547448876072,9.33,-0.07,-4.92
1,1547448876073,9.23,-0.05,-5.11
1,1547448876073,9.27,-0.19,-5.23
1,1547448876073,9.43,-0.25,-5.58
1,1547448876073,10.0,0.05,-4.47
1,1547448876073,9.7,0.39,-4.06
1,1547448876074,9.21,0.78,-4.16
1,1547448876074,9.29,0.68,-5.35
1,1547448876137,10.46,-0.33,-5.13
1,1547448876138,10.25,-0.35,-4.51
1,1547448876138,9.7,0.01,-4.88
1,1547448876138,9.57,0.46,-5.8
1,1547448876139,9.9,0.87,-5.52
1,1547448876139,9.51,-0.23,-5.23
1,1547448876142,9.39,-0.76,-5.48
