1,1546509453724,12.24,-2.79,1.62
1,1546509453725,12.46,-2.26,2.05
1,1546509453744,11.52,-1.21,2.32
1,1546509453744,10.62,-0.97,2.16
1,1546509453744,10.21,-1.67,1.48
1,1546509453744,10.21,-2.4,0.46
1,1546509453745,10.87,-3.45,-0.23
1,1546509453745,11.11,-3.98,0.05
1,1546509453799,11.42,-3.53,0.72
1,1546509453800,11.73,-2.34,1.34
1,1546509453810,12.32,-0.41,2.3
1,1546509453811,12.46,-0.64,2.83
1,1546509453811,12.01,-1.5,3.0
1,1546509453811,11.5,-1.87,2.79
1,1546509453811,10.33,-2.07,0.46
1,1546509453874,10.21,-2.16,-0.6
1,1546509453875,10.72,-2.53,-0.64
1,1546509453876,11.6,-2.94,0.17
1,1546509453877,12.34,-2.79,1.48
1,1546509453877,12.2,-2.42,1.73
1,1546509453879,11.99,-1.79,1.81
1,1546509453880,11.83,-1.28,1.77
1,1546509453881,11.66,-1.4,1.54
1,1546509453949,11.64,-1.93,1.48
1,1546509453961,11.97,-1.75,1.34
1,1546509453962,12.07,-1.71,1.13
1,1546509453962,11.97,-1.85,0.72
1,1546509453962,11.85,-2.73,0.78
1,1546509453962,12.03,-3.12,1.23
1,1546509453962,12.18,-3.33,1.36
1,1546509453963,12.38,-3.1,1.32
1,1546509454024,12.42,-2.26,1.75
1,1546509454029,12.61,-2.16,1.67
1,1546509454029,12.5,-2.03,1.21
1,1546509454029,12.26,-2.07,0.89
1,1546509454030,12.24,-1.93,0.97
1,1546509454030,12.18,-2.03,0.68
1,1546509454030,11.99,-2.34,0.42
1,1546509454103,11.81,-2.73,0.5
1,1546509454103,11.56,-3.0,0.8
1,1546509454104,10.91,-2.69,1.42
1,1546509454104,10.7,-2.55,1.36
1,1546509454104,10.62,-2.55,1.26
1,1546509454105,10.64,-2.44,1.3
1,1546509454105,10.8,-2.4,1.4
1,1546509454105,10.64,-2.48,1.6
1,1546509454176,10.6,-2.32,1.6
1,1546509454177,10.66,-1.93,1.48
1,1546509454178,10.68,-1.46,1.01
1,1546509454178,10.5,-1.5,0.93
1,1546509454179,10.37,-1.56,0.99
1,1546509454179,10.33,-1.6,0.95
1,1546509454180,10.29,-1.62,1.4
1,1546509454180,10.07,-1.75,1.54
1,1546509454250,9.84,-1.87,1.48
1,1546509454251,9.78,-2.08,1.26
1,1546509454251,9.88,-2.1,1.01
1,1546509454251,10.17,-1.87,0.85
1,1546509454251,10.07,-1.83,0.68
1,1546509454252,10.05,-2.05,0.72
1,1546509454252,10.09,-2.26,0.87
1,1546509454336,9.78,-2.05,1.38
1,1546509454336,9.66,-1.75,1.5
1,1546509454337,9.62,-1.64,1.64
1,1546509454337,9.57,-1.73,1.73
1,1546509454337,9.45,-1.89,1.25
1,1546509454337,9.41,-2.03,0.89
1,1546509454338,9.49,-2.24,0.68
1,1546509454338,9.8,-2.32,0.76
1,1546509454401,10.03,-1.89,1.13
1,1546509454417,10.03,-0.7,1.17
1,1546509454417,9.84,-0.44,1.01
1,1546509454418,9.72,-0.74,1.17
1,1546509454418,9.66,-1.34,1.17
1,1546509454418,9.92,-2.2,1.15
1,1546509454418,10.03,-2.46,1.28
1,1546509454474,10.03,-2.57,1.44
1,1546509454484,9.92,-2.55,1.62
1,1546509454485,9.64,-2.81,0.31
1,1546509454485,10.39,-2.22,0.52
1,1546509454486,10.91,-1.87,0.27
1,1546509454486,10.85,-2.07,0.74
1,1546509454487,10.66,-2.92,0.72
1,1546509454487,10.72,-2.53,1.25
1,1546509454551,10.33,-1.91,1.15
1,1546509454551,9.64,-1.44,1.15
1,1546509454552,9.14,-1.69,0.8
1,1546509454552,9.27,-2.3,0.29
1,1546509454552,9.6,-2.79,0.39
1,1546509454553,10.09,-3.0,0.7
1,1546509454553,10.33,-2.77,1.17
1,1546509454624,9.9,-1.87,0.89
1,1546509454624,9.58,-1.56,0.46
1,1546509454625,9.53,-1.52,0.33
1,1546509454626,9.72,-1.81,0.6
1,1546509454627,10.05,-2.44,0.93
1,1546509454627,9.98,-2.53,0.7
1,1546509454628,9.88,-2.5,0.48
1,1546509454699,9.72,-2.28,0.48
1,1546509454700,9.35,-1.91,0.52
1,1546509454707,9.45,-1.99,0.33
1,1546509454707,9.9,-2.3,0.23
1,1546509454708,10.25,-3.04,0.33
1,1546509454708,10.64,-3.53,0.76
1,1546509454708,10.25,-3.37,0.23
1,1546509454708,10.11,-2.96,-0.82
1,1546509454775,10.35,-2.42,0.41
1,1546509454775,10.33,-2.24,0.93
1,1546509454775,9.9,-2.1,0.52
1,1546509454776,10.27,-1.46,0.82
1,1546509454861,10.37,-1.42,0.44
1,1546509454861,9.94,-1.97,0.41
1,1546509454861,10.03,-2.44,0.6
1,1546509454862,10.44,-2.53,0.41
1,1546509454862,11.67,-1.66,2.05
1,1546509454862,12.73,-0.99,5.54
1,1546509454862,11.44,-4.68,3.47
1,1546509454863,11.38,-4.84,-0.85
1,1546509454924,12.34,-5.11,-0.21
1,1546509454925,13.8,-5.52,0.8
1,1546509454925,12.98,-3.37,0.09
1,1546509454926,13.63,-3.96,-0.29
1,1546509454938,14.02,-3.39,-0.95
1,1546509454938,14.06,-3.16,-1.69
1,1546509454939,13.8,-4.39,-1.91
1,1546509454939,13.73,-5.66,-1.58
1,1546509455001,13.65,-6.38,-1.09
1,1546509455002,13.67,-5.05,-1.42
1,1546509455003,13.53,-3.69,-1.97
1,1546509455003,13.08,-2.79,-2.44
1,1546509455003,12.55,-2.51,-2.61
1,1546509455004,11.73,-3.26,-2.65
1,1546509455005,11.48,-4.0,-2.79
1,1546509455006,11.32,-4.76,-2.92
1,1546509455078,11.28,-5.37,-2.96
1,1546509455079,11.36,-5.56,-3.2
1,1546509455079,11.34,-5.35,-3.16
1,1546509455079,11.26,-5.05,-3.2
1,1546509455080,11.26,-4.88,-3.2
1,1546509455080,11.26,-4.76,-3.22
1,1546509455080,11.48,-4.21,-2.79
1,1546509455081,11.77,-3.63,-2.63
1,1546509455149,11.91,-3.35,-2.65
1,1546509455150,11.99,-3.26,-2.57
1,1546509455151,12.03,-3.51,-2.08
1,1546509455152,12.16,-3.28,-2.14
1,1546509455152,12.38,-2.83,-2.1
1,1546509455153,12.44,-2.28,-1.85
1,1546509455153,12.18,-1.56,-1.4
1,1546509455153,11.99,-1.32,-1.52
1,1546509455239,11.75,-1.3,-1.54
1,1546509455240,11.62,-1.3,-1.42
1,1546509455240,11.5,-1.13,-1.4
1,1546509455241,11.44,-1.11,-1.36
1,1546509455241,11.34,-1.13,-1.48
1,1546509455241,11.26,-1.25,-1.73
1,1546509455241,11.13,-1.58,-1.75
1,1546509455242,10.76,-1.66,-1.56
1,1546509455300,10.5,-1.25,-1.38
1,1546509455301,10.17,-0.78,-1.21
1,1546509455301,9.82,-0.31,-1.09
1,1546509455301,9.58,0.15,-1.32
1,1546509455302,9.55,0.01,-1.26
1,1546509455302,9.47,-0.07,-1.09
1,1546509455303,9.35,-0.01,-0.83
1,1546509455303,9.0,0.03,-0.54
1,1546509455376,8.78,-0.03,-0.44
1,1546509455377,8.49,-0.21,-0.39
1,1546509455377,8.26,-0.42,-0.42
1,1546509455377,8.14,-0.76,-0.46
1,1546509455377,8.08,-1.4,-0.58
1,1546509455378,8.08,-1.71,-0.6
1,1546509455378,8.0,-1.99,-0.6
1,1546509455449,7.94,-2.4,-0.5
1,1546509455450,7.77,-3.16,-0.56
1,1546509455450,7.77,-3.41,-0.5
1,1546509455451,7.75,-3.59,-0.33
1,1546509455451,7.73,-3.73,-0.44
1,1546509455451,7.77,-3.71,-0.56
1,1546509455452,7.92,-3.69,-0.62
1,1546509455452,8.08,-3.65,-0.6
1,1546509455526,8.14,-3.55,-0.66
1,1546509455527,7.81,-3.75,-0.78
1,1546509455527,7.65,-3.88,-0.76
1,1546509455528,7.53,-4.02,-0.74
1,1546509455528,7.59,-4.17,-0.6
1,1546509455528,7.94,-4.06,-0.5
1,1546509455529,8.12,-3.73,-0.56
1,1546509455599,8.3,-3.45,-0.58
1,1546509455599,8.45,-3.28,-0.46
1,1546509455600,8.63,-3.12,-0.52
1,1546509455606,9.0,-2.94,-0.39
1,1546509455606,9.23,-2.94,-0.21
1,1546509455606,9.49,-2.96,-0.15
1,1546509455607,9.82,-3.06,-0.07
1,1546509455607,10.29,-3.18,0.03
1,1546509455674,10.5,-3.18,0.0
1,1546509455675,10.82,-3.22,0.01
1,1546509455677,11.03,-3.32,-0.01
1,1546509455677,11.3,-3.75,-0.21
1,1546509455690,11.32,-4.08,-0.33
1,1546509455691,11.23,-4.27,-0.35
1,1546509455691,11.01,-4.37,-0.31
1,1546509455691,10.33,-4.14,-0.25
1,1546509455757,10.07,-3.78,-0.21
1,1546509455757,9.94,-3.33,-0.23
1,1546509455757,10.05,-2.91,-0.25
1,1546509455757,10.33,-2.5,-0.29
1,1546509455758,11.01,-2.07,-0.52
1,1546509455758,11.23,-1.91,-0.68
1,1546509455758,11.34,-1.77,-0.68
1,1546509455824,11.5,-1.66,-0.62
1,1546509455826,11.56,-1.28,-0.41
1,1546509455827,11.42,-1.07,-0.29
1,1546509455827,11.23,-0.8,-0.21
1,1546509455828,10.91,-0.46,-0.07
1,1546509455828,10.0,-0.03,0.25
1,1546509455828,9.51,0.19,0.39
1,1546509455829,9.06,0.41,0.56
1,1546509455900,8.67,0.5,0.74
1,1546509455901,7.91,0.56,1.01
1,1546509455901,7.67,0.56,1.11
1,1546509455901,7.46,0.58,1.19
1,1546509455901,7.36,0.6,1.32
1,1546509455902,7.32,0.6,1.42
1,1546509455973,7.34,0.56,1.58
1,1546509455974,7.36,0.54,1.62
1,1546509455994,7.34,0.5,1.73
1,1546509455994,7.3,0.41,1.73
1,1546509455994,7.3,0.01,1.99
1,1546509455995,7.36,-0.09,2.12
1,1546509455995,7.44,-0.23,2.14
1,1546509455995,7.59,-0.42,2.18
1,1546509456048,7.67,-0.83,2.24
1,1546509456049,7.65,-1.09,2.28
1,1546509456050,7.61,-1.3,2.26
1,1546509456051,7.65,-1.5,2.26
1,1546509456051,7.81,-1.73,2.28
1,1546509456052,7.92,-1.83,2.22
1,1546509456052,8.18,-1.93,2.16
1,1546509456052,8.47,-1.97,2.08
1,1546509456124,8.8,-1.97,2.07
1,1546509456124,9.55,-1.99,2.07
1,1546509456125,9.86,-1.69,2.01
1,1546509456126,9.98,-1.21,1.81
1,1546509456130,10.0,-0.76,1.83
1,1546509456131,9.57,-0.35,1.81
1,1546509456131,9.43,-0.15,1.95
1,1546509456132,9.29,0.05,1.93
1,1546509456200,9.19,0.39,2.01
1,1546509456200,9.08,0.62,2.1
1,1546509456201,9.02,0.82,2.16
1,1546509456201,8.96,0.89,2.2
1,1546509456274,8.96,1.01,2.26
1,1546509456278,9.06,1.13,2.14
1,1546509456279,9.16,1.13,2.1
1,1546509456279,9.25,1.19,2.01
1,1546509456279,9.37,1.23,1.91
1,1546509456280,9.41,1.21,1.89
1,1546509456280,9.53,0.72,2.16
1,1546509456280,9.57,0.54,2.2
1,1546509456350,9.6,0.56,2.24
1,1546509456352,9.29,0.27,2.36
1,1546509456352,9.21,0.01,2.46
1,1546509456353,9.14,-0.19,2.57
1,1546509456353,9.02,-0.39,2.85
1,1546509456353,8.96,-0.44,3.02
1,1546509456353,8.84,-0.44,3.1
1,1546509456354,8.78,-0.42,3.2
1,1546509456424,8.8,-0.33,3.32
1,1546509456425,8.9,0.03,3.55
1,1546509456425,8.86,0.13,3.76
1,1546509456425,8.69,-0.03,3.98
1,1546509456426,8.69,-0.44,4.39
1,1546509456431,9.57,-0.48,5.37
1,1546509456431,10.03,-0.01,5.62
1,1546509456432,10.37,0.35,5.97
1,1546509456500,10.42,0.58,6.34
1,1546509456501,10.35,1.07,6.97
1,1546509456502,10.6,1.13,6.87
1,1546509456502,10.83,0.99,6.73
1,1546509456503,11.11,0.82,6.69
1,1546509456503,11.71,0.99,6.54
1,1546509456504,11.95,1.38,6.62
1,1546509456504,12.05,1.6,6.81
1,1546509456574,12.01,1.81,7.01
1,1546509456575,11.85,2.05,7.12
1,1546509456576,11.75,2.57,7.38
1,1546509456577,11.64,2.87,7.32
1,1546509456577,11.44,3.12,7.05
1,1546509456578,11.28,3.33,6.77
1,1546509456578,10.68,3.96,5.91
1,1546509456579,10.27,4.19,5.6
1,1546509456649,9.9,4.31,5.39
1,1546509456650,9.51,4.43,5.15
1,1546509456667,8.86,4.57,4.72
1,1546509456668,8.59,4.74,4.43
1,1546509456669,8.39,4.88,4.21
1,1546509456669,8.24,4.94,3.88
1,1546509456670,8.04,5.03,3.35
1,1546509456724,7.98,5.01,3.08
1,1546509456733,7.85,4.84,2.83
1,1546509456733,7.67,4.47,2.55
1,1546509456733,7.48,4.0,2.3
1,1546509456733,7.07,3.33,1.87
1,1546509456734,6.85,3.12,1.81
1,1546509456734,6.62,2.98,1.81
1,1546509456734,6.4,2.96,1.87
1,1546509456799,6.42,2.87,2.59
1,1546509456817,6.64,2.98,2.91
1,1546509456817,6.77,2.96,2.83
1,1546509456818,6.81,2.87,2.63
1,1546509456818,6.75,2.48,1.93
1,1546509456818,6.87,2.61,1.81
1,1546509456818,6.89,2.94,2.08
1,1546509456818,6.83,3.26,2.4
1,1546509456874,7.1,3.02,4.43
1,1546509456875,7.69,1.95,7.01
1,1546509456876,8.0,1.48,7.83
1,1546509456876,8.57,1.6,6.25
1,1546509456877,8.55,3.28,8.06
1,1546509456877,9.76,0.15,10.54
1,1546509456877,10.05,0.44,10.74
1,1546509456952,10.21,2.34,10.72
1,1546509456952,9.62,3.65,10.07
1,1546509456954,7.28,4.08,8.78
1,1546509456955,6.79,4.14,8.1
1,1546509456956,6.48,4.9,7.32
1,1546509456957,6.38,6.69,7.08
1,1546509456957,5.5,10.07,5.58
1,1546509456957,4.66,10.56,4.55
1,1546509457024,3.78,9.74,4.06
1,1546509457036,3.12,8.41,4.06
1,1546509457036,2.36,6.4,4.1
1,1546509457036,2.01,6.26,4.17
1,1546509457036,1.69,6.5,3.96
1,1546509457037,1.46,6.91,4.02
1,1546509457037,1.3,7.16,4.04
1,1546509457100,0.76,6.42,3.92
1,1546509457102,0.6,6.09,3.18
1,1546509457102,0.78,6.26,2.98
1,1546509457103,0.7,6.73,3.3
1,1546509457103,0.39,7.22,3.98
1,1546509457103,0.42,7.26,4.16
1,1546509457104,0.44,7.14,4.43
1,1546509457104,0.48,6.93,4.76
1,1546509457174,0.44,6.99,4.37
1,1546509457175,0.29,7.03,4.55
1,1546509457175,0.09,6.3,4.74
1,1546509457187,-0.09,5.44,4.88
1,1546509457188,-0.37,4.76,5.03
1,1546509457188,-0.72,4.62,4.84
1,1546509457188,-1.44,4.31,4.35
1,1546509457188,-2.46,3.86,4.66
1,1546509457249,-3.08,3.28,5.54
1,1546509457249,-2.83,3.16,9.64
1,1546509457254,-1.99,3.73,12.22
1,1546509457254,-0.76,4.68,13.41
1,1546509457255,0.09,6.21,13.43
1,1546509457255,-0.25,9.31,11.56
1,1546509457255,-0.93,9.37,10.7
1,1546509457325,-1.32,8.76,9.96
1,1546509457326,-1.36,7.96,9.1
1,1546509457339,-1.07,7.36,6.99
1,1546509457339,-1.17,7.42,5.91
1,1546509457339,-1.4,7.53,5.27
1,1546509457341,-1.66,7.44,5.0
1,1546509457341,-2.07,7.12,5.42
1,1546509457341,-2.08,7.01,5.8
1,1546509457399,-2.01,6.89,6.05
1,1546509457406,-2.12,6.75,6.05
1,1546509457406,-2.36,6.69,5.89
1,1546509457406,-2.63,7.07,5.99
1,1546509457475,-2.71,7.46,5.66
1,1546509457489,-2.67,8.28,5.41
1,1546509457490,-2.46,9.27,4.66
1,1546509457490,-2.48,8.94,2.69
1,1546509457490,-3.49,7.36,3.3
1,1546509457490,-4.31,6.26,4.0
1,1546509457490,-4.55,6.77,4.35
1,1546509457491,-5.11,10.37,3.53
1,1546509457549,-5.48,11.42,3.98
1,1546509457550,-3.61,-1.19,7.73
1,1546509457550,-3.39,-5.42,7.94
1,1546509457557,-3.16,-7.2,7.61
1,1546509457557,-2.61,-5.83,5.19
1,1546509457557,-2.01,-1.62,2.24
1,1546509457558,-0.21,10.7,-2.32
1,1546509457558,0.17,17.32,-4.47
1,1546509457701,0.13,22.05,-5.33
1,1546509457701,-0.19,23.69,-5.33
1,1546509457796,-2.03,14.6,-3.88
1,1546509457866,-2.75,9.21,-2.03
1,1546509457867,-3.08,6.52,0.21
1,1546509457867,-2.94,6.83,2.1
1,1546509457867,-2.14,10.29,2.85
1,1546509457867,-1.71,10.54,3.22
1,1546509457868,-1.19,8.63,3.84
1,1546509457868,-0.42,5.66,5.52
1,1546509457868,0.15,3.18,6.99
1,1546509457955,0.23,6.34,5.91
1,1546509457955,-9.08,10.95,8.78
1,1546509457956,-7.85,9.76,8.75
1,1546509457956,-6.91,9.55,8.86
1,1546509457956,-6.15,9.1,8.32
1,1546509457957,-5.52,8.0,7.63
1,1546509457957,-4.7,4.1,7.36
1,1546509457957,-4.51,2.4,7.4
1,1546509458027,-4.23,1.34,7.28
1,1546509458027,-3.67,1.21,7.26
1,1546509458027,-2.94,2.5,8.37
1,1546509458028,-2.77,2.85,8.14
1,1546509458028,-2.79,3.3,8.3
1,1546509458101,-2.65,3.39,8.65
1,1546509458101,-2.42,2.91,9.17
1,1546509458102,-2.22,1.6,9.02
1,1546509458102,-2.26,2.1,8.53
1,1546509458103,-2.24,2.81,8.12
1,1546509458103,-2.1,3.22,8.08
1,1546509458103,-2.22,4.14,7.3
1,1546509458104,-2.51,4.8,7.05
1,1546509458176,-2.51,4.78,7.16
1,1546509458176,-3.02,4.04,6.93
1,1546509458177,-3.28,4.14,6.85
1,1546509458177,-3.65,3.88,6.46
1,1546509458177,-4.12,2.81,7.3
1,1546509458178,-4.31,2.42,7.5
1,1546509458178,-4.33,2.14,7.67
1,1546509458178,-4.29,1.95,7.53
1,1546509458231,-4.29,1.87,7.03
1,1546509458231,-4.04,3.57,5.97
1,1546509458232,-3.9,4.7,5.07
1,1546509458232,-4.12,4.43,4.08
1,1546509458233,-4.64,3.08,3.78
1,1546509458233,-5.66,0.74,3.24
1,1546509458234,-5.95,0.11,3.22
1,1546509458234,-5.56,0.31,2.75
1,1546509458303,-4.16,2.63,2.18
1,1546509458303,0.48,14.66,-0.97
1,1546509458303,2.26,20.99,-0.83
1,1546509458304,3.32,24.76,0.6
1,1546509458304,3.73,24.14,2.28
1,1546509458304,3.33,14.04,7.36
1,1546509458304,3.35,9.57,9.14
1,1546509458304,3.82,6.66,10.03
1,1546509458375,4.45,5.19,10.29
1,1546509458376,4.8,5.33,9.74
1,1546509458377,4.25,6.54,8.04
1,1546509458377,3.49,5.82,7.4
1,1546509458377,2.67,4.33,5.54
1,1546509458378,2.16,3.73,3.65
1,1546509458378,2.26,7.96,2.67
1,1546509458451,2.55,10.78,2.73
1,1546509458452,2.4,13.02,2.63
1,1546509458452,1.93,14.31,2.51
1,1546509458452,0.99,13.84,2.87
1,1546509458452,0.74,12.71,2.83
1,1546509458452,0.97,11.73,2.69
1,1546509458453,0.64,11.15,3.37
1,1546509458453,0.01,9.51,3.26
1,1546509458525,-0.09,9.1,2.91
1,1546509458527,-0.17,8.86,2.53
1,1546509458527,-0.27,8.71,2.34
1,1546509458528,-0.27,8.63,2.34
1,1546509458528,0.01,8.75,2.24
1,1546509458528,0.27,9.17,1.99
1,1546509458529,0.58,9.64,1.4
1,1546509458529,1.15,10.42,1.15
1,1546509458613,2.05,11.75,0.5
1,1546509458613,2.38,12.05,0.21
1,1546509458613,2.96,12.53,1.54
1,1546509458614,3.16,11.48,2.08
1,1546509458614,2.24,9.45,2.79
1,1546509458614,1.17,8.9,3.18
1,1546509458614,0.33,8.59,3.28
1,1546509458680,-0.13,8.57,3.18
1,1546509458680,-1.36,9.43,1.95
1,1546509458681,-1.66,10.93,0.76
1,1546509458681,-1.97,12.91,-0.25
1,1546509458681,-2.46,14.47,-0.6
1,1546509458681,-3.08,14.86,-0.6
1,1546509458681,-4.21,13.37,0.46
1,1546509458681,-3.92,11.34,0.64
1,1546509458772,-3.94,8.76,-0.09
1,1546509458772,-3.47,5.99,0.35
1,1546509458773,-2.2,5.42,2.1
1,1546509458773,-2.46,7.32,2.12
1,1546509458773,-2.94,9.68,1.87
1,1546509458773,-3.02,11.54,1.62
1,1546509458773,-1.69,8.82,3.06
1,1546509458831,-1.23,5.85,4.19
1,1546509458832,-1.15,2.96,5.41
1,1546509458832,-1.32,0.68,6.52
1,1546509458832,-1.6,-0.29,6.95
1,1546509458832,-2.48,0.01,5.87
1,1546509458833,-2.65,0.46,5.44
1,1546509458833,-2.59,0.72,5.46
1,1546509458833,-2.18,0.85,5.58
1,1546509458918,-0.03,1.42,5.54
1,1546509458919,1.13,2.53,5.39
1,1546509458919,2.57,3.65,5.11
1,1546509458919,3.61,4.68,4.58
1,1546509458919,5.19,6.54,3.55
1,1546509458919,5.64,7.26,3.32
1,1546509458920,6.09,7.81,2.79
1,1546509458920,6.54,9.41,1.85
1,1546509459007,7.34,11.44,4.06
1,1546509459007,6.89,9.37,5.54
1,1546509459009,6.48,7.26,6.66
1,1546509459010,6.01,5.58,7.44
1,1546509459076,5.42,4.14,7.61
1,1546509459077,4.86,2.73,7.03
1,1546509459077,4.78,3.18,6.42
1,1546509459078,4.84,4.53,5.82
1,1546509459078,5.15,6.11,5.39
1,1546509459078,6.05,7.1,4.74
1,1546509459078,5.99,6.56,4.64
1,1546509459079,5.66,6.07,4.74
1,1546509459146,5.21,6.25,4.64
1,1546509459147,4.82,7.69,3.86
1,1546509459147,5.52,10.39,3.06
1,1546509459148,5.8,11.46,2.79
1,1546509459148,5.74,10.93,2.24
1,1546509459148,5.7,9.72,1.58
1,1546509459148,5.29,8.67,1.71
1,1546509459149,5.21,9.12,1.54
1,1546509459218,5.41,11.01,1.36
1,1546509459219,5.91,13.32,1.26
1,1546509459220,5.89,12.77,1.09
1,1546509459220,5.76,11.87,0.82
1,1546509459220,5.54,10.78,0.68
1,1546509459222,5.29,8.47,0.6
1,1546509459222,5.33,7.77,0.07
1,1546509459222,5.25,7.51,-0.23
1,1546509459275,5.21,8.14,-0.29
1,1546509459276,5.52,9.96,-0.5
1,1546509459277,5.8,10.74,-0.58
1,1546509459277,5.83,10.85,-0.6
1,1546509459277,5.62,9.92,-0.44
1,1546509459278,4.86,7.73,0.11
1,1546509459278,4.55,6.62,0.48
1,1546509459279,4.41,6.03,1.03
1,1546509459349,4.45,5.33,1.91
1,1546509459349,4.29,4.17,2.77
1,1546509459353,3.76,0.82,4.41
1,1546509459353,3.69,0.39,3.84
1,1546509459353,3.65,0.66,2.81
1,1546509459354,4.02,2.16,1.46
1,1546509459354,4.43,6.52,-3.75
1,1546509459354,4.58,8.55,-5.78
1,1546509459427,4.8,10.17,-7.12
1,1546509459428,5.03,11.34,-8.55
1,1546509459428,5.76,11.54,-10.09
1,1546509459428,5.95,11.15,-10.11
1,1546509459428,5.89,11.36,-10.15
1,1546509459428,5.37,11.52,-9.78
1,1546509459429,4.66,11.07,-8.96
1,1546509459429,4.21,9.92,-7.01
1,1546509459499,4.16,8.86,-6.21
1,1546509459500,4.04,7.63,-5.29
1,1546509459501,3.92,6.21,-4.31
1,1546509459502,4.55,4.21,-3.04
1,1546509459502,4.9,4.12,-2.55
1,1546509459502,5.19,4.0,-2.26
1,1546509459502,5.41,3.78,-2.44
1,1546509459503,6.03,4.17,-3.14
1,1546509459576,6.36,4.57,-3.47
1,1546509459577,6.56,5.23,-3.96
1,1546509459577,6.83,6.17,-4.25
1,1546509459578,7.75,8.08,-4.55
1,1546509459578,7.96,8.78,-5.13
1,1546509459578,7.89,8.78,-5.11
1,1546509459579,7.59,8.26,-5.07
1,1546509459649,7.34,7.42,-5.25
1,1546509459651,6.3,5.48,-3.76
1,1546509459652,6.26,5.29,-3.0
1,1546509459653,6.28,5.82,-2.07
1,1546509459656,6.11,6.34,-1.87
1,1546509459656,5.5,6.4,-1.21
1,1546509459656,5.6,6.11,0.09
1,1546509459657,5.74,5.58,-2.36
1,1546509459725,6.01,5.6,-1.25
1,1546509459726,5.74,7.03,-0.89
1,1546509459727,5.41,7.22,-1.07
1,1546509459727,4.88,6.6,-1.6
1,1546509459727,4.45,5.29,-1.83
1,1546509459728,4.6,5.52,-2.5
1,1546509459728,4.92,6.95,-3.32
1,1546509459799,5.21,8.06,-3.65
1,1546509459800,5.31,8.67,-4.02
1,1546509459800,5.0,8.8,-4.62
1,1546509459800,4.64,8.84,-5.09
1,1546509459800,5.01,8.96,-6.01
1,1546509459807,5.42,9.88,-6.85
1,1546509459807,5.39,10.95,-7.65
1,1546509459807,5.93,11.85,-7.18
1,1546509459875,6.54,12.08,-6.15
1,1546509459877,7.14,11.48,-6.4
1,1546509459877,7.38,10.66,-6.95
1,1546509459878,6.95,10.76,-5.72
1,1546509459878,6.99,10.41,-4.55
1,1546509459879,6.85,8.92,-3.69
1,1546509459879,6.42,7.1,-2.59
1,1546509459880,5.39,4.66,-0.82
1,1546509459949,5.09,3.96,-0.05
1,1546509459949,5.11,3.75,0.23
1,1546509459949,5.13,3.35,0.58
1,1546509459950,5.17,2.83,1.03
1,1546509459957,5.35,2.77,0.15
1,1546509459958,5.25,3.28,-0.82
1,1546509459958,5.11,4.06,-2.03
1,1546509460025,4.98,4.76,-2.89
1,1546509460026,4.9,6.4,-3.88
1,1546509460041,4.8,7.26,-4.39
1,1546509460042,4.64,8.22,-4.6
1,1546509460042,4.33,9.16,-4.27
1,1546509460043,3.06,10.15,-3.12
1,1546509460043,2.32,9.74,-2.51
1,1546509460043,1.62,8.2,-2.36
1,1546509460099,1.64,6.77,-1.44
1,1546509460099,1.28,2.5,0.11
1,1546509460099,1.4,3.55,-0.13
1,1546509460100,1.75,5.83,-0.44
1,1546509460109,2.42,8.18,-0.82
1,1546509460109,3.16,10.01,-0.89
1,1546509460109,4.49,11.28,-0.56
1,1546509460175,4.96,11.6,-0.35
1,1546509460175,5.09,11.71,-0.17
1,1546509460191,5.09,11.19,0.03
1,1546509460192,4.51,6.83,0.5
1,1546509460192,3.92,4.94,0.54
1,1546509460192,3.35,4.1,-0.15
1,1546509460193,3.12,4.49,-0.46
1,1546509460193,3.86,7.01,-1.03
1,1546509460260,4.41,9.76,-1.99
1,1546509460260,4.51,12.26,-2.5
1,1546509460261,4.58,13.61,-2.14
1,1546509460261,4.51,12.67,-1.58
1,1546509460261,4.39,11.13,-1.17
1,1546509460261,4.25,8.59,-0.25
1,1546509460261,3.8,5.64,1.36
1,1546509460262,3.51,3.73,2.03
1,1546509460326,3.26,2.08,3.32
1,1546509460327,3.59,3.35,2.26
1,1546509460327,4.31,7.63,-1.09
1,1546509460327,4.06,7.73,-0.64
1,1546509460328,3.35,9.19,-4.72
1,1546509460328,3.43,10.6,-5.44
1,1546509460328,3.71,12.07,-6.26
1,1546509460410,3.76,13.26,-5.93
1,1546509460410,4.37,14.74,-4.53
1,1546509460410,4.47,14.66,-3.55
1,1546509460411,4.47,14.25,-2.34
1,1546509460411,4.37,13.47,-1.46
1,1546509460411,4.14,10.78,0.52
1,1546509460411,4.17,9.43,1.32
1,1546509460412,4.23,8.06,1.5
1,1546509460476,4.16,6.73,1.11
1,1546509460476,4.04,5.64,0.41
1,1546509460477,4.58,4.94,-0.35
1,1546509460477,5.09,5.42,-0.46
1,1546509460478,5.64,6.52,-0.72
1,1546509460478,6.23,7.59,-0.85
1,1546509460479,7.03,8.3,-1.13
1,1546509460551,7.14,8.14,-1.44
1,1546509460551,6.95,7.79,-2.03
1,1546509460552,6.56,7.22,-2.42
1,1546509460552,6.38,6.79,-2.98
1,1546509460553,6.66,6.99,-2.24
1,1546509460553,6.91,7.03,-1.34
1,1546509460553,6.97,6.38,-1.15
1,1546509460553,6.97,5.41,-1.15
1,1546509460625,6.75,4.31,-0.89
1,1546509460648,6.64,4.19,-0.82
1,1546509460648,6.48,4.25,-0.76
1,1546509460648,6.36,4.19,-0.68
1,1546509460649,6.13,3.96,-0.48
1,1546509460649,5.99,3.71,-0.33
1,1546509460649,5.83,3.33,-0.21
1,1546509460650,5.72,2.96,-0.01
1,1546509460699,5.5,2.46,0.19
1,1546509460699,5.37,2.26,0.21
1,1546509460700,5.31,2.05,0.35
1,1546509460700,5.33,1.73,0.44
1,1546509460701,5.74,1.64,1.01
1,1546509460714,6.34,2.18,1.25
1,1546509460715,7.07,2.81,1.3
1,1546509460774,7.75,3.18,1.46
1,1546509460775,8.28,3.28,1.66
1,1546509460775,8.92,3.2,2.38
1,1546509460775,9.23,3.39,2.69
1,1546509460776,9.64,3.82,2.94
1,1546509460799,10.03,3.96,3.06
1,1546509460800,10.66,3.63,3.53
1,1546509460800,11.03,3.59,3.53
1,1546509460849,11.42,3.76,3.61
1,1546509460851,11.73,3.82,3.43
1,1546509460851,12.08,3.47,3.2
1,1546509460852,12.3,3.3,3.16
1,1546509460852,12.57,3.26,3.04
1,1546509460852,12.91,3.32,2.83
1,1546509460853,13.22,3.47,2.38
1,1546509460925,13.16,3.45,2.32
1,1546509460926,13.08,3.24,2.34
1,1546509460926,13.0,3.02,2.34
1,1546509460926,12.96,2.91,2.32
1,1546509460927,13.1,2.92,2.32
1,1546509460927,13.14,2.96,2.28
1,1546509460927,13.14,3.02,2.3
1,1546509460927,13.12,3.1,2.3
1,1546509460999,12.94,3.12,2.34
1,1546509461000,12.87,3.1,2.32
1,1546509461001,12.77,3.1,2.32
1,1546509461002,12.63,3.02,2.34
1,1546509461002,12.26,2.81,2.32
1,1546509461003,12.03,2.69,2.26
1,1546509461003,11.81,2.63,2.22
1,1546509461004,11.67,2.59,2.22
1,1546509461075,11.25,2.53,2.2
1,1546509461076,11.03,2.4,2.24
1,1546509461076,10.78,2.2,2.28
1,1546509461076,10.58,2.03,2.3
1,1546509461076,10.58,1.79,2.34
1,1546509461077,10.56,1.34,2.4
1,1546509461077,10.46,1.19,2.4
1,1546509461159,10.27,1.11,2.38
1,1546509461159,10.13,1.03,2.34
1,1546509461160,9.94,0.89,2.34
1,1546509461160,9.98,0.95,2.32
1,1546509461160,10.05,0.93,2.32
1,1546509461160,10.09,0.83,2.32
1,1546509461161,10.17,0.7,2.32
1,1546509461161,10.15,0.64,2.28
1,1546509461226,10.07,0.6,2.24
1,1546509461304,10.01,0.56,2.18
1,1546509461380,10.01,0.54,1.99
1,1546509461405,10.03,0.54,1.99
1,1546509461406,10.09,0.54,1.97
1,1546509461406,10.11,0.54,1.87
1,1546509461407,10.13,0.54,1.81
1,1546509461407,10.11,0.54,1.77
1,1546509461407,10.05,0.46,1.75
1,1546509461408,10.01,0.35,1.73
1,1546509461459,10.17,-0.42,1.48
1,1546509461460,10.56,-0.21,0.54
1,1546509461460,10.52,-0.25,0.44
1,1546509461460,10.5,-0.42,0.35
1,1546509461461,10.52,-0.46,0.27
1,1546509461461,10.56,-0.46,0.25
1,1546509461462,10.54,-0.39,0.17
1,1546509461462,10.48,-0.37,0.11
1,1546509461529,10.35,-0.35,0.19
1,1546509461529,10.23,-0.39,0.23
1,1546509461530,10.13,-0.33,0.23
1,1546509461530,10.01,-0.23,0.15
1,1546509461539,9.98,-0.17,0.07
1,1546509461539,9.92,-0.13,0.0
1,1546509461540,9.86,-0.11,0.03
1,1546509461540,9.82,-0.05,0.09
1,1546509461602,9.64,-0.03,0.17
1,1546509461603,9.58,0.01,0.27
1,1546509461621,9.51,0.07,0.25
1,1546509461622,9.39,0.09,0.23
1,1546509461622,9.25,0.15,0.23
1,1546509461622,9.29,0.19,0.25
1,1546509461623,9.35,0.15,0.19
1,1546509461623,9.43,0.17,0.09
1,1546509461677,9.62,0.17,-0.03
1,1546509461678,9.74,0.15,-0.07
1,1546509461678,9.84,0.19,0.0
1,1546509461678,9.96,0.23,0.0
1,1546509461679,10.09,0.25,-0.05
1,1546509461679,10.21,0.27,-0.07
1,1546509461679,10.44,0.27,-0.05
1,1546509461692,10.74,0.33,-0.09
1,1546509461753,10.93,0.37,-0.11
1,1546509461754,11.17,0.44,-0.19
1,1546509461755,11.21,0.5,-0.25
1,1546509461756,11.28,0.48,-0.31
1,1546509461830,11.34,0.46,-0.42
1,1546509461831,11.64,0.39,-0.44
1,1546509461833,11.89,0.33,-0.48
1,1546509461834,12.24,0.31,-0.5
1,1546509461835,12.59,0.27,-0.6
1,1546509461836,13.1,0.23,-0.6
1,1546509461836,13.18,0.19,-0.6
1,1546509461837,12.96,0.27,-0.64
1,1546509461907,12.57,0.39,-0.52
1,1546509461927,11.44,0.54,-0.21
1,1546509461927,10.48,0.62,0.11
1,1546509461928,10.0,0.72,0.31
1,1546509461928,9.62,0.8,0.52
1,1546509461928,9.0,0.7,1.01
1,1546509461929,8.76,0.58,1.3
1,1546509461929,8.53,0.54,1.42
1,1546509461979,8.43,0.44,1.54
1,1546509461992,8.47,0.41,1.97
1,1546509461993,8.55,0.48,2.01
1,1546509461993,8.51,0.46,2.05
1,1546509461993,8.41,0.27,2.07
1,1546509461994,8.37,0.15,1.99
1,1546509461994,8.32,0.13,1.91
1,1546509461994,8.37,0.01,1.71
1,1546509462053,8.69,-0.25,1.25
1,1546509462054,8.84,-0.44,1.07
1,1546509462076,9.0,-0.7,0.74
1,1546509462076,9.14,-0.95,0.54
1,1546509462077,9.27,-1.17,0.33
1,1546509462077,9.53,-1.46,0.41
1,1546509462077,9.53,-1.52,0.68
1,1546509462077,9.51,-1.44,0.89
1,1546509462126,9.41,-1.17,1.15
1,1546509462143,9.12,-0.39,1.56
1,1546509462144,8.9,-0.07,1.66
1,1546509462144,8.65,0.19,1.81
1,1546509462144,8.37,0.42,1.87
1,1546509462145,7.77,0.62,1.97
1,1546509462145,7.75,0.78,2.12
1,1546509462145,7.83,1.01,2.28
1,1546509462202,8.02,1.23,2.3
1,1546509462202,8.39,1.46,2.26
1,1546509462202,9.25,1.44,2.07
1,1546509462210,9.37,1.3,1.95
1,1546509462211,9.31,1.26,1.89
1,1546509462211,9.08,1.3,1.91
1,1546509462211,8.26,1.83,1.75
1,1546509462278,7.87,2.18,1.73
1,1546509462279,7.5,2.46,1.77
1,1546509462279,7.18,2.5,1.75
1,1546509462279,6.66,2.03,1.69
1,1546509462280,6.46,1.69,1.77
1,1546509462280,6.4,1.46,1.97
1,1546509462280,6.46,1.19,2.1
1,1546509462280,7.14,1.03,1.85
1,1546509462352,7.53,0.97,1.66
1,1546509462353,7.77,0.89,1.5
1,1546509462353,7.94,0.83,1.46
1,1546509462353,7.87,0.68,1.32
1,1546509462353,7.75,0.6,1.23
1,1546509462353,7.59,0.56,1.25
1,1546509462354,7.53,0.54,1.19
1,1546509462354,7.42,0.54,1.15
1,1546509462426,7.32,0.41,1.11
1,1546509462457,7.08,0.01,1.17
1,1546509462459,6.93,-0.72,1.25
1,1546509462460,6.71,-1.56,1.15
1,1546509462460,6.26,-2.75,1.03
1,1546509462461,6.03,-3.24,0.91
1,1546509462462,5.82,-3.49,0.78
1,1546509462518,5.62,-3.55,0.58
1,1546509462519,5.42,-3.63,0.42
1,1546509462519,5.42,-3.8,0.52
1,1546509462519,5.42,-3.98,0.56
1,1546509462520,5.48,-4.1,0.21
1,1546509462575,5.29,-4.14,-0.21
1,1546509462577,4.62,-4.06,-1.03
1,1546509462577,4.27,-4.02,-1.36
1,1546509462578,4.14,-3.84,-1.56
1,1546509462578,4.58,-3.61,-1.6
1,1546509462578,6.21,-2.91,-1.91
1,1546509462578,7.26,-2.08,-2.05
1,1546509462578,8.24,-1.26,-2.26
1,1546509462654,9.06,-0.44,-2.75
1,1546509462655,10.33,-1.25,-3.14
1,1546509462655,10.52,-1.67,-2.94
1,1546509462655,10.48,-1.91,-2.83
1,1546509462656,10.29,-1.75,-2.5
1,1546509462656,10.35,-1.4,-2.36
1,1546509462727,10.66,-1.09,-2.08
1,1546509462727,11.03,-1.03,-1.87
1,1546509462728,11.34,-1.26,-1.73
1,1546509462728,11.64,-1.81,-1.4
1,1546509462728,11.6,-2.08,-0.89
1,1546509462729,11.54,-2.24,-0.35
1,1546509462729,11.66,-2.4,0.13
1,1546509462729,12.1,-2.26,0.76
1,1546509462805,12.61,-2.03,0.82
1,1546509462832,13.32,-1.64,0.6
1,1546509462834,13.67,-1.32,0.23
1,1546509462835,13.47,-0.35,-0.13
1,1546509462837,13.08,-0.62,-0.03
1,1546509462838,12.42,-1.25,0.07
1,1546509462839,11.91,-1.62,0.03
1,1546509462840,11.69,-1.5,0.42
1,1546509462905,11.75,-1.5,0.78
1,1546509462906,12.08,-1.73,0.91
1,1546509462906,12.59,-1.66,0.82
1,1546509462907,13.14,-1.13,0.13
1,1546509462907,13.2,-1.21,0.27
1,1546509462907,13.47,-1.42,0.56
1,1546509462908,13.71,-1.87,1.25
1,1546509462908,14.35,-2.34,2.14
1,1546509462967,14.55,-1.75,1.73
1,1546509462968,14.19,-0.91,1.13
1,1546509462968,13.75,-0.17,0.6
1,1546509462968,13.57,-0.41,-0.03
1,1546509462968,13.8,-0.52,-0.42
1,1546509462968,13.94,-0.11,-0.62
1,1546509462968,13.84,0.35,-0.76
1,1546509462969,13.63,0.58,-0.8
1,1546509463028,13.22,0.37,-0.17
1,1546509463062,13.2,-0.13,0.39
1,1546509463063,13.22,-0.37,0.31
1,1546509463064,13.24,-0.41,0.35
1,1546509463065,12.85,-0.21,0.95
1,1546509463066,12.65,-0.03,0.29
1,1546509463066,12.44,0.5,0.23
1,1546509463067,11.6,-0.27,0.41
1,1546509463118,12.32,-4.27,2.4
1,1546509463118,12.57,-3.75,2.59
1,1546509463119,12.16,-2.32,2.4
1,1546509463119,11.64,-0.89,1.93
1,1546509463119,11.15,1.42,0.99
1,1546509463119,11.01,1.89,0.7
1,1546509463120,10.97,2.01,0.82
1,1546509463120,10.87,2.2,0.66
1,1546509463176,10.58,2.32,0.46
1,1546509463177,10.44,1.89,0.99
1,1546509463177,10.41,1.83,0.91
1,1546509463185,10.19,1.42,0.7
1,1546509463186,10.03,0.7,0.23
1,1546509463186,10.11,0.39,0.09
1,1546509463186,10.05,0.07,0.37
1,1546509463257,10.11,-0.09,0.42
1,1546509463257,10.21,-0.03,0.64
1,1546509463258,10.09,0.48,0.07
1,1546509463258,9.98,0.56,-0.31
1,1546509463258,9.88,0.56,-0.29
1,1546509463259,9.76,0.54,-0.5
1,1546509463260,9.68,0.56,-0.39
1,1546509463260,9.8,0.35,-0.09
1,1546509463327,9.96,-0.23,0.23
1,1546509463328,10.15,-0.37,0.66
1,1546509463328,10.46,-0.21,0.85
1,1546509463329,10.29,-0.85,1.23
1,1546509463334,10.48,-0.82,1.38
1,1546509463335,10.62,-0.5,1.25
1,1546509463335,10.72,-0.03,1.01
1,1546509463335,10.64,-1.26,1.07
1,1546509463404,10.87,-0.95,0.13
1,1546509463406,10.83,0.27,-0.03
1,1546509463407,10.41,0.93,-0.78
1,1546509463408,10.01,0.89,-0.76
1,1546509463481,10.27,0.72,-0.52
1,1546509463482,10.52,0.83,-0.54
1,1546509463483,10.83,0.58,-0.83
1,1546509463484,12.42,1.25,-3.08
1,1546509463485,14.25,3.76,-4.08
1,1546509463487,15.29,6.09,-4.35
1,1546509463488,14.14,6.09,-3.18
1,1546509463489,12.59,4.02,-1.01
1,1546509463561,13.51,3.43,4.62
1,1546509463563,12.67,3.82,5.17
1,1546509463563,11.15,3.26,2.77
1,1546509463564,10.13,1.93,0.03
1,1546509463564,11.03,0.35,-2.2
1,1546509463565,12.67,0.21,-1.17
1,1546509463566,13.88,-0.44,-1.05
1,1546509463567,14.96,-1.54,-0.23
1,1546509463628,16.07,-2.81,1.01
1,1546509463629,14.82,-1.26,0.21
1,1546509463630,14.35,0.21,0.31
1,1546509463631,13.73,1.03,1.46
1,1546509463631,13.08,0.78,1.5
1,1546509463632,12.67,0.76,0.93
1,1546509463632,12.61,0.97,0.21
1,1546509463633,12.48,1.32,-0.37
1,1546509463704,12.38,1.17,-0.39
1,1546509463706,12.34,0.82,-0.5
1,1546509463706,12.36,0.58,-0.64
1,1546509463707,12.75,0.66,-0.58
1,1546509463708,12.96,1.11,0.05
1,1546509463709,12.87,0.89,0.56
1,1546509463710,12.73,0.7,0.5
1,1546509463711,12.53,0.6,0.19
1,1546509463779,12.1,0.93,-0.5
1,1546509463781,12.01,1.01,-0.97
1,1546509463781,11.97,0.97,-1.28
1,1546509463782,11.95,0.8,-1.17
1,1546509463783,11.62,0.66,-0.39
1,1546509463784,11.64,0.54,-0.13
1,1546509463786,11.79,0.52,-0.37
1,1546509463786,11.79,0.41,-0.62
1,1546509463858,11.69,0.19,-0.5
1,1546509463859,11.44,0.44,-0.41
1,1546509463860,11.26,0.6,-0.62
1,1546509463860,11.38,0.64,-0.91
1,1546509463930,11.52,0.58,-1.13
1,1546509463941,11.26,0.56,-1.09
1,1546509463942,11.09,0.62,-0.97
1,1546509463942,11.01,0.56,-0.97
1,1546509463943,11.01,0.41,-0.83
1,1546509463944,11.05,0.03,-1.25
1,1546509463944,10.78,0.56,-2.12
1,1546509463945,10.54,0.72,-2.53
1,1546509464003,10.37,0.6,-2.34
1,1546509464004,10.23,0.56,-2.59
1,1546509464004,10.09,0.72,-2.71
1,1546509464005,10.35,0.82,-2.53
1,1546509464006,10.29,0.91,-2.08
1,1546509464006,9.29,0.74,-2.3
1,1546509464006,9.23,0.7,-2.24
1,1546509464007,9.6,0.54,-2.1
1,1546509464079,9.78,0.6,-2.36
1,1546509464081,9.39,1.4,-3.39
1,1546509464082,9.29,1.01,-2.89
1,1546509464083,8.94,0.58,-2.5
1,1546509464085,8.82,-0.13,-3.1
1,1546509464087,9.21,0.07,-3.39
1,1546509464088,9.33,0.7,-3.8
1,1546509464090,8.96,1.52,-4.31
1,1546509464159,8.08,1.26,-4.06
1,1546509464160,8.2,1.01,-4.1
1,1546509464160,8.53,1.13,-4.45
1,1546509464160,8.73,1.19,-4.43
1,1546509464161,8.61,1.07,-4.6
1,1546509464161,8.04,1.67,-4.58
1,1546509464162,7.61,2.4,-5.09
1,1546509464162,7.5,3.1,-5.52
1,1546509464228,7.55,3.39,-5.78
1,1546509464229,7.36,3.84,-6.85
1,1546509464229,7.71,4.16,-6.38
1,1546509464230,7.28,4.31,-6.3
1,1546509464230,7.3,4.53,-5.95
1,1546509464230,7.4,3.84,-5.31
1,1546509464231,7.69,3.86,-4.82
1,1546509464231,7.51,4.29,-4.76
1,1546509464304,7.14,5.17,-5.03
1,1546509464307,6.58,5.93,-5.31
1,1546509464308,6.58,5.72,-5.05
1,1546509464310,6.69,5.56,-4.96
1,1546509464312,6.66,5.8,-4.64
1,1546509464313,6.23,5.95,-4.68
1,1546509464315,3.8,6.25,-4.68
1,1546509464378,3.02,6.89,-4.68
1,1546509464379,2.48,8.02,-4.49
1,1546509464380,1.91,9.1,-5.05
1,1546509464380,0.82,9.74,-3.08
1,1546509464381,1.21,9.45,-2.83
1,1546509464465,1.38,9.08,-2.77
1,1546509464466,1.89,8.32,-2.32
1,1546509464467,2.01,6.89,-2.1
1,1546509464468,2.24,7.57,-2.42
1,1546509464469,2.42,8.08,-2.65
1,1546509464470,2.36,8.12,-2.67
1,1546509464471,1.44,8.1,-1.95
1,1546509464528,1.11,8.04,-1.79
1,1546509464530,0.76,7.2,-1.71
1,1546509464531,0.05,6.03,-1.25
1,1546509464531,-0.97,5.41,-0.41
1,1546509464531,-2.96,5.64,0.76
1,1546509464532,-3.94,5.03,1.28
1,1546509464545,-4.55,4.37,1.23
1,1546509464605,-4.64,4.92,0.52
1,1546509464606,-3.82,8.76,-0.87
1,1546509464606,-3.22,10.89,-1.13
1,1546509464606,-2.71,11.03,1.34
1,1546509464607,-2.91,7.07,3.04
1,1546509464679,-3.0,6.32,3.75
1,1546509464681,-3.33,6.75,3.86
1,1546509464683,-3.94,7.59,2.92
1,1546509464683,-4.68,9.47,1.71
1,1546509464684,-4.57,10.64,2.3
1,1546509464685,-4.58,10.07,2.46
1,1546509464686,-4.78,8.67,3.04
1,1546509464687,-5.17,5.8,4.0
1,1546509464766,-5.56,5.27,4.02
1,1546509464767,-7.03,7.01,1.09
1,1546509464767,-6.25,8.32,1.25
1,1546509464768,-5.0,9.14,1.52
1,1546509464768,-4.51,6.64,2.34
1,1546509464769,-5.07,4.78,2.79
1,1546509464769,-5.5,3.24,3.71
1,1546509464769,-5.5,2.3,4.53
1,1546509464827,-5.7,2.34,5.0
1,1546509464828,-6.34,2.92,4.43
1,1546509464828,-7.28,3.59,3.67
1,1546509464828,-8.18,4.29,2.61
1,1546509464828,-8.84,5.21,2.55
1,1546509464828,-8.16,6.64,3.0
1,1546509464829,-7.55,6.66,3.49
1,1546509464905,-7.22,6.15,4.14
1,1546509464906,-7.28,5.46,4.84
1,1546509464907,-8.14,5.25,4.57
1,1546509464908,-8.78,6.32,3.78
1,1546509464909,-9.27,7.98,3.02
1,1546509464910,-9.43,9.62,2.14
1,1546509464910,-8.51,10.83,0.13
1,1546509464911,-7.55,8.63,-1.46
1,1546509465071,-6.3,4.74,3.3
1,1546509465073,-2.87,0.8,8.24
1,1546509465074,1.42,0.0,7.59
1,1546509465075,-0.68,0.7,6.81
1,1546509465075,-3.71,2.01,5.97
1,1546509465131,-6.23,4.94,4.17
1,1546509465131,-7.75,8.49,2.75
1,1546509465132,-6.52,11.83,5.19
1,1546509465132,-3.59,10.6,6.44
1,1546509465133,-2.16,6.99,5.97
1,1546509465133,-6.52,3.37,4.25
1,1546509465151,-4.74,2.71,5.39
1,1546509465152,-4.02,1.87,5.58
1,1546509465285,-5.11,1.15,5.39
1,1546509465286,-5.17,1.91,4.8
1,1546509465287,-5.99,2.32,4.1
1,1546509465287,-6.89,2.73,3.75
1,1546509465288,-7.59,2.79,3.75
1,1546509465354,-7.16,2.36,4.76
1,1546509465354,-6.5,2.22,4.9
1,1546509465355,-6.34,1.67,4.98
1,1546509465355,-6.38,1.05,5.35
1,1546509465355,-6.13,0.85,5.56
1,1546509465356,-6.97,2.63,5.64
1,1546509465356,-7.28,2.34,5.68
1,1546509465356,-6.95,1.62,5.64
1,1546509465427,-7.22,1.77,5.23
1,1546509465427,-6.73,1.09,5.89
1,1546509465428,-7.16,0.54,5.62
1,1546509465428,-7.91,0.29,5.64
1,1546509465436,-8.55,0.66,6.09
1,1546509465437,-8.02,1.54,6.44
1,1546509465437,-7.53,2.5,6.79
1,1546509465437,-7.32,2.59,6.85
1,1546509465501,-7.16,1.03,7.22
1,1546509465502,-6.95,0.54,7.08
1,1546509465524,-7.12,0.62,6.85
1,1546509465526,-7.57,0.64,6.89
1,1546509465526,-7.94,0.54,6.89
1,1546509465527,-8.43,0.56,6.93
1,1546509465527,-8.53,0.76,7.2
1,1546509465528,-8.35,1.34,7.36
1,1546509465578,-7.83,2.14,7.44
1,1546509465578,-6.97,3.06,7.42
1,1546509465579,-7.14,2.36,6.81
1,1546509465579,-7.55,1.26,6.64
1,1546509465579,-7.67,0.85,6.58
1,1546509465580,-7.87,1.6,6.42
1,1546509465581,-7.81,1.73,6.26
1,1546509465581,-7.44,1.5,6.56
1,1546509465652,-6.93,1.38,6.62
1,1546509465652,-6.83,1.52,6.66
1,1546509465654,-6.85,1.71,6.85
1,1546509465654,-6.75,2.03,6.58
1,1546509465654,-6.73,2.42,6.46
1,1546509465655,-6.75,2.73,6.42
1,1546509465655,-7.57,1.5,6.26
1,1546509465728,-7.55,1.19,6.38
1,1546509465737,-7.4,1.38,6.46
1,1546509465738,-7.32,1.93,6.5
1,1546509465738,-7.32,1.69,6.67
1,1546509465738,-7.32,1.13,6.42
1,1546509465739,-7.48,0.76,6.3
1,1546509465739,-7.5,0.56,6.64
1,1546509465739,-7.1,0.89,6.67
1,1546509465801,-7.24,0.93,6.38
1,1546509465802,-7.65,0.93,6.44
1,1546509465802,-8.06,1.19,6.5
1,1546509465803,-8.18,1.66,6.54
1,1546509465803,-7.67,2.07,6.62
1,1546509465803,-7.53,1.79,6.36
1,1546509465803,-7.81,1.4,6.34
1,1546509465804,-7.96,0.74,6.66
1,1546509465956,-7.5,-0.52,6.85
1,1546509465958,-7.2,-0.46,7.01
1,1546509465959,-6.89,0.07,7.2
1,1546509465960,-6.64,0.58,7.05
1,1546509465960,-6.97,1.3,6.5
1,1546509466031,-7.07,1.21,6.17
1,1546509466033,-7.08,0.93,6.01
1,1546509466034,-7.05,0.89,6.01
1,1546509466034,-7.36,1.09,6.36
1,1546509466034,-7.38,0.85,6.56
1,1546509466105,-6.67,-0.46,7.5
1,1546509466107,-6.52,0.11,7.51
1,1546509466107,-7.4,1.97,7.77
1,1546509466108,-7.69,2.48,7.92
1,1546509466108,-6.77,2.77,8.14
1,1546509466109,-6.32,1.95,8.18
1,1546509466109,-5.78,0.7,8.59
1,1546509466110,-5.66,0.66,8.8
1,1546509466179,-5.66,0.58,8.41
1,1546509466179,-5.85,0.54,8.73
1,1546509466180,-5.76,0.54,8.76
1,1546509466180,-5.74,0.54,9.02
1,1546509466180,-5.6,0.56,9.27
1,1546509466181,-5.33,0.33,9.39
1,1546509466181,-4.8,0.42,9.43
1,1546509466182,-4.27,0.64,9.29
1,1546509466252,-4.33,1.01,8.88
1,1546509466252,-5.52,1.03,8.45
1,1546509466253,-5.37,0.64,8.43
1,1546509466254,-5.0,0.33,8.76
1,1546509466254,-4.68,0.09,8.57
1,1546509466255,-4.57,0.56,8.51
1,1546509466255,-4.39,0.68,8.57
1,1546509466255,-4.12,0.89,8.26
1,1546509466339,-4.08,0.87,8.16
1,1546509466340,-4.25,0.54,8.32
1,1546509466340,-4.41,0.48,8.22
1,1546509466340,-4.37,0.56,8.06
1,1546509466341,-4.1,0.8,8.3
1,1546509466341,-3.8,0.89,8.2
1,1546509466341,-4.25,0.52,7.98
1,1546509466342,-4.45,0.27,7.92
1,1546509466403,-4.31,0.19,7.57
1,1546509466404,-4.25,0.41,7.65
1,1546509466405,-3.94,0.8,7.96
1,1546509466428,-3.67,1.07,7.67
1,1546509466428,-3.94,1.09,7.79
1,1546509466428,-4.19,0.78,8.22
1,1546509466429,-3.65,0.6,8.55
1,1546509466429,-3.47,0.74,8.67
1,1546509466478,-3.78,0.6,8.51
1,1546509466493,-4.17,0.54,8.73
1,1546509466494,-4.08,0.58,9.0
1,1546509466494,-3.28,1.07,8.78
1,1546509466494,-3.51,0.85,8.94
1,1546509466494,-3.84,0.31,9.1
1,1546509466494,-3.98,-0.31,9.1
1,1546509466495,-4.41,-0.68,9.31
1,1546509466551,-4.39,-0.01,9.6
1,1546509466551,-4.17,0.33,9.58
1,1546509466572,-3.94,0.35,9.66
1,1546509466573,-3.28,0.64,9.35
1,1546509466574,-3.22,0.95,9.6
1,1546509466574,-3.22,0.66,9.66
1,1546509466625,-3.3,-0.01,9.43
1,1546509466626,-3.67,-1.66,9.7
1,1546509466626,-3.35,-1.62,9.62
1,1546509466627,-3.02,-1.05,9.49
1,1546509466627,-3.06,-0.25,9.33
1,1546509466702,-3.49,0.19,9.25
1,1546509466702,-3.53,0.58,9.41
1,1546509466702,-3.28,1.03,9.25
1,1546509466703,-3.35,1.25,9.37
1,1546509466703,-3.57,0.66,9.12
1,1546509466704,-2.98,0.48,9.14
1,1546509466704,-2.79,0.56,9.02
1,1546509466704,-2.92,0.56,8.94
1,1546509466777,-3.04,0.56,8.84
1,1546509466778,-3.26,0.13,8.8
1,1546509466803,-3.06,0.25,8.73
1,1546509466804,-3.14,0.29,8.59
1,1546509466804,-3.45,0.33,8.82
1,1546509466805,-3.53,0.33,8.92
1,1546509466805,-3.26,0.42,8.84
1,1546509466806,-2.94,0.52,8.76
1,1546509466855,-3.04,0.31,8.86
1,1546509466856,-3.06,0.19,8.96
1,1546509466856,-3.04,-0.01,8.92
1,1546509466857,-3.12,-0.09,8.98
1,1546509466857,-3.3,-0.15,9.08
1,1546509466858,-3.35,-0.07,9.08
1,1546509466858,-3.65,0.05,9.14
1,1546509466859,-3.76,0.31,9.51
1,1546509466926,-3.32,0.05,9.17
1,1546509466947,-2.92,0.31,9.31
1,1546509466948,-2.81,0.29,9.49
1,1546509466948,-2.92,-0.33,9.53
1,1546509466948,-3.18,-1.56,9.25
1,1546509466948,-3.02,-1.11,9.29
1,1546509466948,-2.98,0.0,9.21
1,1546509466949,-3.16,0.78,9.23
1,1546509467001,-3.47,1.3,9.23
1,1546509467015,-3.28,1.28,9.16
1,1546509467017,-3.04,0.89,8.98
1,1546509467017,-2.67,0.78,8.71
1,1546509467018,-2.87,0.64,9.29
1,1546509467019,-3.16,-0.27,9.19
1,1546509467020,-3.12,-0.44,9.04
1,1546509467021,-3.12,-0.15,9.19
1,1546509467076,-3.2,0.37,9.16
1,1546509467077,-3.3,0.7,9.43
1,1546509467102,-3.28,0.7,9.33
1,1546509467103,-3.37,0.64,9.33
1,1546509467103,-3.51,0.35,9.37
1,1546509467104,-3.8,0.52,9.23
1,1546509467104,-3.82,0.87,9.45
1,1546509467104,-3.84,1.05,9.33
1,1546509467154,-3.92,0.91,9.33
1,1546509467170,-3.9,0.89,9.14
1,1546509467171,-3.32,0.66,9.29
1,1546509467171,-3.14,0.87,9.1
1,1546509467171,-3.26,1.38,8.84
1,1546509467226,-3.59,1.95,8.65
1,1546509467255,-3.86,1.87,8.59
1,1546509467256,-3.92,1.34,8.53
1,1546509467257,-4.0,0.83,8.39
1,1546509467257,-4.14,0.56,8.37
1,1546509467258,-4.31,0.17,8.18
1,1546509467258,-4.74,0.23,8.35
1,1546509467258,-4.88,0.48,8.41
1,1546509467303,-4.51,0.8,8.45
1,1546509467303,-3.92,1.6,8.22
1,1546509467333,-4.14,2.3,8.26
1,1546509467333,-4.58,1.91,8.22
1,1546509467334,-5.15,1.3,8.04
1,1546509467381,-5.58,0.89,8.2
1,1546509467383,-5.46,0.56,8.49
1,1546509467384,-5.41,0.44,8.53
1,1546509467385,-5.68,0.01,8.45
1,1546509467386,-6.11,-0.29,8.94
1,1546509467387,-6.17,0.87,9.27
1,1546509467388,-6.07,1.23,9.19
1,1546509467389,-6.11,1.28,8.98
1,1546509467452,-6.23,1.15,9.0
1,1546509467482,-7.01,0.76,9.1
1,1546509467484,-6.44,0.89,8.78
1,1546509467484,-5.95,0.35,8.59
1,1546509467485,-6.25,0.01,8.65
1,1546509467486,-6.26,0.11,8.51
1,1546509467487,-6.17,0.52,8.45
1,1546509467488,-6.32,0.64,8.43
1,1546509467559,-6.32,0.54,8.14
1,1546509467560,-6.19,0.54,7.98
1,1546509467561,-6.28,0.52,8.08
1,1546509467561,-6.66,0.54,7.69
1,1546509467562,-6.66,0.48,7.71
1,1546509467563,-6.25,0.76,8.35
1,1546509467563,-5.87,1.23,8.41
1,1546509467563,-5.42,1.95,8.35
1,1546509467600,-5.62,1.91,8.53
1,1546509467601,-5.89,1.81,8.16
1,1546509467602,-6.17,1.99,8.16
1,1546509467602,-6.36,2.2,8.04
1,1546509467603,-6.95,1.81,8.24
1,1546509467603,-6.99,1.44,8.16
1,1546509467604,-6.75,1.42,8.1
1,1546509467604,-6.56,1.56,8.1
1,1546509467674,-6.36,1.48,8.76
1,1546509467674,-6.19,1.73,8.51
1,1546509467685,-5.89,2.38,7.73
1,1546509467685,-5.99,2.96,7.94
1,1546509467685,-6.77,2.48,8.12
1,1546509467686,-6.85,1.99,8.12
1,1546509467686,-6.75,1.89,8.39
1,1546509467686,-6.6,1.93,8.53
1,1546509467751,-6.52,2.2,8.73
1,1546509467752,-6.56,2.2,8.53
1,1546509467752,-6.69,2.12,8.49
1,1546509467753,-6.79,1.99,8.55
1,1546509467753,-6.71,1.73,8.65
1,1546509467824,-6.52,2.48,8.45
1,1546509467825,-6.5,3.22,8.3
1,1546509467836,-6.6,3.55,8.08
1,1546509467837,-6.56,3.59,7.98
1,1546509467837,-6.62,2.4,8.53
1,1546509467837,-6.44,1.67,8.53
1,1546509467837,-6.21,1.44,8.47
1,1546509467838,-6.13,1.54,8.39
1,1546509467900,-6.42,1.64,8.14
1,1546509467901,-6.44,1.58,8.16
1,1546509467901,-6.26,1.58,8.08
1,1546509467902,-6.03,1.62,7.71
1,1546509467902,-5.76,2.63,7.83
1,1546509467903,-5.66,2.79,7.77
1,1546509467903,-5.5,2.83,7.42
1,1546509467903,-5.48,2.87,7.42
1,1546509467975,-5.58,2.87,7.44
1,1546509467976,-5.78,2.46,7.73
1,1546509467976,-5.64,2.28,7.65
1,1546509467976,-5.42,2.32,7.77
1,1546509467976,-5.33,2.34,7.91
1,1546509467987,-5.48,2.46,7.81
1,1546509467988,-5.48,2.55,7.91
1,1546509468049,-5.5,2.48,7.91
1,1546509468050,-5.44,2.55,7.79
1,1546509468050,-5.46,3.28,7.67
1,1546509468050,-5.48,3.43,7.71
1,1546509468051,-5.41,3.41,7.77
1,1546509468054,-5.23,3.47,7.96
1,1546509468055,-5.05,3.57,7.94
1,1546509468055,-5.01,2.98,7.81
1,1546509468125,-5.23,2.57,7.91
1,1546509468138,-5.37,2.36,7.91
1,1546509468138,-5.46,2.44,7.75
1,1546509468138,-5.58,2.79,7.48
1,1546509468139,-5.64,2.61,7.44
1,1546509468139,-5.58,2.44,7.81
1,1546509468139,-5.37,2.3,7.73
1,1546509468139,-5.23,2.61,7.75
1,1546509468199,-5.29,2.71,7.92
1,1546509468199,-5.17,2.77,7.75
1,1546509468200,-5.03,2.96,7.67
1,1546509468200,-5.23,2.96,7.73
1,1546509468200,-5.29,2.91,7.87
1,1546509468289,-5.09,3.02,7.87
1,1546509468356,-4.9,3.14,7.85
1,1546509468356,-5.03,2.69,7.87
1,1546509468356,-5.25,2.2,7.89
1,1546509468356,-5.44,2.05,7.98
1,1546509468579,-5.54,2.51,8.3
1,1546509468580,-5.37,3.02,8.28
1,1546509468580,-4.96,3.43,8.26
1,1546509468580,-4.72,3.59,8.43
1,1546509468581,-4.64,3.69,8.47
1,1546509468653,-5.01,3.55,8.43
1,1546509468654,-4.66,5.39,11.52
1,1546509468654,-5.6,4.72,9.62
1,1546509468654,-5.91,3.75,4.74
1,1546509468654,-6.6,2.81,7.73
1,1546509468803,-4.43,2.75,7.53
1,1546509468811,-4.35,2.87,7.59
1,1546509468812,-4.23,3.06,7.65
1,1546509468812,-4.39,3.92,9.92
1,1546509468812,-4.64,2.48,6.79
1,1546509468954,-5.21,2.69,6.58
1,1546509468955,-4.96,2.5,8.16
1,1546509468955,-3.86,2.57,8.57
1,1546509468955,-3.63,2.83,8.47
1,1546509468956,-4.62,3.37,7.83
1,1546509469026,-4.39,3.3,7.81
1,1546509469027,-4.23,2.96,7.92
1,1546509469027,-4.21,2.87,7.71
1,1546509469027,-4.35,2.75,8.28
1,1546509469028,-5.25,3.04,7.44
1,1546509469028,-5.05,2.75,7.44
1,1546509469028,-4.94,2.87,7.24
1,1546509469028,-4.86,3.51,11.34
1,1546509469101,-5.56,3.75,4.68
1,1546509469114,-4.78,7.69,16.05
1,1546509469115,-6.15,3.22,7.18
1,1546509469115,-4.51,1.15,12.01
1,1546509469115,-4.19,2.16,8.59
1,1546509469116,-5.03,3.43,3.18
1,1546509469116,-5.78,3.14,7.69
1,1546509469116,-5.07,2.5,5.23
1,1546509469177,-4.96,2.5,7.87
1,1546509469178,-4.12,3.3,10.91
1,1546509469179,-5.68,4.04,8.06
1,1546509469179,-5.42,4.39,7.85
1,1546509469179,-5.35,4.53,8.02
1,1546509469179,-5.31,3.98,8.14
1,1546509469180,-4.86,3.28,8.02
1,1546509469180,-5.48,3.16,7.34
1,1546509469252,-6.13,2.14,7.24
1,1546509469252,-6.17,1.03,6.85
1,1546509469253,-5.87,1.05,7.18
1,1546509469253,-4.62,2.79,7.24
1,1546509469254,-5.19,3.96,13.55
1,1546509469254,-4.53,4.96,8.06
1,1546509469255,-6.34,5.5,4.84
1,1546509469255,-4.17,3.35,7.53
1,1546509469325,-5.09,2.12,7.16
1,1546509469326,-4.51,1.81,9.57
1,1546509469348,-4.19,2.59,6.75
1,1546509469349,-6.48,3.22,8.51
1,1546509469349,-5.46,3.86,6.93
1,1546509469349,-5.41,3.78,6.97
1,1546509469349,-4.51,3.92,8.78
1,1546509469350,-4.1,4.35,7.4
1,1546509469400,-4.88,4.19,7.65
1,1546509469400,-5.29,3.63,6.87
1,1546509469400,-5.52,3.18,8.1
1,1546509469415,-5.13,3.02,8.06
1,1546509469415,-5.83,2.55,7.24
1,1546509469564,-6.15,3.04,7.65
1,1546509469566,-5.76,3.61,8.63
1,1546509469567,-5.25,4.21,6.95
1,1546509469568,-5.33,4.14,8.3
1,1546509469570,-4.98,4.1,8.02
1,1546509469637,-5.19,3.67,6.32
1,1546509469638,-5.39,3.37,7.94
1,1546509469638,-5.8,2.92,7.53
1,1546509469639,-5.56,2.48,7.53
1,1546509469639,-5.41,2.65,7.22
1,1546509469639,-5.54,2.01,7.08
1,1546509469640,-5.66,1.95,6.69
1,1546509469640,-5.33,3.18,8.0
1,1546509469702,-5.03,4.0,6.99
1,1546509469703,-4.39,2.94,7.26
1,1546509469723,-5.19,2.5,6.36
1,1546509469723,-5.17,2.77,8.47
1,1546509469724,-4.92,3.1,8.0
1,1546509469725,-5.19,2.83,8.51
1,1546509469725,-4.35,3.18,8.39
1,1546509469726,-5.13,3.37,7.16
1,1546509469866,-5.21,3.65,7.59
1,1546509469868,-4.82,4.16,6.77
1,1546509469868,-5.17,4.14,8.12
1,1546509469869,-5.21,3.75,6.42
1,1546509469870,-5.91,3.22,8.02
1,1546509469938,-4.37,1.52,8.3
1,1546509469940,-4.68,1.4,7.55
1,1546509469940,-4.35,2.26,8.55
1,1546509469941,-4.62,3.28,8.39
1,1546509469941,-5.87,4.76,7.3
1,1546509469941,-4.78,2.75,9.1
1,1546509469942,-4.8,3.73,8.14
1,1546509470004,-4.43,4.04,5.97
1,1546509470004,-4.74,3.51,7.3
1,1546509470005,-4.6,3.18,6.77
1,1546509470005,-5.29,3.33,7.36
1,1546509470005,-4.1,3.76,7.77
1,1546509470007,-3.49,4.1,6.93
1,1546509470007,-3.98,3.39,7.12
1,1546509470008,-3.96,3.12,6.46
1,1546509470079,-4.41,3.57,6.46
1,1546509470080,-4.58,5.5,7.48
1,1546509470081,-4.31,5.39,7.83
1,1546509470081,-3.73,4.08,8.04
1,1546509470082,-3.41,2.63,8.0
1,1546509470157,-3.47,2.5,8.92
1,1546509470158,-3.3,3.1,8.18
1,1546509470158,-4.78,3.75,7.94
1,1546509470159,-4.92,4.92,8.16
1,1546509470160,-4.14,6.01,6.89
1,1546509470160,-4.58,5.6,6.95
1,1546509470161,-4.58,5.25,6.13
1,1546509470161,-4.47,4.82,7.63
1,1546509470227,-3.28,3.59,7.61
1,1546509470228,-3.14,2.18,6.73
1,1546509470228,-2.65,4.04,6.97
1,1546509470229,-3.67,4.88,6.21
1,1546509470230,-3.92,5.29,7.42
1,1546509470231,-3.65,4.41,8.12
1,1546509470231,-3.63,3.39,8.59
1,1546509470232,-3.94,2.85,8.06
1,1546509470304,-3.86,4.58,7.77
1,1546509470306,-4.49,5.72,6.99
1,1546509470307,-3.78,5.42,6.67
1,1546509470308,-3.84,4.53,6.91
1,1546509470309,-3.76,4.04,7.1
1,1546509470310,-3.06,3.49,7.05
1,1546509470311,-2.67,3.28,7.96
1,1546509470312,-2.91,3.1,7.32
1,1546509470377,-3.24,3.96,6.5
1,1546509470391,-2.67,4.37,7.28
1,1546509470391,-2.94,4.06,6.89
1,1546509470392,-3.75,3.8,6.62
1,1546509470392,-2.94,4.49,6.77
1,1546509470393,-3.2,3.82,7.69
1,1546509470393,-3.32,2.92,7.5
1,1546509470393,-3.2,2.77,6.75
1,1546509470450,-2.81,4.49,7.1
1,1546509470451,-4.23,3.73,5.42
1,1546509470476,-3.88,4.72,6.48
1,1546509470478,-1.64,5.56,6.11
1,1546509470478,-3.86,5.54,5.17
1,1546509470479,-4.43,4.39,5.82
1,1546509470480,-1.91,3.8,7.81
1,1546509470481,-1.38,3.73,10.46
1,1546509470532,-2.75,2.53,5.85
1,1546509470533,1.05,9.43,41.19
1,1546509470533,-3.9,19.49,48.26
1,1546509470534,-15.89,16.52,-39.84
1,1546509470534,-28.32,14.27,12.75
1,1546509470601,3.63,-0.07,7.91
1,1546509470679,-7.61,-5.64,14.49
1,1546509470680,0.64,-2.83,10.54
1,1546509470680,-2.28,4.33,9.6
1,1546509470680,-4.9,10.64,6.4
1,1546509470681,-4.27,7.73,8.92
1,1546509470693,-2.71,4.23,7.71
1,1546509470693,-2.5,2.91,8.61
1,1546509470693,-2.51,4.47,8.12
1,1546509470753,-2.98,4.53,8.02
1,1546509470777,-3.28,5.41,8.96
1,1546509470777,-2.5,6.56,7.32
1,1546509470777,-2.77,6.66,7.69
1,1546509470778,-2.91,5.64,7.83
1,1546509470778,-2.59,5.0,7.67
1,1546509470778,-2.32,5.31,7.61
1,1546509470778,-2.22,5.5,7.63
1,1546509470827,-2.44,5.27,7.77
1,1546509470843,-2.73,4.82,7.91
1,1546509470843,-3.18,3.47,8.1
1,1546509470844,-3.26,3.08,8.14
1,1546509470844,-3.24,3.14,8.12
1,1546509470844,-3.24,3.26,7.89
1,1546509470844,-3.49,3.51,7.44
1,1546509470844,-3.45,3.73,7.32
1,1546509470902,-3.18,4.06,7.59
1,1546509470903,-3.08,4.35,7.55
1,1546509470903,-3.39,3.8,7.32
1,1546509470904,-3.41,3.76,7.18
1,1546509470904,-3.32,4.21,7.2
1,1546509470904,-3.14,4.8,7.08
1,1546509470912,-3.26,5.25,7.08
1,1546509470912,-3.47,5.0,7.07
1,1546509470977,-3.59,4.96,7.16
1,1546509470977,-3.55,5.11,7.44
1,1546509470977,-3.08,5.39,7.44
1,1546509470978,-3.33,5.97,6.66
1,1546509470979,-3.37,5.68,4.98
1,1546509471051,-2.61,4.9,2.24
1,1546509471070,-1.87,4.19,3.75
1,1546509471071,-1.25,1.99,4.43
1,1546509471072,-1.44,1.66,4.68
1,1546509471072,-1.17,2.48,5.05
1,1546509471073,-0.56,3.06,5.48
1,1546509471074,-0.6,4.21,5.62
1,1546509471075,-0.78,5.27,5.41
1,1546509471154,-0.7,5.66,5.27
1,1546509471154,-0.52,5.83,5.54
1,1546509471155,0.27,7.98,7.32
1,1546509471155,0.39,8.73,7.83
1,1546509471155,0.29,8.94,8.33
1,1546509471156,0.01,8.57,8.8
1,1546509471156,-0.09,8.86,8.76
1,1546509471156,-0.07,8.63,8.37
1,1546509471204,-0.44,7.89,7.65
1,1546509471204,-0.33,7.12,6.97
1,1546509471205,0.23,6.01,6.79
1,1546509471213,0.33,5.31,6.66
1,1546509471214,0.44,4.76,6.66
1,1546509471214,0.42,4.23,6.5
1,1546509471214,0.54,3.75,6.95
1,1546509471215,0.97,3.9,6.99
1,1546509471276,1.5,4.33,6.67
1,1546509471299,1.73,4.76,6.07
1,1546509471300,1.38,4.96,4.94
1,1546509471301,1.34,4.7,4.35
1,1546509471302,1.85,4.06,3.73
1,1546509471354,2.28,3.82,3.76
1,1546509471355,2.71,3.63,3.9
1,1546509471383,3.98,3.69,4.27
1,1546509471383,4.76,4.04,4.58
1,1546509471384,5.41,4.49,4.8
1,1546509471384,5.99,4.92,4.9
1,1546509471384,6.75,5.11,5.0
1,1546509471384,7.18,5.11,5.09
1,1546509471428,7.57,5.31,5.13
1,1546509471428,7.91,5.35,5.09
1,1546509471429,8.98,4.72,5.09
1,1546509471448,9.49,4.9,5.31
1,1546509471449,9.86,4.94,5.42
1,1546509471449,10.39,4.86,5.7
1,1546509471449,11.75,5.8,6.81
1,1546509471449,12.16,6.26,7.2
1,1546509471503,12.22,6.25,7.51
1,1546509471503,11.5,3.59,6.97
1,1546509471524,11.42,3.12,6.38
1,1546509471525,11.6,2.83,5.82
1,1546509471527,12.08,2.67,5.25
1,1546509471528,12.81,2.42,3.65
1,1546509471529,13.2,2.26,2.65
1,1546509471531,13.57,2.26,2.28
1,1546509471581,13.78,2.12,2.36
1,1546509471582,13.37,1.38,3.37
1,1546509471583,12.63,0.95,3.98
1,1546509471583,11.89,0.62,4.47
1,1546509471583,11.32,0.46,4.86
1,1546509471584,10.89,0.33,5.19
1,1546509471584,10.89,-0.31,5.8
1,1546509471584,11.09,-0.76,6.19
1,1546509471653,11.3,-1.26,6.6
1,1546509471654,11.48,-1.77,6.95
1,1546509471654,11.36,-2.71,7.5
1,1546509471667,11.15,-2.94,7.63
1,1546509471668,10.82,-2.89,7.61
1,1546509471668,10.74,-2.96,7.57
1,1546509471668,10.8,-3.16,7.14
1,1546509471668,10.78,-3.24,6.81
1,1546509471725,10.64,-3.26,6.5
1,1546509471736,10.44,-3.37,6.21
1,1546509471736,10.03,-3.41,5.62
1,1546509471736,9.9,-3.41,5.39
1,1546509471737,9.76,-3.43,5.17
1,1546509471804,9.58,-3.47,4.98
1,1546509471805,9.41,-3.53,4.8
1,1546509471805,9.06,-3.67,4.53
1,1546509471806,8.94,-3.73,4.39
1,1546509471807,8.92,-3.73,4.25
1,1546509471807,8.98,-3.67,4.33
1,1546509471808,9.14,-3.3,4.35
1,1546509471808,9.25,-3.06,4.14
1,1546509471878,9.33,-2.91,3.78
1,1546509471880,9.41,-2.89,3.51
1,1546509471881,9.68,-2.53,3.45
1,1546509471882,9.88,-2.28,3.26
1,1546509471883,10.0,-1.91,3.02
1,1546509471884,9.98,-1.58,2.69
1,1546509471951,9.76,-1.19,2.26
1,1546509471983,9.66,-1.21,1.89
1,1546509471984,9.66,-1.15,1.54
1,1546509471985,9.64,-0.83,1.01
1,1546509471986,9.51,-0.48,0.37
1,1546509471986,8.96,-0.33,-0.05
1,1546509471987,8.67,-0.54,-0.13
1,1546509471987,8.47,-0.83,-0.19
1,1546509472044,8.37,-1.09,-0.19
1,1546509472045,8.43,-0.8,-0.17
1,1546509472045,8.43,-0.58,-0.11
1,1546509472045,8.37,-0.29,-0.03
1,1546509472046,8.37,-0.19,0.09
1,1546509472046,8.41,-0.09,0.23
1,1546509472046,8.49,-0.03,0.35
1,1546509472047,8.53,0.05,0.46
1,1546509472101,8.41,0.23,0.74
1,1546509472102,8.39,0.35,0.87
1,1546509472103,8.33,0.44,0.93
1,1546509472104,8.28,0.52,1.07
1,1546509472105,8.2,0.54,1.42
1,1546509472107,8.14,0.56,1.52
1,1546509472107,8.06,0.58,1.73
1,1546509472108,8.04,0.58,1.97
1,1546509472174,7.92,0.64,2.08
1,1546509472175,7.89,0.66,2.18
1,1546509472176,7.87,0.64,2.28
1,1546509472177,7.89,0.62,2.34
1,1546509472178,8.06,0.58,2.48
1,1546509472252,8.22,0.56,2.69
1,1546509472252,8.35,0.58,2.98
1,1546509472252,8.39,0.56,3.18
1,1546509472253,8.39,0.56,3.28
1,1546509472253,8.61,0.27,3.18
1,1546509472253,9.04,0.03,3.12
1,1546509472287,9.82,-0.07,3.14
1,1546509472290,10.91,-0.13,3.14
1,1546509472352,13.41,-0.41,2.96
1,1546509472353,14.72,-0.78,2.83
1,1546509472353,16.05,-1.38,2.85
1,1546509472353,17.26,-1.79,3.04
1,1546509472354,17.51,-1.67,3.2
1,1546509472354,16.03,-1.19,3.2
1,1546509472354,14.21,-0.6,3.24
1,1546509472354,12.77,-0.21,3.18
1,1546509472414,11.42,-0.01,3.08
1,1546509472414,11.38,-0.27,2.81
1,1546509472414,11.54,-0.42,2.77
1,1546509472414,11.71,-0.58,2.67
1,1546509472415,11.87,-0.41,2.3
1,1546509472415,12.03,-0.21,2.32
1,1546509472415,12.26,-0.05,2.34
1,1546509472415,12.65,-0.03,2.32
1,1546509472497,13.73,-0.54,2.32
1,1546509472498,14.17,-0.89,2.32
1,1546509472498,14.29,-1.05,2.22
1,1546509472498,13.92,-1.17,1.89
1,1546509472499,12.01,-1.03,1.46
1,1546509472499,11.09,-0.91,1.34
1,1546509472499,10.42,-0.76,1.26
1,1546509472499,10.01,-0.66,1.32
1,1546509472553,9.58,-0.64,1.5
1,1546509472553,9.55,-0.6,1.66
1,1546509472553,9.64,-0.62,1.67
1,1546509472554,9.68,-0.68,1.81
1,1546509472554,9.66,-0.76,1.87
1,1546509472554,9.35,-0.83,1.32
1,1546509472554,9.16,-0.72,1.11
1,1546509472554,9.04,-0.5,0.91
1,1546509472624,8.98,-0.23,0.87
1,1546509472624,8.88,0.19,0.76
1,1546509472639,8.98,0.33,0.76
1,1546509472639,9.0,0.33,0.7
1,1546509472640,8.92,0.27,0.78
1,1546509472640,8.39,0.29,0.87
1,1546509472640,8.08,0.31,0.99
1,1546509472640,7.85,0.37,1.11
1,1546509472699,7.61,0.42,1.19
1,1546509472699,7.59,0.17,1.32
1,1546509472700,7.63,0.01,1.26
1,1546509472700,7.67,0.0,1.19
1,1546509472700,7.63,0.01,1.07
1,1546509472700,7.5,0.05,0.97
1,1546509472707,7.26,0.09,1.03
1,1546509472774,7.22,0.09,1.01
1,1546509472774,7.24,0.13,1.03
1,1546509472774,7.2,0.11,1.19
1,1546509472775,7.2,0.25,1.32
1,1546509472791,7.26,0.39,1.38
1,1546509472791,7.28,0.5,1.48
1,1546509472792,7.3,0.54,1.48
1,1546509472792,7.32,0.56,1.64
1,1546509472848,7.48,0.58,1.67
1,1546509472849,7.73,0.64,1.75
1,1546509472859,8.0,0.7,1.81
1,1546509472859,8.37,0.68,1.95
1,1546509472860,9.27,0.76,2.22
1,1546509472860,9.76,0.85,2.32
1,1546509472861,10.25,0.91,2.42
1,1546509472924,10.7,0.91,2.71
1,1546509472924,11.56,0.74,3.43
1,1546509472924,11.93,0.62,3.67
1,1546509472925,12.32,0.56,3.82
1,1546509472942,12.63,0.48,3.84
1,1546509472942,13.3,-0.27,3.47
1,1546509472942,13.82,-0.66,3.14
1,1546509472943,14.49,-0.99,2.91
1,1546509473008,15.25,-1.3,2.77
1,1546509473009,16.6,-1.95,2.91
1,1546509473009,16.75,-2.18,3.24
1,1546509473009,16.48,-2.4,3.75
1,1546509473009,15.97,-2.51,4.37
1,1546509473009,15.23,-2.69,4.98
1,1546509473010,13.45,-2.96,5.99
1,1546509473010,12.34,-3.08,6.4
1,1546509473076,10.95,-2.92,6.56
1,1546509473076,9.35,-2.59,6.38
1,1546509473077,7.24,-1.32,5.56
1,1546509473077,6.67,-0.7,4.9
1,1546509473078,6.58,-0.15,4.37
1,1546509473078,6.87,0.19,3.86
1,1546509473079,7.69,0.09,3.39
1,1546509473152,8.75,-0.46,3.28
1,1546509473152,9.29,-0.89,3.22
1,1546509473153,9.82,-1.26,3.18
1,1546509473154,10.85,-1.79,3.08
1,1546509473154,11.11,-1.89,2.91
1,1546509473154,11.15,-1.83,2.75
1,1546509473155,10.87,-1.66,2.57
1,1546509473155,10.39,-1.36,2.44
1,1546509473225,9.23,-0.68,2.32
1,1546509473225,8.78,-0.39,2.32
1,1546509473226,8.49,-0.15,2.32
1,1546509473227,8.37,0.05,2.3
1,1546509473227,8.39,0.42,2.34
1,1546509473227,8.53,0.54,2.36
1,1546509473228,8.67,0.6,2.36
1,1546509473228,8.78,0.68,2.4
1,1546509473301,8.88,0.8,2.59
1,1546509473302,8.84,0.78,2.67
1,1546509473302,8.71,0.78,2.77
1,1546509473303,8.49,0.66,2.91
1,1546509473303,8.16,0.56,3.12
1,1546509473303,7.89,0.54,3.18
1,1546509473304,7.71,0.48,3.32
1,1546509473377,7.44,0.33,3.37
1,1546509473378,7.18,0.19,3.41
1,1546509473379,6.91,-0.17,3.32
1,1546509473379,6.85,-0.33,3.24
1,1546509473379,6.89,-0.48,3.22
1,1546509473529,6.93,-0.6,3.2
1,1546509473529,7.16,-0.44,3.14
1,1546509473530,7.24,-0.39,3.2
1,1546509473530,7.36,-0.37,3.3
1,1546509473530,7.46,-0.33,3.35
1,1546509473600,7.75,-0.44,3.43
1,1546509473615,7.87,-0.5,3.47
1,1546509473615,7.96,-0.6,3.47
1,1546509473616,8.1,-0.76,3.45
1,1546509473616,8.57,-1.32,3.35
1,1546509473616,13.71,-2.24,3.22
1,1546509473616,13.67,-1.89,3.28
1,1546509473617,13.06,-1.44,3.32
1,1546509473676,12.01,-0.95,3.47
1,1546509473699,8.78,0.89,3.12
1,1546509473699,8.67,1.13,2.69
1,1546509473700,8.82,1.01,2.46
1,1546509473700,9.19,0.74,2.34
1,1546509473700,9.74,0.54,2.32
1,1546509473700,10.35,0.33,2.3
1,1546509473701,11.69,-0.39,2.22
1,1546509473750,12.36,-0.68,2.2
1,1546509473751,12.89,-0.87,2.14
1,1546509473752,13.28,-0.83,2.03
1,1546509473753,13.16,-0.39,1.95
1,1546509473753,12.51,-0.11,1.87
1,1546509473753,11.71,0.11,1.66
1,1546509473754,11.05,0.33,1.64
1,1546509473766,10.13,0.13,1.66
1,1546509473825,9.8,0.13,1.46
1,1546509473832,9.64,0.19,1.38
1,1546509473832,9.51,0.23,1.32
1,1546509473832,9.47,0.27,1.23
1,1546509473833,9.51,0.21,1.26
1,1546509473833,9.58,0.23,1.32
1,1546509473833,9.7,0.35,1.32
1,1546509473833,9.88,0.5,1.28
1,1546509473900,10.13,0.58,1.23
1,1546509473900,10.15,0.56,1.21
1,1546509473901,10.09,0.56,1.15
1,1546509473901,9.98,0.56,1.09
1,1546509473901,9.66,0.52,0.89
1,1546509473902,9.53,0.48,0.85
1,1546509473902,9.41,0.39,0.78
1,1546509473902,9.35,0.17,0.8
1,1546509473979,9.41,-0.15,0.6
1,1546509473980,9.49,-0.25,0.6
1,1546509473980,9.6,-0.35,0.58
1,1546509473980,9.66,-0.44,0.56
1,1546509473981,9.72,-0.56,0.62
1,1546509474052,9.7,-0.46,0.68
1,1546509474054,9.62,-0.33,0.66
1,1546509474055,9.58,-0.13,0.62
1,1546509474057,9.51,0.05,0.7
1,1546509474058,9.47,0.31,1.01
1,1546509474058,9.47,0.33,1.15
1,1546509474059,9.49,0.33,1.23
1,1546509474060,9.57,0.29,1.25
1,1546509474132,9.84,0.35,1.28
1,1546509474133,10.15,0.31,1.19
1,1546509474134,10.25,0.29,1.23
1,1546509474156,10.48,0.31,1.28
1,1546509474157,10.39,0.44,1.36
1,1546509474157,10.13,0.54,1.44
1,1546509474158,9.84,0.58,1.64
1,1546509474158,9.06,0.83,2.03
1,1546509474202,8.65,0.91,2.2
1,1546509474203,8.28,1.01,2.3
1,1546509474206,8.0,1.15,2.42
1,1546509474207,7.79,1.26,2.71
1,1546509474207,7.34,1.17,3.0
1,1546509474207,7.34,1.03,3.12
1,1546509474208,7.48,0.97,3.28
1,1546509474208,7.71,0.95,3.32
1,1546509474277,8.41,0.66,3.65
1,1546509474278,8.75,0.56,3.9
1,1546509474278,9.08,0.52,4.27
1,1546509474279,9.37,0.39,4.53
1,1546509474279,9.86,-0.13,4.9
1,1546509474279,10.11,-0.48,5.07
1,1546509474279,10.25,-0.85,5.17
1,1546509474280,10.39,-1.19,5.25
1,1546509474354,10.5,-1.73,5.33
1,1546509474374,10.48,-1.95,5.33
1,1546509474375,10.39,-2.05,5.33
1,1546509474375,10.29,-2.18,5.29
1,1546509474375,10.01,-2.32,5.25
1,1546509474376,9.84,-2.36,5.27
1,1546509474376,9.64,-2.34,5.17
1,1546509474376,9.47,-2.26,5.11
1,1546509474448,9.37,-2.08,5.03
1,1546509474448,9.12,-1.67,4.76
1,1546509474456,8.94,-1.5,4.6
1,1546509474456,8.73,-1.46,4.45
1,1546509474456,8.51,-1.42,4.35
1,1546509474456,8.32,-1.3,4.17
1,1546509474456,8.35,-1.17,4.1
1,1546509474501,8.41,-1.09,4.06
1,1546509474502,8.49,-1.05,3.9
1,1546509474523,8.69,-1.11,3.73
1,1546509474523,8.8,-1.15,3.69
1,1546509474523,8.92,-1.21,3.67
1,1546509474524,9.06,-1.28,3.71
1,1546509474524,9.21,-1.36,3.71
1,1546509474524,9.51,-1.38,3.84
1,1546509474576,9.68,-1.32,3.9
1,1546509474589,9.82,-1.19,3.98
1,1546509474589,9.94,-1.09,3.98
1,1546509474590,9.94,-0.78,3.92
1,1546509474590,9.9,-0.6,3.88
1,1546509474590,9.76,-0.42,3.84
1,1546509474590,9.64,-0.29,3.71
1,1546509474590,9.31,-0.03,3.57
1,1546509474749,9.17,0.05,3.53
1,1546509474750,9.06,0.07,3.43
1,1546509474751,8.94,0.09,3.35
1,1546509474753,8.78,0.07,3.12
1,1546509474754,8.75,0.05,3.02
1,1546509474805,8.65,-0.05,2.89
1,1546509474805,8.63,-0.09,2.81
1,1546509474806,8.65,-0.19,2.81
1,1546509474826,8.9,-0.44,2.79
1,1546509474827,9.04,-0.6,2.73
1,1546509474827,9.96,-1.01,2.51
1,1546509474827,10.09,-0.95,2.5
1,1546509474827,10.23,-0.8,2.46
1,1546509474880,10.15,-0.74,2.44
1,1546509474880,9.1,-0.21,2.4
1,1546509474881,9.04,-0.09,2.38
1,1546509474883,8.98,0.05,2.42
1,1546509474884,9.0,0.23,2.32
1,1546509474885,9.04,0.21,2.34
1,1546509474886,9.02,0.27,2.36
1,1546509474887,8.94,0.29,2.36
1,1546509474951,8.67,0.03,2.46
1,1546509474969,8.63,-0.07,2.46
1,1546509474971,8.75,-0.17,2.5
1,1546509474972,8.82,-0.27,2.48
1,1546509474973,9.08,-0.42,2.55
1,1546509474974,9.14,-0.5,2.55
1,1546509474975,9.17,-0.62,2.57
1,1546509475033,9.17,-0.68,2.59
1,1546509475067,9.17,-0.62,2.69
1,1546509475067,9.19,-0.52,2.79
1,1546509475068,9.25,-0.42,2.87
1,1546509475068,9.35,-0.33,2.89
1,1546509475068,9.37,-0.29,2.94
1,1546509475069,9.41,-0.19,3.12
1,1546509475069,9.37,-0.23,3.22
1,1546509475111,9.33,-0.21,3.22
1,1546509475111,9.33,-0.11,3.26
1,1546509475112,9.37,-0.07,3.45
1,1546509475112,9.43,-0.05,3.47
1,1546509475112,9.43,-0.03,3.53
1,1546509475113,9.49,-0.13,3.55
1,1546509475113,9.6,-0.31,3.57
1,1546509475177,9.6,-0.44,3.51
1,1546509475181,9.58,-0.5,3.49
1,1546509475182,9.58,-0.62,3.41
1,1546509475184,9.55,-0.78,3.37
1,1546509475185,9.57,-0.89,3.32
1,1546509475186,9.62,-0.97,3.32
1,1546509475188,9.6,-1.07,3.3
1,1546509475189,9.64,-1.07,3.32
1,1546509475255,9.68,-0.97,3.33
1,1546509475256,9.74,-0.87,3.33
1,1546509475257,9.74,-0.76,3.37
1,1546509475257,9.72,-0.62,3.37
1,1546509475280,9.66,-0.39,3.39
1,1546509475280,9.64,-0.29,3.32
1,1546509475281,9.58,-0.25,3.3
1,1546509475281,9.53,-0.21,3.24
1,1546509475333,9.37,-0.19,3.06
1,1546509475333,9.33,-0.19,3.04
1,1546509475334,9.31,-0.15,2.98
1,1546509475334,9.39,-0.13,2.96
1,1546509475334,9.57,-0.23,2.92
1,1546509475334,9.6,-0.25,2.91
1,1546509475334,9.64,-0.31,2.91
1,1546509475335,9.58,-0.39,2.89
1,1546509475404,9.53,-0.37,2.89
1,1546509475406,9.43,-0.37,2.87
1,1546509475407,9.41,-0.39,2.81
1,1546509475408,9.39,-0.39,2.73
1,1546509475409,9.39,-0.33,2.65
1,1546509475409,9.35,-0.29,2.53
1,1546509475410,9.33,-0.31,2.53
1,1546509475411,9.25,-0.29,2.51
1,1546509475481,9.23,-0.33,2.55
1,1546509475484,9.25,-0.44,2.57
1,1546509475485,9.23,-0.44,2.57
1,1546509475487,9.19,-0.39,2.63
1,1546509475488,9.21,-0.37,2.69
1,1546509475489,9.21,-0.41,2.67
1,1546509475491,9.19,-0.39,2.71
1,1546509475492,9.16,-0.35,2.63
1,1546509475552,9.12,-0.27,2.61
1,1546509475552,9.06,-0.17,2.59
1,1546509475553,9.0,-0.03,2.69
1,1546509475553,8.96,-0.09,2.71
1,1546509475565,8.96,-0.17,2.87
1,1546509475566,9.04,-0.21,2.94
1,1546509475566,9.45,-0.11,3.08
1,1546509475633,9.62,-0.11,3.16
1,1546509475634,9.76,-0.13,3.3
1,1546509475634,9.82,-0.17,3.32
1,1546509475635,9.74,-0.39,3.1
1,1546509475635,9.57,-0.54,2.92
1,1546509475636,9.41,-0.7,2.75
1,1546509475636,9.37,-0.74,2.51
1,1546509475637,9.51,-0.74,2.3
1,1546509475702,9.74,-0.72,2.24
1,1546509475704,9.96,-0.68,2.2
1,1546509475704,10.19,-0.64,2.14
1,1546509475705,10.35,-0.6,2.1
1,1546509475707,10.58,-0.78,2.26
1,1546509475708,10.64,-0.97,2.36
1,1546509475709,10.58,-1.01,2.5
1,1546509475711,10.44,-0.8,2.73
1,1546509475787,9.82,-0.21,3.1
1,1546509475790,9.45,0.15,3.24
1,1546509475791,9.04,0.44,3.35
1,1546509475792,8.69,0.58,3.41
1,1546509475793,8.16,0.68,3.35
1,1546509475794,8.1,0.58,3.39
1,1546509475794,8.2,0.54,3.43
1,1546509475854,8.49,0.52,3.51
1,1546509475854,9.06,0.41,3.73
1,1546509475854,9.23,0.19,3.84
1,1546509475865,9.31,-0.11,3.9
1,1546509475865,9.39,-0.6,4.02
1,1546509475865,9.55,-1.64,4.04
1,1546509475866,9.58,-1.97,3.96
1,1546509475866,9.72,-2.24,3.9
1,1546509475931,9.82,-2.38,3.78
1,1546509475933,10.0,-2.51,3.63
1,1546509475934,10.29,-2.63,3.22
1,1546509475935,10.37,-2.67,3.02
1,1546509475935,10.39,-2.63,2.89
1,1546509475936,10.33,-2.44,2.77
1,1546509475937,10.07,-1.73,2.53
1,1546509476001,9.92,-1.44,2.5
1,1546509476002,9.78,-1.19,2.57
1,1546509476003,9.66,-0.97,2.59
1,1546509476003,9.53,-0.54,2.63
1,1546509476004,9.37,-0.33,2.69
1,1546509476004,9.14,-0.21,2.71
1,1546509476005,8.98,-0.05,2.81
1,1546509476005,8.73,0.01,2.79
1,1546509476076,8.65,0.01,2.81
1,1546509476077,8.59,-0.07,2.87
1,1546509476078,8.49,-0.23,2.89
1,1546509476078,8.43,-0.23,2.92
1,1546509476078,8.37,-0.15,2.92
1,1546509476079,8.33,-0.23,2.92
1,1546509476150,8.3,-0.37,2.91
1,1546509476168,8.3,-0.62,3.02
1,1546509476168,8.45,-1.11,3.14
1,1546509476169,8.57,-1.25,3.16
1,1546509476169,8.63,-1.3,3.14
1,1546509476169,8.61,-1.34,3.22
1,1546509476169,8.71,-1.32,3.3
1,1546509476169,8.69,-1.32,3.33
1,1546509476234,8.8,-1.3,3.35
1,1546509476235,8.78,-1.36,3.41
1,1546509476236,8.76,-1.4,3.43
1,1546509476237,8.51,-1.26,3.51
1,1546509476237,8.33,-1.13,3.49
1,1546509476238,8.18,-0.93,3.49
1,1546509476238,8.02,-0.8,3.43
1,1546509476239,7.87,-0.68,3.39
1,1546509476307,7.92,-0.62,3.47
1,1546509476320,7.98,-0.68,3.59
1,1546509476321,8.1,-0.66,3.75
1,1546509476321,8.51,-0.62,4.0
1,1546509476321,8.71,-0.48,4.04
1,1546509476321,8.84,-0.42,4.16
1,1546509476322,9.0,-0.48,4.35
1,1546509476322,9.21,-0.8,4.53
1,1546509476374,9.33,-0.91,4.62
1,1546509476374,9.43,-1.09,4.7
1,1546509476375,9.53,-1.23,4.74
1,1546509476375,9.68,-1.54,4.74
1,1546509476387,9.8,-1.64,4.72
1,1546509476387,9.88,-1.79,4.7
1,1546509476388,9.98,-1.91,4.66
1,1546509476388,10.0,-2.01,4.57
1,1546509476451,10.11,-2.08,4.33
1,1546509476471,10.21,-2.12,4.21
1,1546509476472,10.31,-2.1,4.06
1,1546509476472,10.39,-2.03,3.9
1,1546509476472,10.19,-1.77,3.49
1,1546509476473,9.9,-1.69,3.43
1,1546509476473,9.58,-1.6,3.39
1,1546509476473,9.35,-1.5,3.24
1,1546509476536,9.1,-1.11,3.06
1,1546509476536,9.1,-0.99,2.91
1,1546509476536,9.14,-0.93,2.79
1,1546509476536,9.27,-0.93,2.69
1,1546509476537,9.57,-1.01,2.48
1,1546509476537,9.78,-1.07,2.38
1,1546509476537,9.98,-1.07,2.34
1,1546509476602,10.17,-1.03,2.32
1,1546509476603,10.31,-0.93,2.3
1,1546509476603,10.41,-0.62,2.18
1,1546509476603,10.31,-0.5,2.12
1,1546509476604,10.07,-0.35,2.05
1,1546509476604,9.82,-0.17,2.05
1,1546509476604,9.25,0.13,2.05
1,1546509476620,9.06,0.33,2.01
1,1546509476682,8.86,0.5,1.99
1,1546509476683,8.71,0.54,1.95
1,1546509476685,8.37,0.83,1.85
1,1546509476686,8.41,0.93,1.69
1,1546509476687,8.47,0.97,1.66
1,1546509476688,8.53,0.97,1.6
1,1546509476690,8.75,0.99,1.32
1,1546509476759,8.9,0.95,1.21
1,1546509476761,8.98,0.87,1.09
1,1546509476763,9.1,0.72,1.09
1,1546509476764,9.19,0.56,1.11
1,1546509476765,9.62,0.42,1.17
1,1546509476766,9.88,0.27,1.19
1,1546509476767,10.09,0.21,1.15
1,1546509476768,10.25,0.13,1.13
1,1546509476841,10.56,0.03,0.97
1,1546509476843,10.62,0.01,0.89
1,1546509476843,10.72,0.01,0.91
1,1546509476844,10.82,0.05,0.78
1,1546509476845,10.89,0.25,0.62
1,1546509476845,10.91,0.33,0.62
1,1546509476909,10.93,0.37,0.6
1,1546509476910,11.01,0.42,0.54
1,1546509476911,11.11,0.46,0.48
1,1546509476912,11.01,0.52,0.46
1,1546509476913,10.91,0.52,0.5
1,1546509476913,10.68,0.54,0.48
1,1546509476914,10.29,0.56,0.5
1,1546509476980,10.15,0.58,0.5
1,1546509476982,10.05,0.66,0.58
1,1546509476983,10.05,0.72,0.62
1,1546509476984,10.07,0.76,0.66
1,1546509476985,10.33,0.85,0.7
1,1546509476986,10.5,0.87,0.76
1,1546509476987,10.76,0.85,0.78
1,1546509476988,10.91,0.8,0.83
1,1546509477054,11.11,0.62,0.97
1,1546509477055,11.09,0.58,1.03
1,1546509477057,10.99,0.56,0.95
1,1546509477058,10.85,0.58,0.95
1,1546509477059,10.52,0.56,0.91
1,1546509477060,10.46,0.54,0.97
1,1546509477060,10.5,0.52,1.01
1,1546509477061,10.56,0.52,1.01
1,1546509477146,10.54,0.33,1.21
1,1546509477147,10.46,0.19,1.32
1,1546509477148,10.37,0.21,1.42
1,1546509477205,10.31,0.23,1.5
1,1546509477206,10.44,0.27,1.58
1,1546509477206,10.72,0.33,1.73
1,1546509477207,10.78,0.23,1.87
1,1546509477207,10.78,0.15,1.97
1,1546509477208,10.7,0.07,2.05
1,1546509477208,10.54,-0.03,2.16
1,1546509477209,10.41,-0.15,2.2
1,1546509477280,10.25,-0.19,2.18
1,1546509477282,10.13,-0.33,2.18
1,1546509477283,9.92,-0.85,2.3
1,1546509477283,9.72,-1.01,2.42
1,1546509477284,9.55,-1.09,2.53
1,1546509477285,9.29,-1.17,2.59
1,1546509477355,9.08,-1.26,2.67
1,1546509477356,8.84,-1.25,2.75
1,1546509477356,8.49,-0.97,2.91
1,1546509477357,8.28,-0.66,3.06
1,1546509477358,8.26,-0.5,3.18
1,1546509477358,8.51,-0.5,3.43
1,1546509477359,8.67,-0.72,3.59
1,1546509477360,8.84,-0.95,3.78
1,1546509477446,9.08,-1.09,4.02
1,1546509477447,9.37,-1.34,4.41
1,1546509477447,9.43,-1.46,4.41
1,1546509477448,9.47,-1.67,4.43
1,1546509477448,9.41,-1.87,4.39
1,1546509477449,9.16,-2.36,4.33
1,1546509477449,8.94,-2.53,4.31
1,1546509477450,8.75,-2.69,4.33
1,1546509477507,8.63,-2.81,4.29
1,1546509477508,8.67,-3.06,4.17
1,1546509477508,8.73,-3.08,4.1
1,1546509477509,8.75,-3.1,4.08
1,1546509477509,8.75,-2.96,4.04
1,1546509477510,8.59,-2.57,4.06
1,1546509477510,8.51,-2.28,4.04
1,1546509477511,8.39,-2.01,4.1
1,1546509477579,8.28,-1.79,4.12
1,1546509477597,8.08,-1.48,4.1
1,1546509477598,8.0,-1.4,4.06
1,1546509477598,7.96,-1.36,4.04
1,1546509477598,7.89,-1.34,4.0
1,1546509477599,7.83,-1.32,3.9
1,1546509477599,7.85,-1.32,3.84
1,1546509477600,7.87,-1.34,3.86
1,1546509477652,7.94,-1.36,3.82
1,1546509477653,8.06,-1.34,3.86
1,1546509477653,8.12,-1.25,3.92
1,1546509477654,8.22,-1.15,3.92
1,1546509477654,8.28,-1.09,3.96
1,1546509477655,8.45,-1.11,3.94
1,1546509477655,9.0,-1.05,3.84
1,1546509477656,9.35,-1.03,3.63
1,1546509477728,9.72,-1.05,3.45
1,1546509477731,10.11,-1.11,3.16
1,1546509477732,10.68,-1.03,2.75
1,1546509477734,10.72,-0.97,2.57
1,1546509477735,10.72,-0.91,2.5
1,1546509477736,10.68,-0.72,2.38
1,1546509477804,10.64,-0.11,2.32
1,1546509477805,10.56,0.03,2.3
1,1546509477806,10.46,0.21,2.26
1,1546509477806,10.41,0.33,2.22
1,1546509477806,10.13,0.5,2.07
1,1546509477807,9.96,0.52,1.81
1,1546509477807,9.86,0.54,1.5
1,1546509477808,9.8,0.6,1.25
1,1546509477878,9.76,0.68,1.09
1,1546509477880,9.6,0.8,0.56
1,1546509477881,9.62,0.78,0.48
1,1546509477882,9.68,0.68,0.31
1,1546509477883,9.84,0.64,0.23
1,1546509477884,10.07,0.54,0.11
1,1546509477885,10.07,0.5,0.13
1,1546509477886,9.94,0.46,0.15
1,1546509477957,9.78,0.46,0.15
1,1546509477959,9.37,0.54,0.17
1,1546509477960,9.19,0.54,0.21
1,1546509477960,9.06,0.58,0.15
1,1546509477961,8.96,0.62,0.17
1,1546509477962,8.84,0.8,0.05
1,1546509477963,8.86,0.82,0.05
1,1546509477964,8.92,0.76,0.0
1,1546509478050,9.02,0.76,-0.01
1,1546509478050,9.12,0.8,0.0
1,1546509478051,9.1,0.8,0.09
1,1546509478051,9.0,0.82,0.15
1,1546509478052,8.94,0.87,0.23
1,1546509478052,8.88,0.91,0.29
1,1546509478053,8.75,0.78,0.62
1,1546509478053,8.8,0.62,0.78
1,1546509478103,9.1,0.58,0.93
1,1546509478104,9.51,0.56,1.03
1,1546509478104,10.58,0.54,1.38
1,1546509478105,11.15,0.54,1.56
1,1546509478105,11.73,0.56,1.69
1,1546509478105,12.24,0.54,1.95
1,1546509478106,12.87,0.56,2.3
1,1546509478106,12.92,0.58,2.32
1,1546509478181,12.71,0.6,2.34
1,1546509478182,12.24,0.64,2.36
1,1546509478183,11.73,0.68,2.38
1,1546509478184,10.87,0.6,2.34
1,1546509478184,10.52,0.58,2.32
1,1546509478185,10.15,0.52,2.32
1,1546509478186,9.78,0.23,2.36
1,1546509478258,9.17,-0.52,2.67
1,1546509478259,8.98,-0.82,2.89
1,1546509478260,8.82,-0.87,3.16
1,1546509478260,8.86,-0.78,3.28
1,1546509478261,8.86,-1.01,3.33
1,1546509478286,8.82,-1.28,3.28
1,1546509478287,8.73,-1.58,3.16
1,1546509478288,8.61,-1.85,3.04
1,1546509478331,8.45,-2.07,2.53
1,1546509478332,8.55,-2.12,2.34
1,1546509478334,8.67,-2.1,2.3
1,1546509478337,8.88,-2.1,2.26
1,1546509478340,9.16,-2.14,2.24
1,1546509478341,9.86,-2.12,2.3
1,1546509478342,10.23,-2.07,2.32
1,1546509478403,10.6,-2.01,2.32
1,1546509478403,10.91,-1.97,2.36
1,1546509478404,11.15,-1.83,2.59
1,1546509478405,11.07,-1.75,2.69
1,1546509478406,10.87,-1.56,2.71
1,1546509478406,10.6,-1.32,2.75
1,1546509478407,10.05,-0.82,2.67
1,1546509478408,9.82,-0.58,2.59
1,1546509478481,9.6,-0.37,2.51
1,1546509478482,9.43,-0.19,2.38
1,1546509478482,9.27,-0.01,2.32
1,1546509478483,9.21,-0.13,2.32
1,1546509478483,9.17,-0.31,2.3
1,1546509478484,9.17,-0.52,2.32
1,1546509478484,9.16,-0.72,2.34
1,1546509478484,8.69,-1.34,2.36
1,1546509478555,8.57,-1.46,2.34
1,1546509478557,8.53,-1.48,2.34
1,1546509478574,8.61,-1.48,2.32
1,1546509478575,9.41,-1.26,2.2
1,1546509478576,9.82,-1.19,2.12
1,1546509478576,10.23,-1.11,2.05
1,1546509478577,10.62,-1.13,2.05
1,1546509478630,11.15,-1.01,1.87
1,1546509478632,11.17,-0.83,1.87
1,1546509478633,11.01,-0.6,1.89
1,1546509478635,10.68,-0.41,1.85
1,1546509478636,9.86,-0.13,1.75
1,1546509478637,9.58,-0.09,1.71
1,1546509478638,9.37,-0.07,1.6
1,1546509478640,9.27,-0.13,1.5
1,1546509478709,9.27,-0.44,1.56
1,1546509478711,9.37,-0.62,1.52
1,1546509478711,9.39,-0.64,1.44
1,1546509478712,9.43,-0.7,1.52
1,1546509478714,9.31,-0.74,1.58
1,1546509478715,9.02,-0.66,1.6
1,1546509478716,8.96,-0.54,1.44
1,1546509478716,9.0,-0.37,1.28
1,1546509478778,9.12,-0.25,1.13
1,1546509478778,9.41,-0.21,0.99
1,1546509478779,9.55,-0.31,1.09
1,1546509478779,9.64,-0.46,1.15
1,1546509478780,9.7,-0.7,1.25
1,1546509478780,9.8,-0.89,1.36
1,1546509478780,9.9,-0.85,1.38
1,1546509478853,10.0,-0.82,1.42
1,1546509478857,10.05,-0.83,1.44
1,1546509478857,10.15,-0.7,1.48
1,1546509478857,10.25,-0.56,1.46
1,1546509478858,10.33,-0.37,1.44
1,1546509478858,10.37,-0.19,1.5
1,1546509478928,10.31,-0.13,1.54
1,1546509478929,10.09,-0.09,1.66
1,1546509478929,9.98,-0.11,1.73
1,1546509478929,9.92,-0.11,1.79
1,1546509478930,9.86,-0.11,1.79
1,1546509478930,9.88,-0.21,1.87
1,1546509478930,9.94,-0.33,1.93
1,1546509478930,10.01,-0.42,1.99
1,1546509479005,10.07,-0.54,1.99
1,1546509479006,10.03,-0.82,2.08
1,1546509479006,9.98,-0.85,2.12
1,1546509479022,9.88,-0.93,2.12
1,1546509479023,9.78,-0.93,2.14
1,1546509479023,9.49,-0.78,2.08
1,1546509479023,9.41,-0.72,2.07
1,1546509479024,9.33,-0.62,2.03
1,1546509479077,9.31,-0.56,2.05
1,1546509479078,9.39,-0.42,2.03
1,1546509479078,9.62,-0.33,2.05
1,1546509479088,9.74,-0.37,2.05
1,1546509479089,9.8,-0.39,2.1
1,1546509479089,9.8,-0.41,2.14
1,1546509479089,9.7,-0.25,2.12
1,1546509479089,9.66,-0.19,2.08
1,1546509479150,9.68,-0.15,2.03
1,1546509479153,9.82,-0.15,1.95
1,1546509479153,10.07,-0.17,1.89
1,1546509479154,10.17,-0.19,1.87
1,1546509479155,10.19,-0.17,1.83
1,1546509479156,10.17,-0.11,1.85
1,1546509479157,10.17,-0.03,1.89
1,1546509479158,10.19,0.09,1.95
1,1546509479227,10.15,0.09,2.03
1,1546509479227,10.05,0.17,2.05
1,1546509479228,9.9,0.23,1.99
1,1546509479228,9.45,0.42,1.97
1,1546509479228,9.33,0.46,1.89
1,1546509479229,9.37,0.41,1.91
1,1546509479229,9.57,0.29,1.95
1,1546509479229,10.19,-0.21,2.08
1,1546509479299,10.37,-0.58,2.05
1,1546509479307,10.44,-1.01,1.97
1,1546509479307,10.42,-1.38,1.81
1,1546509479307,10.17,-1.69,1.52
1,1546509479307,9.88,-1.67,1.34
1,1546509479308,9.6,-1.58,1.25
1,1546509479308,9.33,-1.42,1.07
1,1546509479378,9.23,-1.23,0.99
1,1546509479379,9.19,-0.89,0.87
1,1546509479379,9.29,-0.8,0.87
1,1546509479379,9.37,-0.6,0.76
1,1546509479380,9.47,-0.52,0.82
1,1546509479380,9.62,-0.13,0.97
1,1546509479380,9.58,0.07,0.99
1,1546509479381,9.58,0.25,1.05
1,1546509479451,9.53,0.39,1.11
1,1546509479475,9.49,0.33,1.15
1,1546509479476,9.57,0.25,1.21
1,1546509479476,9.76,0.11,1.23
1,1546509479476,9.94,-0.05,1.34
1,1546509479476,10.19,-0.35,1.54
1,1546509479477,10.23,-0.41,1.5
1,1546509479477,10.23,-0.42,1.58
1,1546509479530,10.23,-0.5,1.66
1,1546509479554,10.19,-0.7,1.66
1,1546509479555,10.15,-0.7,1.67
1,1546509479555,10.07,-0.62,1.6
1,1546509479555,9.96,-0.58,1.64
1,1546509479556,9.84,-0.52,1.56
1,1546509479556,9.74,-0.52,1.52
1,1546509479601,9.74,-0.52,1.54
1,1546509479601,9.76,-0.56,1.52
1,1546509479609,9.8,-0.64,1.58
1,1546509479609,9.92,-0.66,1.44
1,1546509479609,10.05,-0.66,1.4
1,1546509479610,10.15,-0.64,1.38
1,1546509479678,10.25,-0.62,1.36
1,1546509479679,10.27,-0.54,1.3
1,1546509479680,10.19,-0.52,1.26
1,1546509479681,10.09,-0.46,1.25
1,1546509479682,10.03,-0.44,1.17
1,1546509479684,9.9,-0.37,1.17
1,1546509479685,9.88,-0.35,1.21
1,1546509479687,9.86,-0.37,1.23
1,1546509479759,9.88,-0.33,1.23
1,1546509479761,9.88,-0.33,1.28
1,1546509479762,9.86,-0.35,1.3
1,1546509479763,9.82,-0.37,1.28
1,1546509479764,9.82,-0.37,1.28
1,1546509479765,9.86,-0.39,1.28
1,1546509479766,9.76,-0.41,1.25
1,1546509479767,9.74,-0.42,1.23
1,1546509479829,9.7,-0.5,1.23
1,1546509479831,9.64,-0.54,1.26
1,1546509479832,9.76,-0.64,1.25
1,1546509479833,9.84,-0.62,1.19
1,1546509479834,9.9,-0.6,1.25
1,1546509479835,9.96,-0.62,1.26
1,1546509479837,9.92,-0.46,1.3
1,1546509479838,9.84,-0.42,1.36
1,1546509479901,9.84,-0.35,1.34
1,1546509479913,9.9,-0.27,1.28
1,1546509479914,9.96,-0.25,1.26
1,1546509479914,10.07,-0.29,1.32
1,1546509479914,10.09,-0.33,1.38
1,1546509479915,10.03,-0.35,1.38
1,1546509479915,10.03,-0.33,1.44
1,1546509479915,10.01,-0.25,1.42
1,1546509479975,9.98,-0.25,1.44
1,1546509479977,9.98,-0.29,1.44
1,1546509479977,9.96,-0.33,1.46
1,1546509479978,9.9,-0.39,1.48
1,1546509479978,9.86,-0.33,1.5
1,1546509479978,9.84,-0.29,1.5
1,1546509479978,9.84,-0.31,1.48
1,1546509479979,9.88,-0.37,1.56
1,1546509480050,9.8,-0.46,1.6
1,1546509480050,9.82,-0.46,1.56
1,1546509480051,9.78,-0.46,1.56
1,1546509480127,9.82,-0.46,1.52
1,1546509480127,9.92,-0.52,1.38
1,1546509480127,10.0,-0.46,1.42
1,1546509480128,10.07,-0.44,1.48
1,1546509480128,10.03,-0.5,1.54
1,1546509480215,9.9,-0.37,1.58
1,1546509480215,9.86,-0.25,1.56
1,1546509480215,9.86,-0.15,1.52
1,1546509480216,9.88,-0.07,1.52
1,1546509480216,9.86,-0.11,1.56
1,1546509480216,9.66,-0.31,1.56
1,1546509480217,9.6,-0.33,1.58
1,1546509480217,9.55,-0.25,1.54
1,1546509480274,9.6,-0.21,1.52
1,1546509480276,9.82,-0.37,1.5
1,1546509480276,9.9,-0.33,1.5
1,1546509480277,9.94,-0.27,1.5
1,1546509480298,9.96,-0.25,1.38
1,1546509480299,9.98,-0.31,1.36
1,1546509480299,10.0,-0.27,1.34
1,1546509480299,10.01,-0.27,1.3
1,1546509480383,10.01,-0.25,1.32
1,1546509480384,9.92,-0.25,1.38
1,1546509480384,9.86,-0.25,1.38
1,1546509480384,9.8,-0.19,1.36
1,1546509480385,9.8,-0.19,1.36
1,1546509480385,10.01,-0.35,1.28
1,1546509480385,10.03,-0.41,1.36
1,1546509480426,9.98,-0.42,1.38
1,1546509480427,9.9,-0.5,1.4
1,1546509480427,9.72,-0.58,1.44
1,1546509480427,9.6,-0.56,1.44
1,1546509480428,9.58,-0.5,1.36
1,1546509480450,9.57,-0.52,1.3
1,1546509480450,9.76,-0.64,1.3
1,1546509480502,9.86,-0.68,1.3
1,1546509480518,9.94,-0.7,1.28
1,1546509480518,9.94,-0.68,1.28
1,1546509480518,9.86,-0.66,1.36
1,1546509480518,9.82,-0.58,1.38
1,1546509480519,9.84,-0.5,1.34
1,1546509480579,9.84,-0.44,1.3
1,1546509480581,9.88,-0.48,1.25
1,1546509480582,9.96,-0.56,1.21
1,1546509480583,9.82,-0.6,1.3
1,1546509480585,9.82,-0.6,1.34
1,1546509480586,9.72,-0.56,1.28
1,1546509480588,9.78,-0.6,1.36
1,1546509480589,9.84,-0.62,1.38
1,1546509480653,9.92,-0.62,1.36
1,1546509480653,9.9,-0.62,1.4
1,1546509480669,9.84,-0.56,1.42
1,1546509480670,9.78,-0.56,1.4
1,1546509480670,9.74,-0.54,1.42
1,1546509480670,9.72,-0.5,1.42
1,1546509480670,9.72,-0.46,1.4
1,1546509480671,9.76,-0.39,1.44
1,1546509480726,9.78,-0.44,1.42
1,1546509480733,9.94,-0.5,1.46
1,1546509480733,9.96,-0.5,1.44
1,1546509480734,10.01,-0.48,1.44
1,1546509480734,9.98,-0.39,1.46
1,1546509480734,9.94,-0.31,1.48
1,1546509480735,9.9,-0.31,1.52
1,1546509480735,9.88,-0.27,1.5
1,1546509480801,9.84,-0.27,1.5
1,1546509480802,9.82,-0.31,1.48
1,1546509480802,9.86,-0.31,1.48
1,1546509480803,9.94,-0.21,1.44
1,1546509480818,10.01,-0.23,1.44
1,1546509480820,9.98,-0.33,1.6
1,1546509480820,9.9,-0.37,1.64
1,1546509480821,9.84,-0.35,1.62
1,1546509480883,9.8,-0.33,1.58
1,1546509480885,9.8,-0.31,1.54
1,1546509480886,9.84,-0.31,1.6
1,1546509480888,9.84,-0.27,1.64
1,1546509480889,9.8,-0.25,1.64
1,1546509480890,9.74,-0.21,1.62
1,1546509480892,9.84,-0.23,1.69
1,1546509480893,9.94,-0.21,1.71
1,1546509480957,9.98,-0.21,1.75
1,1546509480959,9.98,-0.23,1.81
1,1546509480960,9.8,-0.31,1.85
1,1546509480961,9.72,-0.33,1.81
1,1546509480961,9.66,-0.33,1.81
1,1546509480962,9.64,-0.33,1.75
1,1546509480963,9.6,-0.29,1.67
1,1546509480964,9.55,-0.29,1.66
1,1546509481029,9.49,-0.31,1.66
1,1546509481032,9.47,-0.29,1.62
1,1546509481033,9.6,-0.17,1.48
1,1546509481035,9.74,-0.17,1.5
1,1546509481036,9.9,-0.23,1.5
1,1546509481037,10.01,-0.29,1.44
1,1546509481038,10.09,-0.35,1.42
1,1546509481102,10.01,-0.19,1.44
1,1546509481103,9.94,-0.11,1.38
1,1546509481103,9.82,-0.05,1.34
1,1546509481103,9.76,-0.07,1.38
1,1546509481120,9.66,-0.21,1.32
1,1546509481121,9.72,-0.31,1.25
1,1546509481121,9.8,-0.35,1.23
1,1546509481121,9.9,-0.41,1.26
1,1546509481180,9.9,-0.41,1.28
1,1546509481180,9.88,-0.41,1.34
1,1546509481181,9.86,-0.33,1.4
1,1546509481182,9.86,-0.31,1.4
1,1546509481183,9.82,-0.27,1.38
1,1546509481207,9.86,-0.29,1.38
1,1546509481208,9.88,-0.33,1.36
1,1546509481251,9.9,-0.39,1.34
1,1546509481253,9.94,-0.42,1.34
1,1546509481253,9.94,-0.35,1.36
1,1546509481254,9.9,-0.37,1.32
1,1546509481254,9.82,-0.35,1.36
1,1546509481255,9.8,-0.35,1.4
1,1546509481256,9.82,-0.31,1.42
1,1546509481257,9.86,-0.33,1.46
1,1546509481328,9.84,-0.42,1.46
1,1546509481329,9.82,-0.46,1.5
1,1546509481330,9.8,-0.54,1.52
1,1546509481330,9.84,-0.46,1.48
1,1546509481331,9.8,-0.48,1.48
1,1546509481331,9.78,-0.46,1.48
1,1546509481332,9.88,-0.41,1.44
1,1546509481332,9.94,-0.46,1.4
1,1546509481407,9.96,-0.42,1.44
1,1546509481408,9.94,-0.46,1.44
1,1546509481409,9.84,-0.46,1.46
1,1546509481410,9.68,-0.35,1.46
1,1546509481411,9.76,-0.31,1.42
1,1546509481412,9.82,-0.29,1.44
1,1546509481413,9.9,-0.35,1.4
1,1546509481481,9.86,-0.44,1.48
1,1546509481483,9.78,-0.42,1.44
1,1546509481484,9.7,-0.35,1.4
1,1546509481486,9.66,-0.25,1.36
1,1546509481487,9.78,-0.19,1.26
1,1546509481488,9.82,-0.19,1.23
1,1546509481490,9.84,-0.15,1.25
1,1546509481491,9.8,-0.19,1.25
1,1546509481552,9.84,-0.15,1.3
1,1546509481553,9.84,-0.11,1.3
1,1546509481553,9.84,-0.13,1.28
1,1546509481554,9.9,-0.11,1.3
1,1546509481555,9.94,-0.07,1.3
1,1546509481555,9.92,-0.11,1.36
1,1546509481556,9.98,-0.15,1.38
1,1546509481627,9.98,-0.19,1.4
1,1546509481644,10.0,-0.17,1.46
1,1546509481645,9.98,-0.23,1.56
1,1546509481646,9.94,-0.15,1.58
1,1546509481646,9.94,-0.09,1.6
1,1546509481647,9.92,-0.09,1.62
1,1546509481648,9.88,-0.17,1.58
1,1546509481701,9.94,-0.23,1.58
1,1546509481726,9.96,-0.25,1.54
1,1546509481727,10.0,-0.29,1.54
1,1546509481728,9.96,-0.27,1.52
1,1546509481728,9.9,-0.29,1.5
1,1546509481728,9.82,-0.29,1.48
1,1546509481729,9.76,-0.23,1.46
1,1546509481729,9.72,-0.17,1.44
1,1546509481777,9.8,-0.15,1.34
1,1546509481778,9.86,-0.17,1.44
1,1546509481778,9.9,-0.23,1.46
1,1546509481779,9.92,-0.23,1.46
1,1546509481780,9.92,-0.21,1.4
1,1546509481780,9.9,-0.23,1.38
1,1546509481780,9.86,-0.21,1.4
1,1546509481781,9.8,-0.19,1.38
1,1546509481851,9.74,-0.13,1.38
1,1546509481852,9.76,-0.13,1.38
1,1546509481853,9.8,-0.15,1.34
1,1546509481854,9.86,-0.17,1.34
1,1546509481854,9.92,-0.17,1.28
1,1546509481855,9.94,-0.17,1.28
1,1546509481855,9.94,-0.21,1.32
1,1546509481855,9.96,-0.25,1.3
1,1546509481928,9.96,-0.25,1.34
1,1546509481929,9.98,-0.25,1.32
1,1546509481931,9.94,-0.23,1.36
1,1546509481933,9.88,-0.25,1.34
1,1546509481934,9.86,-0.27,1.34
1,1546509481935,9.86,-0.23,1.32
1,1546509481936,9.88,-0.25,1.3
1,1546509482003,9.86,-0.27,1.28
1,1546509482004,9.88,-0.29,1.3
1,1546509482009,9.9,-0.29,1.34
1,1546509482010,9.9,-0.31,1.36
1,1546509482010,9.94,-0.35,1.4
1,1546509482010,9.96,-0.33,1.38
1,1546509482010,9.96,-0.29,1.36
1,1546509482011,9.94,-0.27,1.34
1,1546509482078,9.86,-0.29,1.34
1,1546509482078,9.86,-0.27,1.36
1,1546509482078,9.84,-0.29,1.38
1,1546509482079,9.78,-0.33,1.34
1,1546509482079,9.74,-0.33,1.28
1,1546509482079,9.74,-0.33,1.3
1,1546509482080,9.74,-0.33,1.32
1,1546509482080,9.78,-0.29,1.38
1,1546509482149,9.76,-0.29,1.42
1,1546509482161,9.8,-0.27,1.34
1,1546509482161,9.8,-0.23,1.36
1,1546509482162,9.9,-0.15,1.38
1,1546509482162,9.9,-0.15,1.36
1,1546509482162,9.86,-0.09,1.34
1,1546509482162,9.88,-0.07,1.32
