1,1546427485145,-9.53,-0.46,-4.39
1,1546427485146,-9.62,-0.58,-4.16
1,1546427485146,-9.29,-0.5,-4.53
1,1546427485214,-9.12,-0.42,-4.82
1,1546427485214,-8.92,-0.33,-4.64
1,1546427485214,-8.55,-0.93,-4.82
1,1546427485234,-8.73,-0.87,-4.57
1,1546427485235,-8.96,-0.48,-4.06
1,1546427485235,-8.94,-1.19,-4.37
1,1546427485290,-9.27,-0.7,-4.37
1,1546427485291,-9.29,-0.29,-4.35
1,1546427485291,-9.31,-0.01,-4.31
1,1546427485292,-9.39,-1.56,-4.49
1,1546427485292,-9.64,-0.37,-4.41
1,1546427485298,-10.03,-0.58,-3.06
1,1546427485299,-9.78,-0.09,-3.04
1,1546427485299,-9.31,0.25,-3.22
1,1546427485365,-8.9,0.27,-3.67
1,1546427485383,-9.86,-3.82,-4.55
1,1546427485384,-10.17,-0.97,-3.94
1,1546427485384,-10.09,0.13,-3.8
1,1546427485385,-10.27,0.17,-3.06
1,1546427485385,-9.53,0.44,-2.24
1,1546427485386,-8.76,-0.01,-3.69
1,1546427485386,-8.61,-0.87,-4.23
1,1546427485439,-8.57,-3.2,-6.69
1,1546427485439,-9.94,-0.35,-3.88
1,1546427485440,-10.42,1.64,-3.02
1,1546427485440,-10.74,0.35,-3.0
1,1546427485449,-9.98,-1.09,-3.12
1,1546427485450,-8.67,-0.5,-5.11
1,1546427485450,-9.45,-1.62,-4.64
1,1546427485450,-9.96,-1.36,-4.1
1,1546427485514,-10.13,-0.82,-4.17
1,1546427485515,-9.74,-1.05,-4.41
1,1546427485517,-9.92,0.05,-4.04
1,1546427485518,-9.7,-0.01,-3.55
1,1546427485519,-9.19,-0.37,-3.65
1,1546427485519,-9.06,-1.09,-4.49
1,1546427485519,-9.6,-0.64,-4.06
1,1546427485520,-9.6,0.52,-3.71
1,1546427485592,-9.51,-0.01,-3.39
1,1546427485592,-9.1,-0.68,-3.28
1,1546427485592,-8.75,-0.72,-3.94
1,1546427485593,-8.88,-1.3,-4.88
1,1546427485593,-9.14,-1.25,-4.88
1,1546427485593,-9.41,-1.13,-4.7
1,1546427485593,-9.66,-0.23,-3.45
1,1546427485593,-9.53,0.35,-3.26
1,1546427485666,-9.04,0.52,-3.2
1,1546427485667,-8.69,0.27,-3.18
1,1546427485668,-8.53,-1.01,-3.98
1,1546427485668,-8.78,-1.79,-4.23
1,1546427485668,-8.86,-1.44,-3.98
1,1546427485669,-8.88,-0.44,-3.84
1,1546427485669,-8.94,-0.64,-3.88
1,1546427485670,-9.43,-0.37,-3.71
1,1546427485740,-9.23,0.54,-3.8
1,1546427485740,-9.06,0.42,-3.73
1,1546427485741,-8.71,0.27,-3.98
1,1546427485741,-9.14,-0.82,-4.58
1,1546427485741,-9.16,-0.05,-4.33
1,1546427485741,-9.02,-0.15,-4.14
1,1546427485742,-8.67,-0.35,-4.14
1,1546427485814,-8.2,-0.91,-4.21
1,1546427485815,-7.73,-0.15,-4.14
1,1546427485815,-7.3,-0.05,-3.8
1,1546427485815,-6.81,-0.05,-3.98
1,1546427485816,-7.12,-3.28,-6.32
1,1546427485821,-8.06,-3.06,-6.28
1,1546427485822,-8.45,-1.54,-5.05
1,1546427485822,-8.06,-0.15,-4.08
1,1546427485918,-7.07,-0.7,-3.26
1,1546427485918,-6.91,-0.19,-3.51
1,1546427485918,-6.89,0.21,-3.37
1,1546427485918,-6.67,0.48,-3.57
1,1546427485919,-6.5,-0.66,-4.7
1,1546427485919,-6.97,-5.21,-6.85
1,1546427485919,-7.59,-2.48,-5.03
1,1546427485988,-7.61,0.21,-4.17
1,1546427485989,-7.16,-0.01,-3.51
1,1546427485989,-7.05,-0.31,-3.12
1,1546427485990,-7.03,-0.03,-4.19
1,1546427485990,-7.26,-1.81,-5.42
1,1546427485990,-7.16,-3.0,-5.93
1,1546427485991,-8.1,-4.06,-6.38
1,1546427485991,-8.35,-1.95,-5.03
1,1546427486078,-7.81,-0.27,-4.02
1,1546427486079,-7.2,0.15,-3.59
1,1546427486079,-7.59,0.05,-3.08
1,1546427486080,-7.61,-0.5,-4.27
1,1546427486080,-7.46,-2.14,-5.95
1,1546427486080,-7.63,-3.71,-7.36
1,1546427486081,-8.04,-4.29,-7.94
1,1546427486124,-7.94,-2.63,-5.15
1,1546427486124,-7.75,-1.79,-4.16
1,1546427486125,-7.51,-0.93,-3.63
1,1546427486125,-7.38,-0.35,-4.04
1,1546427486189,-8.08,-2.28,-6.17
1,1546427486190,-8.63,-2.4,-6.21
1,1546427486204,-8.88,-1.89,-5.5
1,1546427486204,-8.61,-2.2,-4.9
1,1546427486205,-7.44,-2.75,-4.94
1,1546427486205,-7.42,-2.24,-5.44
1,1546427486205,-7.67,-2.24,-6.56
1,1546427486205,-8.1,-3.2,-7.85
1,1546427486265,-9.21,-3.2,-6.44
1,1546427486266,-7.94,-2.38,-4.45
1,1546427486267,-8.2,-1.4,-5.23
1,1546427486268,-8.57,-1.62,-6.52
1,1546427486268,-8.55,-3.22,-7.28
1,1546427486268,-8.65,-3.75,-7.16
1,1546427486269,-8.71,-3.35,-6.44
1,1546427486269,-8.2,-2.91,-5.23
1,1546427486339,-8.37,-2.53,-4.96
1,1546427486343,-8.57,-1.52,-4.8
1,1546427486343,-8.82,-1.67,-5.33
1,1546427486343,-8.82,-2.98,-7.57
1,1546427486344,-9.0,-3.28,-7.34
1,1546427486344,-8.8,-2.89,-7.03
1,1546427486344,-8.32,-3.12,-6.13
1,1546427486344,-7.98,-3.0,-5.68
1,1546427486414,-8.3,-2.2,-5.56
1,1546427486414,-9.0,-1.54,-5.37
1,1546427486415,-9.27,-1.54,-5.5
1,1546427486415,-8.65,-2.01,-5.91
1,1546427486415,-8.04,-3.43,-6.71
1,1546427486416,-7.83,-4.02,-7.61
1,1546427486422,-8.26,-3.67,-6.97
1,1546427486422,-8.41,-2.96,-6.79
1,1546427486505,-8.84,-2.44,-5.7
1,1546427486505,-8.94,-1.48,-5.52
1,1546427486506,-8.78,-1.26,-5.46
1,1546427486506,-8.39,-1.48,-5.37
1,1546427486506,-8.1,-2.57,-6.11
1,1546427486506,-7.57,-3.2,-7.63
1,1546427486506,-7.71,-3.98,-7.96
1,1546427486507,-8.26,-3.49,-7.18
1,1546427486572,-9.0,-2.1,-5.78
1,1546427486573,-9.19,-1.79,-5.52
1,1546427486573,-9.06,-0.99,-5.87
1,1546427486573,-8.86,-1.42,-5.97
1,1546427486574,-7.87,-2.36,-6.5
1,1546427486642,-7.67,-2.98,-6.75
1,1546427486642,-7.3,-3.59,-7.24
1,1546427486643,-7.61,-3.63,-6.97
1,1546427486643,-8.04,-2.75,-6.44
1,1546427486644,-9.27,-1.64,-6.21
1,1546427486644,-9.37,-1.38,-6.44
1,1546427486645,-9.16,-1.34,-6.91
1,1546427486645,-8.73,-1.97,-7.01
1,1546427486723,-8.26,-2.53,-6.38
1,1546427486723,-7.96,-2.73,-6.28
1,1546427486724,-7.44,-2.87,-6.73
1,1546427486724,-7.28,-3.16,-7.24
1,1546427486724,-8.53,-2.48,-6.99
1,1546427486724,-9.1,-1.77,-7.03
1,1546427486724,-9.19,-1.75,-7.1
1,1546427486725,-8.92,-2.01,-7.1
1,1546427486789,-8.04,-2.61,-6.99
1,1546427486789,-7.79,-2.4,-6.6
1,1546427486790,-7.55,-2.1,-6.71
1,1546427486793,-7.63,-2.16,-6.67
1,1546427486794,-7.98,-1.85,-6.58
1,1546427486795,-8.63,-1.62,-6.36
1,1546427486795,-8.84,-1.81,-6.58
1,1546427486795,-8.73,-2.1,-6.93
1,1546427486865,-8.47,-2.3,-7.01
1,1546427486867,-7.81,-2.05,-6.93
1,1546427486868,-7.61,-2.38,-7.05
1,1546427486868,-7.85,-2.48,-6.89
1,1546427486868,-8.26,-1.99,-6.81
1,1546427486869,-8.32,-1.58,-6.5
1,1546427486869,-8.28,-1.67,-6.36
1,1546427486869,-8.18,-1.83,-6.38
1,1546427486939,-7.98,-1.85,-6.4
1,1546427486940,-7.91,-2.05,-6.36
1,1546427486943,-8.08,-1.81,-6.23
1,1546427486943,-8.28,-1.58,-6.19
1,1546427486943,-8.39,-1.42,-6.21
1,1546427486943,-8.45,-1.42,-6.19
1,1546427486944,-8.24,-1.93,-6.25
1,1546427486944,-8.24,-2.05,-6.21
1,1546427487015,-8.18,-1.87,-5.99
1,1546427487015,-8.18,-1.87,-6.07
1,1546427487026,-8.3,-1.71,-6.01
1,1546427487027,-8.45,-1.56,-6.15
1,1546427487027,-8.78,-1.32,-6.23
1,1546427487027,-9.12,-1.15,-6.15
1,1546427487027,-9.1,-1.67,-6.23
1,1546427487089,-9.0,-1.89,-6.11
1,1546427487090,-8.86,-1.91,-5.95
1,1546427487090,-8.88,-1.85,-5.6
1,1546427487090,-9.08,-1.54,-5.62
1,1546427487090,-9.16,-1.46,-5.64
1,1546427487094,-9.25,-1.54,-5.78
1,1546427487095,-9.25,-1.67,-5.82
1,1546427487095,-9.27,-2.05,-5.74
1,1546427487165,-9.27,-2.05,-5.72
1,1546427487166,-9.33,-1.93,-5.68
1,1546427487167,-9.33,-1.83,-5.58
1,1546427487167,-9.27,-1.71,-5.52
1,1546427487168,-9.31,-1.67,-5.09
1,1546427487168,-9.23,-1.73,-5.01
1,1546427487168,-9.23,-1.67,-4.88
1,1546427487240,-9.25,-1.69,-4.92
1,1546427487241,-9.43,-1.5,-4.9
1,1546427487241,-9.58,-1.66,-4.92
1,1546427487241,-9.7,-1.67,-4.86
1,1546427487242,-9.8,-1.34,-4.62
1,1546427487242,-9.66,-1.77,-4.7
1,1546427487242,-9.49,-1.64,-4.78
1,1546427487242,-9.47,-1.83,-4.7
1,1546427487316,-9.6,-1.79,-4.55
1,1546427487317,-9.68,-1.91,-4.6
1,1546427487318,-9.82,-1.62,-4.76
1,1546427487318,-9.88,-1.42,-5.03
1,1546427487318,-9.96,-1.64,-5.25
1,1546427487319,-10.11,-1.13,-5.09
1,1546427487319,-10.11,-1.38,-5.05
1,1546427487319,-10.09,-1.6,-5.21
1,1546427487471,-10.07,-1.48,-5.07
1,1546427487471,-10.01,-1.42,-5.17
1,1546427487472,-9.74,-1.62,-4.82
1,1546427487472,-9.62,-1.69,-4.68
1,1546427487472,-9.72,-1.81,-4.62
1,1546427487541,-9.7,-1.89,-4.39
1,1546427487542,-9.55,-1.66,-4.14
1,1546427487542,-9.57,-1.69,-3.92
1,1546427487543,-9.53,-1.56,-3.92
1,1546427487543,-9.39,-1.56,-3.9
1,1546427487543,-9.57,-1.3,-4.0
1,1546427487543,-9.45,-1.4,-4.31
1,1546427487544,-9.49,-1.52,-4.17
1,1546427487694,-9.6,-1.13,-4.21
1,1546427487716,-9.35,-1.48,-4.47
1,1546427487717,-9.25,-1.54,-4.58
1,1546427487717,-9.23,-1.58,-4.27
1,1546427487718,-9.27,-1.19,-4.25
1,1546427487764,-9.06,-1.15,-4.41
1,1546427487765,-8.96,-1.25,-4.7
1,1546427487765,-8.96,-1.52,-4.88
1,1546427487783,-9.06,-1.58,-4.78
1,1546427487784,-9.02,-1.48,-4.53
1,1546427487784,-9.04,-1.66,-4.43
1,1546427487785,-8.61,-1.11,-4.72
1,1546427487785,-8.43,-1.26,-4.88
1,1546427487840,-8.28,-1.44,-4.84
1,1546427487841,-8.82,-1.09,-5.09
1,1546427487850,-9.0,-1.38,-4.84
1,1546427487851,-9.04,-0.83,-4.1
1,1546427487851,-8.96,-1.03,-4.12
1,1546427487852,-8.73,-1.52,-4.39
1,1546427487852,-8.92,-1.73,-4.06
1,1546427487852,-8.86,-1.79,-4.72
1,1546427487914,-8.8,-1.71,-4.88
1,1546427487915,-8.8,-1.79,-5.05
1,1546427487934,-8.94,-1.67,-4.78
1,1546427487934,-8.94,-1.21,-4.86
1,1546427487934,-9.02,-0.68,-4.8
1,1546427487934,-8.9,-0.78,-5.13
1,1546427487935,-9.0,-1.26,-5.09
1,1546427487935,-9.08,-1.36,-4.88
1,1546427487991,-9.23,-1.64,-4.72
1,1546427487992,-9.17,-1.52,-4.76
1,1546427487992,-9.1,-1.36,-5.0
1,1546427487993,-9.19,-1.48,-4.76
1,1546427487993,-9.33,-1.34,-4.49
1,1546427487993,-9.25,-1.69,-4.41
1,1546427487994,-9.1,-1.69,-4.47
1,1546427487994,-9.04,-1.67,-4.45
1,1546427488069,-9.21,-1.5,-4.1
1,1546427488087,-9.17,-1.38,-4.25
1,1546427488088,-9.12,-1.62,-4.41
1,1546427488088,-9.17,-1.6,-4.57
1,1546427488089,-9.16,-1.81,-4.68
1,1546427488089,-9.21,-1.56,-4.43
1,1546427488089,-9.17,-1.62,-4.43
1,1546427488090,-9.19,-1.54,-4.31
1,1546427488140,-9.14,-1.6,-4.47
1,1546427488141,-9.27,-1.71,-4.51
1,1546427488141,-9.35,-1.83,-4.47
1,1546427488153,-9.41,-1.85,-4.39
1,1546427488154,-9.41,-1.79,-4.47
1,1546427488154,-9.29,-1.77,-4.7
1,1546427488154,-9.29,-2.22,-4.72
1,1546427488215,-9.49,-2.46,-4.57
1,1546427488215,-9.53,-2.34,-4.45
1,1546427488219,-9.55,-2.07,-4.33
1,1546427488220,-9.47,-1.93,-4.29
1,1546427488220,-9.43,-1.93,-4.27
1,1546427488220,-9.33,-2.03,-4.21
1,1546427488220,-9.17,-2.26,-4.14
1,1546427488221,-9.21,-2.26,-4.14
1,1546427488291,-9.23,-2.59,-4.1
1,1546427488291,-9.14,-2.51,-4.29
1,1546427488292,-9.06,-2.36,-4.41
1,1546427488292,-9.04,-1.93,-4.21
1,1546427488293,-9.02,-1.97,-4.14
1,1546427488293,-9.0,-1.91,-3.96
1,1546427488293,-9.0,-1.77,-3.88
1,1546427488365,-9.02,-2.05,-4.04
1,1546427488366,-9.1,-2.07,-4.02
1,1546427488367,-9.08,-2.2,-4.21
1,1546427488367,-9.08,-2.16,-4.25
1,1546427488368,-9.0,-2.57,-4.23
1,1546427488368,-9.1,-2.63,-4.06
1,1546427488368,-9.21,-2.59,-3.96
1,1546427488369,-9.16,-2.63,-4.1
1,1546427488440,-9.25,-2.77,-4.17
1,1546427488441,-9.43,-2.65,-4.1
1,1546427488442,-9.49,-2.44,-4.0
1,1546427488442,-9.43,-2.46,-3.88
1,1546427488443,-9.45,-2.55,-3.69
1,1546427488443,-9.41,-2.63,-3.75
1,1546427488443,-9.29,-2.75,-3.92
1,1546427488514,-9.37,-2.73,-3.94
1,1546427488515,-9.43,-2.59,-3.96
1,1546427488517,-9.51,-2.71,-3.67
1,1546427488518,-9.37,-2.73,-3.63
1,1546427488518,-9.23,-2.89,-3.8
1,1546427488518,-9.27,-2.81,-3.76
1,1546427488519,-9.33,-3.14,-3.47
1,1546427488519,-9.33,-3.2,-3.55
1,1546427488589,-9.35,-2.98,-3.61
1,1546427488590,-9.35,-2.92,-3.73
1,1546427488591,-9.16,-3.0,-3.92
1,1546427488611,-9.16,-3.18,-3.92
1,1546427488611,-9.21,-3.24,-3.82
1,1546427488611,-9.25,-3.12,-3.86
1,1546427488612,-9.23,-2.87,-4.1
1,1546427488612,-9.31,-2.94,-4.17
1,1546427488664,-9.45,-2.77,-4.16
1,1546427488665,-9.58,-2.67,-4.02
1,1546427488666,-9.51,-2.92,-4.06
1,1546427488667,-9.17,-3.28,-4.0
1,1546427488668,-9.06,-3.32,-3.98
1,1546427488668,-8.96,-3.47,-3.94
1,1546427488668,-9.17,-3.33,-3.57
1,1546427488740,-9.35,-2.94,-3.73
1,1546427488740,-9.29,-3.08,-3.78
1,1546427488741,-9.29,-3.08,-3.71
1,1546427488741,-9.19,-3.12,-3.88
1,1546427488742,-9.04,-3.33,-4.08
1,1546427488742,-9.08,-3.28,-4.16
1,1546427488742,-9.14,-3.3,-4.23
1,1546427488742,-9.23,-3.16,-4.14
1,1546427488814,-9.23,-2.89,-4.23
1,1546427488815,-9.19,-2.91,-4.27
1,1546427488815,-9.21,-2.92,-4.19
1,1546427488816,-9.17,-2.94,-4.23
1,1546427488816,-9.16,-3.08,-4.25
1,1546427488816,-9.16,-3.16,-4.33
1,1546427488817,-9.12,-3.02,-4.31
1,1546427488891,-9.06,-2.96,-4.37
1,1546427488892,-9.06,-2.85,-4.39
1,1546427488893,-9.25,-2.44,-4.25
1,1546427488893,-9.35,-2.34,-4.19
1,1546427488893,-9.19,-2.36,-4.43
1,1546427488894,-9.14,-2.67,-4.45
1,1546427488894,-8.98,-3.08,-4.43
1,1546427488894,-8.98,-2.83,-4.39
1,1546427488965,-8.94,-2.73,-4.53
1,1546427488966,-9.0,-2.73,-4.51
1,1546427488967,-8.94,-2.42,-4.64
1,1546427488968,-9.0,-2.48,-4.45
1,1546427488968,-9.0,-2.34,-4.39
1,1546427488968,-8.8,-2.61,-4.57
1,1546427488969,-8.76,-2.67,-4.57
1,1546427488969,-8.8,-2.46,-4.57
1,1546427489043,-8.94,-2.5,-4.53
1,1546427489043,-9.02,-2.51,-4.49
1,1546427489044,-9.04,-2.24,-4.45
1,1546427489044,-8.88,-2.44,-4.58
1,1546427489044,-8.9,-2.32,-4.37
1,1546427489114,-8.98,-2.38,-4.21
1,1546427489115,-8.88,-2.4,-4.19
1,1546427489115,-8.88,-2.48,-4.17
1,1546427489115,-9.02,-2.38,-4.23
1,1546427489126,-9.06,-2.46,-4.25
1,1546427489127,-9.1,-2.55,-4.35
1,1546427489127,-9.12,-2.44,-3.94
1,1546427489127,-9.12,-2.28,-3.75
1,1546427489194,-9.0,-2.36,-3.63
1,1546427489194,-9.06,-2.63,-3.41
1,1546427489195,-9.06,-2.61,-3.49
1,1546427489195,-9.1,-2.71,-3.47
1,1546427489267,-9.14,-2.55,-3.51
1,1546427489267,-9.14,-2.53,-3.57
1,1546427489268,-9.16,-2.77,-3.41
1,1546427489268,-9.17,-2.75,-3.39
1,1546427489268,-9.27,-2.71,-3.37
1,1546427489268,-9.33,-2.57,-3.37
1,1546427489269,-9.39,-2.53,-3.65
1,1546427489269,-9.47,-2.59,-3.71
1,1546427489341,-9.57,-2.65,-3.71
1,1546427489341,-9.66,-2.81,-4.31
1,1546427489341,-9.7,-2.94,-4.41
1,1546427489364,-9.72,-3.02,-4.31
1,1546427489365,-9.7,-2.87,-4.35
1,1546427489365,-9.76,-2.96,-4.23
1,1546427489365,-9.7,-3.0,-4.27
1,1546427489365,-9.7,-3.0,-4.27
1,1546427489414,-9.45,-3.41,-3.88
1,1546427489415,-9.43,-3.41,-3.8
1,1546427489415,-9.41,-3.33,-3.76
1,1546427489415,-9.37,-3.3,-3.75
1,1546427489490,-9.17,-3.33,-3.73
1,1546427489491,-9.04,-3.28,-3.84
1,1546427489491,-9.0,-3.45,-3.67
1,1546427489491,-8.92,-3.3,-3.71
1,1546427489492,-8.86,-3.43,-3.92
1,1546427489492,-8.86,-3.16,-3.9
1,1546427489492,-8.98,-3.12,-3.71
1,1546427489492,-9.0,-2.92,-3.8
1,1546427489566,-9.02,-2.98,-3.82
1,1546427489566,-9.06,-3.0,-3.78
1,1546427489566,-9.23,-2.94,-3.76
1,1546427489567,-9.29,-2.73,-3.84
1,1546427489567,-9.31,-2.79,-3.69
1,1546427489567,-9.37,-2.87,-3.75
1,1546427489568,-9.57,-3.02,-3.84
1,1546427489568,-9.64,-3.08,-3.86
1,1546427489643,-9.7,-3.14,-3.8
1,1546427489644,-9.8,-3.2,-3.75
1,1546427489644,-9.84,-3.0,-3.82
1,1546427489645,-9.82,-3.14,-3.73
1,1546427489645,-9.76,-2.98,-3.76
1,1546427489645,-9.76,-3.06,-3.67
1,1546427489645,-9.66,-3.02,-3.51
1,1546427489646,-9.53,-3.1,-3.65
1,1546427489720,-9.43,-3.14,-3.63
1,1546427489721,-9.39,-3.04,-3.55
1,1546427489723,-9.31,-3.04,-3.57
1,1546427489724,-9.29,-3.0,-3.63
1,1546427489725,-9.14,-3.12,-3.8
1,1546427489727,-9.08,-3.24,-3.73
1,1546427489728,-9.08,-3.14,-3.59
1,1546427489729,-9.1,-3.04,-3.57
1,1546427489792,-9.02,-3.08,-3.67
1,1546427489793,-9.1,-3.1,-3.61
1,1546427489793,-9.08,-3.18,-3.65
1,1546427489793,-9.19,-3.18,-3.57
1,1546427489793,-9.12,-3.32,-3.71
1,1546427489794,-9.0,-3.47,-3.75
1,1546427489794,-8.94,-3.39,-3.65
1,1546427489870,-9.0,-3.55,-3.73
1,1546427489872,-9.04,-3.28,-3.69
1,1546427489873,-9.04,-3.33,-3.71
1,1546427489874,-8.98,-3.43,-3.86
1,1546427489875,-9.02,-3.47,-3.78
1,1546427489876,-9.06,-3.57,-3.8
1,1546427489877,-9.1,-3.43,-3.78
1,1546427489879,-9.12,-3.32,-3.73
1,1546427489942,-9.19,-3.35,-3.78
1,1546427489943,-9.08,-3.28,-3.75
1,1546427489978,-9.12,-3.33,-3.69
1,1546427489979,-9.06,-3.28,-3.73
1,1546427489980,-9.0,-3.33,-3.8
1,1546427489981,-9.19,-3.28,-3.67
1,1546427489982,-9.29,-3.3,-3.69
1,1546427490046,-9.35,-3.18,-3.75
1,1546427490047,-9.39,-3.2,-3.73
1,1546427490048,-9.31,-3.22,-3.59
1,1546427490048,-9.25,-3.24,-3.61
1,1546427490048,-9.27,-3.26,-3.57
1,1546427490048,-9.21,-3.26,-3.71
1,1546427490049,-9.27,-3.32,-3.67
1,1546427490049,-9.35,-3.43,-3.92
1,1546427490092,-9.43,-3.51,-3.88
1,1546427490101,-9.47,-3.45,-3.75
1,1546427490102,-9.43,-3.28,-3.75
1,1546427490102,-9.33,-3.37,-3.45
1,1546427490102,-9.25,-3.43,-3.51
1,1546427490102,-9.17,-3.61,-3.53
1,1546427490102,-9.16,-3.65,-3.43
1,1546427490103,-9.08,-3.84,-3.35
1,1546427490167,-9.14,-3.75,-3.3
1,1546427490167,-9.16,-3.94,-3.16
1,1546427490168,-9.0,-3.94,-3.39
1,1546427490190,-8.8,-3.76,-3.57
1,1546427490191,-8.98,-3.84,-3.3
1,1546427490192,-9.08,-3.86,-3.16
1,1546427490192,-9.04,-3.96,-3.22
1,1546427490244,-8.76,-3.57,-3.26
1,1546427490246,-8.82,-3.69,-3.08
1,1546427490248,-8.84,-3.53,-2.98
1,1546427490250,-8.82,-3.73,-3.32
1,1546427490252,-8.76,-3.67,-3.37
1,1546427490254,-8.92,-4.16,-3.65
1,1546427490258,-9.02,-4.04,-3.65
1,1546427490259,-8.98,-3.94,-3.71
1,1546427490315,-8.94,-3.82,-3.75
1,1546427490320,-9.12,-3.92,-3.14
1,1546427490320,-9.16,-3.94,-3.0
1,1546427490321,-9.0,-3.8,-2.89
1,1546427490321,-8.94,-3.8,-2.85
1,1546427490321,-9.14,-3.98,-2.85
1,1546427490321,-8.96,-4.14,-2.96
1,1546427490390,-8.84,-4.19,-3.18
1,1546427490391,-8.96,-4.25,-3.24
1,1546427490391,-9.1,-4.19,-3.2
1,1546427490391,-9.17,-4.16,-3.06
1,1546427490468,-9.19,-4.17,-2.5
1,1546427490469,-9.06,-3.73,-2.61
1,1546427490469,-9.08,-4.06,-2.51
1,1546427490469,-9.06,-4.06,-2.81
1,1546427490469,-9.06,-3.88,-2.79
1,1546427490470,-9.1,-4.04,-2.79
1,1546427490470,-9.23,-4.14,-2.67
1,1546427490470,-9.14,-4.19,-3.18
1,1546427490540,-9.25,-4.17,-3.18
1,1546427490541,-9.31,-4.0,-3.04
1,1546427490541,-9.55,-4.25,-2.89
1,1546427490541,-9.51,-4.17,-2.89
1,1546427490542,-9.49,-4.27,-2.96
1,1546427490542,-9.43,-4.33,-3.0
1,1546427490542,-9.64,-4.51,-2.73
1,1546427490543,-9.43,-4.29,-2.81
1,1546427490614,-9.33,-4.43,-2.87
1,1546427490614,-9.37,-4.49,-2.79
1,1546427490615,-9.25,-4.6,-2.75
1,1546427490615,-9.29,-4.6,-2.57
1,1546427490619,-9.37,-4.45,-2.42
1,1546427490620,-9.33,-4.47,-2.55
1,1546427490620,-9.12,-4.33,-2.55
1,1546427490620,-9.12,-4.27,-2.38
1,1546427490691,-9.14,-4.37,-2.42
1,1546427490691,-9.16,-4.37,-2.46
1,1546427490691,-9.04,-4.35,-2.65
1,1546427490692,-9.12,-4.33,-2.65
1,1546427490692,-9.21,-4.12,-2.83
1,1546427490692,-9.29,-4.0,-3.02
1,1546427490692,-9.31,-3.75,-3.26
1,1546427490693,-9.47,-3.51,-3.16
1,1546427490764,-9.53,-3.53,-3.08
1,1546427490765,-9.68,-3.49,-3.04
1,1546427490765,-9.74,-3.3,-2.91
1,1546427490766,-9.47,-3.41,-2.98
1,1546427490767,-9.35,-3.49,-2.89
1,1546427490767,-9.45,-3.82,-2.75
1,1546427490768,-9.64,-3.51,-2.53
1,1546427490768,-9.7,-4.04,-2.36
1,1546427490842,-9.86,-4.02,-2.3
1,1546427490842,-10.11,-3.41,-2.03
1,1546427490842,-10.15,-3.24,-2.2
1,1546427490843,-10.56,-3.26,-1.97
1,1546427490843,-10.25,-3.51,-2.65
1,1546427490843,-10.5,-3.35,-2.12
1,1546427490844,-10.33,-2.57,-2.2
1,1546427490844,-10.29,-2.65,-2.22
1,1546427490914,-10.25,-2.01,-2.22
1,1546427490915,-10.44,-2.03,-1.95
1,1546427490922,-10.05,-1.77,-2.55
1,1546427490923,-10.03,-2.32,-2.53
1,1546427490923,-10.31,-2.77,-1.73
1,1546427490923,-10.5,-2.63,-1.4
1,1546427490924,-10.29,-2.32,-1.66
1,1546427490990,-10.13,-2.1,-1.93
1,1546427490991,-10.6,-1.3,-1.5
1,1546427490993,-10.58,-1.28,-1.67
1,1546427490993,-10.62,-1.66,-1.69
1,1546427490993,-10.39,-1.58,-1.93
1,1546427490993,-10.23,-1.62,-2.34
1,1546427490994,-10.5,-1.54,-1.93
1,1546427490994,-10.62,-1.38,-1.87
1,1546427491065,-10.48,-1.64,-2.18
1,1546427491066,-10.07,-1.48,-2.81
1,1546427491066,-10.25,-1.15,-2.51
1,1546427491066,-10.23,-0.97,-2.36
1,1546427491067,-10.19,-1.5,-2.32
1,1546427491067,-10.09,-1.38,-2.26
1,1546427491067,-9.86,-1.21,-2.4
1,1546427491144,-10.03,-0.83,-2.26
1,1546427491145,-10.09,-0.68,-2.28
1,1546427491145,-9.96,-0.83,-2.59
1,1546427491146,-10.01,-1.42,-2.5
1,1546427491146,-10.05,-1.11,-2.36
1,1546427491218,-10.01,-0.97,-2.18
1,1546427491219,-9.98,-1.01,-2.24
1,1546427491219,-9.64,-0.58,-2.51
1,1546427491219,-9.7,-0.62,-2.4
1,1546427491220,-9.76,-1.09,-2.53
1,1546427491291,-9.76,-1.3,-2.55
1,1546427491291,-9.68,-0.74,-2.75
1,1546427491292,-9.88,-0.95,-2.69
1,1546427491293,-9.98,-0.72,-2.61
1,1546427491293,-9.9,-0.5,-2.57
1,1546427491294,-9.84,-0.64,-2.61
1,1546427491294,-9.82,-0.95,-2.44
1,1546427491294,-9.84,-1.07,-2.3
1,1546427491370,-9.92,-0.58,-2.18
1,1546427491370,-10.05,-1.46,-2.98
1,1546427491371,-9.78,-1.32,-2.98
1,1546427491371,-9.7,-1.69,-3.08
1,1546427491371,-9.76,-1.64,-2.92
1,1546427491441,-9.88,-1.44,-2.79
1,1546427491442,-9.78,-1.75,-2.96
1,1546427491442,-9.68,-2.24,-3.24
1,1546427491442,-9.66,-2.44,-3.37
1,1546427491443,-9.82,-2.48,-3.39
1,1546427491443,-9.92,-2.63,-3.41
1,1546427491443,-9.92,-2.79,-3.39
1,1546427491444,-9.9,-2.69,-3.43
1,1546427491516,-10.0,-2.69,-3.04
1,1546427491516,-9.74,-3.32,-3.32
1,1546427491516,-9.8,-3.67,-3.55
1,1546427491516,-9.86,-3.88,-3.75
1,1546427491517,-10.05,-3.8,-3.51
1,1546427491517,-9.82,-3.63,-3.49
1,1546427491671,-9.6,-3.67,-3.33
1,1546427491671,-9.45,-3.33,-3.02
1,1546427491672,-9.35,-3.14,-2.73
1,1546427491672,-9.14,-3.59,-2.94
1,1546427491672,-9.16,-3.84,-3.1
1,1546427491741,-9.1,-4.04,-3.33
1,1546427491742,-9.14,-4.06,-3.57
1,1546427491742,-9.33,-4.06,-3.28
1,1546427491743,-9.33,-3.59,-3.06
1,1546427491743,-9.16,-3.8,-3.02
1,1546427491743,-9.29,-3.76,-3.12
1,1546427491743,-9.39,-3.43,-3.08
1,1546427491744,-9.35,-3.47,-2.92
1,1546427491815,-9.33,-3.37,-2.69
1,1546427491816,-9.96,-3.33,-3.04
1,1546427491816,-10.09,-3.59,-3.06
1,1546427491816,-10.13,-3.1,-3.02
1,1546427491816,-10.03,-3.08,-2.92
1,1546427491829,-10.09,-3.12,-2.77
1,1546427491829,-10.21,-2.55,-2.53
1,1546427491830,-10.11,-2.83,-2.96
1,1546427491891,-10.11,-2.69,-3.06
1,1546427491892,-10.13,-2.46,-3.16
1,1546427491892,-10.11,-2.59,-3.14
1,1546427491892,-10.23,-2.67,-2.83
1,1546427491893,-10.17,-2.51,-2.96
1,1546427491893,-9.94,-2.4,-3.02
1,1546427491893,-9.74,-2.4,-3.18
1,1546427491894,-9.82,-2.26,-2.85
1,1546427491968,-9.92,-2.18,-2.69
1,1546427491984,-9.74,-2.1,-2.94
1,1546427491985,-9.6,-2.12,-3.16
1,1546427491985,-9.57,-1.91,-2.98
1,1546427491986,-9.8,-2.12,-2.85
1,1546427491986,-9.96,-2.1,-2.77
1,1546427491987,-9.78,-1.81,-2.92
1,1546427491987,-9.62,-1.81,-3.28
1,1546427492042,-9.82,-1.95,-3.24
1,1546427492043,-9.86,-2.05,-3.18
1,1546427492043,-9.84,-1.79,-3.08
1,1546427492044,-9.72,-1.32,-3.2
1,1546427492044,-9.64,-1.44,-3.39
1,1546427492044,-9.57,-1.67,-3.43
1,1546427492044,-9.82,-1.5,-3.28
1,1546427492119,-9.9,-1.38,-3.26
1,1546427492134,-9.7,-1.5,-3.37
1,1546427492134,-9.7,-1.6,-3.24
1,1546427492135,-9.76,-1.77,-2.94
1,1546427492135,-9.88,-1.73,-2.71
1,1546427492136,-9.6,-1.6,-2.98
1,1546427492136,-9.29,-1.66,-3.22
1,1546427492136,-9.21,-1.71,-3.24
1,1546427492192,-9.25,-1.64,-3.08
1,1546427492193,-9.33,-1.66,-3.08
1,1546427492194,-9.21,-1.44,-3.33
1,1546427492194,-9.17,-1.56,-3.33
1,1546427492200,-9.35,-1.62,-3.18
1,1546427492201,-9.47,-1.56,-3.08
1,1546427492201,-9.27,-1.64,-3.12
1,1546427492266,-9.33,-1.77,-3.08
1,1546427492289,-9.35,-1.89,-3.2
1,1546427492290,-9.43,-2.03,-3.12
1,1546427492291,-9.7,-2.03,-2.85
1,1546427492292,-9.6,-1.93,-3.06
1,1546427492293,-9.43,-1.85,-3.37
1,1546427492293,-9.33,-1.87,-3.59
1,1546427492295,-9.51,-1.97,-3.47
1,1546427492343,-9.74,-2.2,-3.49
1,1546427492351,-9.76,-2.16,-3.59
1,1546427492352,-9.62,-2.18,-3.8
1,1546427492352,-9.62,-2.34,-3.75
1,1546427492352,-9.72,-2.38,-3.37
1,1546427492353,-9.7,-2.55,-3.3
1,1546427492353,-9.64,-2.59,-3.45
1,1546427492353,-9.62,-2.61,-3.49
1,1546427492416,-9.74,-2.57,-3.33
1,1546427492442,-9.74,-2.55,-3.33
1,1546427492444,-9.82,-2.61,-3.22
1,1546427492445,-9.78,-2.59,-3.2
1,1546427492446,-9.62,-2.63,-3.18
1,1546427492446,-9.58,-2.87,-3.04
1,1546427492447,-9.53,-2.94,-3.1
1,1546427492495,-9.51,-2.94,-3.16
1,1546427492497,-9.49,-2.98,-3.33
1,1546427492568,-9.43,-3.32,-3.47
1,1546427492568,-9.39,-3.47,-3.43
1,1546427492570,-9.33,-3.3,-3.45
1,1546427492570,-9.25,-3.28,-3.51
1,1546427492586,-9.27,-3.32,-3.37
1,1546427492586,-9.23,-3.16,-3.39
1,1546427492586,-9.21,-3.3,-3.43
1,1546427492587,-9.27,-3.22,-3.37
1,1546427492643,-9.29,-3.51,-3.47
1,1546427492653,-9.33,-3.59,-3.53
1,1546427492654,-9.53,-3.94,-3.63
1,1546427492655,-9.47,-4.0,-3.59
1,1546427492656,-9.51,-3.82,-3.45
1,1546427492657,-9.43,-3.8,-3.49
1,1546427492658,-9.47,-3.94,-3.71
1,1546427492658,-9.51,-3.9,-3.82
1,1546427492716,-9.51,-4.06,-3.94
1,1546427492717,-9.55,-4.21,-4.1
1,1546427492718,-9.62,-4.02,-3.86
1,1546427492719,-9.6,-3.94,-3.71
1,1546427492720,-9.49,-3.86,-3.65
1,1546427492720,-9.31,-4.02,-3.67
1,1546427492721,-9.39,-4.02,-3.55
1,1546427492722,-9.51,-4.17,-3.45
1,1546427492794,-9.64,-4.04,-3.3
1,1546427492796,-9.49,-4.12,-3.2
1,1546427492797,-9.39,-3.92,-3.3
1,1546427492798,-9.41,-3.98,-3.18
1,1546427492799,-9.49,-3.98,-3.0
1,1546427492800,-9.35,-4.0,-3.04
1,1546427492801,-9.02,-4.08,-3.3
1,1546427492802,-8.88,-4.16,-3.33
1,1546427492873,-9.06,-4.19,-3.12
1,1546427492874,-9.04,-4.02,-3.14
1,1546427492874,-8.92,-3.69,-3.2
1,1546427492875,-8.84,-3.71,-3.37
1,1546427492875,-8.98,-3.75,-3.1
1,1546427492944,-8.82,-3.73,-2.98
1,1546427492945,-8.49,-4.06,-3.18
1,1546427492946,-8.35,-4.04,-3.41
1,1546427492947,-8.39,-3.9,-3.47
1,1546427492947,-8.35,-3.84,-3.65
1,1546427492948,-8.65,-3.76,-3.37
1,1546427493019,-8.47,-3.63,-3.61
1,1546427493020,-8.86,-3.65,-3.1
1,1546427493021,-8.43,-3.63,-3.67
1,1546427493021,-8.9,-3.61,-3.16
1,1546427493021,-9.0,-3.47,-3.06
1,1546427493022,-8.92,-3.55,-3.1
1,1546427493022,-8.98,-3.45,-3.2
1,1546427493023,-9.31,-3.35,-2.89
1,1546427493092,-9.47,-3.33,-2.77
1,1546427493093,-9.82,-3.3,-3.02
1,1546427493094,-9.84,-3.1,-3.06
1,1546427493095,-9.9,-3.06,-2.92
1,1546427493095,-9.86,-3.12,-2.94
1,1546427493096,-9.84,-3.02,-2.89
1,1546427493096,-9.88,-3.04,-2.94
1,1546427493096,-9.84,-2.96,-3.06
1,1546427493166,-10.19,-3.02,-2.69
1,1546427493167,-10.41,-2.91,-2.77
1,1546427493244,-10.27,-3.1,-2.98
1,1546427493315,-10.33,-3.32,-2.87
1,1546427493316,-10.27,-3.24,-2.51
1,1546427493316,-10.13,-3.32,-2.42
1,1546427493326,-10.09,-2.98,-2.63
1,1546427493327,-10.15,-2.92,-2.85
1,1546427493327,-10.21,-2.98,-2.87
1,1546427493327,-10.09,-2.92,-3.06
1,1546427493328,-10.19,-2.92,-3.28
1,1546427493393,-9.86,-2.61,-3.22
1,1546427493394,-8.94,-1.56,-3.88
1,1546427493394,-9.1,-1.26,-3.73
1,1546427493408,-9.12,-1.15,-3.84
1,1546427493409,-9.16,-0.91,-3.98
1,1546427493409,-9.02,-0.85,-3.78
1,1546427493409,-8.98,-0.64,-3.71
1,1546427493409,-8.84,-0.87,-3.76
1,1546427493471,-8.82,-1.26,-3.59
1,1546427493473,-8.8,-0.97,-3.63
1,1546427493474,-8.76,-0.78,-3.69
1,1546427493476,-8.8,-0.64,-3.75
1,1546427493478,-8.88,-0.58,-3.75
1,1546427493481,-8.88,-0.62,-3.8
1,1546427493483,-8.82,-1.09,-4.23
1,1546427493484,-8.88,-1.07,-4.06
1,1546427493541,-8.94,-1.01,-4.19
1,1546427493560,-9.02,-1.11,-4.35
1,1546427493560,-9.14,-0.83,-4.39
1,1546427493560,-9.19,-1.15,-4.43
1,1546427493561,-9.27,-1.17,-4.33
1,1546427493561,-9.29,-1.48,-4.23
1,1546427493561,-9.31,-1.83,-4.57
1,1546427493561,-9.43,-2.12,-4.53
1,1546427493618,-9.41,-2.22,-4.64
1,1546427493619,-9.47,-2.38,-4.7
1,1546427493620,-9.47,-2.89,-4.62
1,1546427493621,-9.45,-2.94,-4.8
1,1546427493622,-9.64,-2.85,-4.37
1,1546427493623,-9.84,-1.95,-4.17
1,1546427493623,-9.78,-2.24,-4.37
1,1546427493624,-9.62,-2.5,-4.16
1,1546427493693,-9.39,-2.75,-4.41
1,1546427493695,-9.35,-3.12,-4.39
1,1546427493695,-9.47,-3.18,-4.27
1,1546427493696,-9.39,-3.0,-4.21
1,1546427493696,-9.33,-3.12,-4.31
1,1546427493697,-9.29,-3.06,-4.19
1,1546427493697,-9.39,-2.96,-3.92
1,1546427493768,-9.41,-2.69,-3.63
1,1546427493769,-9.27,-2.75,-3.82
1,1546427493769,-9.17,-2.94,-3.94
1,1546427493770,-9.23,-3.04,-3.75
1,1546427493770,-9.23,-3.3,-3.65
1,1546427493770,-9.33,-3.33,-3.63
1,1546427493771,-9.31,-3.26,-3.71
1,1546427493771,-9.31,-3.0,-3.67
1,1546427493844,-9.62,-2.36,-3.22
1,1546427493844,-9.6,-2.22,-3.04
1,1546427493845,-9.23,-2.26,-3.39
1,1546427493845,-9.0,-2.48,-3.84
1,1546427493845,-9.45,-3.06,-2.92
1,1546427493845,-9.31,-2.94,-3.22
1,1546427493845,-9.04,-2.81,-4.0
1,1546427493868,-9.25,-2.67,-3.88
1,1546427493919,-9.74,-2.05,-3.16
1,1546427493920,-9.57,-1.99,-3.14
1,1546427493921,-9.25,-2.3,-3.65
1,1546427493922,-9.21,-2.59,-3.84
1,1546427493922,-9.29,-2.5,-3.65
1,1546427493923,-9.7,-2.14,-3.14
1,1546427493924,-9.7,-2.22,-3.45
1,1546427493992,-9.6,-2.12,-3.73
1,1546427494015,-9.68,-1.75,-3.57
1,1546427494015,-9.84,-2.01,-3.2
1,1546427494016,-9.82,-2.12,-3.2
1,1546427494016,-9.68,-2.24,-3.28
1,1546427494017,-9.6,-2.38,-3.18
1,1546427494017,-9.58,-2.34,-3.1
1,1546427494018,-9.88,-2.2,-2.92
1,1546427494069,-9.82,-2.16,-3.0
1,1546427494082,-9.8,-2.24,-3.0
1,1546427494082,-9.92,-2.16,-2.96
1,1546427494082,-9.94,-2.12,-2.91
1,1546427494083,-9.94,-2.26,-2.75
1,1546427494083,-9.78,-2.32,-2.85
1,1546427494083,-9.7,-2.26,-2.94
1,1546427494083,-9.82,-2.07,-2.77
1,1546427494152,-9.86,-2.3,-2.81
1,1546427494154,-9.78,-2.34,-2.98
1,1546427494155,-9.72,-2.36,-3.08
1,1546427494156,-9.86,-2.3,-2.94
1,1546427494157,-9.96,-2.5,-2.83
1,1546427494158,-9.88,-2.38,-2.81
1,1546427494159,-9.78,-2.44,-2.87
1,1546427494222,-9.76,-2.4,-2.83
1,1546427494223,-9.92,-2.44,-2.85
1,1546427494223,-9.88,-2.4,-2.85
1,1546427494223,-9.84,-2.5,-2.91
1,1546427494223,-9.8,-2.63,-2.92
1,1546427494224,-9.68,-2.5,-2.89
1,1546427494224,-9.64,-2.42,-2.79
1,1546427494224,-9.55,-2.36,-2.61
1,1546427494292,-9.45,-2.5,-2.85
1,1546427494293,-9.49,-2.3,-3.0
1,1546427494293,-9.53,-2.26,-2.94
1,1546427494293,-9.41,-2.32,-2.91
1,1546427494293,-9.53,-2.36,-2.77
1,1546427494294,-9.64,-2.36,-2.65
1,1546427494294,-9.72,-2.16,-2.73
1,1546427494370,-9.7,-1.89,-2.73
1,1546427494371,-9.76,-2.18,-2.55
1,1546427494371,-9.68,-2.36,-2.67
1,1546427494371,-9.29,-2.65,-2.57
1,1546427494371,-9.47,-2.01,-2.53
1,1546427494372,-9.53,-2.26,-2.42
1,1546427494372,-9.57,-2.12,-2.61
1,1546427494372,-9.53,-1.87,-2.69
1,1546427494446,-9.58,-2.07,-2.59
1,1546427494446,-9.58,-2.12,-2.5
1,1546427494446,-9.62,-2.03,-2.61
1,1546427494447,-9.6,-2.26,-2.85
1,1546427494475,-9.7,-2.34,-2.89
1,1546427494476,-9.8,-2.07,-2.83
1,1546427494476,-9.88,-2.08,-2.75
1,1546427494477,-9.86,-2.01,-2.59
1,1546427494525,-9.39,-2.46,-2.96
1,1546427494526,-9.31,-2.69,-3.26
1,1546427494526,-9.29,-2.89,-3.26
1,1546427494527,-9.33,-2.96,-3.33
1,1546427494527,-9.55,-2.77,-3.71
1,1546427494528,-9.66,-2.69,-3.73
1,1546427494528,-9.7,-2.63,-3.78
1,1546427494593,-9.66,-2.67,-3.9
1,1546427494593,-9.9,-3.06,-4.27
1,1546427494597,-10.07,-2.98,-4.23
1,1546427494598,-10.15,-2.73,-4.12
1,1546427494598,-10.15,-2.34,-3.65
1,1546427494598,-9.64,-2.1,-3.35
1,1546427494599,-9.35,-2.3,-3.71
1,1546427494680,-9.33,-3.0,-3.73
1,1546427494682,-9.55,-3.39,-3.71
1,1546427494684,-10.13,-2.98,-3.59
1,1546427494685,-10.11,-2.87,-3.88
1,1546427494687,-10.01,-2.85,-3.61
1,1546427494687,-9.72,-2.71,-3.22
1,1546427494688,-9.43,-2.87,-2.96
1,1546427494688,-9.1,-2.63,-2.81
1,1546427494746,-9.12,-2.32,-2.79
1,1546427494747,-9.23,-1.87,-2.83
1,1546427494747,-9.43,-1.54,-3.04
1,1546427494748,-9.6,-1.83,-3.57
1,1546427494749,-9.57,-2.1,-3.82
1,1546427494749,-9.62,-2.3,-3.69
1,1546427494750,-9.78,-2.14,-3.43
1,1546427494750,-9.53,-2.12,-3.37
1,1546427494818,-9.6,-2.07,-3.06
1,1546427494819,-9.6,-2.05,-2.85
1,1546427494821,-9.64,-2.18,-2.48
1,1546427494822,-9.45,-2.4,-2.73
1,1546427494823,-9.25,-2.22,-2.96
1,1546427494825,-9.31,-2.32,-2.96
1,1546427494826,-9.47,-2.69,-2.83
1,1546427494827,-9.55,-3.16,-2.94
1,1546427494893,-9.6,-3.51,-2.75
1,1546427494895,-9.62,-3.24,-2.69
1,1546427494895,-9.76,-2.83,-2.48
1,1546427494896,-9.66,-2.63,-2.5
1,1546427494897,-9.45,-2.89,-2.73
1,1546427494897,-9.43,-2.96,-2.79
1,1546427494922,-9.47,-3.14,-2.92
1,1546427494969,-9.45,-3.33,-2.79
1,1546427494970,-9.51,-3.22,-2.94
1,1546427494970,-9.6,-3.12,-2.77
1,1546427494971,-9.76,-2.73,-2.48
1,1546427494971,-9.72,-2.55,-2.44
1,1546427494972,-9.6,-2.81,-2.67
1,1546427494973,-9.66,-2.89,-2.57
1,1546427494973,-9.72,-2.98,-2.46
1,1546427495046,-9.74,-3.04,-2.46
1,1546427495048,-9.62,-2.77,-2.48
1,1546427495049,-9.53,-2.69,-2.26
1,1546427495050,-9.62,-2.5,-2.14
1,1546427495051,-9.72,-2.61,-2.22
1,1546427495052,-9.8,-2.42,-2.14
1,1546427495053,-9.84,-2.46,-2.42
1,1546427495118,-9.82,-2.28,-2.4
1,1546427495119,-9.82,-2.36,-2.38
1,1546427495120,-9.84,-2.38,-2.3
1,1546427495120,-9.92,-2.16,-2.32
1,1546427495121,-10.0,-2.05,-2.4
1,1546427495121,-10.11,-1.79,-2.32
1,1546427495193,-10.33,-1.58,-2.08
1,1546427495194,-10.23,-1.66,-2.3
1,1546427495195,-10.25,-1.62,-2.28
1,1546427495196,-10.23,-1.89,-2.48
1,1546427495196,-10.27,-2.24,-2.5
1,1546427495197,-10.33,-2.28,-2.4
1,1546427495198,-10.33,-2.08,-2.16
1,1546427495198,-10.17,-2.36,-2.3
1,1546427495269,-10.09,-2.48,-2.24
1,1546427495271,-9.98,-2.34,-2.28
1,1546427495272,-10.11,-2.28,-2.75
1,1546427495273,-10.62,-2.28,-2.81
1,1546427495273,-11.17,-1.81,-2.4
1,1546427495274,-10.95,-1.62,-1.69
1,1546427495275,-9.66,-2.38,-1.6
1,1546427495276,-9.51,-2.79,-1.91
1,1546427495346,-9.76,-2.96,-2.34
1,1546427495348,-10.07,-3.33,-2.73
1,1546427495349,-10.37,-3.57,-2.96
1,1546427495349,-10.23,-3.53,-3.16
1,1546427495350,-10.13,-3.49,-3.16
1,1546427495351,-10.11,-3.26,-2.91
1,1546427495352,-10.13,-2.85,-2.34
1,1546427495352,-9.78,-2.46,-1.69
1,1546427495419,-9.8,-2.51,-2.01
1,1546427495420,-10.05,-2.61,-2.4
1,1546427495421,-10.15,-2.71,-2.79
1,1546427495422,-10.17,-3.55,-3.14
1,1546427495423,-10.27,-3.96,-3.16
1,1546427495423,-10.23,-4.04,-3.1
1,1546427495424,-10.21,-3.33,-2.73
1,1546427495441,-9.78,-2.91,-2.79
1,1546427495491,-9.82,-2.85,-2.63
1,1546427495492,-9.8,-2.73,-2.63
1,1546427495568,-9.7,-2.77,-2.89
1,1546427495569,-9.78,-2.96,-2.85
1,1546427495569,-9.58,-2.89,-3.02
1,1546427495570,-9.43,-2.65,-3.04
1,1546427495570,-9.19,-2.59,-3.02
1,1546427495571,-9.08,-2.55,-2.79
1,1546427495598,-8.69,-2.38,-2.73
1,1546427495600,-8.41,-2.4,-2.83
1,1546427495648,-8.16,-2.63,-3.02
1,1546427495649,-8.45,-2.05,-3.39
1,1546427495650,-8.49,-2.61,-3.57
1,1546427495652,-8.55,-2.48,-3.69
1,1546427495653,-8.63,-2.22,-3.88
1,1546427495655,-8.67,-1.85,-4.33
1,1546427495656,-8.63,-1.81,-5.0
1,1546427495656,-9.49,-1.28,-4.94
1,1546427495799,-9.76,-1.83,-5.25
1,1546427495814,-10.03,-2.03,-6.09
1,1546427495815,-10.13,-1.95,-6.75
1,1546427495816,-10.41,-1.99,-6.64
1,1546427495817,-10.41,-2.22,-6.21
1,1546427495870,-10.25,-2.08,-5.7
1,1546427495871,-9.7,-1.91,-5.78
1,1546427495871,-9.31,-2.22,-5.85
1,1546427495872,-9.21,-2.03,-6.01
1,1546427495872,-7.55,-1.58,-5.56
1,1546427495873,-7.22,-1.54,-5.87
1,1546427495873,-7.07,-1.36,-5.91
1,1546427495874,-6.67,-0.89,-6.48
1,1546427495946,-6.54,-1.07,-6.85
1,1546427495948,-6.58,-1.99,-6.75
1,1546427495950,-6.81,-1.73,-6.42
1,1546427495951,-6.93,-1.3,-6.07
1,1546427495953,-6.71,-1.09,-6.32
1,1546427495954,-6.66,-1.36,-6.54
1,1546427495955,-6.62,-1.58,-6.79
1,1546427495956,-6.69,-1.85,-6.99
1,1546427496020,-6.77,-1.83,-7.16
1,1546427496021,-6.79,-1.52,-7.28
1,1546427496022,-7.1,-1.77,-7.16
1,1546427496023,-7.07,-1.95,-7.14
1,1546427496024,-6.93,-1.99,-7.1
1,1546427496025,-7.01,-2.03,-6.85
1,1546427496026,-7.03,-1.56,-6.91
1,1546427496094,-7.22,-1.23,-6.97
1,1546427496095,-7.34,-1.36,-6.95
1,1546427496096,-7.32,-1.48,-6.91
1,1546427496096,-7.07,-2.07,-6.91
1,1546427496097,-7.08,-2.07,-6.77
1,1546427496097,-7.14,-1.79,-6.67
1,1546427496099,-7.24,-1.64,-6.75
1,1546427496099,-7.24,-1.58,-6.91
1,1546427496167,-7.2,-1.89,-6.97
1,1546427496168,-7.28,-2.16,-6.81
1,1546427496168,-7.42,-2.18,-6.73
1,1546427496169,-7.4,-2.05,-6.89
1,1546427496169,-8.04,-2.07,-7.22
1,1546427496169,-8.26,-2.03,-7.44
1,1546427496170,-8.39,-2.24,-7.3
1,1546427496170,-8.39,-2.34,-7.26
1,1546427496244,-8.28,-1.99,-6.95
1,1546427496253,-8.14,-2.05,-6.83
1,1546427496254,-7.92,-2.07,-6.83
1,1546427496254,-7.69,-2.18,-6.87
1,1546427496255,-7.69,-2.42,-6.77
1,1546427496318,-7.92,-2.3,-6.56
1,1546427496319,-8.04,-1.77,-6.66
1,1546427496320,-8.26,-1.5,-6.69
1,1546427496321,-8.33,-1.71,-7.1
1,1546427496321,-8.18,-2.03,-7.2
1,1546427496322,-8.0,-2.51,-7.16
1,1546427496323,-7.83,-2.73,-6.95
1,1546427496324,-7.63,-2.71,-6.81
1,1546427496392,-7.48,-1.77,-6.56
1,1546427496392,-7.44,-1.48,-6.56
1,1546427496393,-7.57,-1.44,-6.46
1,1546427496393,-7.85,-0.89,-6.3
1,1546427496394,-7.67,-1.3,-6.44
1,1546427496394,-7.53,-1.64,-6.42
1,1546427496394,-7.5,-1.77,-6.44
1,1546427496395,-7.53,-1.89,-6.32
1,1546427496471,-7.44,-1.89,-6.4
1,1546427496472,-7.61,-1.77,-6.54
1,1546427496473,-7.83,-1.32,-6.26
1,1546427496474,-8.02,-0.8,-6.28
1,1546427496475,-8.02,-0.95,-6.36
1,1546427496476,-7.91,-1.42,-6.44
1,1546427496477,-7.83,-1.95,-6.28
1,1546427496478,-7.85,-2.24,-6.13
1,1546427496542,-7.75,-2.24,-6.23
1,1546427496543,-7.87,-2.12,-6.38
1,1546427496544,-8.08,-1.81,-6.21
1,1546427496544,-8.32,-1.44,-6.13
1,1546427496544,-8.55,-0.78,-6.23
1,1546427496545,-8.39,-0.91,-6.3
1,1546427496545,-8.18,-1.44,-6.17
1,1546427496545,-8.24,-1.73,-5.91
1,1546427496622,-8.02,-2.24,-5.64
1,1546427496624,-8.06,-2.1,-5.82
1,1546427496626,-8.22,-1.99,-5.83
1,1546427496627,-8.57,-1.6,-5.5
1,1546427496628,-8.86,-0.54,-5.91
1,1546427496629,-8.86,-1.09,-5.97
1,1546427496630,-8.78,-1.46,-5.85
1,1546427496632,-8.65,-1.83,-5.68
1,1546427496691,-8.39,-2.03,-5.68
1,1546427496692,-8.04,-1.91,-5.87
1,1546427496693,-8.08,-1.71,-5.85
1,1546427496693,-8.2,-1.5,-5.93
1,1546427496694,-8.35,-1.32,-5.85
1,1546427496694,-8.32,-1.91,-6.13
1,1546427496695,-8.2,-2.18,-6.13
1,1546427496695,-8.22,-2.2,-6.11
1,1546427496771,-8.2,-2.07,-6.11
1,1546427496775,-8.2,-1.79,-6.13
1,1546427496776,-8.2,-1.64,-6.09
1,1546427496778,-8.28,-1.48,-6.05
1,1546427496779,-8.3,-1.62,-6.11
1,1546427496781,-8.26,-1.77,-6.17
1,1546427496782,-8.3,-1.54,-6.13
1,1546427496844,-8.3,-1.5,-6.25
1,1546427496845,-8.45,-1.66,-6.3
1,1546427496845,-8.49,-1.62,-6.32
1,1546427496846,-8.43,-2.24,-6.32
1,1546427496846,-8.49,-2.22,-6.23
1,1546427496846,-8.51,-2.22,-6.21
1,1546427496847,-8.51,-2.2,-6.19
1,1546427496847,-8.39,-2.26,-6.52
1,1546427496919,-8.39,-2.1,-6.79
1,1546427496920,-8.37,-2.08,-6.87
1,1546427496921,-8.37,-2.28,-6.93
1,1546427496922,-8.33,-2.53,-6.89
1,1546427496940,-8.24,-2.32,-6.93
1,1546427496940,-8.18,-2.16,-7.01
1,1546427496941,-8.16,-2.12,-6.93
1,1546427496992,-7.91,-1.97,-6.89
1,1546427496993,-7.89,-2.01,-6.81
1,1546427496993,-7.65,-1.87,-7.05
1,1546427496994,-7.53,-1.89,-7.24
1,1546427496994,-7.44,-2.28,-7.28
1,1546427496994,-7.51,-2.08,-6.87
1,1546427496995,-7.46,-2.08,-6.79
1,1546427496995,-7.26,-2.16,-6.77
1,1546427497069,-6.95,-1.93,-6.89
1,1546427497069,-6.87,-2.2,-6.87
1,1546427497070,-6.91,-1.95,-7.03
1,1546427497070,-6.83,-2.03,-7.18
1,1546427497070,-6.75,-1.85,-7.26
1,1546427497071,-6.97,-1.95,-6.91
1,1546427497071,-6.89,-1.73,-6.95
1,1546427497071,-6.67,-1.83,-7.18
1,1546427497143,-6.56,-1.97,-7.24
1,1546427497144,-6.36,-1.75,-7.1
1,1546427497144,-6.15,-1.79,-7.1
1,1546427497145,-6.23,-1.85,-6.83
1,1546427497145,-6.21,-1.87,-6.89
1,1546427497145,-6.17,-1.89,-7.07
1,1546427497145,-6.34,-1.83,-7.2
1,1546427497216,-6.46,-1.64,-7.3
1,1546427497218,-6.34,-1.85,-7.63
1,1546427497219,-6.34,-2.22,-7.51
1,1546427497219,-6.4,-2.5,-7.1
1,1546427497219,-6.36,-2.42,-6.85
1,1546427497220,-6.3,-2.26,-6.79
1,1546427497221,-6.3,-1.95,-6.71
1,1546427497221,-6.25,-1.81,-7.36
1,1546427497293,-6.44,-2.07,-7.32
1,1546427497293,-6.6,-2.61,-7.2
1,1546427497295,-6.69,-2.81,-7.12
1,1546427497295,-6.75,-2.55,-7.2
1,1546427497295,-6.75,-2.18,-7.26
1,1546427497305,-6.79,-2.14,-7.2
1,1546427497306,-6.77,-1.87,-7.26
1,1546427497371,-6.87,-2.03,-7.38
1,1546427497373,-6.93,-2.08,-7.4
1,1546427497374,-6.93,-2.18,-7.55
1,1546427497375,-7.08,-2.48,-7.63
1,1546427497376,-7.42,-2.73,-7.59
1,1546427497377,-7.5,-2.48,-7.57
1,1546427497378,-7.44,-2.4,-7.51
1,1546427497379,-7.36,-2.34,-7.32
1,1546427497446,-7.34,-2.18,-7.16
1,1546427497447,-7.26,-1.77,-7.03
1,1546427497447,-7.22,-1.81,-7.1
1,1546427497448,-7.24,-2.22,-7.18
1,1546427497448,-7.22,-2.44,-7.4
1,1546427497449,-7.26,-2.92,-7.16
1,1546427497449,-7.24,-3.08,-7.07
1,1546427497449,-7.18,-2.96,-7.05
1,1546427497515,-7.28,-2.57,-6.73
1,1546427497515,-7.18,-2.03,-6.73
1,1546427497515,-7.07,-2.1,-6.26
1,1546427497516,-7.08,-2.28,-6.09
1,1546427497517,-7.14,-2.55,-5.85
1,1546427497517,-7.24,-2.87,-5.74
1,1546427497517,-7.5,-3.16,-6.03
1,1546427497594,-7.53,-2.98,-6.21
1,1546427497594,-7.61,-3.0,-6.19
1,1546427497607,-7.59,-2.92,-6.15
1,1546427497607,-7.83,-2.48,-6.34
1,1546427497608,-7.89,-2.51,-6.66
1,1546427497608,-7.96,-2.46,-6.89
1,1546427497608,-7.98,-2.46,-6.89
1,1546427497608,-8.0,-2.94,-6.44
1,1546427497670,-7.96,-3.08,-6.34
1,1546427497672,-7.96,-3.14,-6.11
1,1546427497674,-7.89,-2.71,-6.19
1,1546427497676,-7.87,-2.46,-6.13
1,1546427497677,-8.14,-1.75,-6.15
1,1546427497679,-8.2,-1.46,-6.32
1,1546427497680,-8.32,-1.75,-6.52
1,1546427497743,-8.43,-2.24,-6.52
1,1546427497743,-8.39,-2.96,-6.23
1,1546427497744,-8.28,-3.2,-6.03
1,1546427497744,-8.16,-3.1,-5.89
1,1546427497744,-8.16,-2.53,-5.68
1,1546427497745,-8.14,-1.54,-5.87
1,1546427497745,-8.18,-1.54,-5.89
1,1546427497745,-8.14,-1.42,-5.99
1,1546427497818,-8.16,-1.62,-6.11
1,1546427497827,-8.35,-2.32,-5.95
1,1546427497828,-8.39,-2.5,-5.91
1,1546427497828,-8.47,-2.42,-6.07
1,1546427497828,-8.57,-2.36,-6.11
1,1546427497828,-8.57,-2.03,-6.11
1,1546427497828,-8.45,-2.08,-6.26
1,1546427497829,-8.24,-2.44,-6.23
1,1546427497893,-8.24,-2.44,-6.28
1,1546427497914,-8.39,-2.75,-6.19
1,1546427497915,-8.55,-2.4,-6.21
1,1546427497915,-8.45,-2.4,-6.34
1,1546427497916,-8.43,-2.46,-6.5
1,1546427497916,-8.65,-2.69,-6.36
1,1546427497916,-8.53,-2.44,-6.52
1,1546427497968,-8.35,-3.32,-6.46
1,1546427497969,-8.14,-3.3,-6.54
1,1546427497970,-8.14,-3.06,-6.34
1,1546427497972,-8.26,-3.16,-5.76
1,1546427497973,-8.32,-2.42,-5.64
1,1546427497974,-8.51,-2.14,-5.58
1,1546427497975,-8.63,-2.24,-5.29
1,1546427497976,-8.32,-2.55,-5.58
1,1546427498041,-8.02,-2.26,-5.99
1,1546427498042,-7.75,-2.44,-6.26
1,1546427498042,-7.69,-2.87,-6.32
1,1546427498043,-7.81,-3.16,-6.03
1,1546427498043,-8.16,-3.02,-5.35
1,1546427498062,-8.16,-2.44,-5.23
1,1546427498062,-7.96,-1.89,-5.46
1,1546427498117,-7.83,-1.77,-5.72
1,1546427498117,-7.63,-2.2,-5.93
1,1546427498118,-7.5,-2.87,-6.17
1,1546427498118,-7.48,-3.26,-6.15
1,1546427498128,-7.59,-3.1,-6.03
1,1546427498129,-7.59,-2.71,-5.83
1,1546427498129,-7.63,-2.12,-5.76
1,1546427498129,-7.53,-1.73,-5.72
1,1546427498192,-7.38,-1.71,-6.07
1,1546427498195,-7.12,-2.22,-7.16
1,1546427498196,-7.2,-2.46,-7.3
1,1546427498198,-7.46,-2.46,-7.07
1,1546427498199,-7.67,-2.4,-6.69
1,1546427498200,-7.96,-2.16,-6.25
1,1546427498201,-7.85,-1.46,-6.34
1,1546427498202,-7.63,-1.48,-6.6
1,1546427498265,-7.42,-1.87,-6.83
1,1546427498266,-7.34,-2.22,-6.91
1,1546427498267,-7.48,-3.26,-6.46
1,1546427498267,-7.67,-2.65,-6.6
1,1546427498268,-7.91,-2.01,-6.54
1,1546427498268,-8.33,-1.58,-6.44
1,1546427498268,-8.47,-1.5,-6.34
1,1546427498343,-8.3,-1.52,-6.34
1,1546427498344,-7.85,-1.46,-6.62
1,1546427498346,-7.4,-2.14,-6.56
1,1546427498347,-7.07,-2.22,-6.42
1,1546427498348,-7.18,-2.18,-6.34
1,1546427498349,-7.46,-1.75,-6.15
1,1546427498350,-7.67,-1.69,-5.95
1,1546427498351,-7.87,-1.34,-5.8
1,1546427498495,-7.85,-0.8,-5.83
1,1546427498495,-7.75,-1.4,-5.82
1,1546427498495,-7.63,-1.32,-5.87
1,1546427498496,-7.5,-1.85,-5.89
1,1546427498496,-7.67,-2.65,-5.6
1,1546427498567,-7.79,-2.2,-5.6
1,1546427498568,-7.91,-1.87,-5.72
1,1546427498569,-8.06,-1.11,-5.74
1,1546427498569,-8.12,-1.38,-5.83
1,1546427498569,-8.12,-1.54,-5.95
1,1546427498570,-9.02,-1.11,-5.42
1,1546427498583,-8.88,-0.91,-5.46
1,1546427498583,-8.88,-1.19,-5.42
1,1546427498642,-9.04,-1.79,-5.31
1,1546427498642,-9.35,-1.4,-5.15
1,1546427498643,-9.0,-1.64,-4.88
1,1546427498643,-9.19,-2.3,-4.49
1,1546427498643,-9.19,-2.71,-4.72
1,1546427498667,-9.12,-2.34,-5.01
1,1546427498668,-9.04,-2.01,-5.15
1,1546427498669,-9.17,-1.54,-5.03
1,1546427498733,-8.75,-1.34,-4.62
1,1546427498733,-9.29,-1.21,-4.98
1,1546427498734,-9.29,-0.97,-5.0
1,1546427498734,-9.49,-1.28,-5.0
1,1546427498734,-9.57,-1.58,-5.17
1,1546427498734,-9.78,-1.19,-4.7
1,1546427498735,-9.96,-0.97,-4.29
1,1546427498735,-10.0,-0.89,-3.86
1,1546427498792,-9.82,-0.91,-3.67
1,1546427498793,-9.12,-1.5,-4.17
1,1546427498795,-8.75,-2.03,-4.27
1,1546427498795,-8.75,-2.05,-4.27
1,1546427498796,-8.76,-1.83,-4.47
1,1546427498797,-9.21,-0.82,-4.62
1,1546427498798,-9.39,-0.72,-4.74
1,1546427498799,-9.47,-0.83,-5.07
1,1546427498870,-9.43,-1.28,-5.01
1,1546427498873,-9.12,-1.75,-5.25
1,1546427498874,-8.92,-1.54,-5.05
1,1546427498876,-8.82,-1.32,-4.88
1,1546427498877,-8.8,-1.36,-4.72
1,1546427498878,-8.71,-1.44,-4.86
1,1546427498880,-8.71,-1.01,-4.94
1,1546427498883,-8.59,-1.01,-5.17
1,1546427498946,-8.71,-1.11,-5.15
1,1546427498949,-8.67,-1.25,-5.03
1,1546427498950,-8.59,-1.44,-5.17
1,1546427498951,-8.67,-1.36,-5.0
1,1546427498953,-8.86,-1.07,-4.64
1,1546427498954,-9.02,-0.87,-4.47
1,1546427498955,-8.98,-1.46,-4.7
1,1546427498956,-8.76,-1.46,-4.88
1,1546427499020,-8.96,-1.52,-4.39
1,1546427499021,-8.94,-1.46,-4.33
1,1546427499024,-9.19,-0.21,-4.17
1,1546427499026,-9.29,0.05,-4.33
1,1546427499026,-9.21,-0.11,-4.53
1,1546427499027,-9.1,-0.64,-4.68
1,1546427499028,-8.59,-1.66,-5.15
1,1546427499093,-8.55,-1.95,-5.05
1,1546427499095,-9.04,-1.87,-4.76
1,1546427499096,-9.23,-2.03,-4.82
1,1546427499097,-9.57,-2.34,-4.53
1,1546427499097,-9.6,-1.48,-3.86
1,1546427499098,-9.62,-1.97,-3.75
1,1546427499099,-9.6,-1.69,-3.8
1,1546427499099,-9.58,-1.64,-3.65
1,1546427499168,-9.23,-1.85,-3.59
1,1546427499170,-9.08,-1.56,-3.45
1,1546427499170,-9.02,-1.73,-3.49
1,1546427499172,-9.02,-1.3,-3.69
1,1546427499173,-9.47,-1.5,-3.75
1,1546427499174,-9.43,-1.95,-3.75
1,1546427499175,-9.45,-2.1,-4.1
1,1546427499248,-9.6,-2.69,-4.0
1,1546427499249,-9.33,-2.18,-4.0
1,1546427499250,-9.21,-2.14,-4.0
1,1546427499251,-9.29,-2.05,-3.84
1,1546427499252,-9.25,-1.77,-3.88
1,1546427499252,-9.1,-2.3,-3.65
1,1546427499253,-9.21,-1.73,-3.49
1,1546427499253,-9.41,-1.87,-3.32
1,1546427499321,-9.78,-1.75,-2.89
1,1546427499323,-9.7,-1.69,-2.91
1,1546427499324,-10.17,-1.69,-2.87
1,1546427499325,-10.25,-1.79,-2.32
1,1546427499326,-10.29,-2.69,-3.24
1,1546427499328,-9.96,-2.55,-3.35
1,1546427499330,-10.03,-1.54,-3.45
1,1546427499331,-9.84,-1.69,-2.98
1,1546427499394,-10.0,-1.15,-3.1
1,1546427499396,-9.92,-1.46,-3.1
1,1546427499397,-9.88,-1.91,-3.14
1,1546427499398,-9.78,-1.95,-3.26
1,1546427499399,-10.01,-2.03,-3.16
1,1546427499399,-10.15,-1.36,-3.26
1,1546427499400,-10.21,-1.73,-2.67
1,1546427499470,-10.07,-1.73,-2.22
1,1546427499472,-9.78,-1.15,-2.65
1,1546427499475,-9.58,-1.05,-2.83
1,1546427499476,-9.6,-1.38,-2.59
1,1546427499477,-9.8,-1.44,-2.91
1,1546427499479,-10.15,-2.18,-2.59
1,1546427499480,-10.56,-2.38,-2.51
1,1546427499481,-10.8,-2.16,-3.18
1,1546427499548,-10.25,-1.85,-2.79
1,1546427499550,-9.74,-0.87,-3.0
1,1546427499552,-9.7,-1.17,-2.46
1,1546427499553,-9.8,-1.64,-1.89
1,1546427499554,-9.57,-1.62,-2.07
1,1546427499555,-9.58,-1.67,-1.99
1,1546427499556,-9.82,-1.79,-2.03
1,1546427499620,-9.88,-1.91,-2.79
1,1546427499640,-10.01,-1.73,-2.92
1,1546427499641,-9.94,-1.5,-2.77
1,1546427499642,-9.88,-1.56,-2.75
1,1546427499642,-9.72,-1.54,-2.81
1,1546427499643,-9.51,-1.79,-3.02
1,1546427499643,-9.96,-1.89,-2.91
1,1546427499644,-10.23,-1.79,-2.46
1,1546427499690,-10.37,-1.52,-2.14
1,1546427499691,-10.44,-1.42,-2.05
1,1546427499692,-9.82,-1.64,-2.2
1,1546427499693,-9.58,-1.71,-2.1
1,1546427499693,-9.39,-1.48,-2.26
1,1546427499694,-9.45,-1.69,-2.36
1,1546427499694,-9.84,-1.64,-3.02
1,1546427499773,-10.07,-1.71,-3.59
1,1546427499775,-10.42,-1.95,-3.96
1,1546427499776,-10.83,-2.07,-3.86
1,1546427499777,-10.68,-1.81,-2.73
1,1546427499778,-9.88,-1.67,-3.02
1,1546427499779,-9.21,-2.18,-2.59
1,1546427499781,-8.96,-1.69,-2.71
1,1546427499782,-8.88,-1.01,-2.75
1,1546427499844,-9.49,-1.97,-2.83
1,1546427499845,-9.64,-1.89,-3.37
1,1546427499846,-9.68,-2.14,-3.43
1,1546427499847,-10.03,-2.14,-2.92
1,1546427499848,-10.0,-0.46,-3.22
1,1546427499848,-9.57,-1.38,-3.28
1,1546427499849,-9.35,-2.3,-3.2
1,1546427499849,-9.27,-1.62,-3.43
1,1546427499924,-9.35,-1.46,-3.18
1,1546427499993,-9.27,-1.42,-3.3
1,1546427499994,-9.21,-1.17,-3.41
1,1546427499995,-9.47,-0.78,-3.3
1,1546427499995,-9.57,-0.93,-3.63
1,1546427499996,-9.45,-1.46,-4.08
1,1546427499996,-9.6,-1.87,-4.06
1,1546427500011,-9.6,-1.91,-3.92
1,1546427500012,-9.53,-2.01,-3.78
1,1546427500067,-9.27,-1.46,-4.25
1,1546427500068,-9.06,-1.58,-4.31
1,1546427500069,-8.69,-1.97,-4.49
1,1546427500070,-9.06,-1.25,-4.41
1,1546427500071,-9.27,-0.99,-4.23
1,1546427500071,-9.08,-1.54,-4.21
1,1546427500072,-8.82,-2.12,-4.51
1,1546427500072,-8.55,-2.46,-4.57
1,1546427500142,-8.53,-2.4,-4.53
1,1546427500144,-8.71,-2.53,-4.55
1,1546427500144,-8.88,-2.3,-4.45
1,1546427500145,-9.02,-2.2,-4.64
1,1546427500146,-8.92,-2.96,-4.96
1,1546427500146,-8.92,-3.26,-5.01
1,1546427500147,-9.1,-3.26,-5.0
1,1546427500147,-9.27,-3.24,-4.82
1,1546427500221,-9.29,-3.18,-4.7
1,1546427500248,-9.31,-3.02,-4.53
1,1546427500249,-9.31,-2.98,-4.68
1,1546427500250,-9.33,-3.14,-4.92
1,1546427500250,-9.47,-3.14,-5.07
1,1546427500251,-9.53,-2.96,-5.29
1,1546427500251,-9.51,-2.87,-5.27
1,1546427500252,-9.37,-2.79,-5.35
1,1546427500293,-9.31,-2.69,-5.44
1,1546427500294,-9.35,-2.59,-5.39
1,1546427500296,-9.29,-2.59,-5.25
1,1546427500297,-9.25,-2.5,-5.17
1,1546427500298,-9.29,-2.51,-4.86
1,1546427500298,-9.08,-2.14,-4.7
1,1546427500299,-9.0,-1.95,-4.68
1,1546427500300,-8.9,-2.03,-4.78
1,1546427500366,-8.9,-2.14,-4.62
1,1546427500367,-8.75,-2.24,-4.66
1,1546427500368,-8.63,-2.32,-4.7
1,1546427500368,-8.67,-2.26,-4.78
1,1546427500368,-8.8,-2.2,-4.78
1,1546427500369,-9.0,-1.71,-4.76
1,1546427500369,-8.94,-1.79,-5.03
1,1546427500369,-8.82,-1.75,-4.84
1,1546427500448,-8.69,-1.91,-4.7
1,1546427500450,-8.57,-2.07,-4.6
1,1546427500452,-8.47,-2.22,-4.35
1,1546427500453,-8.65,-1.75,-4.23
1,1546427500454,-8.9,-1.54,-4.25
1,1546427500456,-8.96,-1.62,-4.39
1,1546427500457,-9.12,-1.28,-4.58
1,1546427500522,-9.02,-1.54,-4.82
1,1546427500523,-8.9,-1.77,-4.84
1,1546427500523,-8.82,-2.07,-4.86
1,1546427500524,-9.1,-1.75,-4.45
1,1546427500524,-9.16,-1.34,-4.35
1,1546427500525,-9.31,-1.15,-4.39
1,1546427500525,-9.39,-1.09,-4.41
1,1546427500526,-9.19,-1.38,-4.8
1,1546427500593,-9.06,-1.91,-4.88
1,1546427500619,-9.21,-2.16,-4.78
1,1546427500621,-9.29,-1.99,-4.7
1,1546427500622,-9.17,-1.89,-4.74
1,1546427500622,-9.21,-1.54,-4.76
1,1546427500623,-9.21,-1.58,-4.72
1,1546427500624,-9.27,-1.64,-4.51
1,1546427500624,-9.21,-1.71,-4.45
1,1546427500670,-8.96,-2.2,-4.8
1,1546427500671,-8.75,-2.22,-4.7
1,1546427500671,-8.55,-2.48,-4.82
1,1546427500671,-8.67,-2.4,-4.84
1,1546427500672,-9.21,-1.75,-5.01
1,1546427500680,-9.21,-1.46,-5.31
1,1546427500680,-9.16,-1.95,-5.25
1,1546427500742,-9.04,-1.97,-5.58
1,1546427500764,-8.98,-2.34,-5.42
1,1546427500765,-8.78,-2.24,-5.44
1,1546427500765,-8.71,-2.03,-5.62
1,1546427500765,-8.8,-1.71,-5.74
1,1546427500765,-9.0,-1.75,-5.46
1,1546427500766,-9.02,-1.62,-5.72
1,1546427500767,-9.04,-1.5,-5.74
1,1546427500817,-8.82,-1.75,-5.76
1,1546427500817,-8.67,-1.83,-5.85
1,1546427500818,-8.16,-2.12,-6.07
1,1546427500818,-8.14,-2.12,-6.09
1,1546427500818,-8.18,-1.95,-6.11
1,1546427500818,-8.16,-1.75,-6.23
1,1546427500818,-8.12,-1.64,-6.4
1,1546427500892,-8.04,-1.69,-6.48
1,1546427500893,-8.02,-1.69,-6.54
1,1546427500893,-8.06,-1.66,-6.25
1,1546427500925,-8.02,-1.54,-6.32
1,1546427500926,-7.75,-1.21,-5.99
1,1546427500928,-7.71,-1.23,-5.85
1,1546427500930,-7.55,-1.15,-6.23
1,1546427500932,-7.4,-1.32,-6.58
1,1546427500972,-7.26,-1.75,-6.66
1,1546427500972,-7.36,-1.85,-6.52
1,1546427500973,-7.44,-1.93,-6.48
1,1546427500974,-7.48,-2.03,-6.56
1,1546427500975,-7.48,-1.62,-6.46
1,1546427500976,-7.4,-1.71,-6.56
1,1546427500977,-7.34,-1.56,-6.48
1,1546427500978,-7.26,-1.4,-6.46
1,1546427501040,-7.16,-1.36,-6.67
1,1546427501040,-7.2,-1.38,-6.71
1,1546427501041,-7.18,-1.38,-7.03
1,1546427501041,-7.36,-1.67,-7.12
1,1546427501041,-7.44,-1.81,-7.18
1,1546427501121,-7.48,-1.87,-6.89
1,1546427501122,-7.4,-1.4,-6.99
1,1546427501122,-7.32,-1.32,-6.99
1,1546427501123,-7.26,-1.42,-6.89
1,1546427501123,-7.24,-1.46,-6.89
1,1546427501123,-7.32,-1.66,-6.95
1,1546427501124,-7.44,-1.71,-6.77
1,1546427501124,-7.5,-1.73,-6.73
1,1546427501193,-7.61,-1.71,-7.07
1,1546427501195,-7.75,-1.64,-7.12
1,1546427501196,-7.65,-1.64,-7.28
1,1546427501198,-7.55,-1.67,-7.2
1,1546427501199,-7.48,-1.32,-6.97
1,1546427501200,-7.44,-1.23,-6.87
1,1546427501202,-7.4,-1.26,-6.81
1,1546427501204,-7.38,-1.38,-6.85
1,1546427501267,-7.34,-1.4,-6.89
1,1546427501287,-7.51,-1.77,-7.03
1,1546427501288,-7.59,-1.62,-7.07
1,1546427501288,-7.55,-1.67,-7.1
1,1546427501289,-7.51,-1.64,-7.08
1,1546427501289,-7.38,-1.46,-6.77
1,1546427501289,-7.36,-1.3,-6.66
1,1546427501429,-7.28,-1.5,-6.64
1,1546427501431,-7.26,-1.4,-6.64
1,1546427501511,-7.3,-1.34,-6.66
1,1546427501511,-7.28,-1.42,-6.67
1,1546427501512,-7.26,-1.73,-6.75
1,1546427501512,-7.32,-1.85,-6.62
1,1546427501512,-7.3,-1.64,-6.52
1,1546427501513,-7.24,-1.32,-6.5
1,1546427501513,-7.1,-1.4,-6.71
1,1546427501513,-7.81,-1.36,-6.6
1,1546427501514,-7.96,-1.21,-6.5
1,1546427501514,-7.89,-1.6,-6.89
1,1546427501515,-7.87,-1.64,-6.87
1,1546427501568,-7.79,-1.5,-6.52
1,1546427501569,-8.08,-1.34,-6.52
1,1546427501569,-8.12,-1.23,-6.58
1,1546427501569,-8.22,-1.25,-6.56
1,1546427501570,-8.12,-1.56,-6.56
1,1546427501570,-8.14,-1.64,-6.44
1,1546427501570,-8.2,-1.71,-6.26
1,1546427501571,-8.32,-1.58,-6.23
1,1546427501645,-8.41,-1.44,-5.99
1,1546427501645,-8.63,-1.38,-5.97
1,1546427501646,-8.61,-1.4,-5.95
1,1546427501646,-8.57,-1.52,-6.03
1,1546427501647,-8.26,-1.62,-6.15
1,1546427501647,-7.89,-1.73,-6.26
1,1546427501647,-7.85,-1.89,-6.46
1,1546427501647,-7.91,-2.12,-6.5
1,1546427501722,-8.04,-1.69,-6.52
1,1546427501723,-8.3,-1.4,-5.97
1,1546427501724,-8.28,-1.36,-5.97
1,1546427501725,-7.98,-1.75,-6.36
1,1546427501726,-7.77,-1.77,-6.42
1,1546427501726,-7.94,-1.73,-6.05
1,1546427501727,-8.0,-1.48,-6.15
1,1546427501728,-8.1,-1.44,-6.19
1,1546427501794,-8.24,-1.32,-6.07
1,1546427501794,-8.24,-1.13,-6.07
1,1546427501795,-8.02,-1.67,-6.32
1,1546427501795,-7.83,-1.87,-6.4
1,1546427501795,-7.77,-2.01,-6.28
1,1546427501795,-7.89,-2.01,-6.13
1,1546427501796,-8.12,-1.75,-6.09
1,1546427501796,-8.3,-1.69,-6.09
1,1546427501869,-8.41,-1.26,-5.99
1,1546427501870,-8.39,-1.17,-6.13
1,1546427501871,-8.45,-1.71,-5.95
1,1546427501871,-8.43,-1.71,-6.03
1,1546427501872,-8.33,-1.81,-6.03
1,1546427501872,-8.28,-1.95,-6.09
1,1546427501873,-8.41,-1.62,-5.89
1,1546427501873,-8.3,-1.71,-6.03
1,1546427501942,-8.22,-1.77,-6.03
1,1546427501959,-8.41,-1.87,-5.87
1,1546427501959,-8.39,-1.83,-5.87
1,1546427501959,-8.39,-1.87,-5.99
1,1546427501960,-8.47,-1.83,-5.97
1,1546427501960,-8.55,-1.71,-5.83
1,1546427501960,-8.67,-1.52,-5.68
1,1546427501961,-8.39,-1.48,-5.89
1,1546427502025,-8.3,-1.54,-5.74
1,1546427502026,-8.22,-1.66,-5.64
1,1546427502026,-8.12,-1.79,-5.76
1,1546427502027,-8.08,-1.5,-5.85
1,1546427502027,-7.96,-1.34,-5.89
1,1546427502027,-8.08,-1.32,-5.82
1,1546427502028,-8.04,-1.25,-5.91
1,1546427502090,-8.28,-1.26,-5.56
1,1546427502092,-8.1,-1.15,-5.87
1,1546427502092,-8.2,-1.56,-5.42
1,1546427502093,-8.04,-1.56,-5.85
1,1546427502093,-8.12,-1.64,-5.82
1,1546427502093,-8.2,-1.64,-5.82
1,1546427502093,-8.35,-1.64,-5.87
1,1546427502093,-8.45,-1.46,-5.72
1,1546427502169,-8.47,-1.38,-5.64
1,1546427502171,-8.41,-1.34,-5.66
1,1546427502173,-8.47,-1.66,-5.78
1,1546427502174,-8.49,-1.71,-5.76
1,1546427502176,-8.47,-1.85,-5.85
1,1546427502177,-8.71,-2.05,-5.8
1,1546427502178,-8.67,-1.95,-5.87
1,1546427502245,-8.61,-1.87,-5.91
1,1546427502266,-8.69,-1.73,-5.85
1,1546427502267,-8.96,-1.42,-5.58
1,1546427502267,-8.96,-1.44,-5.66
1,1546427502267,-8.92,-1.15,-5.68
1,1546427502268,-8.73,-1.19,-5.89
1,1546427502268,-8.47,-2.26,-5.7
1,1546427502268,-8.55,-2.18,-5.66
1,1546427502325,-8.49,-2.38,-5.74
1,1546427502326,-8.69,-2.12,-5.66
1,1546427502326,-8.86,-1.89,-5.39
1,1546427502326,-8.96,-1.34,-5.25
1,1546427502326,-8.8,-1.44,-5.48
1,1546427502327,-8.69,-1.73,-5.62
1,1546427502327,-8.67,-2.14,-5.52
1,1546427502393,-8.76,-2.07,-5.19
1,1546427502413,-8.75,-1.89,-5.19
1,1546427502415,-8.73,-1.69,-5.27
1,1546427502415,-8.75,-1.56,-5.13
1,1546427502415,-8.65,-1.69,-5.23
1,1546427502416,-8.51,-1.89,-5.5
1,1546427502416,-8.35,-2.32,-5.44
1,1546427502416,-8.37,-2.26,-5.64
1,1546427502469,-8.8,-2.22,-5.21
1,1546427502470,-8.76,-1.85,-5.21
1,1546427502472,-8.61,-1.67,-5.21
1,1546427502473,-8.43,-1.58,-5.54
1,1546427502474,-8.49,-1.54,-5.42
1,1546427502475,-8.45,-1.69,-5.15
1,1546427502476,-8.37,-1.6,-5.39
1,1546427502477,-8.55,-1.48,-5.44
1,1546427502541,-8.69,-1.6,-5.41
1,1546427502562,-8.88,-1.58,-5.09
1,1546427502562,-8.88,-1.62,-5.33
1,1546427502562,-8.84,-1.66,-5.33
1,1546427502563,-8.8,-1.6,-5.21
1,1546427502563,-8.59,-1.83,-4.88
1,1546427502563,-8.61,-1.93,-4.92
1,1546427502652,-8.61,-1.93,-4.92
1,1546427502653,-8.76,-1.69,-4.82
1,1546427502653,-9.23,-0.87,-4.57
1,1546427502653,-9.02,-0.82,-4.76
1,1546427502653,-8.76,-1.09,-5.15
1,1546427502653,-8.67,-1.23,-5.35
1,1546427502654,-8.71,-1.52,-5.31
1,1546427502654,-8.59,-1.38,-5.23
1,1546427502693,-8.65,-1.62,-5.33
1,1546427502694,-8.76,-1.75,-5.07
1,1546427502695,-8.8,-1.71,-4.86
1,1546427502713,-8.55,-1.42,-4.8
1,1546427502714,-8.49,-1.3,-4.88
1,1546427502714,-8.67,-1.26,-4.78
1,1546427502714,-8.94,-0.87,-4.47
1,1546427502767,-9.14,-1.66,-4.33
1,1546427502768,-9.1,-2.85,-4.53
1,1546427502769,-9.1,-1.58,-4.76
1,1546427502780,-9.08,-1.95,-4.8
1,1546427502781,-9.17,-2.08,-4.86
1,1546427502781,-9.23,-2.08,-4.8
1,1546427502782,-9.19,-2.14,-4.76
1,1546427502782,-9.16,-1.87,-4.74
1,1546427502840,-9.08,-1.5,-4.62
1,1546427502865,-8.98,-1.85,-4.72
1,1546427502866,-9.06,-2.14,-4.57
1,1546427502866,-9.02,-2.05,-4.55
1,1546427502867,-8.86,-2.22,-4.6
1,1546427502867,-8.92,-2.28,-4.7
1,1546427502868,-8.92,-2.5,-4.68
1,1546427502868,-9.06,-2.26,-4.45
1,1546427502932,-9.1,-1.62,-4.47
1,1546427502934,-9.02,-1.77,-5.0
1,1546427502934,-9.02,-1.95,-4.98
1,1546427502935,-8.94,-2.36,-4.96
1,1546427502936,-8.9,-2.51,-4.98
1,1546427502936,-9.12,-2.24,-4.57
1,1546427502992,-9.16,-2.46,-4.55
1,1546427503017,-9.16,-2.4,-4.6
1,1546427503019,-9.1,-2.26,-4.9
1,1546427503020,-9.41,-2.14,-5.07
1,1546427503021,-9.37,-2.32,-5.21
1,1546427503022,-9.31,-2.57,-5.29
1,1546427503022,-9.19,-2.71,-5.27
1,1546427503023,-9.12,-2.67,-5.09
1,1546427503069,-9.1,-2.5,-4.68
1,1546427503070,-9.16,-2.07,-4.49
1,1546427503072,-9.16,-1.97,-4.55
1,1546427503072,-9.12,-2.08,-4.74
1,1546427503073,-9.12,-2.38,-5.11
1,1546427503074,-9.19,-2.44,-5.13
1,1546427503075,-9.16,-2.46,-5.0
1,1546427503075,-9.1,-2.36,-4.8
1,1546427503145,-8.76,-1.95,-4.47
1,1546427503146,-8.76,-1.85,-4.31
1,1546427503147,-8.75,-1.85,-4.27
1,1546427503149,-8.61,-1.93,-4.58
1,1546427503150,-8.75,-2.18,-5.05
1,1546427503151,-8.82,-2.4,-5.11
1,1546427503152,-8.92,-2.34,-5.17
1,1546427503153,-8.92,-2.28,-5.07
1,1546427503239,-8.76,-1.93,-4.88
1,1546427503241,-8.75,-2.07,-4.72
1,1546427503242,-8.65,-1.87,-4.82
1,1546427503243,-8.65,-2.08,-4.88
1,1546427503243,-8.73,-1.89,-5.01
1,1546427503294,-8.82,-2.16,-5.21
1,1546427503318,-8.92,-2.18,-5.19
1,1546427503318,-8.88,-2.18,-5.25
1,1546427503319,-8.92,-2.2,-5.23
1,1546427503320,-8.92,-2.3,-5.21
1,1546427503321,-8.94,-2.16,-5.35
1,1546427503321,-8.94,-2.38,-5.33
1,1546427503322,-8.92,-2.12,-5.31
1,1546427503369,-9.02,-2.07,-5.01
1,1546427503371,-8.86,-2.28,-4.94
1,1546427503372,-8.82,-2.03,-4.84
1,1546427503373,-8.92,-2.01,-4.96
1,1546427503374,-8.88,-1.64,-4.92
1,1546427503375,-8.78,-1.81,-5.15
1,1546427503375,-8.71,-1.93,-5.11
1,1546427503376,-8.63,-1.91,-5.29
1,1546427503445,-8.88,-1.83,-5.19
1,1546427503472,-8.73,-1.58,-4.92
1,1546427503473,-8.57,-1.83,-4.88
1,1546427503474,-8.41,-1.64,-4.88
1,1546427503475,-8.57,-1.97,-4.94
1,1546427503476,-8.63,-2.01,-4.96
1,1546427503476,-8.61,-1.83,-5.17
1,1546427503477,-8.51,-1.87,-5.33
1,1546427503535,-8.63,-2.08,-5.19
1,1546427503535,-8.63,-2.1,-5.15
1,1546427503536,-8.65,-2.12,-5.11
1,1546427503536,-8.63,-2.03,-5.0
1,1546427503536,-8.49,-2.1,-5.01
1,1546427503537,-8.47,-2.05,-5.13
1,1546427503537,-8.57,-2.16,-5.23
1,1546427503538,-8.65,-2.16,-5.23
1,1546427503593,-8.65,-2.14,-5.35
1,1546427503594,-8.63,-2.08,-5.39
1,1546427503595,-8.73,-2.05,-5.27
1,1546427503595,-8.78,-1.85,-5.23
1,1546427503595,-8.75,-1.95,-5.25
1,1546427503596,-8.59,-1.97,-5.37
1,1546427503596,-8.63,-2.12,-5.39
1,1546427503671,-8.67,-2.3,-5.35
1,1546427503672,-8.65,-2.28,-5.29
1,1546427503673,-8.61,-2.14,-5.23
1,1546427503674,-8.61,-2.16,-5.23
1,1546427503675,-8.73,-2.03,-5.15
1,1546427503676,-8.76,-1.83,-5.11
1,1546427503677,-8.69,-2.18,-5.27
1,1546427503678,-8.65,-2.24,-5.29
1,1546427503744,-8.69,-2.36,-5.29
1,1546427503745,-8.73,-2.5,-5.25
1,1546427503745,-8.65,-2.28,-5.29
1,1546427503746,-8.73,-2.24,-5.31
1,1546427503747,-8.76,-2.03,-5.29
1,1546427503773,-8.76,-2.08,-5.25
1,1546427503774,-8.78,-2.07,-5.21
1,1546427503774,-8.67,-2.16,-5.42
1,1546427503818,-8.69,-2.14,-5.5
1,1546427503820,-8.76,-2.03,-5.41
1,1546427503821,-8.78,-2.05,-5.42
1,1546427503822,-8.84,-1.97,-5.35
1,1546427503822,-8.73,-1.89,-5.42
1,1546427503823,-8.65,-2.05,-5.39
1,1546427503824,-8.67,-1.93,-5.31
1,1546427503893,-8.67,-1.97,-5.31
1,1546427503893,-8.67,-1.99,-5.27
1,1546427503893,-8.75,-1.91,-5.21
1,1546427503894,-8.71,-1.66,-5.39
1,1546427503894,-8.61,-1.87,-5.42
1,1546427503894,-8.57,-1.97,-5.44
1,1546427503895,-8.63,-2.03,-5.44
1,1546427503895,-8.69,-2.16,-5.39
1,1546427503968,-8.63,-2.03,-5.35
1,1546427503968,-8.55,-1.79,-5.33
1,1546427503988,-8.61,-1.75,-5.25
1,1546427503988,-8.63,-1.75,-5.15
1,1546427503989,-8.61,-2.05,-5.21
1,1546427503989,-8.59,-2.1,-5.44
1,1546427503989,-8.71,-2.1,-5.41
1,1546427503989,-8.78,-2.01,-5.35
1,1546427504046,-8.78,-2.07,-5.41
1,1546427504047,-8.69,-2.12,-5.35
1,1546427504048,-8.71,-1.95,-5.31
1,1546427504048,-8.75,-1.93,-5.39
1,1546427504048,-8.8,-1.87,-5.29
1,1546427504049,-8.78,-2.07,-5.37
1,1546427504049,-8.76,-2.12,-5.39
1,1546427504122,-8.76,-2.08,-5.39
1,1546427504123,-8.8,-2.12,-5.41
1,1546427504124,-8.82,-2.08,-5.35
1,1546427504125,-8.86,-2.14,-5.41
1,1546427504126,-8.92,-2.08,-5.37
1,1546427504127,-8.84,-2.08,-5.44
1,1546427504128,-8.84,-2.24,-5.42
1,1546427504129,-8.8,-2.01,-5.27
1,1546427504194,-8.69,-2.07,-5.39
1,1546427504207,-8.65,-2.12,-5.39
1,1546427504208,-8.67,-2.03,-5.39
1,1546427504208,-8.71,-2.07,-5.52
1,1546427504208,-8.67,-2.01,-5.6
1,1546427504209,-8.71,-1.95,-5.56
1,1546427504209,-8.75,-1.81,-5.48
1,1546427504267,-8.65,-1.89,-5.37
1,1546427504268,-8.55,-2.03,-5.42
1,1546427504268,-8.45,-2.03,-5.35
1,1546427504269,-8.39,-1.93,-5.35
1,1546427504269,-8.33,-1.91,-5.31
1,1546427504270,-8.33,-2.03,-5.39
1,1546427504270,-8.3,-2.05,-5.46
1,1546427504270,-8.24,-2.1,-5.58
1,1546427504343,-8.24,-2.1,-5.58
1,1546427504344,-8.24,-1.95,-5.62
1,1546427504344,-8.3,-1.91,-5.64
1,1546427504345,-8.35,-1.91,-5.66
1,1546427504345,-8.55,-1.83,-5.52
1,1546427504346,-8.51,-1.81,-5.48
1,1546427504346,-8.33,-1.85,-5.5
1,1546427504418,-8.18,-2.03,-5.68
1,1546427504443,-8.26,-2.18,-5.52
1,1546427504444,-8.45,-2.14,-5.46
1,1546427504444,-8.49,-2.05,-5.46
1,1546427504444,-8.47,-1.99,-5.64
1,1546427504445,-8.47,-2.08,-5.6
1,1546427504445,-8.55,-2.12,-5.52
1,1546427504445,-8.57,-2.05,-5.54
1,1546427504492,-8.61,-1.83,-5.46
1,1546427504493,-8.47,-1.77,-5.56
1,1546427504494,-8.45,-2.08,-5.66
1,1546427504494,-8.41,-2.34,-5.66
1,1546427504495,-8.49,-2.3,-5.78
1,1546427504510,-8.51,-2.18,-5.89
1,1546427504510,-8.53,-2.05,-5.97
1,1546427504511,-8.67,-1.91,-5.62
1,1546427504567,-8.69,-1.93,-5.46
1,1546427504593,-8.59,-1.95,-5.42
1,1546427504594,-8.45,-2.07,-5.52
1,1546427504594,-8.41,-2.12,-5.76
1,1546427504594,-8.47,-2.32,-5.74
1,1546427504595,-8.59,-2.48,-5.52
1,1546427504595,-8.61,-2.42,-5.54
1,1546427504642,-8.49,-2.3,-5.54
1,1546427504642,-8.47,-2.28,-5.56
1,1546427504643,-8.45,-2.28,-5.56
1,1546427504644,-8.49,-2.2,-5.52
1,1546427504660,-8.51,-2.24,-5.62
1,1546427504660,-8.63,-2.14,-5.64
1,1546427504661,-8.63,-2.05,-5.74
1,1546427504661,-8.67,-1.95,-5.78
1,1546427504715,-8.57,-1.93,-5.91
1,1546427504716,-8.45,-2.16,-5.91
1,1546427504717,-8.37,-2.16,-5.93
1,1546427504717,-8.43,-2.18,-5.91
1,1546427504718,-8.59,-2.07,-5.91
1,1546427504718,-8.65,-1.73,-5.91
1,1546427504718,-8.63,-1.75,-5.91
1,1546427504789,-8.53,-1.81,-5.8
1,1546427504790,-8.55,-1.93,-5.62
1,1546427504790,-8.33,-2.07,-5.54
1,1546427504790,-8.32,-2.03,-5.58
1,1546427504791,-8.28,-1.95,-5.64
1,1546427504791,-8.47,-1.67,-5.6
1,1546427504815,-8.61,-1.46,-5.64
1,1546427504816,-8.61,-1.75,-5.64
1,1546427504869,-8.43,-2.05,-5.62
1,1546427504879,-8.32,-2.22,-5.6
1,1546427504880,-8.22,-2.07,-5.6
1,1546427504880,-8.24,-1.71,-5.54
1,1546427504880,-8.26,-1.6,-5.58
1,1546427504881,-8.37,-1.54,-5.58
1,1546427504881,-8.37,-1.42,-5.62
1,1546427504881,-8.24,-1.69,-5.74
1,1546427504942,-8.16,-1.87,-5.8
1,1546427504942,-8.1,-1.95,-5.82
1,1546427504943,-8.18,-1.99,-5.76
1,1546427504943,-8.32,-1.87,-5.78
1,1546427504943,-8.43,-1.85,-5.8
1,1546427504943,-8.45,-2.05,-5.85
1,1546427504944,-8.43,-2.01,-5.76
1,1546427505019,-8.33,-1.97,-5.58
1,1546427505020,-8.32,-2.07,-5.64
1,1546427505020,-8.33,-2.05,-5.6
1,1546427505021,-8.41,-1.87,-5.5
1,1546427505021,-8.41,-1.75,-5.54
1,1546427505030,-8.67,-2.07,-5.62
1,1546427505030,-8.67,-1.95,-5.62
1,1546427505031,-8.67,-2.03,-5.58
1,1546427505092,-8.63,-2.07,-5.56
1,1546427505092,-8.51,-2.24,-5.62
1,1546427505092,-8.53,-2.08,-5.56
1,1546427505093,-8.45,-2.08,-5.54
1,1546427505093,-8.55,-1.99,-5.52
1,1546427505113,-8.57,-2.05,-5.72
1,1546427505114,-8.57,-1.93,-5.74
1,1546427505169,-8.61,-1.89,-5.76
1,1546427505170,-8.59,-1.99,-5.8
1,1546427505170,-8.49,-2.14,-5.66
1,1546427505170,-8.45,-2.01,-5.7
1,1546427505171,-8.41,-1.89,-5.58
1,1546427505171,-8.37,-1.77,-5.66
1,1546427505171,-8.37,-2.08,-5.6
1,1546427505172,-8.37,-2.1,-5.66
1,1546427505243,-8.41,-2.12,-5.7
1,1546427505244,-8.41,-2.22,-5.7
1,1546427505315,-8.3,-2.2,-5.68
1,1546427505316,-8.33,-2.05,-5.66
1,1546427505317,-8.39,-2.05,-5.58
1,1546427505317,-8.37,-2.05,-5.62
1,1546427505317,-8.37,-2.07,-5.58
1,1546427505317,-8.3,-2.16,-5.58
1,1546427505318,-8.32,-2.12,-5.52
1,1546427505318,-8.32,-2.01,-5.5
1,1546427505392,-8.3,-2.08,-5.5
1,1546427505392,-8.22,-2.16,-5.5
1,1546427505393,-8.37,-2.1,-5.68
1,1546427505393,-8.41,-2.12,-5.64
1,1546427505393,-8.41,-2.22,-5.64
1,1546427505394,-8.39,-2.14,-5.6
1,1546427505394,-8.37,-2.12,-5.58
1,1546427505394,-8.37,-2.2,-5.52
1,1546427505469,-8.39,-2.03,-5.54
1,1546427505472,-8.39,-2.05,-5.56
1,1546427505474,-8.43,-2.05,-5.54
1,1546427505475,-8.49,-2.12,-5.74
1,1546427505476,-8.55,-2.14,-5.72
1,1546427505477,-8.49,-2.2,-5.76
1,1546427505479,-8.57,-2.2,-5.68
1,1546427505480,-8.61,-1.99,-5.66
1,1546427505617,-8.63,-2.03,-5.6
1,1546427505617,-8.61,-2.12,-5.62
1,1546427505617,-8.59,-2.08,-5.6
1,1546427505618,-8.51,-2.14,-5.64
1,1546427505618,-8.57,-2.2,-5.56
