1,1546939805975,12.42,1.87,-1.67
1,1546939805976,13.33,1.07,-1.75
1,1546939805976,13.75,0.99,-2.65
1,1546939805977,14.1,0.78,-2.3
1,1546939805977,14.19,0.64,-0.91
1,1546939805977,13.59,1.34,1.67
1,1546939805978,13.37,2.05,1.36
1,1546939805978,13.3,3.26,1.62
1,1546939806048,13.39,4.08,1.91
1,1546939806048,16.01,1.97,1.17
1,1546939806053,15.8,2.01,1.56
1,1546939806054,15.68,3.12,1.58
1,1546939806054,15.76,4.08,1.28
1,1546939806054,16.34,4.98,1.25
1,1546939806054,16.66,4.82,1.42
1,1546939806055,17.08,3.94,1.09
1,1546939806123,17.4,2.63,-0.17
1,1546939806124,18.02,1.21,-0.09
1,1546939806137,17.71,1.66,-0.01
1,1546939806138,17.48,3.18,-0.62
1,1546939806138,17.75,4.45,-1.32
1,1546939806138,18.67,4.0,-1.69
1,1546939806138,18.65,2.44,-0.83
1,1546939806138,18.53,1.75,-0.44
1,1546939806198,18.49,2.3,-0.37
1,1546939806200,18.63,3.8,-1.17
1,1546939806200,18.78,3.9,-1.93
1,1546939806202,19.0,3.28,-2.28
1,1546939806202,19.21,3.02,-2.42
1,1546939806203,18.24,5.03,-2.4
1,1546939806204,17.36,5.05,-2.14
1,1546939806204,16.85,4.25,-1.17
1,1546939806272,16.71,2.98,-0.97
1,1546939806272,17.05,1.95,-1.13
1,1546939806273,17.24,1.52,-2.69
1,1546939806288,17.98,2.08,-6.03
1,1546939806289,17.73,2.44,-6.3
1,1546939806289,16.71,2.24,-5.52
1,1546939806289,14.72,1.89,-3.71
1,1546939806348,13.94,2.07,-3.39
1,1546939806349,13.35,1.71,-3.73
1,1546939806350,12.91,0.97,-2.28
1,1546939806350,11.21,1.34,-0.46
1,1546939806350,10.31,3.8,-0.83
1,1546939806351,9.27,5.6,-3.24
1,1546939806351,8.3,5.01,-4.35
1,1546939806351,6.77,0.89,-3.59
1,1546939806424,5.44,-0.91,-1.99
1,1546939806425,0.6,-1.46,-1.67
1,1546939806425,1.69,0.33,-1.13
1,1546939806426,0.78,1.26,-1.97
1,1546939806426,-0.8,1.48,-1.64
1,1546939806426,-1.67,1.19,-1.95
1,1546939806427,-2.32,1.28,-1.91
1,1546939806427,-2.79,1.44,-2.77
1,1546939806497,-3.41,0.8,-1.99
1,1546939806572,-3.78,0.03,-0.74
1,1546939806573,-4.31,0.0,-0.37
1,1546939806573,-4.76,0.48,-0.62
1,1546939806573,-5.39,1.99,-0.66
1,1546939806574,-5.7,1.03,-1.38
1,1546939806593,-5.89,0.09,-2.16
1,1546939806593,-5.83,-0.23,-2.42
1,1546939806649,-5.95,0.33,-1.05
1,1546939806650,-6.01,0.27,-0.52
1,1546939806650,-6.05,-0.52,-0.21
1,1546939806650,-4.78,1.23,-0.56
1,1546939806651,-3.92,-0.27,0.35
1,1546939806651,-3.3,0.0,0.64
1,1546939806651,-2.51,1.11,0.56
1,1546939806652,-1.75,1.97,0.7
1,1546939806723,-1.23,2.05,0.85
1,1546939806723,-0.11,-0.13,1.01
1,1546939806723,0.13,-0.31,2.77
1,1546939806797,0.91,-0.21,1.97
1,1546939806798,2.59,2.92,0.35
1,1546939806798,3.61,4.25,1.28
1,1546939806799,4.51,4.39,2.77
1,1546939806799,4.98,3.86,3.16
1,1546939806800,5.52,0.68,1.13
1,1546939806800,5.66,-0.56,1.5
1,1546939806801,5.83,0.33,1.64
1,1546939806875,6.34,2.16,1.58
1,1546939806875,11.48,5.17,0.6
1,1546939806876,12.07,1.85,1.44
1,1546939806876,12.51,3.92,1.64
1,1546939806876,13.14,4.92,1.79
1,1546939806877,13.22,3.12,-0.56
1,1546939806877,13.45,3.65,-0.66
1,1546939806877,13.43,2.22,-0.62
1,1546939806948,13.12,1.66,-0.64
1,1546939806961,14.04,6.56,0.17
1,1546939806962,14.21,6.28,-0.56
1,1546939806962,14.19,7.22,-0.74
1,1546939806962,14.76,8.22,1.07
1,1546939806962,14.47,2.79,-0.74
1,1546939806962,13.67,0.68,-1.17
1,1546939806963,12.46,-1.36,-1.17
1,1546939807023,13.33,-1.23,-6.67
1,1546939807028,13.69,3.49,-3.16
1,1546939807029,17.24,12.22,1.05
1,1546939807029,16.62,10.66,0.44
1,1546939807029,14.92,7.34,-0.25
1,1546939807029,13.49,3.08,-0.93
1,1546939807030,11.93,-2.2,-3.98
1,1546939807030,12.53,1.05,-3.35
1,1546939807098,13.96,6.05,-3.26
1,1546939807099,15.58,10.01,-1.58
1,1546939807100,15.25,9.98,-0.52
1,1546939807101,14.37,6.23,-0.33
1,1546939807101,13.32,2.55,-0.37
1,1546939807102,12.67,1.23,-1.11
1,1546939807102,14.27,3.63,-3.41
1,1546939807175,16.03,5.64,-1.87
1,1546939807175,16.58,6.62,-1.28
1,1546939807175,16.03,6.66,-0.7
1,1546939807175,14.04,3.96,-0.48
1,1546939807176,13.12,3.24,-0.17
1,1546939807176,12.63,3.9,-0.27
1,1546939807176,13.12,5.6,-0.44
1,1546939807176,14.49,7.42,-0.85
1,1546939807248,14.29,6.28,-0.35
1,1546939807265,14.14,4.21,0.89
1,1546939807265,14.06,2.46,1.71
1,1546939807265,13.26,1.83,1.28
1,1546939807266,11.87,3.04,-0.33
1,1546939807266,11.95,3.67,0.17
1,1546939807266,12.5,4.39,0.83
1,1546939807322,13.53,5.42,1.52
1,1546939807323,15.09,4.74,3.49
1,1546939807323,15.01,4.55,3.39
1,1546939807323,14.14,4.68,3.41
1,1546939807331,13.32,4.66,2.98
1,1546939807331,13.59,4.16,2.14
1,1546939807332,14.43,3.51,2.42
1,1546939807332,15.01,2.71,2.5
1,1546939807397,15.25,3.06,2.83
1,1546939807399,14.66,4.82,3.24
1,1546939807400,14.45,5.11,2.77
1,1546939807400,14.35,4.33,1.73
1,1546939807400,14.68,2.85,1.58
1,1546939807400,15.68,1.62,1.09
1,1546939807401,16.38,1.73,1.44
1,1546939807477,16.62,1.48,0.76
1,1546939807483,16.73,1.19,0.05
1,1546939807484,16.69,1.71,0.25
1,1546939807484,16.01,5.85,2.1
1,1546939807484,16.28,6.97,2.42
1,1546939807485,16.91,6.95,2.3
1,1546939807485,17.63,5.48,1.38
1,1546939807485,19.1,-0.25,0.29
1,1546939807551,19.57,-1.11,0.19
1,1546939807553,19.7,-0.6,-0.44
1,1546939807555,19.47,1.44,-0.93
1,1546939807557,18.06,3.65,-1.99
1,1546939807558,17.51,3.98,-1.13
1,1546939807559,17.55,3.1,-0.5
1,1546939807561,17.94,2.71,-0.66
1,1546939807562,18.63,3.61,-1.5
1,1546939807624,18.47,3.84,-2.01
1,1546939807634,18.16,3.9,-2.05
1,1546939807635,17.83,3.98,-1.67
1,1546939807635,17.44,4.49,-1.81
1,1546939807635,17.53,3.33,-2.36
1,1546939807636,17.67,2.46,-3.14
1,1546939807636,17.71,2.92,-3.45
1,1546939807705,17.34,3.76,-5.25
1,1546939807705,17.16,3.75,-4.35
1,1546939807706,16.66,4.47,-3.51
1,1546939807718,16.25,5.72,-2.59
1,1546939807718,15.93,5.78,-2.75
1,1546939807719,15.85,3.28,-4.02
1,1546939807719,15.72,1.54,-3.12
1,1546939807719,15.5,0.27,-1.97
1,1546939807776,14.84,-0.05,-2.32
1,1546939807777,13.67,1.97,-2.67
1,1546939807777,12.73,2.42,-3.02
1,1546939807778,11.6,2.75,-3.12
1,1546939807786,10.37,2.2,-3.63
1,1546939807787,8.14,1.83,-3.39
1,1546939807787,7.34,1.71,-2.38
1,1546939807851,6.48,1.54,-2.05
1,1546939807880,4.21,1.69,-1.97
1,1546939807880,1.52,1.97,-0.68
1,1546939807880,0.68,2.18,-1.81
1,1546939807881,-0.37,2.67,-1.69
1,1546939807881,-1.07,3.18,-1.64
1,1546939807881,-1.85,2.67,-1.48
1,1546939807882,-2.07,1.99,-0.89
1,1546939807926,-2.2,1.28,-1.05
1,1546939807936,-2.38,0.8,-1.11
1,1546939807936,-2.67,1.21,-0.97
1,1546939807937,-3.9,2.12,-1.52
1,1546939807937,-4.84,2.34,-0.85
1,1546939807937,-5.95,2.5,-0.56
1,1546939807937,-6.85,2.65,-0.95
1,1546939808000,-7.46,1.91,-1.07
1,1546939808001,-7.53,0.99,-0.72
1,1546939808002,-7.63,0.29,-0.66
1,1546939808020,-7.51,0.5,-0.52
1,1546939808020,-7.01,1.67,-0.44
1,1546939808020,-6.77,2.07,-0.66
1,1546939808020,-6.56,2.24,-0.66
1,1546939808021,-6.3,2.07,-0.64
1,1546939808074,-5.58,1.79,-0.7
1,1546939808075,-4.96,1.81,-0.89
1,1546939808075,-4.23,1.75,-0.64
1,1546939808076,-3.55,1.67,-0.46
1,1546939808089,-2.85,1.81,-0.42
1,1546939808090,-1.19,1.97,0.17
1,1546939808090,-0.42,2.36,-0.15
1,1546939808180,0.29,2.98,-0.42
1,1546939808181,0.83,3.65,-0.66
1,1546939808181,2.3,3.28,-0.44
1,1546939808181,3.88,2.79,-0.31
1,1546939808182,5.11,2.92,2.12
1,1546939808182,6.75,2.42,3.67
1,1546939808182,7.75,1.03,-0.58
1,1546939808182,9.96,0.72,-0.6
1,1546939808226,8.06,0.01,-0.82
1,1546939808228,10.72,0.23,-4.04
1,1546939808229,13.28,1.67,0.17
1,1546939808229,13.55,0.48,-0.74
1,1546939808230,12.98,-0.58,-0.46
1,1546939808231,12.96,0.91,1.15
1,1546939808231,11.99,5.56,1.85
1,1546939808232,12.71,8.94,3.0
1,1546939808337,14.0,9.49,4.94
1,1546939808338,14.35,6.01,1.91
1,1546939808338,14.1,2.24,-0.35
1,1546939808338,13.92,-2.81,-0.95
1,1546939808339,13.63,-4.1,-0.8
1,1546939808339,14.14,-1.46,0.13
1,1546939808340,14.96,4.33,2.08
1,1546939808379,16.62,6.83,-0.83
1,1546939808380,17.26,5.35,-1.28
1,1546939808381,16.87,3.55,-1.52
1,1546939808381,15.46,1.09,-1.71
1,1546939808381,14.04,0.6,0.83
1,1546939808382,13.82,2.89,0.37
1,1546939808382,14.43,4.96,-1.83
1,1546939808382,15.91,5.66,-3.45
1,1546939808455,17.22,2.32,-2.46
1,1546939808456,16.62,0.13,-3.04
1,1546939808457,16.15,-1.07,-3.35
1,1546939808458,15.85,-0.31,-1.62
1,1546939808474,15.95,5.66,-0.85
1,1546939808475,16.6,6.32,-2.65
1,1546939808479,17.08,4.78,-3.82
1,1546939808524,17.28,2.36,-4.02
1,1546939808526,16.87,-2.08,-1.67
1,1546939808527,16.11,-1.99,-1.91
1,1546939808527,15.62,0.17,-1.71
1,1546939808528,15.5,3.55,-2.18
1,1546939808528,15.33,7.03,-3.06
1,1546939808528,15.11,6.67,-1.07
1,1546939808529,15.23,4.37,-1.03
1,1546939808610,15.39,1.07,-0.56
1,1546939808611,15.0,-1.54,0.41
1,1546939808611,12.91,2.51,0.7
1,1546939808612,12.69,5.33,0.17
1,1546939808612,12.96,6.85,0.01
1,1546939808613,13.51,7.03,-0.11
1,1546939808614,14.7,3.33,0.52
1,1546939808676,14.62,1.79,1.64
1,1546939808677,14.19,0.6,2.14
1,1546939808678,13.78,0.97,2.03
1,1546939808679,13.3,5.0,2.22
1,1546939808679,13.69,5.83,1.81
1,1546939808680,14.19,5.25,1.64
1,1546939808681,14.66,3.96,2.12
1,1546939808681,15.11,2.24,2.73
1,1546939808756,15.27,2.18,2.83
1,1546939808758,15.07,2.98,3.45
1,1546939808759,14.49,4.1,3.88
1,1546939808762,14.47,4.58,3.65
1,1546939808763,15.56,3.57,1.99
1,1546939808764,15.68,2.34,0.83
1,1546939808765,16.21,1.89,1.4
1,1546939808827,16.46,2.1,2.57
1,1546939808829,15.83,4.25,2.81
1,1546939808830,15.74,5.21,2.01
1,1546939808831,16.01,5.37,1.26
1,1546939808832,16.34,4.72,0.6
1,1546939808833,17.79,2.07,-0.25
1,1546939808834,18.57,2.24,0.64
1,1546939808835,18.73,2.4,1.23
1,1546939808902,18.41,1.93,-0.07
1,1546939808905,18.45,2.67,-0.7
1,1546939808906,18.16,2.42,-0.58
1,1546939808907,17.87,2.65,-0.68
1,1546939808908,17.55,5.44,-1.07
1,1546939808909,17.18,5.5,-0.91
1,1546939808910,17.18,3.39,-2.24
1,1546939808977,17.12,2.4,-1.19
1,1546939808979,17.3,2.05,-1.81
1,1546939808980,17.69,1.73,-2.42
1,1546939808998,18.1,2.55,-2.55
1,1546939809000,17.94,3.55,-2.75
1,1546939809001,18.12,3.67,-1.99
1,1546939809002,18.02,3.41,-2.51
1,1546939809003,17.89,3.9,-4.27
1,1546939809053,18.06,3.8,-3.67
1,1546939809055,17.77,3.84,-3.71
1,1546939809057,17.34,4.12,-4.04
1,1546939809058,17.01,4.14,-5.0
1,1546939809059,17.28,3.82,-4.66
1,1546939809060,17.28,2.98,-3.78
1,1546939809062,16.54,2.24,-3.8
1,1546939809127,14.76,3.02,-4.9
1,1546939809148,14.78,3.88,-5.07
1,1546939809149,14.94,4.23,-4.86
1,1546939809150,14.86,4.14,-4.23
1,1546939809151,13.65,2.18,-4.16
1,1546939809151,13.04,1.83,-4.31
1,1546939809152,12.38,2.59,-3.39
1,1546939809152,11.4,4.04,-2.91
1,1546939809203,10.31,4.45,-2.46
1,1546939809204,8.37,2.69,-2.4
1,1546939809205,7.55,2.05,-2.61
1,1546939809205,6.93,1.87,-2.65
1,1546939809221,6.44,2.2,-2.4
1,1546939809222,2.12,1.64,-1.75
1,1546939809222,1.93,1.03,-2.65
1,1546939809223,1.13,0.78,-2.16
1,1546939809275,0.25,0.72,-1.01
1,1546939809276,-1.6,1.91,-1.36
1,1546939809276,-2.26,2.63,-0.99
1,1546939809276,-2.85,2.96,-0.89
1,1546939809277,-3.3,2.79,-1.23
1,1546939809277,-3.55,1.79,-0.62
1,1546939809298,-3.67,0.7,-0.64
1,1546939809353,-4.0,-0.62,-0.62
1,1546939809353,-4.57,-0.93,-0.56
1,1546939809354,-5.29,-0.15,-0.64
1,1546939809355,-6.97,1.62,-0.95
1,1546939809355,-7.69,1.87,-0.8
1,1546939809355,-8.28,1.99,-0.52
1,1546939809356,-8.61,2.46,-0.11
1,1546939809424,-8.12,2.34,0.15
1,1546939809425,-7.61,1.93,0.11
1,1546939809425,-7.1,1.48,0.13
1,1546939809426,-6.62,1.07,0.35
1,1546939809451,-5.66,1.73,-0.23
1,1546939809452,-5.23,1.97,-0.54
1,1546939809452,-4.64,2.32,0.03
1,1546939809453,-4.1,2.53,0.44
1,1546939809516,-2.69,2.36,0.23
1,1546939809516,-1.99,2.08,0.42
1,1546939809517,-1.4,1.95,0.41
1,1546939809517,-0.87,2.16,0.31
1,1546939809518,0.44,2.81,0.09
1,1546939809518,1.09,2.69,-0.03
1,1546939809519,1.75,2.67,-0.27
1,1546939809519,3.2,3.02,-0.48
1,1546939809575,6.03,3.86,1.6
1,1546939809576,6.83,4.41,0.39
1,1546939809580,10.66,4.47,-0.85
1,1546939809581,11.03,2.81,-2.34
1,1546939809581,10.76,0.5,-1.21
1,1546939809582,10.25,-1.11,-1.21
1,1546939809582,10.54,0.64,-2.36
1,1546939809749,11.52,2.75,-1.85
1,1546939809753,12.96,4.94,-0.99
1,1546939809755,15.03,4.74,0.62
1,1546939809757,14.72,2.46,1.05
1,1546939809758,13.18,0.42,0.15
1,1546939809820,12.16,0.97,-0.54
1,1546939809821,12.81,2.34,-0.89
1,1546939809822,13.26,1.5,-1.46
1,1546939809823,14.19,2.42,-0.93
1,1546939809824,14.9,4.47,-0.68
1,1546939809824,16.19,8.18,-4.25
1,1546939809825,18.69,6.95,-3.94
1,1546939809826,19.88,3.45,-3.02
1,1546939809875,19.35,0.0,-1.03
1,1546939809877,17.67,9.21,-1.85
1,1546939809878,18.43,4.78,-0.7
1,1546939809879,18.16,1.26,-0.33
1,1546939809881,16.99,-0.21,-1.17
1,1546939809881,15.54,3.06,-3.04
1,1546939809882,15.99,6.44,-2.59
1,1546939809884,16.81,7.53,-1.85
1,1546939809953,17.38,5.72,-1.03
1,1546939809953,17.38,2.26,-0.64
1,1546939809954,16.64,1.17,-0.46
1,1546939809968,15.78,1.11,0.03
1,1546939809969,15.0,2.71,-0.82
1,1546939809969,14.16,6.75,-1.26
1,1546939809969,14.16,7.05,0.21
1,1546939809970,14.74,6.26,1.05
1,1546939810024,15.93,4.02,1.89
1,1546939810034,16.6,1.23,3.18
1,1546939810035,15.11,1.03,4.74
1,1546939810035,14.86,2.05,3.14
1,1546939810035,15.03,3.82,2.94
1,1546939810035,15.35,5.97,3.78
1,1546939810036,16.75,4.64,2.71
1,1546939810036,17.46,2.34,3.12
1,1546939810186,17.42,1.5,4.12
1,1546939810187,16.83,1.79,5.19
1,1546939810188,15.74,1.73,3.69
1,1546939810189,15.72,2.4,3.28
1,1546939810189,15.68,3.92,2.75
1,1546939810254,16.01,4.49,2.61
1,1546939810272,17.24,2.77,4.53
1,1546939810273,17.2,2.36,3.92
1,1546939810274,17.28,2.83,3.22
1,1546939810274,17.87,3.92,0.76
1,1546939810274,18.08,6.26,-0.05
1,1546939810275,18.45,6.46,-0.8
1,1546939810275,19.04,4.64,-0.68
1,1546939810327,19.35,2.03,-0.72
1,1546939810337,20.21,0.41,-1.89
1,1546939810338,19.33,3.18,-2.65
1,1546939810338,18.92,3.84,-3.12
1,1546939810338,18.8,4.19,-3.16
1,1546939810339,19.0,3.43,-2.55
1,1546939810339,19.37,1.28,-3.28
1,1546939810339,19.41,1.19,-4.02
1,1546939810403,19.51,2.08,-3.67
1,1546939810403,19.17,3.63,-2.85
1,1546939810404,17.98,6.01,-3.33
1,1546939810404,17.59,5.17,-3.55
1,1546939810404,17.51,3.76,-3.76
1,1546939810405,17.69,2.08,-3.88
1,1546939810405,18.24,1.26,-5.11
1,1546939810405,19.68,2.44,-4.74
1,1546939810475,19.17,3.37,-3.3
1,1546939810476,17.77,4.1,-2.94
1,1546939810489,16.17,5.11,-2.36
1,1546939810489,13.24,5.25,-4.64
1,1546939810490,12.79,3.88,-5.07
1,1546939810490,12.44,2.16,-4.49
1,1546939810490,11.91,1.52,-3.63
1,1546939810490,9.92,0.58,-2.89
1,1546939810548,8.69,1.62,-3.8
1,1546939810550,7.73,3.06,-3.45
1,1546939810551,6.89,3.82,-2.18
1,1546939810552,2.08,3.86,-2.01
1,1546939810553,0.62,3.94,-3.12
1,1546939810553,-0.13,3.61,-2.51
1,1546939810554,-1.15,2.51,-2.34
1,1546939810554,-2.36,1.58,-2.85
1,1546939810626,-2.46,1.85,-3.04
1,1546939810627,-2.36,1.91,-3.06
1,1546939810628,-2.16,2.34,-2.79
1,1546939810629,-2.63,3.61,-1.46
1,1546939810630,-3.45,3.43,-1.38
1,1546939810631,-4.47,3.33,-1.26
1,1546939810631,-5.58,3.32,-1.67
1,1546939810713,-6.48,2.73,-2.3
1,1546939810714,-8.04,-0.05,-2.3
1,1546939810715,-8.8,-0.21,-1.62
1,1546939810715,-9.23,0.64,-1.36
1,1546939810716,-9.23,1.85,-1.11
1,1546939810741,-8.61,3.75,-1.15
1,1546939810741,-8.24,3.26,-0.89
1,1546939810742,-7.96,2.28,-0.8
1,1546939810778,-7.65,1.75,-1.11
1,1546939810779,-6.56,0.48,-1.5
1,1546939810780,-5.82,-0.05,-1.09
1,1546939810781,-5.0,-0.07,-0.83
1,1546939810781,-4.25,0.5,-1.09
1,1546939810782,-3.04,1.62,-0.6
1,1546939810783,-2.61,1.89,-0.62
1,1546939810851,-2.3,2.1,-0.56
1,1546939810858,-2.01,1.95,-0.6
1,1546939810860,-1.66,1.91,-0.6
1,1546939810861,-0.41,2.57,-0.33
1,1546939810862,0.58,2.55,-0.35
1,1546939810862,1.32,2.69,-0.25
1,1546939810864,2.22,2.65,-0.42
1,1546939810929,3.82,2.22,0.6
1,1546939810930,4.66,2.26,0.31
1,1546939810930,5.07,2.57,-0.7
1,1546939810930,6.25,2.96,-0.8
1,1546939810942,10.09,3.1,-0.68
1,1546939810942,11.83,2.1,-1.4
1,1546939810942,12.28,1.3,-1.17
1,1546939810943,12.5,1.05,-0.8
1,1546939811008,14.39,4.47,-2.34
1,1546939811008,16.36,2.44,-1.28
1,1546939811008,16.58,1.69,-0.83
1,1546939811009,16.11,1.01,-0.09
1,1546939811009,14.64,0.97,-2.05
1,1546939811009,15.23,2.01,-1.05
1,1546939811009,15.82,3.24,-0.6
1,1546939811009,16.54,4.82,-0.33
1,1546939811077,16.99,3.98,-1.07
1,1546939811096,16.25,2.01,-0.91
1,1546939811097,14.84,1.13,-0.95
1,1546939811097,14.14,2.12,-1.03
1,1546939811098,14.58,4.37,-2.34
1,1546939811098,16.79,4.53,-4.58
1,1546939811098,17.28,2.26,-3.06
1,1546939811099,17.14,0.15,-2.28
1,1546939811151,17.01,-0.83,-1.79
1,1546939811152,15.83,1.42,-2.4
1,1546939811152,14.72,4.21,-3.43
1,1546939811162,14.98,7.77,-3.88
1,1546939811162,16.17,8.75,-3.55
1,1546939811162,17.42,3.57,-3.61
1,1546939811163,17.92,1.07,-1.97
1,1546939811225,17.81,-0.56,-1.13
1,1546939811251,17.14,-0.31,-0.74
1,1546939811252,14.86,3.47,-2.07
1,1546939811253,14.19,5.87,-2.61
1,1546939811253,13.78,7.87,-2.44
1,1546939811254,13.88,8.82,-1.85
1,1546939811255,14.68,8.04,-1.4
1,1546939811255,15.8,3.47,0.44
1,1546939811310,15.78,1.58,0.33
1,1546939811311,15.68,0.91,-0.01
1,1546939811334,15.27,1.75,-0.41
1,1546939811334,13.65,6.5,-1.89
1,1546939811335,14.23,7.07,-1.25
1,1546939811335,15.31,5.39,-0.56
1,1546939811335,15.89,3.33,-0.6
1,1546939811373,16.64,1.11,0.39
1,1546939811396,16.26,2.79,1.13
1,1546939811396,15.29,5.25,1.42
1,1546939811397,14.33,6.5,1.3
1,1546939811397,12.96,2.73,1.64
1,1546939811397,13.65,1.77,1.64
1,1546939811397,15.15,2.2,0.97
1,1546939811397,16.48,3.55,1.66
1,1546939811450,16.25,3.96,2.91
1,1546939811451,15.62,3.96,3.22
1,1546939811451,15.23,4.19,3.35
1,1546939811451,15.39,4.6,3.9
1,1546939811452,15.8,4.29,3.12
1,1546939811452,16.03,3.86,2.24
1,1546939811462,16.05,3.51,1.93
1,1546939811524,16.52,3.26,2.12
1,1546939811529,17.08,2.85,2.2
1,1546939811529,17.42,2.51,1.58
1,1546939811530,17.3,2.73,1.36
1,1546939811530,17.46,3.45,0.25
1,1546939811530,17.92,4.0,-0.46
1,1546939811530,17.75,2.73,0.8
1,1546939811531,17.2,3.32,0.27
1,1546939811614,17.08,4.43,-0.05
1,1546939811615,17.28,5.52,-0.7
1,1546939811615,18.12,7.22,-1.21
1,1546939811616,18.41,7.46,-1.28
1,1546939811616,18.0,6.89,-0.58
1,1546939811617,17.73,5.99,-1.3
1,1546939811617,18.63,1.99,-1.95
1,1546939811677,19.1,-0.89,-1.91
1,1546939811678,19.33,-0.19,-1.71
1,1546939811680,19.17,2.42,-2.1
1,1546939811681,18.28,5.8,-3.53
1,1546939811682,17.5,4.98,-3.75
1,1546939811684,17.59,5.03,-3.57
1,1546939811685,18.0,4.74,-3.8
1,1546939811685,18.08,4.53,-3.65
1,1546939811749,17.85,3.14,-3.06
1,1546939811774,17.71,3.59,-4.02
1,1546939811776,17.48,4.0,-4.78
1,1546939811777,17.34,3.96,-4.92
1,1546939811778,17.73,3.84,-4.25
1,1546939811779,17.28,4.17,-4.64
1,1546939811780,16.54,4.57,-4.92
1,1546939811780,15.82,3.96,-4.51
1,1546939811839,14.74,2.36,-5.56
1,1546939811840,15.31,2.3,-5.42
1,1546939811840,15.27,2.18,-4.64
1,1546939811840,14.55,1.93,-4.49
1,1546939811840,13.33,2.38,-4.12
1,1546939811841,12.48,2.46,-3.59
1,1546939811841,11.38,2.14,-5.27
1,1546939811914,10.66,2.4,-5.5
1,1546939811915,9.17,2.22,-2.81
1,1546939811915,7.67,2.32,-4.04
1,1546939811915,6.26,2.48,-4.76
1,1546939811915,6.15,2.01,-4.23
1,1546939811915,4.6,1.75,-3.1
1,1546939811916,0.91,1.83,-3.16
1,1546939811916,0.0,2.36,-4.06
1,1546939811973,-0.82,2.4,-3.47
1,1546939811974,-1.48,2.75,-3.24
1,1546939811974,-2.1,3.04,-3.22
1,1546939811974,-3.02,2.61,-3.04
1,1546939811983,-3.94,1.38,-2.65
1,1546939811984,-4.82,-0.31,-1.56
1,1546939811984,-5.82,1.81,-0.62
1,1546939812051,-6.3,3.16,-0.8
1,1546939812068,-6.6,3.47,-1.01
1,1546939812068,-6.58,2.53,-1.34
1,1546939812068,-6.89,1.13,-1.38
1,1546939812069,-6.75,0.95,-1.07
1,1546939812069,-6.32,0.8,-0.72
1,1546939812069,-5.89,0.8,-0.82
1,1546939812069,-5.72,0.66,-0.74
1,1546939812124,-6.05,0.46,-0.21
1,1546939812125,-6.19,0.83,-0.42
1,1546939812126,-6.25,1.05,-0.66
1,1546939812127,-6.25,0.91,-0.6
1,1546939812127,-5.64,1.23,-0.56
1,1546939812128,-5.13,1.64,-0.64
1,1546939812128,-4.57,1.87,-0.56
1,1546939812284,-4.1,1.85,-0.07
1,1546939812285,-3.45,1.48,-0.31
1,1546939812287,-2.92,1.62,-0.42
1,1546939812287,-2.14,1.87,-0.07
1,1546939812288,-1.11,2.32,0.23
1,1546939812443,1.07,3.98,-0.03
1,1546939812446,2.46,4.16,-0.15
1,1546939812447,3.41,3.92,1.4
1,1546939812447,4.02,3.18,1.5
1,1546939812448,5.31,2.63,-3.26
1,1546939812567,13.96,-1.67,-2.08
1,1546939812568,15.58,0.11,-1.85
1,1546939812568,17.53,3.55,-2.05
1,1546939812569,16.52,3.08,0.48
1,1546939812569,17.94,2.08,-1.52
1,1546939812569,16.81,-0.37,-0.76
1,1546939812570,15.8,-1.4,-0.87
1,1546939812570,14.96,-1.34,-1.25
1,1546939812603,14.35,0.62,-1.85
1,1546939812604,18.06,-0.07,-0.62
1,1546939812604,14.62,1.23,-1.13
1,1546939812604,13.69,3.43,-1.6
1,1546939812605,13.71,6.11,-2.24
1,1546939812605,14.96,7.38,-2.63
1,1546939812605,18.0,1.85,-0.31
1,1546939812605,17.34,-1.52,1.71
1,1546939812653,15.54,-2.38,2.08
1,1546939812653,13.78,0.8,0.52
1,1546939812653,12.77,6.19,-0.93
1,1546939812669,13.73,5.97,-1.91
1,1546939812669,15.85,6.13,-1.32
1,1546939812670,17.87,5.66,0.07
1,1546939812670,17.28,1.01,2.61
1,1546939812670,15.6,-0.23,2.87
1,1546939812726,14.1,-0.09,2.79
1,1546939812727,13.14,1.83,3.33
1,1546939812738,13.67,5.05,2.44
1,1546939812740,16.54,6.64,1.73
1,1546939812741,17.69,3.45,1.56
1,1546939812742,17.53,1.44,3.28
1,1546939812743,16.07,0.87,4.29
1,1546939812744,14.9,1.36,3.65
1,1546939812804,15.19,1.89,3.18
1,1546939812806,16.09,2.98,2.83
1,1546939812808,17.32,3.2,2.3
1,1546939812809,17.67,-0.11,3.57
1,1546939812811,16.52,-0.97,3.9
1,1546939812812,15.68,0.52,3.69
1,1546939812813,15.03,3.18,4.0
1,1546939812876,14.88,6.66,3.82
1,1546939812877,15.7,5.13,2.36
1,1546939812877,16.79,1.73,1.83
1,1546939812878,17.44,-2.08,2.65
1,1546939812879,16.87,-2.81,2.32
1,1546939812879,16.69,4.31,2.03
1,1546939812880,17.2,6.42,2.05
1,1546939812880,17.94,5.37,1.38
1,1546939812954,18.67,2.89,1.15
1,1546939812954,18.92,3.18,1.25
1,1546939812955,18.69,4.1,0.83
1,1546939812955,18.63,4.12,-0.01
1,1546939812956,18.82,3.24,0.01
1,1546939812956,18.51,1.99,-0.66
1,1546939812957,18.67,3.16,-0.66
1,1546939813026,18.88,4.31,-0.72
1,1546939813027,18.75,5.03,-0.83
1,1546939813028,19.57,2.91,-1.23
1,1546939813028,19.9,1.56,-1.3
1,1546939813028,19.7,1.07,-1.91
1,1546939813102,19.37,1.52,-2.5
1,1546939813103,18.94,2.42,-1.5
1,1546939813105,17.87,5.66,-4.16
1,1546939813106,17.24,7.3,-2.94
1,1546939813107,16.93,7.48,-1.83
1,1546939813107,16.71,6.56,-3.37
1,1546939813108,17.53,5.78,-3.59
1,1546939813109,17.44,2.98,-2.73
1,1546939813265,17.03,1.89,-2.46
1,1546939813267,16.5,3.59,-2.96
1,1546939813267,15.13,6.23,-4.02
1,1546939813268,14.64,5.41,-4.39
1,1546939813269,14.08,3.92,-4.08
1,1546939813330,13.78,4.19,-3.45
1,1546939813344,12.46,4.98,-3.2
1,1546939813345,11.34,3.82,-3.78
1,1546939813345,10.13,2.36,-4.02
1,1546939813346,7.61,2.2,-3.14
1,1546939813346,-0.97,2.46,-2.71
1,1546939813347,-1.46,2.08,-2.65
1,1546939813347,-2.44,0.68,-2.61
1,1546939813402,-2.65,0.03,-2.12
1,1546939813403,-8.33,1.85,-1.81
1,1546939813404,-8.53,1.83,-2.63
1,1546939813413,-8.76,0.68,-1.42
1,1546939813415,-8.76,-0.25,-0.62
1,1546939813415,-8.57,-0.46,-0.64
1,1546939813416,-8.39,-0.17,-1.11
1,1546939813417,-8.28,0.91,-2.18
1,1546939813560,-8.0,1.6,-1.71
1,1546939813562,-7.44,1.85,-1.67
1,1546939813562,-6.69,1.85,-1.79
1,1546939813563,-5.48,1.03,-1.03
1,1546939813563,-5.0,0.29,-0.62
1,1546939813627,-4.58,-0.13,-0.6
1,1546939813629,-4.12,0.03,-0.56
1,1546939813631,-3.71,0.6,-0.48
1,1546939813632,-2.94,1.01,-1.13
1,1546939813634,-2.32,1.13,-0.85
1,1546939813635,10.19,1.66,-1.36
1,1546939813636,11.13,-1.25,-4.1
1,1546939813637,11.79,-3.14,-3.43
1,1546939813700,11.93,-3.2,-3.63
1,1546939813701,16.34,5.7,-2.85
1,1546939813701,15.91,1.32,-1.4
1,1546939813702,14.84,0.52,-0.15
1,1546939813702,13.37,0.64,-0.31
1,1546939813702,12.5,1.89,-0.82
1,1546939813703,12.12,4.31,-1.38
1,1546939813703,13.59,8.47,-4.06
1,1546939813775,15.78,8.2,-2.61
1,1546939813776,16.64,2.01,-1.69
1,1546939813776,15.58,-1.09,-1.71
1,1546939813777,13.51,-0.97,-1.26
1,1546939813777,12.73,1.97,-2.92
1,1546939813777,12.59,5.54,-6.73
1,1546939813778,14.72,9.43,-7.42
1,1546939813778,20.17,9.23,-2.67
1,1546939813853,20.89,4.72,-1.25
1,1546939813854,20.15,-0.68,-0.19
1,1546939813854,18.02,-4.08,-0.03
1,1546939813855,13.88,1.32,-2.48
1,1546939813855,12.92,5.48,-6.36
1,1546939813856,13.59,9.82,-6.13
1,1546939813856,16.19,12.71,-3.84
1,1546939813857,19.27,11.38,-2.1
1,1546939813930,20.6,1.69,0.72
1,1546939813931,18.43,-1.34,1.05
1,1546939813931,15.8,-1.95,-0.42
1,1546939813931,14.1,-0.29,-1.52
1,1546939813932,13.51,7.91,-2.73
1,1546939813933,14.51,10.8,-1.93
1,1546939813934,16.42,11.17,-0.68
1,1546939813934,18.71,8.0,1.26
1,1546939814000,18.55,-1.26,2.16
1,1546939814001,17.1,-2.28,0.44
1,1546939814001,15.68,-0.27,-1.09
1,1546939814001,14.25,2.73,-1.66
1,1546939814001,12.81,6.58,1.11
1,1546939814002,13.96,6.07,1.79
1,1546939814002,15.64,5.11,1.4
1,1546939814073,16.81,4.43,1.66
1,1546939814075,16.03,2.46,1.85
1,1546939814075,14.78,1.67,2.1
1,1546939814076,14.02,1.56,2.07
1,1546939814077,13.92,1.93,2.38
1,1546939814077,15.54,4.31,1.66
1,1546939814078,16.36,5.68,1.54
1,1546939814078,16.75,6.19,1.81
1,1546939814153,16.44,5.54,2.46
1,1546939814156,15.58,3.8,2.67
1,1546939814157,15.35,1.26,2.2
1,1546939814158,16.5,1.77,1.48
1,1546939814160,17.44,2.01,0.89
1,1546939814161,17.92,2.34,0.0
1,1546939814162,17.69,2.36,0.11
1,1546939814234,16.99,2.34,-0.31
1,1546939814235,16.87,2.26,-0.66
1,1546939814237,17.46,2.28,-0.72
1,1546939814238,18.35,1.85,-3.43
1,1546939814240,18.32,2.32,-1.34
1,1546939814243,18.2,3.1,-0.03
1,1546939814245,18.65,2.26,-0.64
1,1546939814247,19.6,0.21,-0.89
1,1546939814305,19.1,-0.37,-0.83
1,1546939814307,18.35,0.5,-0.97
1,1546939814308,17.51,2.83,-1.66
1,1546939814309,18.06,3.9,-3.2
1,1546939814311,18.69,2.69,-3.69
1,1546939814375,18.3,2.22,-3.59
1,1546939814377,17.63,1.6,-3.3
1,1546939814377,17.32,0.99,-3.55
1,1546939814378,16.99,3.55,-3.96
1,1546939814378,17.08,4.78,-4.06
1,1546939814378,17.69,4.86,-4.25
1,1546939814378,18.2,3.96,-4.66
1,1546939814379,18.41,1.58,-5.0
1,1546939814457,17.75,1.99,-4.78
1,1546939814458,16.05,4.21,-4.58
1,1546939814459,16.05,4.9,-4.41
1,1546939814460,15.56,3.53,-5.52
1,1546939814461,15.0,4.1,-5.11
1,1546939814462,14.27,4.62,-4.92
1,1546939814463,13.39,5.01,-4.7
1,1546939814463,12.91,4.78,-5.33
1,1546939814530,12.34,4.33,-5.33
1,1546939814531,11.93,3.8,-4.19
1,1546939814532,11.25,2.73,-4.17
1,1546939814554,10.35,0.7,-3.76
1,1546939814555,9.68,1.67,-3.92
1,1546939814555,8.57,2.98,-4.47
1,1546939814556,7.3,4.37,-4.47
1,1546939814556,5.68,4.33,-3.47
1,1546939814612,3.82,3.67,-2.98
1,1546939814613,0.03,2.85,-2.73
1,1546939814614,0.8,2.22,-2.81
1,1546939814614,-0.66,0.17,-1.56
1,1546939814615,-0.91,-0.03,-1.05
1,1546939814615,-1.11,0.42,-1.15
1,1546939814616,-1.38,1.58,-1.32
1,1546939814617,-2.01,4.14,-0.64
1,1546939814675,-2.48,4.12,-0.58
1,1546939814677,-2.94,3.16,-0.54
1,1546939814677,-3.47,1.97,-0.42
1,1546939814687,-4.37,0.99,-0.29
1,1546939814687,-4.88,0.56,-0.13
1,1546939814688,-5.41,0.17,0.31
1,1546939814688,-5.83,0.01,0.23
1,1546939814753,-6.4,1.4,-0.01
1,1546939814753,-6.26,2.05,-0.15
1,1546939814754,-5.74,2.42,-0.6
1,1546939814775,-5.21,2.01,-0.83
1,1546939814776,-4.57,1.36,-0.21
1,1546939814777,-4.21,0.13,0.33
1,1546939814777,-4.16,0.37,0.09
1,1546939814778,-4.06,0.78,-0.15
1,1546939814861,-3.88,1.32,-0.5
1,1546939814862,-3.12,2.28,-0.21
1,1546939814862,-2.53,2.77,0.33
1,1546939814863,-1.83,3.28,0.7
1,1546939814863,-1.25,3.63,0.83
1,1546939814863,0.15,3.02,0.52
1,1546939814864,0.68,2.14,-0.15
1,1546939814903,1.13,1.67,-0.41
1,1546939814904,1.48,1.67,-0.01
1,1546939814905,3.55,3.75,1.01
1,1546939814905,4.82,4.84,1.66
1,1546939814905,5.11,5.21,-0.74
1,1546939814906,6.77,4.72,-1.93
1,1546939814907,11.79,1.3,-2.1
1,1546939814907,13.04,-0.85,-2.96
1,1546939814976,13.37,-2.96,-2.01
1,1546939814976,13.14,-2.89,-1.73
1,1546939814977,13.16,-0.97,-1.95
1,1546939814988,15.29,5.13,-1.48
1,1546939814989,16.5,5.13,-1.91
1,1546939814989,17.26,3.65,-1.93
1,1546939814989,17.44,2.28,-0.83
1,1546939814989,14.98,-0.25,-0.68
1,1546939815049,13.55,-0.29,-1.36
1,1546939815055,12.92,1.64,-1.44
1,1546939815055,13.16,4.57,-1.32
1,1546939815056,15.85,8.98,-1.75
1,1546939815056,18.16,6.56,-0.83
1,1546939815056,18.69,1.07,-0.6
1,1546939815056,17.05,-3.06,-0.7
1,1546939815125,13.16,-2.98,-2.53
1,1546939815125,12.63,0.31,-5.13
1,1546939815126,13.67,6.46,-3.35
1,1546939815141,15.78,12.79,-1.71
1,1546939815142,17.34,12.61,-1.58
1,1546939815142,15.93,-0.89,-3.47
1,1546939815142,15.46,-2.61,-4.8
1,1546939815143,15.64,-2.96,-3.22
1,1546939815282,15.52,-1.46,-2.67
1,1546939815282,15.76,6.44,-3.65
1,1546939815282,16.62,8.32,-4.29
1,1546939815283,17.94,7.91,-2.63
1,1546939815291,18.32,5.58,-2.36
1,1546939815352,16.91,-3.55,-2.79
1,1546939815353,16.19,-5.31,-2.36
1,1546939815353,15.62,-3.75,-2.2
1,1546939815354,15.29,0.05,-2.77
1,1546939815354,15.46,-0.21,0.62
1,1546939815426,14.53,2.42,-0.44
1,1546939815443,13.57,5.01,-0.74
1,1546939815444,12.92,6.36,-0.93
1,1546939815444,14.06,4.92,0.31
1,1546939815444,14.96,4.82,0.91
1,1546939815445,14.64,6.67,0.05
1,1546939815445,15.01,6.19,-0.27
1,1546939815445,15.85,3.47,-0.44
1,1546939815500,17.98,-2.26,2.42
1,1546939815501,17.91,-2.96,2.87
1,1546939815502,14.62,6.83,1.03
1,1546939815502,15.31,7.53,0.48
1,1546939815503,16.67,5.93,0.5
1,1546939815504,17.79,2.32,1.79
1,1546939815505,17.24,-0.99,2.1
1,1546939815506,16.56,1.07,2.55
1,1546939815574,15.66,2.48,1.21
1,1546939815574,15.35,4.72,-0.35
1,1546939815575,15.31,6.15,-0.41
1,1546939815576,15.66,2.46,-0.78
1,1546939815576,16.48,2.3,-0.95
1,1546939815576,16.67,3.96,-1.25
1,1546939815576,16.13,6.56,-2.59
1,1546939815576,15.35,6.64,-1.17
1,1546939815669,16.46,3.61,-1.48
1,1546939815669,17.83,1.73,-1.07
1,1546939815670,18.69,1.6,-0.7
1,1546939815670,18.57,5.54,-1.01
1,1546939815670,18.57,6.56,-2.03
1,1546939815671,18.92,5.78,-2.59
1,1546939815671,19.25,4.43,-2.22
1,1546939815671,20.13,3.69,-3.86
1,1546939815725,20.56,3.61,-4.37
1,1546939815725,20.58,2.26,-4.1
1,1546939815726,20.85,0.97,-4.33
1,1546939815726,21.3,1.52,-4.08
1,1546939815726,20.33,4.12,-1.83
1,1546939815727,19.6,4.43,-1.91
1,1546939815727,19.31,6.15,-2.63
1,1546939815727,18.9,6.38,-3.39
1,1546939815802,18.18,2.71,-3.3
1,1546939815811,17.24,2.3,-3.32
1,1546939815811,16.44,2.85,-2.42
1,1546939815812,15.78,2.48,-2.94
1,1546939815812,13.45,2.98,-4.86
1,1546939815812,12.38,4.57,-3.9
1,1546939815812,11.48,5.93,-2.57
1,1546939815812,10.74,5.91,-2.28
1,1546939815874,8.71,2.46,-0.7
1,1546939815895,7.85,1.83,-0.7
1,1546939815896,7.2,0.97,-0.91
1,1546939815896,5.68,0.03,-2.98
1,1546939815896,2.67,1.48,-2.91
1,1546939815896,1.66,2.32,-3.8
1,1546939815896,1.23,3.26,-3.45
1,1546939815951,0.62,4.08,-2.44
1,1546939815951,-0.5,3.2,-1.48
1,1546939815951,-1.01,1.85,-1.42
1,1546939815951,-1.26,0.6,-1.66
1,1546939815952,-1.38,-0.27,-1.77
1,1546939815952,-1.34,0.15,-2.1
1,1546939815952,-1.87,1.89,-2.28
1,1546939815952,-2.46,2.18,-2.73
1,1546939816029,-3.22,1.87,-2.53
1,1546939816031,-3.84,1.25,-1.97
1,1546939816032,-4.66,0.0,-0.91
1,1546939816034,-5.05,0.35,-0.87
1,1546939816035,-5.48,0.23,-0.95
1,1546939816035,-5.97,0.29,-0.74
1,1546939816036,-7.34,1.17,-1.42
1,1546939816108,-7.63,1.28,-1.73
1,1546939816109,-7.46,0.83,-1.34
1,1546939816110,-6.97,0.25,-0.99
1,1546939816111,-6.28,0.0,-1.23
1,1546939816112,-6.11,-0.31,-0.97
1,1546939816113,-5.91,-0.41,-0.8
1,1546939816114,-5.7,-0.05,-0.64
1,1546939816118,-5.31,1.07,-0.64
1,1546939816173,-5.01,0.99,-0.64
1,1546939816174,-4.64,0.68,-0.64
1,1546939816174,-4.14,0.41,-0.66
1,1546939816174,-3.61,0.17,-0.64
1,1546939816181,-2.44,0.87,-0.72
1,1546939816181,-1.56,1.93,-0.76
1,1546939816181,-0.66,2.98,-1.25
1,1546939816182,0.44,3.43,-1.36
1,1546939816249,2.4,2.2,-1.67
1,1546939816250,3.65,2.26,-1.15
1,1546939816250,4.39,3.0,-1.09
1,1546939816251,6.05,4.8,-0.68
1,1546939816251,10.19,9.1,-0.05
1,1546939816251,10.91,7.3,-0.72
1,1546939816251,11.81,2.73,-1.81
1,1546939816327,10.76,-1.89,-4.6
1,1546939816327,12.18,-3.78,-6.32
1,1546939816328,14.58,1.15,-6.67
1,1546939816354,17.46,7.89,-4.55
1,1546939816355,19.66,10.48,-3.28
1,1546939816356,18.71,3.06,-1.67
1,1546939816357,15.6,1.01,-0.48
1,1546939816357,12.87,0.8,0.01
1,1546939816419,12.24,2.73,-3.37
1,1546939816420,14.66,7.36,-3.02
1,1546939816421,19.02,5.93,0.03
1,1546939816422,18.33,1.83,-1.95
1,1546939816422,16.99,0.07,-2.32
1,1546939816423,15.89,1.15,-1.73
1,1546939816424,15.29,5.82,-3.57
1,1546939816475,16.48,7.01,-3.24
1,1546939816476,17.63,5.68,-4.43
1,1546939816477,18.67,2.83,-4.53
1,1546939816477,20.15,0.05,-2.57
1,1546939816490,19.58,1.01,-0.93
1,1546939816490,17.91,3.76,-0.15
1,1546939816491,15.82,6.38,-0.72
1,1546939816491,13.88,7.26,-1.42
1,1546939816549,14.55,9.06,-1.56
1,1546939816549,17.2,6.3,-1.99
1,1546939816549,16.83,2.67,-1.26
1,1546939816550,14.21,1.75,-0.7
1,1546939816573,13.67,2.3,-0.7
1,1546939816573,13.35,3.63,-1.13
1,1546939816574,13.51,6.15,-1.54
1,1546939816624,14.7,8.53,-2.79
1,1546939816627,16.19,6.17,-0.83
1,1546939816628,15.93,3.32,-0.54
1,1546939816628,16.01,1.89,-0.37
1,1546939816629,16.25,1.6,0.48
1,1546939816630,14.6,2.2,1.91
1,1546939816630,13.78,4.14,1.69
1,1546939816655,13.59,6.42,0.97
1,1546939816710,14.31,6.99,-0.03
1,1546939816710,16.87,3.88,0.01
1,1546939816710,17.05,1.36,1.56
1,1546939816711,15.83,-0.05,2.3
1,1546939816711,14.47,1.56,2.16
1,1546939816711,13.02,5.09,2.81
1,1546939816711,16.71,6.5,12.26
1,1546939816775,19.82,10.64,14.16
1,1546939816775,25.17,8.53,-3.98
1,1546939816776,12.75,1.09,2.83
1,1546939816776,8.63,1.54,4.1
1,1546939816791,7.2,3.43,6.05
1,1546939816792,11.81,5.6,3.47
1,1546939816792,16.71,5.52,0.01
1,1546939816792,19.1,0.76,0.93
1,1546939816849,18.35,0.05,0.09
1,1546939816887,17.1,1.4,0.25
1,1546939816888,16.28,3.04,0.35
1,1546939816889,16.69,4.53,0.93
1,1546939816889,17.05,4.45,1.07
1,1546939816890,17.69,4.0,0.41
1,1546939816891,18.3,3.53,-0.41
1,1546939816891,18.1,4.14,-0.07
1,1546939816956,17.92,5.44,-0.6
1,1546939816957,18.32,4.31,-0.46
1,1546939816957,18.55,2.18,-0.48
1,1546939816957,18.24,4.29,-0.62
1,1546939816958,17.73,6.79,-0.62
1,1546939816958,17.67,7.77,-0.68
1,1546939816958,18.1,6.58,-1.26
1,1546939816999,18.63,4.06,-1.93
1,1546939817000,18.57,2.96,-2.01
1,1546939817075,18.04,5.05,-1.77
1,1546939817076,18.75,6.26,-5.68
1,1546939817086,17.85,5.64,-2.55
1,1546939817087,18.24,7.08,-4.76
1,1546939817087,19.23,8.33,-4.57
1,1546939817088,19.82,6.87,-4.25
1,1546939817088,19.45,4.31,-3.94
1,1546939817089,17.91,3.63,-2.89
1,1546939817152,17.12,6.13,-3.8
1,1546939817153,16.05,9.02,-5.11
1,1546939817174,13.71,3.53,-3.82
1,1546939817175,13.26,5.27,-3.57
1,1546939817176,11.36,4.86,-2.55
1,1546939817177,10.83,4.33,-3.02
1,1546939817177,10.25,4.19,-2.14
1,1546939817178,9.55,4.19,-1.97
1,1546939817229,8.65,4.29,-3.08
1,1546939817231,6.54,5.39,-3.76
1,1546939817232,5.87,3.88,-2.87
1,1546939817233,1.54,1.3,-1.36
1,1546939817236,2.67,0.91,-1.79
1,1546939817300,0.66,3.57,-2.14
1,1546939817302,0.21,3.61,-1.97
1,1546939817302,-0.13,3.12,-1.87
1,1546939817303,-0.27,2.38,-1.99
1,1546939817304,-0.37,2.48,-3.08
1,1546939817305,-0.8,2.98,-3.14
1,1546939817305,-1.4,2.24,-2.01
1,1546939817306,-2.22,0.87,-0.62
1,1546939817377,-3.84,0.19,-0.46
1,1546939817379,-4.19,0.95,-0.83
1,1546939817379,-5.33,0.19,-1.42
1,1546939817380,-5.58,-0.17,-0.82
1,1546939817380,-5.89,0.13,-0.48
1,1546939817380,-6.32,0.83,-0.13
1,1546939817381,-6.85,0.89,0.11
1,1546939817381,-7.59,0.41,0.07
1,1546939817449,-7.46,0.58,-0.13
1,1546939817450,-7.05,0.35,-0.41
1,1546939817450,-6.52,-0.5,-0.33
1,1546939817451,-5.13,-0.44,-0.25
1,1546939817528,-4.49,0.21,-0.19
1,1546939817545,-4.19,1.01,-0.11
1,1546939817547,-4.21,1.36,-0.31
1,1546939817548,-3.71,0.78,-0.54
1,1546939817549,-2.96,0.64,-0.91
1,1546939817551,-1.91,0.82,-1.32
1,1546939817551,-0.76,1.17,-1.21
1,1546939817601,1.56,1.5,-0.6
1,1546939817602,3.08,2.57,-0.62
1,1546939817677,9.04,2.46,-0.48
1,1546939817678,11.01,1.34,-0.66
1,1546939817678,12.79,-0.13,-0.95
1,1546939817679,14.49,-1.71,-3.76
1,1546939817679,16.87,-1.25,-2.57
1,1546939817680,16.6,0.27,-1.62
1,1546939817680,15.25,1.32,-0.93
1,1546939817680,13.63,2.85,-0.44
1,1546939817753,12.65,7.61,1.46
1,1546939817755,12.83,6.38,2.01
1,1546939817781,13.8,6.64,-0.97
1,1546939817783,13.51,4.66,-0.13
1,1546939817784,14.84,3.59,-0.56
1,1546939817785,16.42,3.71,-0.6
1,1546939817786,17.22,2.2,-0.23
1,1546939817787,14.14,-3.59,-0.99
1,1546939817829,13.98,1.13,-7.61
1,1546939817847,16.87,12.5,-3.12
1,1546939817848,17.22,14.49,-3.59
1,1546939817848,19.17,4.04,0.41
1,1546939817849,18.08,-4.72,2.07
1,1546939817849,16.6,-5.89,1.56
1,1546939817850,16.28,-0.68,-0.52
1,1546939817850,13.96,5.95,-4.33
1,1546939817900,13.12,6.64,-2.34
1,1546939817912,13.98,7.81,-0.83
1,1546939817912,15.72,7.79,-0.78
1,1546939817913,16.38,4.35,0.05
1,1546939817913,15.56,1.87,0.03
1,1546939817913,14.35,0.97,-0.54
1,1546939817914,14.06,1.89,-0.85
1,1546939817975,14.0,5.91,-0.62
1,1546939817975,14.29,6.42,-0.68
1,1546939817976,15.09,5.74,0.13
1,1546939817976,15.29,4.19,1.38
1,1546939817977,13.35,3.69,1.67
1,1546939817977,12.91,4.25,1.54
1,1546939817977,12.46,4.37,1.13
1,1546939817993,12.36,5.0,-0.52
1,1546939818051,12.85,5.35,-0.44
1,1546939818062,14.72,4.43,0.7
1,1546939818063,15.58,2.96,1.26
1,1546939818064,15.83,1.56,2.32
1,1546939818065,15.17,1.66,2.91
1,1546939818066,14.02,4.92,2.89
1,1546939818067,14.57,5.97,3.02
1,1546939818068,15.54,5.66,2.28
1,1546939818128,16.54,4.23,1.25
1,1546939818129,17.03,1.23,2.34
1,1546939818130,16.42,0.82,2.83
1,1546939818130,16.13,2.03,2.24
1,1546939818131,16.09,3.84,1.81
1,1546939818131,16.23,4.72,2.51
1,1546939818132,16.19,3.8,2.65
1,1546939818133,16.07,3.73,3.45
1,1546939818203,15.74,4.21,3.45
1,1546939818204,15.25,5.19,2.48
1,1546939818213,15.44,5.03,1.69
1,1546939818213,15.64,4.45,0.8
1,1546939818214,15.87,3.37,0.5
1,1546939818214,16.32,2.03,0.07
1,1546939818215,17.44,1.48,0.11
1,1546939818272,17.81,1.38,0.07
1,1546939818273,18.18,2.18,0.17
1,1546939818273,17.96,3.69,-0.33
1,1546939818274,18.55,2.85,-0.76
1,1546939818274,19.33,2.05,-0.68
1,1546939818274,19.45,2.61,-0.87
1,1546939818278,19.27,3.71,-0.78
1,1546939818278,18.67,4.31,-0.64
1,1546939818350,18.26,2.38,-0.76
1,1546939818351,18.26,1.75,-0.99
1,1546939818351,18.55,2.1,-1.26
1,1546939818351,19.0,3.8,-3.39
1,1546939818352,18.67,3.71,-1.75
1,1546939818352,18.28,2.28,-1.71
1,1546939818352,17.87,2.3,-1.48
1,1546939818353,17.67,3.84,-1.77
1,1546939818425,17.87,2.81,-2.28
1,1546939818427,17.48,3.0,-2.53
1,1546939818429,17.1,3.88,-2.94
1,1546939818432,17.03,4.04,-2.87
1,1546939818433,16.54,3.84,-4.23
1,1546939818434,16.23,3.92,-3.9
1,1546939818435,15.7,5.15,-3.41
1,1546939818505,15.25,6.36,-3.0
1,1546939818510,14.45,5.44,-2.46
1,1546939818512,14.19,4.04,-3.08
1,1546939818513,14.23,2.92,-2.46
1,1546939818514,13.75,3.0,-2.22
1,1546939818515,11.95,1.91,-4.27
1,1546939818518,10.62,2.59,-4.04
1,1546939818519,9.1,3.33,-3.2
1,1546939818573,7.87,3.1,-3.14
1,1546939818574,6.15,3.18,-3.28
1,1546939818574,4.64,2.44,-3.67
1,1546939818575,1.03,1.91,-3.63
1,1546939818576,0.83,1.85,-3.08
1,1546939818576,-1.71,1.66,-2.5
1,1546939818582,-3.2,0.8,-1.28
1,1546939818651,-3.47,1.75,-0.72
1,1546939818665,-3.82,2.55,-0.6
1,1546939818665,-4.41,3.76,-0.41
1,1546939818665,-5.95,3.59,-0.6
1,1546939818666,-6.03,2.61,-0.6
1,1546939818666,-6.36,2.07,-0.87
1,1546939818666,-7.18,0.99,-1.5
1,1546939818666,-8.18,-1.42,-0.7
1,1546939818725,-8.04,-1.56,-0.68
1,1546939818727,-7.48,-1.21,-0.62
1,1546939818728,-6.93,-0.5,-0.64
1,1546939818731,-6.77,1.26,-1.19
1,1546939818732,-6.89,1.42,-0.95
1,1546939818732,-6.91,1.15,-1.05
1,1546939818734,-6.62,0.78,-1.01
1,1546939818798,-5.7,0.19,-0.68
1,1546939818801,-5.23,0.15,-0.66
1,1546939818802,-4.66,0.46,-0.78
1,1546939818802,-4.21,0.52,-0.64
1,1546939818802,-3.8,0.62,-0.35
1,1546939818803,-3.14,1.15,-0.27
1,1546939818803,-2.73,1.56,-0.15
1,1546939818803,-2.1,1.87,0.23
1,1546939818875,-1.34,2.2,0.78
1,1546939818876,0.31,3.53,0.25
1,1546939818877,1.11,4.23,-0.46
1,1546939818877,1.73,5.25,-2.57
1,1546939818878,3.04,7.22,-2.79
1,1546939818879,6.17,8.37,-0.72
1,1546939818889,11.64,6.77,3.18
1,1546939818953,10.15,2.81,3.59
1,1546939818967,11.25,-0.19,-0.23
1,1546939818968,14.92,-1.69,-4.84
1,1546939818968,16.48,1.56,-2.96
1,1546939818968,17.96,5.31,-3.24
1,1546939818968,19.43,8.1,-3.84
1,1546939818969,23.61,6.91,-1.85
1,1546939818969,23.24,1.54,-1.71
1,1546939819023,20.46,-1.99,-1.58
1,1546939819023,17.14,-0.48,-0.6
1,1546939819024,15.39,5.89,-0.62
1,1546939819024,16.01,4.7,-0.91
1,1546939819034,16.81,2.77,-0.93
1,1546939819035,17.87,1.17,-1.23
1,1546939819035,18.06,0.7,-0.82
1,1546939819035,14.9,3.32,0.89
1,1546939819100,13.98,5.23,0.37
1,1546939819101,13.67,5.95,-0.19
1,1546939819101,13.35,5.58,-0.83
1,1546939819101,14.27,3.45,-1.01
1,1546939819101,14.9,1.95,-0.93
1,1546939819102,15.09,2.01,-1.03
1,1546939819179,15.42,3.55,-1.91
1,1546939819215,16.6,2.03,-0.87
1,1546939819215,16.42,-0.19,-0.46
1,1546939819216,16.23,-1.32,-0.37
1,1546939819216,15.87,-0.78,-0.66
1,1546939819217,15.0,3.49,-0.82
1,1546939819217,15.39,4.82,-1.01
1,1546939819218,15.95,4.49,-0.7
1,1546939819251,15.78,3.37,0.97
1,1546939819252,14.74,1.34,0.0
1,1546939819253,14.94,0.85,-1.05
1,1546939819255,14.88,0.72,-1.64
1,1546939819257,14.62,0.68,-1.21
1,1546939819258,14.62,0.66,-0.7
1,1546939819258,14.8,1.91,0.01
1,1546939819259,15.11,3.65,0.0
1,1546939819326,15.62,4.6,-0.58
1,1546939819336,15.85,4.6,-0.25
1,1546939819337,15.87,1.13,-0.37
1,1546939819337,15.0,1.66,-0.7
1,1546939819337,14.14,1.87,-0.97
1,1546939819337,13.65,1.73,-0.95
1,1546939819338,13.88,1.03,0.19
1,1546939819338,13.57,1.03,0.0
1,1546939819400,12.5,1.73,-0.07
1,1546939819401,10.99,2.5,-0.09
1,1546939819401,9.37,2.85,-0.31
1,1546939819402,8.94,2.01,0.39
1,1546939819402,8.61,1.71,1.91
1,1546939819402,8.86,1.85,1.77
1,1546939819403,9.08,1.64,0.29
1,1546939819487,8.96,-0.27,0.25
1,1546939819487,8.41,-0.03,0.27
1,1546939819487,8.3,0.62,0.29
1,1546939819487,8.67,1.01,0.0
1,1546939819488,8.98,1.28,-0.31
1,1546939819488,9.0,1.3,0.05
1,1546939819488,9.04,0.87,-0.25
1,1546939819488,9.02,0.64,-0.58
1,1546939819547,8.51,1.73,-0.8
1,1546939819560,8.37,1.87,-0.87
1,1546939819560,8.33,1.79,-0.68
1,1546939819560,8.08,1.79,-0.58
1,1546939819560,7.75,1.26,1.3
1,1546939819561,8.06,0.64,-0.03
1,1546939819561,8.24,0.7,0.07
1,1546939819561,8.84,1.36,0.44
