1,1544166822397,-3.78,-5.56,-13.76
1,1544166822398,-3.14,-6.97,-13.78
1,1544166822398,-1.62,-9.51,-14.8
1,1544166822398,-0.87,-9.9,-15.15
1,1544166822399,-0.35,-9.66,-15.46
1,1544166822400,-0.35,-9.08,-15.91
1,1544166822400,-0.31,-8.1,-16.01
1,1544166822400,0.03,-8.16,-15.68
1,1544166822471,0.33,-8.51,-15.27
1,1544166822472,0.54,-8.71,-14.78
1,1544166822472,0.7,-8.14,-15.17
1,1544166822476,0.87,-7.89,-15.74
1,1544166822476,1.3,-7.92,-16.19
1,1544166822476,1.83,-8.22,-16.23
1,1544166822476,2.96,-8.65,-15.93
1,1544166822477,3.2,-8.49,-15.66
1,1544166822548,3.28,-8.22,-15.27
1,1544166822548,3.37,-7.91,-14.84
1,1544166822549,3.49,-7.69,-14.19
1,1544166822550,3.26,-7.65,-13.2
1,1544166822550,2.89,-7.65,-12.96
1,1544166822550,2.4,-7.51,-12.79
1,1544166822550,2.08,-7.16,-12.75
1,1544166822622,2.14,-6.21,-12.75
1,1544166822623,2.61,-5.95,-12.69
1,1544166822623,2.98,-6.01,-12.3
1,1544166822626,3.06,-6.26,-11.67
1,1544166822627,2.4,-6.48,-10.41
1,1544166822627,1.89,-6.3,-9.58
1,1544166822627,1.26,-6.03,-9.0
1,1544166822627,0.62,-5.54,-8.49
1,1544166822698,0.62,-5.29,-8.1
1,1544166822699,0.62,-5.21,-7.83
1,1544166822699,0.6,-5.17,-7.48
1,1544166822700,0.48,-5.11,-6.87
1,1544166822700,-0.11,-4.39,-5.44
1,1544166822700,-0.39,-3.63,-4.72
1,1544166822700,-0.58,-2.81,-4.04
1,1544166822773,-0.33,-1.99,-3.33
1,1544166822774,0.15,-1.44,-1.91
1,1544166822774,-0.07,-1.58,-1.01
1,1544166822775,-0.83,-1.73,0.13
1,1544166822775,-1.87,-1.85,1.13
1,1544166822775,-3.3,-1.34,2.2
1,1544166822775,-3.26,-1.09,2.05
1,1544166822776,-2.96,-1.01,2.07
1,1544166822848,-2.69,-1.03,2.48
1,1544166822848,-3.33,-1.11,4.29
1,1544166822849,-3.3,-1.15,5.23
1,1544166822849,-2.83,-1.25,6.46
1,1544166822849,-2.24,-1.56,6.81
1,1544166822850,-2.3,-2.63,7.89
1,1544166822850,-3.08,-2.98,8.61
1,1544166822925,-3.65,-2.92,8.94
1,1544166822925,-3.55,-2.48,9.14
1,1544166822926,-1.97,-0.97,9.51
1,1544166822926,-1.5,-0.39,9.45
1,1544166822926,-1.73,-0.11,9.29
1,1544166822927,-2.3,-0.19,9.17
1,1544166822927,-2.48,-0.29,9.12
1,1544166822927,-2.03,0.11,8.92
1,1544166822998,-1.56,0.74,8.71
1,1544166823000,-1.17,1.11,8.43
1,1544166823001,-1.28,1.93,7.81
1,1544166823001,-1.48,2.67,7.79
1,1544166823001,-1.46,3.67,8.02
1,1544166823001,-0.95,4.88,8.51
1,1544166823002,0.8,6.17,10.11
1,1544166823073,1.69,6.13,11.25
1,1544166823073,2.36,5.78,11.66
1,1544166823074,2.3,5.54,11.89
1,1544166823075,1.15,5.72,14.84
1,1544166823075,1.13,6.66,11.15
1,1544166823076,1.19,7.71,11.46
1,1544166823076,1.26,8.28,11.4
1,1544166823077,1.19,7.79,12.01
1,1544166823147,0.91,7.46,12.57
1,1544166823149,0.64,7.26,13.12
1,1544166823149,0.46,7.2,13.65
1,1544166823150,-0.17,6.67,14.19
1,1544166823150,-0.23,6.48,14.0
1,1544166823150,-0.19,6.5,13.63
1,1544166823151,-0.09,7.03,13.04
1,1544166823222,0.23,8.55,12.65
1,1544166823223,-0.78,9.02,12.2
1,1544166823223,-1.52,8.57,12.12
1,1544166823232,-1.42,7.65,12.34
1,1544166823232,-1.05,5.82,12.16
1,1544166823233,-0.89,5.25,11.91
1,1544166823233,-0.29,5.48,11.44
1,1544166823233,0.13,6.46,11.07
1,1544166823298,0.52,7.44,11.64
1,1544166823298,0.19,6.99,12.16
1,1544166823300,-0.29,6.28,12.24
1,1544166823301,-0.7,5.7,12.2
1,1544166823301,-1.28,5.29,11.87
1,1544166823302,-1.6,5.27,11.64
1,1544166823372,-1.77,5.41,11.23
1,1544166823373,-1.85,5.5,10.83
1,1544166823373,-2.2,5.74,10.25
1,1544166823373,-2.22,5.99,9.92
1,1544166823374,-2.38,6.21,9.37
1,1544166823374,-2.5,6.21,9.04
1,1544166823374,-2.51,5.19,8.1
1,1544166823375,-2.5,4.33,7.87
1,1544166823448,-2.63,3.57,7.5
1,1544166823449,-2.71,3.02,7.07
1,1544166823449,-2.36,2.53,6.4
1,1544166823450,-2.3,2.46,6.11
1,1544166823450,-2.55,2.44,6.13
1,1544166823451,-2.94,2.36,6.25
1,1544166823451,-3.59,1.85,5.35
1,1544166823451,-3.61,1.5,4.68
1,1544166823522,-3.1,1.01,3.86
1,1544166823522,-2.28,0.42,3.39
1,1544166823533,-1.15,-0.56,1.71
1,1544166823533,-1.11,-0.82,1.69
1,1544166823534,-1.36,-1.01,1.26
1,1544166823534,-1.67,-1.13,1.01
1,1544166823534,-2.83,-1.6,-0.29
1,1544166823597,-3.65,-1.95,-0.85
1,1544166823597,-4.33,-2.22,-1.19
1,1544166823598,-4.92,-2.3,-1.44
1,1544166823598,-5.15,-2.53,-2.26
1,1544166823598,-5.21,-2.79,-2.87
1,1544166823618,-5.68,-2.92,-3.41
1,1544166823618,-6.26,-2.94,-3.73
1,1544166823618,-6.69,-3.35,-3.51
1,1544166823672,-6.26,-3.71,-3.04
1,1544166823672,-5.41,-3.94,-2.59
1,1544166823673,-4.41,-4.17,-2.61
1,1544166823673,-3.2,-4.74,-2.92
1,1544166823674,-3.2,-4.76,-2.85
1,1544166823685,-3.41,-4.53,-2.73
1,1544166823685,-3.71,-4.14,-2.73
1,1544166823685,-4.45,-3.41,-2.94
1,1544166823747,-4.1,-2.61,-1.99
1,1544166823748,-3.22,-1.91,-2.42
1,1544166823749,-1.69,-2.73,-3.22
1,1544166823749,1.5,-5.87,-2.98
1,1544166823750,2.14,-7.77,-3.28
1,1544166823750,1.6,-9.51,-3.65
1,1544166823750,0.35,-10.41,-4.35
1,1544166823824,-1.95,-7.26,-4.9
1,1544166823825,-1.93,-4.64,-6.48
1,1544166823825,-0.95,-2.3,-7.28
1,1544166823826,0.27,-1.36,-11.11
1,1544166823826,2.85,-2.24,-10.37
1,1544166823826,3.28,-3.78,-10.95
1,1544166823827,3.0,-5.11,-11.73
1,1544166823899,2.2,-5.78,-12.59
1,1544166823923,1.09,-6.07,-13.57
1,1544166823924,1.36,-6.11,-14.17
1,1544166823924,2.22,-5.87,-14.55
1,1544166823924,3.3,-5.39,-15.01
1,1544166823925,5.31,-4.35,-15.95
1,1544166823925,5.76,-4.16,-16.81
1,1544166823925,5.74,-3.96,-16.77
1,1544166823976,5.37,-3.78,-15.8
1,1544166823987,4.92,-3.53,-15.42
1,1544166823987,4.96,-2.65,-16.07
1,1544166823988,5.83,-2.22,-16.3
1,1544166823988,7.07,-2.1,-16.56
1,1544166823988,8.26,-2.57,-17.03
1,1544166823988,9.43,-3.82,-17.53
1,1544166824050,9.02,-4.55,-19.72
1,1544166824051,8.69,-4.8,-19.21
1,1544166824051,7.53,-4.02,-18.8
1,1544166824052,3.33,-4.7,-26.44
1,1544166824075,-0.8,-6.34,-36.77
1,1544166824075,2.42,-6.66,-35.72
1,1544166824076,7.42,-8.69,-32.18
1,1544166824077,3.82,-17.26,-22.44
1,1544166824144,2.14,-15.93,-21.5
1,1544166824144,3.14,-9.86,-20.89
1,1544166824144,3.43,-4.06,-20.87
1,1544166824145,1.5,-0.74,-17.05
1,1544166824145,2.2,-1.54,-14.78
1,1544166824145,2.73,-2.67,-13.82
1,1544166824145,2.5,-3.14,-13.63
1,1544166824199,0.48,-3.24,-15.99
1,1544166824225,0.23,-5.09,-16.79
1,1544166824226,0.42,-7.5,-17.01
1,1544166824227,0.91,-9.37,-16.87
1,1544166824227,2.48,-9.35,-16.83
1,1544166824228,2.32,-7.83,-16.77
1,1544166824228,2.03,-6.19,-16.52
1,1544166824229,1.66,-5.19,-16.54
1,1544166824272,1.52,-5.6,-16.85
1,1544166824273,1.97,-6.58,-16.91
1,1544166824290,2.59,-7.57,-17.1
1,1544166824290,3.06,-8.1,-17.38
1,1544166824290,3.55,-6.95,-18.3
1,1544166824291,3.49,-5.64,-18.69
1,1544166824291,3.49,-4.53,-18.84
1,1544166824291,3.71,-3.86,-18.57
1,1544166824351,4.17,-4.31,-18.51
1,1544166824351,4.41,-4.9,-18.59
1,1544166824352,4.55,-5.23,-18.37
1,1544166824352,4.64,-5.09,-18.33
1,1544166824353,4.9,-3.71,-17.79
1,1544166824353,4.84,-3.0,-16.85
1,1544166824428,4.6,-2.67,-15.58
1,1544166824430,4.19,-2.61,-14.06
1,1544166824432,3.98,-2.73,-11.81
1,1544166824433,4.16,-2.46,-11.25
1,1544166824434,4.47,-1.79,-10.62
1,1544166824435,4.53,-1.09,-9.82
1,1544166824436,4.04,-0.19,-8.2
1,1544166824507,3.8,-0.27,-7.51
1,1544166824508,3.59,-0.66,-6.77
1,1544166824508,3.47,-1.11,-6.05
1,1544166824509,3.45,-1.52,-4.8
1,1544166824510,3.43,-1.32,-4.41
1,1544166824511,3.02,-1.09,-3.53
1,1544166824511,2.2,-0.68,-1.87
1,1544166824511,0.48,0.72,2.16
1,1544166824578,0.25,0.99,2.63
1,1544166824594,-0.07,0.91,2.73
1,1544166824594,-0.56,0.7,3.43
1,1544166824594,-2.81,-0.44,4.98
1,1544166824595,-3.82,-0.99,6.07
1,1544166824595,-4.08,-1.28,6.99
1,1544166824595,-3.63,-1.73,7.75
1,1544166824595,-2.55,-1.58,8.55
1,1544166824668,-3.02,-1.19,8.65
1,1544166824669,-3.61,-0.91,8.43
1,1544166824670,-3.41,-0.42,8.06
1,1544166824670,-1.54,1.6,8.63
1,1544166824671,-0.99,2.65,9.12
1,1544166824671,-1.01,2.77,8.94
1,1544166824672,-1.44,2.08,9.16
1,1544166824672,-2.16,0.91,9.66
1,1544166824726,-2.36,0.99,9.7
1,1544166824729,-2.3,1.58,9.68
1,1544166824730,-2.08,2.65,9.37
1,1544166824731,-1.07,5.68,8.53
1,1544166824733,-0.99,6.95,8.51
1,1544166824734,-1.15,8.2,8.37
1,1544166824735,-1.26,9.25,8.35
1,1544166824736,-1.21,9.72,8.92
1,1544166824804,-0.97,9.16,9.21
1,1544166824805,-0.74,8.08,9.53
1,1544166824806,-0.76,6.79,9.9
1,1544166824807,-1.17,5.05,10.11
1,1544166824808,-1.42,4.6,10.17
1,1544166824808,-1.44,4.27,10.29
1,1544166824809,-1.32,3.96,10.66
1,1544166824875,-1.34,3.32,11.07
1,1544166824876,-1.36,2.92,11.03
1,1544166824876,-1.5,2.5,10.72
1,1544166824876,-1.81,2.22,10.23
1,1544166824876,-1.93,2.67,9.64
1,1544166824877,-1.6,3.39,9.76
1,1544166824895,-1.3,4.29,10.0
1,1544166824896,-0.85,5.41,10.19
1,1544166824952,-0.56,7.1,10.13
1,1544166824979,-0.78,7.67,9.96
1,1544166824980,-0.66,8.0,9.64
1,1544166824980,0.23,7.89,9.58
1,1544166824980,1.79,7.91,9.94
1,1544166824981,1.89,10.42,10.56
1,1544166824981,0.78,11.69,11.01
1,1544166825022,0.58,10.68,11.69
1,1544166825045,0.6,5.99,13.39
1,1544166825045,0.83,5.19,13.76
1,1544166825045,1.25,5.7,13.63
1,1544166825046,1.28,7.85,13.28
1,1544166825046,0.07,11.67,12.67
1,1544166825046,-0.8,11.3,12.36
1,1544166825099,-1.38,10.27,12.24
1,1544166825100,-1.48,9.25,12.05
1,1544166825101,-0.68,8.37,11.15
1,1544166825102,-0.52,8.26,10.99
1,1544166825103,-0.7,8.22,10.95
1,1544166825103,-1.03,8.08,11.13
1,1544166825104,-1.36,7.12,11.05
1,1544166825104,-1.38,6.4,10.78
1,1544166825172,-1.36,5.62,10.37
1,1544166825173,-1.34,5.05,9.78
1,1544166825198,-1.21,4.17,8.37
1,1544166825198,-1.05,3.73,7.79
1,1544166825198,-0.93,3.24,7.3
1,1544166825250,-0.87,2.73,6.83
1,1544166825264,-1.05,1.77,5.97
1,1544166825265,-1.4,1.52,5.85
1,1544166825265,-1.79,1.62,5.72
1,1544166825265,-2.26,1.83,5.48
1,1544166825266,-2.57,1.77,4.86
1,1544166825267,-2.42,1.44,4.51
1,1544166825267,-2.32,0.89,4.1
1,1544166825324,-2.55,0.09,3.9
1,1544166825325,-3.78,-1.03,4.1
1,1544166825325,-4.33,-1.07,4.16
1,1544166825326,-4.53,-0.89,4.29
1,1544166825348,-4.33,-0.68,4.45
1,1544166825348,-3.37,-0.72,4.49
1,1544166825348,-2.91,-1.11,4.37
1,1544166825349,-2.71,-1.58,4.14
1,1544166825400,-2.91,-2.14,3.75
1,1544166825401,-3.43,-2.67,2.5
1,1544166825402,-3.45,-2.79,1.95
1,1544166825402,-3.33,-2.87,1.56
1,1544166825403,-3.24,-3.1,1.17
1,1544166825404,-3.61,-4.45,0.33
1,1544166825404,-4.17,-5.07,0.01
1,1544166825405,-4.72,-5.09,-0.74
1,1544166825474,-4.94,-4.35,-1.71
1,1544166825477,-4.76,-3.45,-2.65
1,1544166825478,-4.78,-2.08,-4.74
1,1544166825479,-4.94,-1.67,-5.15
1,1544166825480,-4.98,-1.46,-4.98
1,1544166825481,-3.49,-3.1,-4.68
1,1544166825482,-2.63,-3.71,-3.76
1,1544166825483,-1.71,-3.94,-4.6
1,1544166825554,-0.56,-3.51,-5.68
1,1544166825556,2.03,-1.4,-6.62
1,1544166825559,4.43,-1.93,-9.27
1,1544166825561,4.14,-2.5,-10.33
1,1544166825563,3.1,-2.22,-11.11
1,1544166825564,1.64,-1.19,-11.89
1,1544166825565,0.33,1.05,-14.86
1,1544166825567,0.66,1.64,-15.97
1,1544166825628,1.81,1.75,-16.4
1,1544166825629,3.3,1.62,-16.54
1,1544166825630,4.76,1.28,-17.1
1,1544166825631,4.33,1.15,-17.2
1,1544166825633,3.1,0.97,-16.87
1,1544166825634,1.64,0.8,-16.69
1,1544166825635,0.54,0.56,-16.93
1,1544166825700,0.78,0.48,-17.18
1,1544166825701,1.77,0.21,-17.5
1,1544166825702,2.83,-0.21,-17.63
1,1544166825702,3.63,-0.48,-17.53
1,1544166825703,3.86,-0.11,-17.38
1,1544166825703,3.98,0.31,-17.28
1,1544166825704,4.06,0.62,-17.03
1,1544166825704,4.04,0.76,-17.18
1,1544166825776,3.84,0.66,-17.96
1,1544166825778,3.67,0.48,-18.75
1,1544166825779,3.51,0.27,-19.08
1,1544166825781,3.65,0.13,-19.6
1,1544166825782,3.92,0.33,-19.53
1,1544166825783,4.29,0.5,-19.58
1,1544166825784,4.57,0.6,-19.29
1,1544166825854,4.43,0.37,-19.49
1,1544166825855,3.84,0.05,-21.34
1,1544166825856,3.43,-0.39,-21.66
1,1544166825856,3.41,-1.07,-22.46
1,1544166825857,4.64,-5.42,-22.44
1,1544166825858,5.21,-6.36,-22.05
1,1544166825859,4.29,-6.67,-20.64
1,1544166825859,2.61,-6.05,-18.22
1,1544166825924,1.03,-4.0,-17.01
1,1544166825925,0.72,-5.01,-16.97
1,1544166825925,0.87,-7.77,-16.54
1,1544166825926,2.05,-10.66,-15.91
1,1544166825926,3.49,-11.19,-15.37
1,1544166825927,3.24,-9.41,-16.56
1,1544166825927,2.91,-7.83,-18.18
1,1544166826001,2.73,-6.89,-19.64
1,1544166826005,3.32,-5.99,-21.34
1,1544166826007,3.88,-5.21,-22.14
1,1544166826009,4.6,-4.21,-22.85
1,1544166826010,5.44,-3.43,-23.22
1,1544166826011,6.87,-2.01,-22.81
1,1544166826012,7.1,-1.56,-22.4
1,1544166826014,7.14,-1.3,-21.62
1,1544166826078,7.2,-1.21,-20.74
1,1544166826080,7.79,-1.42,-19.78
1,1544166826082,8.08,-1.77,-19.76
1,1544166826083,8.22,-2.08,-19.27
1,1544166826084,8.35,-2.22,-18.59
1,1544166826085,8.1,-1.75,-17.4
1,1544166826087,7.92,-1.32,-16.62
1,1544166826150,7.79,-0.93,-15.8
1,1544166826151,7.61,-0.31,-15.01
1,1544166826152,6.91,0.74,-13.37
1,1544166826153,6.34,1.13,-12.69
1,1544166826155,6.09,1.42,-12.01
1,1544166826156,6.09,1.46,-11.26
1,1544166826157,5.89,1.07,-9.7
1,1544166826157,5.62,0.76,-8.82
1,1544166826226,5.37,0.64,-7.63
1,1544166826227,5.23,0.76,-6.54
1,1544166826228,4.53,0.89,-3.94
1,1544166826228,3.9,0.93,-2.44
1,1544166826229,3.37,0.93,-1.05
1,1544166826229,2.89,0.93,-0.23
1,1544166826230,2.16,0.95,-0.33
1,1544166826300,1.52,0.89,-0.41
1,1544166826301,0.72,0.74,0.03
1,1544166826301,0.03,0.42,0.8
1,1544166826302,-1.87,-0.27,3.18
1,1544166826303,-2.42,-0.68,3.69
1,1544166826304,-3.0,-0.89,4.55
1,1544166826319,-3.39,-0.87,5.64
1,1544166826376,-4.43,-1.21,7.01
1,1544166826378,-5.13,-1.62,7.65
1,1544166826379,-5.62,-2.05,7.94
1,1544166826380,-5.78,-2.28,8.14
1,1544166826382,-6.17,-2.2,9.06
1,1544166826383,-6.48,-2.07,9.64
1,1544166826384,-6.38,-1.89,10.01
1,1544166826385,-5.85,-1.71,10.23
1,1544166826451,-4.64,-1.54,10.52
1,1544166826452,-4.7,-1.36,10.27
1,1544166826454,-5.35,-1.17,10.0
1,1544166826454,-6.23,-0.99,10.15
1,1544166826455,-6.19,0.82,10.68
1,1544166826456,-5.15,1.66,10.85
1,1544166826456,-3.96,2.01,10.64
1,1544166826457,-3.08,1.89,10.48
1,1544166826527,-2.08,0.87,10.52
1,1544166826527,-1.73,0.15,10.83
1,1544166826528,-1.42,-0.54,11.26
1,1544166826528,-1.28,-0.99,11.58
1,1544166826528,-1.4,-0.74,11.73
1,1544166826528,-1.79,-0.39,11.56
1,1544166826529,-2.2,-0.17,11.03
1,1544166826601,-2.42,-0.29,10.54
1,1544166826601,-1.99,-0.85,9.72
1,1544166826602,-1.75,-0.78,9.53
1,1544166826603,-1.67,-0.35,9.66
1,1544166826603,-1.67,0.21,9.88
1,1544166826623,-1.5,1.05,10.07
1,1544166826623,-1.21,1.32,10.27
1,1544166826624,-0.8,1.48,10.41
1,1544166826679,-0.33,1.42,10.64
1,1544166826680,0.19,0.7,10.72
1,1544166826681,0.27,0.13,11.03
1,1544166826682,0.25,-0.15,11.03
1,1544166826683,0.25,0.05,11.09
1,1544166826685,0.33,1.54,11.81
1,1544166826686,0.27,2.08,12.14
1,1544166826750,0.39,2.12,12.18
1,1544166826783,0.58,1.85,12.01
1,1544166826785,0.62,1.54,11.85
1,1544166826786,0.62,1.66,11.99
1,1544166826787,0.52,1.56,12.18
1,1544166826788,0.17,1.32,12.67
1,1544166826790,0.13,1.17,13.73
1,1544166826791,0.13,1.36,14.04
1,1544166826828,-0.13,1.56,14.0
1,1544166826830,-0.6,1.71,13.96
1,1544166826830,-0.97,1.6,13.71
1,1544166826831,-0.87,1.4,13.47
1,1544166826832,-0.89,1.28,13.41
1,1544166826832,-0.89,1.26,13.32
1,1544166826833,-1.01,1.23,13.37
1,1544166826897,-1.11,1.05,13.35
1,1544166826898,-1.19,0.64,13.2
1,1544166826974,-1.23,0.27,13.0
1,1544166826975,-1.19,-0.13,12.81
1,1544166826976,-0.95,-0.19,11.97
1,1544166826977,-0.93,-0.09,11.54
1,1544166826977,-1.09,0.13,11.23
1,1544166826978,-1.36,0.35,11.03
1,1544166826978,-1.44,0.46,10.93
1,1544166826979,-1.17,0.56,10.89
1,1544166827050,-0.8,0.68,10.8
1,1544166827052,-1.03,-0.95,9.14
1,1544166827053,-1.4,-0.89,9.1
1,1544166827054,-1.34,-0.56,8.88
1,1544166827055,-0.97,0.03,8.49
1,1544166827056,-0.42,0.74,7.98
1,1544166827057,0.64,1.36,6.81
1,1544166827058,0.78,1.09,6.05
1,1544166827127,0.72,0.23,5.01
1,1544166827128,0.5,-0.78,4.19
1,1544166827128,-0.93,-1.19,3.3
1,1544166827129,-1.42,-1.03,3.02
1,1544166827129,-1.48,-0.82,2.46
1,1544166827130,-1.19,-0.74,1.77
1,1544166827130,-0.99,-2.42,0.46
1,1544166827130,-1.77,-4.1,-0.09
1,1544166827199,-2.96,-5.33,-0.07
1,1544166827201,-4.37,-5.93,0.09
1,1544166827202,-5.39,-3.96,0.01
1,1544166827229,-4.72,-2.4,-0.33
1,1544166827230,-3.76,-1.3,-0.78
1,1544166827230,-2.73,-1.09,-0.85
1,1544166827230,-1.54,-2.59,-1.87
1,1544166827231,-1.54,-4.23,-2.22
1,1544166827363,-1.93,-6.05,-3.28
1,1544166827365,-3.0,-8.63,-4.49
1,1544166827366,-6.34,-13.2,-4.72
1,1544166827367,-6.93,-13.69,-6.07
1,1544166827369,-5.72,-12.46,-5.11
1,1544166827430,-3.43,-10.23,-4.98
1,1544166827431,-0.33,-6.17,-6.58
1,1544166827431,-0.09,-5.25,-7.08
1,1544166827432,-0.48,-4.78,-7.55
1,1544166827432,-0.82,-4.66,-7.81
1,1544166827433,1.34,-7.55,-11.62
1,1544166827433,1.44,-6.71,-14.12
1,1544166827434,1.77,-5.66,-15.44
1,1544166827499,2.53,-3.53,-16.46
1,1544166827500,2.44,-5.29,-13.28
1,1544166827501,3.06,-6.05,-13.84
1,1544166827501,4.14,-6.73,-14.94
1,1544166827502,5.33,-7.24,-15.5
1,1544166827502,5.89,-7.87,-15.56
1,1544166827502,5.44,-7.94,-15.44
1,1544166827511,4.92,-7.85,-15.09
1,1544166827572,4.6,-7.48,-14.39
1,1544166827573,5.13,-5.62,-12.3
1,1544166827573,5.62,-4.33,-12.26
1,1544166827574,6.01,-3.26,-12.65
1,1544166827574,6.4,-2.48,-12.85
1,1544166827575,6.73,-2.22,-13.33
1,1544166827575,6.64,-2.77,-13.76
1,1544166827575,6.5,-3.41,-14.0
1,1544166827649,6.44,-3.94,-14.12
1,1544166827650,6.07,-4.72,-14.29
1,1544166827651,5.7,-5.37,-14.51
1,1544166827652,5.09,-6.03,-14.82
1,1544166827653,4.37,-6.32,-14.92
1,1544166827653,3.33,-4.86,-14.66
1,1544166827654,3.37,-3.45,-15.19
1,1544166827655,2.59,-2.16,-16.11
1,1544166827725,1.95,-1.5,-15.91
1,1544166827748,1.03,-3.92,-18.61
1,1544166827748,0.89,-4.55,-19.58
1,1544166827749,1.09,-4.66,-19.51
1,1544166827749,1.03,-4.8,-19.02
1,1544166827749,1.11,-6.32,-18.12
1,1544166827750,1.42,-7.22,-17.2
1,1544166827799,1.77,-7.61,-16.54
1,1544166827813,1.87,-7.42,-16.4
1,1544166827813,1.64,-5.35,-16.6
1,1544166827814,1.46,-5.23,-17.65
1,1544166827814,1.23,-6.36,-18.61
1,1544166827814,1.17,-7.96,-18.8
1,1544166827814,1.91,-8.61,-18.39
1,1544166827814,2.44,-7.65,-18.73
1,1544166827877,2.94,-6.69,-18.75
1,1544166827878,3.33,-6.11,-18.59
1,1544166827879,3.33,-5.97,-18.78
1,1544166827880,3.08,-6.01,-18.96
1,1544166827880,2.96,-5.97,-19.08
1,1544166827881,3.12,-5.89,-19.29
1,1544166827882,4.04,-5.31,-20.29
1,1544166828031,4.55,-4.57,-20.41
1,1544166828033,5.01,-3.76,-20.07
1,1544166828034,5.23,-3.37,-19.41
1,1544166828035,4.25,-4.29,-18.02
1,1544166828035,3.86,-4.43,-17.44
1,1544166828114,4.04,-3.59,-17.2
1,1544166828115,4.51,-2.2,-17.55
1,1544166828120,5.44,-0.5,-16.64
1,1544166828122,5.6,-0.27,-15.82
1,1544166828123,5.68,-0.15,-15.05
1,1544166828124,4.7,2.07,-8.02
1,1544166828124,4.8,1.79,-6.71
1,1544166828125,4.78,1.52,-5.54
1,1544166828176,4.8,1.52,-4.88
1,1544166828177,0.5,1.07,0.76
1,1544166828178,-0.31,1.11,1.67
1,1544166828179,-1.11,1.26,2.36
1,1544166828180,-1.67,1.25,2.38
1,1544166828181,-2.24,0.7,2.91
1,1544166828181,-4.17,-1.56,4.47
1,1544166828182,-4.8,-2.59,5.15
1,1544166828248,-4.8,-3.12,5.82
1,1544166828325,-2.75,-3.65,6.77
1,1544166828326,-1.95,-4.35,7.5
1,1544166828326,-1.58,-5.21,8.35
1,1544166828334,-1.58,-5.97,9.31
1,1544166828335,-2.14,-6.95,11.3
1,1544166828335,-2.67,-6.79,12.1
1,1544166828335,-3.32,-5.91,12.53
1,1544166828336,-4.47,-3.35,12.3
1,1544166828424,-5.91,-2.77,11.91
1,1544166828425,-6.4,-2.94,11.97
1,1544166828425,-4.04,0.0,10.62
1,1544166828425,-4.37,0.46,10.31
1,1544166828426,-4.53,0.83,10.48
1,1544166828426,-2.69,0.6,11.15
1,1544166828426,-1.4,0.27,11.42
1,1544166828427,-0.58,0.01,11.62
1,1544166828474,-0.48,-0.13,11.32
1,1544166828475,-1.4,-0.25,10.21
1,1544166828476,-1.54,-0.17,9.78
1,1544166828477,-1.52,-0.01,9.64
1,1544166828477,-1.54,0.23,9.88
1,1544166828478,-1.66,1.25,10.15
1,1544166828478,-1.52,1.73,9.92
1,1544166828479,-1.09,1.95,9.49
1,1544166828548,-0.68,1.73,9.41
1,1544166828549,-0.27,1.32,9.39
1,1544166828626,-0.27,1.81,9.49
1,1544166828697,-0.5,2.59,9.78
1,1544166828727,-0.89,3.26,10.05
1,1544166828728,-1.34,3.3,10.72
1,1544166828729,-1.17,2.91,11.03
1,1544166828731,-0.68,2.67,11.3
1,1544166828733,-0.13,2.65,11.6
1,1544166828734,0.35,2.01,12.24
1,1544166828735,-0.05,1.38,12.34
1,1544166828778,0.25,2.69,12.89
1,1544166828778,-0.29,1.23,12.69
1,1544166828800,-0.54,1.19,12.63
1,1544166828801,-1.52,1.15,12.46
1,1544166828801,-1.93,1.09,12.26
1,1544166828801,-2.12,1.05,12.1
1,1544166828801,-2.07,0.89,12.05
1,1544166828801,-1.93,0.87,11.73
1,1544166828850,-1.91,0.95,11.58
1,1544166828873,-1.95,0.95,11.32
1,1544166828873,-2.16,0.78,10.85
1,1544166828873,-2.96,0.09,10.31
1,1544166828874,-3.16,-0.15,10.11
1,1544166828874,-3.24,-0.37,9.96
1,1544166828874,-3.32,-0.58,9.78
1,1544166828874,-3.24,-0.66,9.45
1,1544166828927,-3.12,-0.68,9.35
1,1544166828928,-3.2,-0.76,9.16
1,1544166828939,-3.51,-0.82,9.04
1,1544166828940,-3.96,-0.82,8.78
1,1544166828940,-4.08,-0.76,8.67
1,1544166828940,-4.25,-0.78,8.47
1,1544166828940,-4.41,-0.78,8.26
1,1544166828940,-4.33,-0.93,8.3
1,1544166828999,-4.23,-1.09,8.3
1,1544166829000,-4.12,-1.13,8.2
1,1544166829001,-4.0,-1.15,7.73
1,1544166829001,-4.43,-1.38,6.48
1,1544166829002,-4.88,-1.6,5.87
1,1544166829002,-5.23,-1.77,5.31
1,1544166829003,-5.23,-2.01,5.01
1,1544166829003,-4.35,-2.81,4.7
1,1544166829073,-3.71,-2.92,5.01
1,1544166829073,-3.06,-2.89,4.88
1,1544166829089,-2.87,-2.79,4.27
1,1544166829090,-3.39,-2.55,2.22
1,1544166829090,-4.1,-2.67,1.32
1,1544166829090,-4.92,-2.75,1.07
1,1544166829090,-5.52,-2.65,0.6
1,1544166829153,-5.27,-2.1,0.17
1,1544166829155,-4.62,-1.85,0.23
1,1544166829157,-3.82,-1.64,0.15
1,1544166829158,-3.0,-1.48,-0.09
1,1544166829160,-2.53,-2.07,-1.62
1,1544166829161,-3.02,-3.28,-2.69
1,1544166829163,-4.17,-5.19,-3.88
1,1544166829164,-5.8,-7.51,-4.72
1,1544166829227,-9.02,-10.64,-4.58
1,1544166829227,-9.1,-10.29,-3.96
1,1544166829227,-7.85,-8.67,-2.94
1,1544166829228,-6.01,-6.71,-2.57
1,1544166829228,-3.08,-4.27,-3.37
1,1544166829228,-2.18,-4.53,-4.1
1,1544166829229,-2.01,-6.07,-4.29
1,1544166829299,-3.08,-8.45,-4.1
1,1544166829376,-7.67,-13.12,-4.14
1,1544166829377,-8.63,-13.06,-2.89
1,1544166829377,-7.53,-10.87,-2.94
1,1544166829377,-5.64,-7.85,-4.1
1,1544166829378,-2.91,-3.59,-4.88
1,1544166829378,-2.53,-3.0,-5.01
1,1544166829378,-2.83,-3.43,-5.21
1,1544166829378,-3.59,-4.6,-5.42
1,1544166829448,-5.39,-6.69,-5.48
1,1544166829449,-5.76,-6.38,-5.17
1,1544166829449,-1.71,-2.05,-8.8
1,1544166829449,-2.55,-3.28,-8.96
1,1544166829450,-4.78,-5.37,-8.8
1,1544166829468,-5.11,-5.68,-8.51
1,1544166829468,-4.53,-5.62,-8.57
1,1544166829468,-3.33,-5.44,-8.61
1,1544166829523,-0.31,-5.41,-8.8
1,1544166829524,0.64,-5.78,-9.66
1,1544166829524,0.7,-6.34,-10.7
1,1544166829524,0.52,-7.01,-11.32
1,1544166829544,-1.66,-7.75,-10.83
1,1544166829544,-2.4,-7.48,-10.5
1,1544166829545,-2.32,-6.73,-10.35
1,1544166829545,-1.67,-5.74,-10.23
1,1544166829618,0.68,-3.78,-10.27
1,1544166829619,1.79,-3.08,-10.97
1,1544166829620,2.83,-2.38,-11.85
1,1544166829620,3.28,-1.58,-12.57
1,1544166829621,2.71,-0.39,-13.1
1,1544166829621,2.05,0.17,-13.08
1,1544166829622,1.38,0.23,-13.33
1,1544166829622,0.95,-0.27,-13.3
1,1544166829700,0.87,-0.99,-13.14
1,1544166829700,2.08,-1.81,-13.86
1,1544166829700,3.8,-1.4,-14.82
1,1544166829701,4.39,-1.05,-15.31
1,1544166829701,4.96,0.15,-17.01
1,1544166829701,4.78,0.72,-17.57
1,1544166829701,4.6,0.97,-17.53
1,1544166829701,4.49,0.83,-17.3
1,1544166829829,4.33,-0.35,-16.99
1,1544166829831,4.39,-0.58,-17.48
1,1544166829832,4.39,-0.44,-20.01
1,1544166829833,4.0,0.05,-20.31
1,1544166829833,4.29,0.78,-22.65
1,1544166829924,3.78,0.48,-22.48
1,1544166829924,3.37,0.58,-21.44
1,1544166829925,3.53,0.62,-20.6
1,1544166829925,3.63,0.05,-20.39
1,1544166829925,3.63,-2.55,-19.92
1,1544166829926,2.32,-5.41,-20.07
1,1544166829926,3.12,-4.39,-21.93
1,1544166829927,4.1,-3.59,-22.69
1,1544166829977,4.0,-3.14,-23.04
1,1544166829997,6.85,-5.31,-21.69
1,1544166829997,7.14,-7.61,-21.09
1,1544166829998,7.01,-8.22,-20.7
1,1544166829998,6.38,-4.6,-20.99
1,1544166829998,6.17,-2.63,-20.99
1,1544166829998,6.01,-1.38,-20.91
1,1544166829998,6.05,-1.09,-21.09
1,1544166830150,6.79,-0.46,-20.7
1,1544166830151,6.97,0.72,-20.13
1,1544166830152,7.05,2.2,-19.74
1,1544166830153,7.12,3.63,-18.86
1,1544166830154,6.93,5.27,-16.67
1,1544166830202,6.5,6.01,-15.35
1,1544166830203,6.3,6.89,-13.63
1,1544166830204,6.11,7.38,-11.95
1,1544166830204,5.95,6.46,-8.67
1,1544166830205,6.19,5.46,-6.71
1,1544166830205,4.64,1.5,3.78
1,1544166830206,3.3,0.76,5.42
1,1544166830206,2.16,0.09,7.1
1,1544166830277,1.38,-0.35,8.75
1,1544166830279,-1.91,-3.55,12.81
1,1544166830280,-3.0,-4.25,13.1
1,1544166830281,-3.61,-4.55,13.37
1,1544166830283,-3.39,-4.45,13.41
1,1544166830284,-2.81,-3.78,13.16
1,1544166830285,-3.24,-3.75,13.08
1,1544166830286,-4.02,-3.98,12.81
1,1544166830352,-4.8,-4.43,12.48
1,1544166830353,-5.44,-5.83,11.91
1,1544166830353,-5.13,-6.23,11.69
1,1544166830354,-4.57,-6.11,11.28
1,1544166830355,-3.88,-5.52,10.95
1,1544166830355,-2.2,-4.02,10.8
1,1544166830356,-1.79,-3.53,11.07
1,1544166830356,-1.66,-3.06,11.3
1,1544166830429,-1.73,-2.28,11.62
1,1544166830431,-2.03,-0.95,12.2
1,1544166830432,-1.95,-0.8,12.22
1,1544166830433,-1.73,-0.99,12.18
1,1544166830434,-1.48,-1.34,12.14
1,1544166830437,-1.81,-2.48,12.34
1,1544166830438,-2.14,-2.69,12.24
1,1544166830500,-2.44,-2.46,11.85
1,1544166830501,-2.53,-1.56,11.3
1,1544166830503,-1.81,0.42,10.23
1,1544166830503,-1.32,0.7,10.01
1,1544166830504,-1.01,0.29,10.37
1,1544166830505,-0.89,-0.7,10.83
1,1544166830505,-0.76,-3.67,11.91
1,1544166830506,-0.21,-3.94,12.89
1,1544166830576,0.13,-3.08,13.33
1,1544166830577,0.09,-1.42,13.02
1,1544166830578,-0.05,2.98,11.66
1,1544166830579,0.41,5.15,10.78
1,1544166830580,0.64,5.95,9.94
1,1544166830580,0.58,4.86,9.45
1,1544166830581,-0.66,0.29,10.58
1,1544166830649,-1.32,-1.21,11.48
1,1544166830650,-1.64,-1.87,11.91
1,1544166830651,-1.6,-1.73,12.08
1,1544166830652,-0.91,0.29,11.54
1,1544166830653,-0.89,1.26,11.23
1,1544166830653,-1.4,1.58,10.97
1,1544166830654,-2.1,1.5,11.01
1,1544166830655,-2.67,0.48,11.32
1,1544166830727,-2.42,-0.35,11.38
1,1544166830754,-2.16,-1.09,11.38
1,1544166830755,-2.07,-1.48,11.3
1,1544166830756,-2.42,-1.89,11.19
1,1544166830756,-2.55,-1.79,11.13
1,1544166830757,-2.61,-1.5,11.19
1,1544166830758,-2.57,-1.21,11.17
1,1544166830798,-2.79,-1.07,10.95
1,1544166830817,-2.94,-0.85,10.56
1,1544166830817,-3.08,-0.42,10.05
1,1544166830817,-3.22,0.07,9.76
1,1544166830818,-3.06,0.09,9.84
1,1544166830818,-3.06,-0.74,10.35
1,1544166830818,-3.12,-1.69,10.76
1,1544166830818,-3.16,-2.73,10.85
1,1544166830875,-2.65,-3.33,9.94
1,1544166830876,-2.79,-3.04,9.58
1,1544166830877,-3.22,-2.53,9.53
1,1544166830877,-3.63,-2.1,9.41
1,1544166830878,-4.1,-1.85,9.53
1,1544166830879,-4.31,-1.97,10.13
1,1544166830879,-4.53,-2.26,10.5
1,1544166830950,-4.53,-2.75,10.78
1,1544166830951,-3.9,-3.61,10.41
1,1544166831027,-3.39,-3.76,9.76
1,1544166831037,-2.77,-3.73,8.86
1,1544166831038,-2.28,-3.78,7.77
1,1544166831039,-2.83,-4.76,5.89
1,1544166831040,-3.65,-5.15,5.37
1,1544166831040,-4.35,-5.15,5.05
1,1544166831041,-4.58,-4.58,4.88
1,1544166831042,-3.94,-2.79,4.92
1,1544166831107,-3.08,-1.85,4.78
1,1544166831107,-2.18,-1.46,4.82
1,1544166831108,-1.95,-5.72,1.17
1,1544166831108,-2.57,-5.01,0.44
1,1544166831108,-2.91,-2.03,-1.46
1,1544166831108,-2.79,-1.71,-1.89
1,1544166831108,-3.06,-2.77,-2.16
1,1544166831109,-3.47,-4.33,-2.22
1,1544166831178,-4.23,-5.41,-2.83
1,1544166831190,-4.47,-4.47,-4.08
1,1544166831191,-4.82,-3.28,-5.52
1,1544166831191,-5.23,-2.32,-6.93
1,1544166831192,-5.76,-3.88,-7.77
1,1544166831192,-5.82,-6.11,-7.18
1,1544166831193,-5.7,-8.1,-6.23
1,1544166831193,-5.48,-9.33,-5.15
1,1544166831251,-4.53,-8.96,-3.61
1,1544166831251,-4.12,-7.96,-3.94
1,1544166831252,-4.04,-7.12,-4.39
1,1544166831252,-4.17,-6.73,-4.74
1,1544166831253,-4.27,-6.71,-5.17
1,1544166831253,-3.8,-7.2,-5.19
1,1544166831253,-3.1,-7.51,-5.6
1,1544166831254,-2.26,-7.98,-6.26
1,1544166831326,-1.26,-9.57,-7.1
1,1544166831327,-1.03,-10.03,-7.28
1,1544166831340,-0.89,-9.9,-7.3
1,1544166831341,-0.87,-9.19,-7.5
1,1544166831342,-0.82,-7.53,-8.24
1,1544166831343,-0.46,-6.64,-8.8
1,1544166831344,0.03,-5.68,-9.8
1,1544166831344,0.58,-4.6,-11.07
1,1544166831480,1.32,-3.12,-12.94
1,1544166831482,1.85,-2.73,-13.98
1,1544166831484,2.3,-2.61,-14.12
1,1544166831485,2.79,-2.44,-13.96
1,1544166831487,3.0,-2.08,-13.86
1,1544166831554,2.12,-1.54,-13.82
1,1544166831555,1.46,-1.58,-13.98
1,1544166831555,0.78,-2.08,-13.88
1,1544166831556,0.58,-2.77,-13.69
1,1544166831556,1.34,-0.72,-13.71
1,1544166831557,1.11,-1.11,-13.16
1,1544166831557,1.32,-1.58,-11.69
1,1544166831558,1.62,-1.38,-11.26
1,1544166831627,1.97,-0.85,-11.26
1,1544166831628,2.91,4.58,-13.45
1,1544166831629,3.0,5.13,-13.71
1,1544166831629,3.41,4.86,-14.14
1,1544166831630,4.14,2.5,-15.21
1,1544166831631,4.41,1.42,-15.78
1,1544166831701,4.78,1.38,-16.71
1,1544166831702,5.0,2.24,-18.1
1,1544166831703,4.84,4.04,-21.97
1,1544166831704,5.07,3.88,-21.85
1,1544166831705,4.68,3.39,-22.96
1,1544166831705,3.67,2.44,-23.24
1,1544166831706,3.26,-1.62,-23.06
1,1544166831707,3.65,-3.51,-21.97
1,1544166831776,5.23,-3.63,-20.39
1,1544166831777,6.5,-2.83,-20.09
1,1544166831793,4.35,-2.38,-20.97
1,1544166831793,3.41,-3.53,-21.34
1,1544166831794,3.24,-4.76,-21.87
1,1544166831794,3.3,-5.33,-22.28
1,1544166831794,3.59,-4.7,-23.37
1,1544166831795,3.84,-4.17,-23.61
1,1544166831849,4.1,-3.61,-23.88
1,1544166831858,5.7,-0.68,-24.23
1,1544166831858,6.11,0.0,-23.65
1,1544166831859,6.3,0.39,-22.87
1,1544166831859,6.38,0.83,-21.89
1,1544166831859,6.23,2.42,-20.91
1,1544166831859,6.36,2.91,-20.68
1,1544166831859,6.93,3.04,-20.01
1,1544166831926,7.46,3.16,-19.31
1,1544166831926,7.69,4.04,-17.87
1,1544166831926,7.32,4.76,-16.69
1,1544166831927,6.75,5.42,-15.78
1,1544166831927,6.34,5.48,-15.29
1,1544166831927,6.07,4.53,-12.34
1,1544166831927,5.7,4.82,-10.54
1,1544166831927,5.11,5.54,-8.84
1,1544166831999,4.17,5.91,-7.44
1,1544166832000,3.65,4.47,-4.76
1,1544166832000,3.92,3.16,-3.61
1,1544166832000,4.55,2.16,-2.55
1,1544166832001,5.15,1.69,-1.69
1,1544166832001,4.98,1.4,-0.91
1,1544166832001,4.39,1.23,-0.17
1,1544166832001,3.69,1.13,0.83
1,1544166832073,3.1,1.19,1.54
1,1544166832073,1.95,1.75,2.46
1,1544166832074,1.32,2.01,2.81
1,1544166832074,0.78,1.87,3.0
1,1544166832075,0.44,1.13,3.12
1,1544166832151,-0.44,-0.95,4.58
1,1544166832152,-1.15,-1.62,5.64
1,1544166832152,-1.95,-2.51,6.91
1,1544166832153,-2.59,-3.24,7.75
1,1544166832153,-3.65,-4.37,8.9
1,1544166832154,-3.88,-5.11,9.55
1,1544166832154,-4.0,-5.8,10.01
1,1544166832154,-3.94,-6.32,10.37
1,1544166832225,-2.77,-6.54,11.32
1,1544166832226,-2.34,-5.93,11.85
1,1544166832227,-2.32,-5.09,12.07
1,1544166832227,-2.77,-4.21,12.1
1,1544166832228,-3.8,-2.32,11.73
1,1544166832228,-4.25,-1.44,11.32
1,1544166832229,-4.62,-0.95,11.09
1,1544166832229,-4.76,-0.39,11.19
1,1544166832303,-4.06,-0.11,11.56
1,1544166832304,-3.39,-0.68,12.12
1,1544166832305,-2.67,-1.32,12.4
1,1544166832307,-2.14,-2.28,12.14
1,1544166832308,-1.75,-3.12,11.42
1,1544166832309,-1.77,-2.42,11.11
1,1544166832310,-1.89,-1.26,11.09
1,1544166832311,-2.08,-0.09,11.17
1,1544166832375,-2.5,1.67,11.03
1,1544166832376,-2.48,1.87,10.95
1,1544166832376,-2.4,1.81,10.82
1,1544166832377,-2.34,1.69,10.76
1,1544166832377,-1.69,1.05,11.25
1,1544166832377,-1.21,0.76,11.34
1,1544166832378,-0.83,0.66,11.36
1,1544166832378,-0.76,0.83,11.28
1,1544166832453,-1.11,1.46,11.05
1,1544166832454,-1.36,1.64,10.95
1,1544166832609,-1.48,1.71,11.03
1,1544166832610,-1.25,2.18,11.54
1,1544166832611,-0.99,2.46,12.34
1,1544166832612,-1.01,2.46,12.63
1,1544166832612,-1.19,2.2,12.69
1,1544166832676,-1.54,1.66,12.69
1,1544166832677,-2.14,0.33,12.36
1,1544166832677,-2.34,-0.05,12.28
1,1544166832677,-2.32,-0.05,11.97
1,1544166832678,-2.2,0.19,11.77
1,1544166832678,-3.43,-0.27,12.57
1,1544166832678,-3.24,-0.31,12.2
1,1544166832678,-2.96,-0.27,11.89
1,1544166832747,-2.73,0.41,11.26
1,1544166832748,-3.71,-1.83,10.7
1,1544166832750,-3.59,-1.89,10.54
1,1544166832828,-3.63,-1.69,10.37
1,1544166832829,-3.82,-1.19,9.96
1,1544166832830,-3.75,-1.13,9.8
1,1544166832830,-3.55,-1.09,9.72
1,1544166832831,-3.55,-0.97,9.55
1,1544166832832,-3.75,-1.09,8.86
1,1544166832852,-3.9,-1.19,8.59
1,1544166832852,-4.04,-1.48,8.24
1,1544166832905,-4.19,-1.75,7.81
1,1544166832906,-4.23,-1.48,7.1
1,1544166832906,-2.01,-2.28,2.81
1,1544166832906,-2.3,-4.35,2.2
1,1544166832907,-3.35,-5.78,1.69
1,1544166832907,-4.88,-6.25,1.36
1,1544166832907,-6.89,-4.55,1.64
1,1544166832907,-6.71,-3.2,1.87
1,1544166832973,-5.8,-1.95,2.01
1,1544166832973,-4.45,-4.23,1.91
1,1544166832974,-4.84,-6.05,1.67
1,1544166832974,-5.33,-7.61,1.32
1,1544166832975,-5.83,-8.47,1.38
1,1544166832975,-6.5,-6.6,1.3
1,1544166832975,-6.48,-4.66,1.25
1,1544166832976,-6.15,-3.04,1.46
1,1544166833051,-5.52,-1.91,1.17
1,1544166833052,-4.86,-3.16,-1.21
1,1544166833054,-5.41,-4.78,-1.62
1,1544166833055,-6.05,-6.38,-1.77
1,1544166833056,-6.44,-7.1,-1.64
1,1544166833057,-6.5,-5.0,-1.3
1,1544166833058,-6.01,-3.12,-1.32
1,1544166833059,-5.31,-1.85,-1.38
1,1544166833125,-4.58,-1.79,-1.83
1,1544166833126,-4.27,-4.84,-2.61
1,1544166833126,-4.49,-6.54,-3.45
1,1544166833136,-4.88,-7.91,-3.94
1,1544166833137,-5.48,-8.45,-3.98
1,1544166833137,-5.99,-6.48,-3.51
1,1544166833138,-5.44,-4.86,-3.59
1,1544166833214,-4.62,-3.53,-3.71
1,1544166833214,-3.73,-2.81,-3.78
1,1544166833215,-1.95,-2.71,-4.17
1,1544166833215,-0.83,-3.06,-5.39
1,1544166833215,0.31,-3.12,-7.12
1,1544166833215,0.7,-3.22,-8.51
1,1544166833215,0.62,-2.98,-10.83
1,1544166833216,0.39,-3.32,-10.37
1,1544166833276,-0.39,-3.47,-10.35
1,1544166833277,-1.42,-3.49,-10.7
1,1544166833277,-2.38,-3.63,-10.66
1,1544166833278,-2.08,-3.92,-10.46
1,1544166833278,-1.23,-4.47,-10.5
1,1544166833279,0.03,-5.11,-10.87
1,1544166833280,2.73,-5.66,-11.4
1,1544166833349,3.69,-5.54,-11.56
1,1544166833350,3.78,-5.27,-11.77
1,1544166833351,3.1,-5.23,-12.4
1,1544166833351,0.23,-6.19,-13.16
1,1544166833351,-1.15,-6.85,-12.59
1,1544166833351,-1.91,-7.2,-12.01
1,1544166833351,-1.89,-7.16,-11.56
1,1544166833352,0.41,-6.07,-11.67
1,1544166833426,1.75,-5.41,-12.01
1,1544166833426,3.1,-4.78,-12.42
1,1544166833427,4.02,-4.19,-12.94
1,1544166833427,4.96,-2.91,-14.1
1,1544166833427,4.8,-2.05,-15.05
1,1544166833437,4.35,-1.26,-15.74
1,1544166833438,3.94,-0.72,-15.83
1,1544166833540,3.18,-0.07,-15.17
1,1544166833540,3.08,-0.54,-14.57
1,1544166833541,3.04,-1.26,-13.98
1,1544166833541,3.02,-2.2,-13.53
1,1544166833542,2.91,-2.92,-12.75
1,1544166833542,2.89,-2.44,-12.48
1,1544166833542,2.83,-1.75,-13.12
1,1544166833543,2.94,-1.25,-14.49
1,1544166833575,3.53,-0.58,-15.15
1,1544166833596,3.84,-0.01,-14.88
1,1544166833597,4.06,0.42,-15.25
1,1544166833597,4.21,0.39,-16.01
1,1544166833597,4.78,-0.97,-17.91
1,1544166833597,4.76,-1.36,-17.67
1,1544166833597,5.05,-1.91,-18.08
1,1544166833651,4.14,-2.32,-20.03
1,1544166833653,2.5,-4.27,-21.36
1,1544166833653,2.28,-5.03,-20.64
1,1544166833653,2.81,-5.21,-19.96
1,1544166833654,3.75,-4.68,-19.12
1,1544166833654,4.78,-3.2,-18.18
1,1544166833654,4.41,-3.86,-18.06
1,1544166833655,3.55,-5.35,-17.36
1,1544166833723,2.53,-6.62,-16.69
1,1544166833724,1.64,-6.77,-18.24
1,1544166833724,1.64,-5.95,-20.0
1,1544166833725,2.14,-4.88,-21.58
1,1544166833725,3.08,-3.61,-22.44
1,1544166833725,4.41,-1.48,-23.45
1,1544166833725,4.82,-1.05,-23.73
1,1544166833805,5.11,-0.87,-24.14
1,1544166833806,5.39,-1.01,-24.29
1,1544166833806,5.95,-1.81,-24.19
1,1544166833807,6.21,-1.97,-23.76
1,1544166833807,6.21,-1.6,-23.26
1,1544166833808,6.07,-1.13,-22.94
1,1544166833808,6.11,-0.87,-22.75
1,1544166833880,7.2,0.78,-21.79
1,1544166833881,7.32,1.97,-21.28
1,1544166833892,7.3,3.2,-20.5
1,1544166833893,6.32,4.53,-18.67
1,1544166833893,5.7,4.62,-17.38
1,1544166833894,5.09,4.45,-16.54
1,1544166833950,4.72,4.16,-15.72
1,1544166833950,4.72,4.16,-14.96
1,1544166833950,5.19,5.87,-12.42
1,1544166833951,5.05,6.95,-11.42
1,1544166833951,4.74,7.14,-10.33
1,1544166833976,4.86,6.64,-8.67
1,1544166833977,5.56,4.68,-4.76
1,1544166833977,5.97,3.88,-2.89
1,1544166834035,6.36,3.35,-1.42
1,1544166834036,6.48,2.79,0.0
1,1544166834036,5.78,2.03,1.75
1,1544166834037,5.19,1.87,1.93
1,1544166834037,4.33,1.77,2.63
1,1544166834038,3.47,1.67,3.78
1,1544166834038,1.81,0.87,5.19
1,1544166834039,0.93,0.15,6.09
1,1544166834107,0.17,-0.68,7.07
1,1544166834107,-1.05,-1.34,8.02
1,1544166834107,-3.65,-3.02,9.16
1,1544166834107,-4.62,-3.41,9.49
1,1544166834108,-5.41,-3.57,10.05
1,1544166834108,-5.93,-3.59,10.58
1,1544166834108,-5.74,-3.22,10.46
1,1544166834108,-5.09,-2.91,10.35
1,1544166834174,-4.27,-2.98,10.33
1,1544166834195,-3.71,-3.37,10.39
1,1544166834196,-3.32,-4.39,11.19
1,1544166834197,-3.55,-4.88,11.56
1,1544166834197,-3.82,-5.17,11.62
1,1544166834197,-3.94,-5.15,11.71
1,1544166834197,-3.75,-3.51,11.36
1,1544166834198,-3.45,-2.59,11.03
1,1544166834250,-3.06,-1.83,11.15
1,1544166834259,-2.65,-1.32,11.48
1,1544166834259,-2.08,-0.99,11.95
1,1544166834259,-1.83,-0.91,12.08
1,1544166834260,-1.62,-0.87,12.18
1,1544166834260,-1.56,-0.89,12.12
1,1544166834260,-1.95,-0.85,11.66
1,1544166834260,-2.28,-0.62,11.42
1,1544166834324,-2.5,-0.37,11.26
1,1544166834324,-2.51,-0.27,11.28
1,1544166834325,-2.12,-0.58,11.5
1,1544166834351,-1.87,-0.91,11.6
1,1544166834352,-1.67,-1.11,11.52
1,1544166834353,-1.58,-0.93,11.28
1,1544166834354,-1.32,0.54,11.03
1,1544166834410,-1.13,1.11,11.05
1,1544166834411,-1.03,1.23,11.26
1,1544166834411,-1.19,1.01,11.67
1,1544166834412,-1.75,-0.11,12.08
1,1544166834412,-1.73,-0.41,12.24
1,1544166834412,-1.38,-0.41,12.22
1,1544166834413,-0.87,-0.19,12.07
1,1544166834413,-0.21,0.44,11.85
1,1544166834474,-0.29,0.68,11.93
1,1544166834475,-0.66,0.76,11.93
1,1544166834475,-1.34,0.72,12.03
1,1544166834476,-2.05,-0.42,12.38
1,1544166834477,-1.77,-0.93,12.53
1,1544166834477,-1.38,-1.11,12.73
1,1544166834478,-1.09,-1.05,12.85
1,1544166834553,-1.5,-0.52,12.79
1,1544166834555,-1.93,-0.41,12.81
1,1544166834555,-2.34,-0.54,12.79
1,1544166834556,-2.79,-0.76,12.71
1,1544166834557,-3.24,-1.11,12.98
1,1544166834558,-3.1,-1.11,13.0
1,1544166834558,-2.85,-1.11,12.83
1,1544166834559,-2.53,-1.07,12.46
1,1544166834628,-2.14,-0.85,11.97
1,1544166834648,-2.2,-0.8,11.81
1,1544166834649,-2.3,-0.89,11.69
1,1544166834650,-2.42,-1.05,11.48
1,1544166834650,-2.59,-1.5,10.95
1,1544166834651,-2.73,-1.66,10.76
1,1544166834652,-2.94,-1.48,10.56
1,1544166834715,-3.16,-1.17,10.19
1,1544166834716,-3.59,-0.76,9.76
1,1544166834717,-3.8,-0.68,9.78
1,1544166834717,-4.0,-0.93,9.8
1,1544166834718,-4.06,-1.34,9.51
1,1544166834718,-4.19,-2.91,9.33
1,1544166834719,-4.41,-3.59,9.25
1,1544166834776,-4.76,-4.0,9.06
1,1544166834797,-5.07,-3.63,8.8
1,1544166834798,-4.68,-1.58,7.92
1,1544166834798,-4.17,-1.11,7.22
1,1544166834799,-3.71,-1.13,6.85
1,1544166834800,-3.28,-1.56,6.79
1,1544166834800,-3.24,-3.49,6.3
1,1544166834801,-3.75,-4.78,6.15
1,1544166834853,-4.47,-5.72,6.15
1,1544166834854,-5.05,-5.6,5.74
1,1544166834855,-4.21,-2.73,3.0
1,1544166834856,-4.0,-0.93,1.36
1,1544166834856,-3.51,0.13,0.27
1,1544166834857,-3.16,0.01,-0.39
1,1544166834857,-3.94,-2.55,0.25
1,1544166834858,-4.39,-3.75,1.07
1,1544166834928,-4.6,-3.94,1.25
1,1544166834930,-4.58,-3.24,1.13
1,1544166834931,-4.0,-1.01,-0.27
1,1544166834931,-3.55,-0.82,-1.15
1,1544166834932,-3.3,-1.54,-1.6
1,1544166834933,-3.57,-3.59,-1.71
1,1544166834934,-4.8,-7.61,-1.5
1,1544166835018,-5.09,-8.55,-0.95
1,1544166835019,-5.23,-8.02,-0.58
1,1544166835020,-5.19,-6.32,-1.17
1,1544166835021,-5.85,-4.23,-2.42
1,1544166835021,-6.64,-5.01,-2.07
1,1544166835022,-7.1,-6.58,-1.46
1,1544166835023,-7.08,-8.16,-0.95
1,1544166835023,-6.11,-9.17,0.5
1,1544166835076,-5.64,-8.51,0.66
1,1544166835152,-5.48,-8.12,0.62
1,1544166835153,-5.52,-8.55,0.37
1,1544166835168,-5.95,-11.85,1.26
1,1544166835169,-5.8,-12.87,1.91
1,1544166835170,-5.19,-12.83,1.95
1,1544166835171,-4.41,-12.08,1.66
1,1544166835171,-3.22,-8.94,0.25
1,1544166835172,-2.38,-7.18,-1.17
1,1544166835228,-1.56,-5.99,-2.73
1,1544166835229,-0.68,-5.54,-3.82
1,1544166835230,-1.85,-5.95,-7.34
1,1544166835230,-2.81,-4.49,-8.78
1,1544166835253,-1.77,-3.41,-11.11
1,1544166835255,-0.66,-3.65,-11.81
1,1544166835256,0.27,-4.19,-12.46
1,1544166835257,0.95,-5.09,-13.08
1,1544166835321,1.28,-4.86,-13.0
1,1544166835322,0.83,-4.49,-12.63
1,1544166835322,0.48,-5.03,-12.79
1,1544166835323,0.39,-5.83,-12.77
1,1544166835323,0.66,-5.68,-12.75
1,1544166835324,0.99,-5.68,-13.16
1,1544166835325,2.08,-7.07,-13.28
1,1544166835325,2.53,-7.91,-13.06
1,1544166835374,2.59,-8.43,-12.94
1,1544166835375,2.4,-8.37,-12.73
1,1544166835377,2.01,-6.87,-12.61
1,1544166835378,1.99,-6.15,-12.87
1,1544166835378,2.07,-5.78,-12.91
1,1544166835379,2.1,-5.74,-12.87
1,1544166835380,1.99,-6.25,-12.83
1,1544166835380,1.91,-6.54,-13.24
1,1544166835624,1.81,-6.64,-13.63
1,1544166835626,1.87,-6.52,-13.51
1,1544166835627,1.54,-6.75,-13.98
1,1544166835628,1.46,-6.97,-14.33
1,1544166835629,1.75,-7.08,-14.66
1,1544166835678,2.36,-6.73,-15.11
1,1544166835679,3.08,-5.91,-15.46
1,1544166835680,3.88,-3.8,-16.26
1,1544166835681,4.02,-3.18,-16.79
1,1544166835681,3.9,-2.96,-17.08
1,1544166835682,2.32,-11.13,-19.86
1,1544166835682,2.28,-8.2,-20.58
1,1544166835683,2.94,-6.77,-21.56
1,1544166835748,3.71,-5.7,-22.79
1,1544166835749,6.19,0.13,-21.11
1,1544166835750,5.37,0.85,-19.57
1,1544166835750,5.13,1.03,-19.02
1,1544166835751,5.05,0.91,-18.76
1,1544166835751,5.29,0.72,-18.59
1,1544166835752,6.23,1.09,-17.53
1,1544166835752,6.09,1.34,-16.83
1,1544166835826,5.62,1.58,-15.76
1,1544166835837,5.07,1.81,-14.74
1,1544166835838,3.94,2.28,-13.1
1,1544166835840,3.35,2.5,-12.22
1,1544166835841,2.79,2.85,-11.48
1,1544166835842,2.38,3.16,-11.03
1,1544166835843,1.89,3.43,-10.07
1,1544166835844,1.91,3.37,-10.0
1,1544166835901,2.05,3.32,-9.16
1,1544166835901,2.34,3.22,-7.59
1,1544166835922,2.92,2.42,-3.76
1,1544166835923,2.96,1.62,-1.89
1,1544166835923,2.91,0.82,-0.19
1,1544166835924,2.55,0.23,1.07
1,1544166835925,1.4,-0.35,2.07
1,1544166835925,0.91,-0.48,2.36
1,1544166835985,0.62,-0.46,2.87
1,1544166835987,0.52,-0.33,3.59
1,1544166835987,-0.56,-0.44,4.84
1,1544166835987,-1.19,-0.95,5.6
1,1544166835987,-1.75,-1.36,6.42
1,1544166835988,-2.14,-1.99,7.07
1,1544166835988,-2.36,-2.91,8.08
1,1544166836051,-2.14,-3.1,8.41
1,1544166836052,-1.89,-3.43,8.76
1,1544166836052,-1.71,-3.84,9.0
1,1544166836071,-2.1,-4.45,10.09
1,1544166836072,-2.91,-4.1,10.64
1,1544166836072,-3.98,-3.32,10.87
1,1544166836072,-4.84,-2.22,10.72
1,1544166836073,-5.27,-0.66,10.17
1,1544166836125,-5.11,-0.33,9.92
1,1544166836126,-5.11,-0.6,9.92
1,1544166836126,-5.21,-1.25,10.05
1,1544166836126,-5.19,-2.61,10.54
1,1544166836127,-5.09,-2.83,10.93
1,1544166836127,-4.92,-2.65,11.36
1,1544166836127,-4.57,-1.95,11.73
1,1544166836202,-3.9,-0.6,12.26
1,1544166836203,-3.61,-0.07,12.18
1,1544166836203,-3.2,-0.05,11.91
1,1544166836204,-2.83,-0.37,11.83
1,1544166836204,-2.18,-0.93,12.12
1,1544166836228,-2.03,-0.74,12.08
1,1544166836229,-2.05,-0.29,11.87
1,1544166836229,-2.36,0.19,11.56
1,1544166836275,-3.14,1.19,11.19
1,1544166836275,-3.04,1.4,10.93
1,1544166836276,-2.69,1.28,10.8
1,1544166836276,-2.32,0.95,10.91
1,1544166836277,-1.91,0.27,11.03
1,1544166836290,-2.1,0.37,11.3
1,1544166836290,-2.48,0.93,11.44
1,1544166836385,-2.73,1.73,11.56
1,1544166836426,-2.42,2.87,11.56
1,1544166836427,-1.91,2.48,11.69
1,1544166836428,-1.38,1.58,12.01
1,1544166836429,-0.93,0.58,12.42
1,1544166836430,-0.89,-0.66,13.51
1,1544166836430,-1.25,-0.44,13.63
1,1544166836431,-1.71,0.39,13.37
1,1544166836431,-2.1,1.52,12.91
1,1544166836505,-2.16,3.32,11.71
1,1544166836506,-3.12,0.35,12.01
1,1544166836507,-3.02,0.27,12.3
1,1544166836508,-2.05,0.56,12.48
1,1544166836509,-1.73,0.64,12.42
1,1544166836510,-1.75,0.54,12.32
1,1544166836510,-1.95,0.5,12.14
1,1544166836511,-2.34,-0.05,11.85
1,1544166836575,-2.44,-0.48,11.81
1,1544166836576,-2.48,-0.78,11.81
1,1544166836577,-2.55,-0.37,11.36
1,1544166836651,-2.91,0.54,11.11
1,1544166836651,-3.18,0.42,10.97
1,1544166836652,-3.53,-0.09,11.03
1,1544166836652,-3.82,-0.72,11.05
1,1544166836652,-3.88,-1.26,11.23
1,1544166836653,-3.82,-1.36,11.26
1,1544166836681,-3.71,-1.17,11.11
1,1544166836682,-3.63,-0.89,10.85
1,1544166836725,-3.47,-0.09,10.29
1,1544166836727,-3.55,0.0,10.03
1,1544166836728,-4.04,-0.56,9.06
1,1544166836744,-3.78,-0.56,8.71
1,1544166836745,-3.51,-0.64,8.12
1,1544166836745,-3.39,-0.91,7.63
1,1544166836745,-3.26,-1.25,6.56
1,1544166836746,-3.18,-1.44,5.97
1,1544166836799,-2.96,-1.36,5.33
1,1544166836800,-1.87,-0.29,3.53
1,1544166836800,-1.93,-0.25,2.73
1,1544166836800,-2.34,-0.68,2.2
1,1544166836800,-3.24,-1.19,2.4
1,1544166836801,-4.49,-2.36,3.0
1,1544166836801,-4.55,-2.69,2.96
1,1544166836811,-4.17,-2.85,2.38
1,1544166836875,-3.8,-3.3,1.67
1,1544166836876,-3.96,-4.14,0.97
1,1544166836876,-4.43,-4.23,0.5
1,1544166836877,-4.92,-4.14,0.09
1,1544166836894,-5.25,-4.27,-0.31
1,1544166836895,-5.89,-5.03,0.25
1,1544166836895,-6.19,-5.25,0.72
1,1544166836895,-6.44,-4.92,1.25
1,1544166836950,-6.42,-4.14,1.36
1,1544166836950,-5.15,-4.31,-0.56
1,1544166836951,-4.92,-6.21,-1.89
1,1544166836951,-5.41,-8.71,-2.24
1,1544166836952,-6.6,-11.25,-2.16
1,1544166836953,-7.94,-12.03,-1.26
1,1544166836953,-7.85,-7.28,-0.68
1,1544166836954,-6.77,-3.98,-1.05
1,1544166837022,-5.62,-1.58,-1.26
1,1544166837024,-4.62,-0.85,-1.6
1,1544166837024,-3.67,-3.69,-3.14
1,1544166837024,-3.96,-7.73,-3.28
1,1544166837025,-4.8,-11.91,-2.73
1,1544166837026,-5.97,-14.7,-1.93
1,1544166837026,-6.89,-14.1,-1.48
1,1544166837099,-6.62,-11.83,-3.45
1,1544166837100,-5.78,-8.8,-5.6
1,1544166837101,-4.16,-5.11,-5.5
1,1544166837114,-1.52,0.0,-6.66
1,1544166837114,-1.23,0.7,-7.14
1,1544166837114,-1.73,-0.01,-7.44
1,1544166837115,-2.51,-1.34,-7.94
1,1544166837115,-3.69,-4.55,-8.8
1,1544166837172,-3.45,-5.46,-9.29
1,1544166837196,-2.61,-5.5,-9.84
1,1544166837197,-1.52,-4.64,-10.42
1,1544166837198,0.03,-1.52,-10.91
1,1544166837198,0.15,-0.62,-11.28
1,1544166837199,-0.01,-0.25,-11.3
1,1544166837199,-0.23,-0.72,-11.19
1,1544166837255,-0.62,-3.02,-11.21
1,1544166837257,-0.62,-4.31,-11.32
1,1544166837258,-0.5,-5.42,-11.52
1,1544166837260,-0.03,-6.25,-11.58
1,1544166837262,0.83,-7.16,-11.03
1,1544166837263,1.34,-7.03,-10.5
1,1544166837265,1.75,-6.5,-9.98
1,1544166837266,2.16,-5.87,-10.31
1,1544166837324,1.91,-4.58,-10.87
1,1544166837325,1.97,-3.55,-10.97
1,1544166837325,2.48,-2.53,-11.89
1,1544166837325,3.06,-1.6,-12.91
1,1544166837325,4.37,0.25,-12.89
1,1544166837326,4.7,1.48,-13.02
1,1544166837326,4.68,2.3,-13.69
1,1544166837399,4.17,2.18,-14.64
1,1544166837414,2.98,-0.17,-15.42
1,1544166837414,2.55,-1.42,-15.99
1,1544166837414,2.2,-2.59,-17.08
1,1544166837415,2.22,-3.2,-17.91
1,1544166837415,2.96,-2.92,-17.98
1,1544166837415,3.22,-2.81,-18.57
1,1544166837415,3.08,-2.98,-19.02
1,1544166837473,2.67,-3.32,-19.47
1,1544166837482,1.77,-5.09,-22.53
1,1544166837483,1.64,-6.28,-23.84
1,1544166837483,1.54,-6.79,-22.57
1,1544166837483,1.46,-7.71,-23.37
1,1544166837484,0.56,-10.11,-25.5
1,1544166837484,0.58,-8.78,-25.17
1,1544166837550,0.99,-7.16,-24.51
1,1544166837550,1.4,-6.56,-22.83
1,1544166837574,1.85,-8.45,-18.88
1,1544166837574,2.1,-9.12,-17.65
1,1544166837575,2.03,-8.76,-16.99
1,1544166837575,1.66,-8.08,-17.2
1,1544166837576,1.28,-7.2,-19.06
1,1544166837577,1.83,-6.4,-20.33
1,1544166837626,2.44,-5.29,-21.77
1,1544166837627,2.59,-4.17,-23.1
1,1544166837627,2.46,-3.22,-23.92
1,1544166837628,2.48,-3.47,-23.18
1,1544166837628,2.5,-4.0,-22.44
1,1544166837629,2.36,-4.6,-21.95
1,1544166837630,2.79,-4.96,-21.62
1,1544166837699,3.16,-4.39,-22.03
1,1544166837717,3.37,-3.45,-22.48
1,1544166837717,3.55,-2.22,-22.44
1,1544166837717,3.39,-0.46,-22.2
1,1544166837718,3.33,-0.07,-22.24
1,1544166837718,3.73,-0.17,-21.44
1,1544166837718,4.33,-0.33,-20.42
1,1544166837797,5.6,0.09,-18.35
1,1544166837798,5.91,1.01,-17.14
1,1544166837798,6.15,1.85,-16.3
1,1544166837798,6.25,2.42,-15.37
1,1544166837798,6.3,2.83,-13.53
1,1544166837799,6.32,2.92,-12.3
1,1544166837799,6.36,2.94,-11.26
1,1544166837799,6.42,2.98,-10.19
1,1544166837847,6.99,3.2,-7.81
1,1544166837869,7.24,3.32,-6.62
1,1544166837869,7.48,3.53,-5.09
1,1544166837869,7.55,3.75,-3.57
1,1544166837870,6.89,2.96,-0.91
1,1544166837870,6.4,1.93,0.52
1,1544166837870,4.74,0.01,2.16
1,1544166837870,3.47,-0.62,2.83
1,1544166837924,0.21,-0.19,4.76
1,1544166837939,-1.38,1.32,5.56
1,1544166837940,-2.18,2.92,6.34
1,1544166837941,-2.28,3.57,7.05
1,1544166837941,-3.14,2.44,9.33
1,1544166837941,-3.12,0.6,10.64
1,1544166837942,-2.38,-0.95,11.85
1,1544166838000,-1.54,-1.6,13.12
1,1544166838002,-1.28,-1.03,14.29
1,1544166838008,-1.93,0.03,14.02
1,1544166838074,-2.61,1.13,13.71
1,1544166838075,-3.1,1.79,13.49
1,1544166838077,-3.9,1.91,13.18
1,1544166838079,-4.04,1.67,12.51
1,1544166838080,-4.19,1.48,12.24
1,1544166838081,-4.43,1.6,12.4
1,1544166838082,-4.55,2.1,11.46
1,1544166838084,-4.16,1.64,11.05
1,1544166838150,-3.65,0.56,11.15
1,1544166838151,-3.82,-1.15,12.26
1,1544166838152,-3.76,0.05,12.05
1,1544166838153,-3.45,0.93,11.58
1,1544166838153,-3.14,0.46,10.25
1,1544166838154,-3.08,-0.15,9.68
1,1544166838154,-2.91,-0.6,9.29
1,1544166838155,-3.02,-1.03,8.69
1,1544166838303,-3.41,-1.05,9.02
1,1544166838304,-3.73,-0.87,9.35
1,1544166838304,-3.73,-0.13,9.53
1,1544166838305,-2.59,1.79,9.08
1,1544166838305,-1.83,2.3,9.29
1,1544166838378,-1.17,2.36,9.78
1,1544166838380,-1.03,2.2,10.6
1,1544166838381,-1.46,2.14,11.5
1,1544166838383,-2.4,2.59,11.75
1,1544166838384,-2.08,2.77,11.66
1,1544166838385,-1.77,3.75,10.44
1,1544166838386,-2.24,3.8,10.39
1,1544166838387,-1.87,3.14,10.44
1,1544166838448,-1.42,2.32,10.64
1,1544166838523,-2.91,3.55,11.19
1,1544166838525,-2.01,2.94,11.46
1,1544166838526,-1.66,1.79,11.56
1,1544166838527,-1.67,0.97,11.66
1,1544166838528,-1.77,0.82,11.6
1,1544166838528,-2.5,1.71,11.5
1,1544166838529,-2.96,2.01,11.54
1,1544166838530,-3.26,1.87,11.54
1,1544166838598,-3.39,1.44,11.69
1,1544166838673,-3.71,0.27,11.91
1,1544166838750,-4.51,1.67,10.97
1,1544166838751,-4.51,0.93,10.82
1,1544166838751,-4.53,0.07,10.58
1,1544166838779,-4.74,0.44,10.31
1,1544166838780,-4.84,0.99,10.03
1,1544166838781,-4.76,1.38,9.9
1,1544166838781,-4.7,1.03,9.47
1,1544166838781,-4.74,0.13,9.23
1,1544166838823,-4.0,-1.48,6.13
1,1544166838825,-4.55,-1.25,5.82
1,1544166838825,-2.73,-4.19,1.21
1,1544166838827,-3.55,-3.9,1.32
1,1544166838827,-4.14,-2.77,1.3
1,1544166838827,-4.35,-1.42,0.62
1,1544166838828,-4.14,-1.89,-2.14
1,1544166838828,-4.51,-4.17,-2.4
1,1544166838900,-5.11,-6.48,-1.89
1,1544166838901,-6.6,-8.18,-2.26
1,1544166838901,-6.17,-6.17,-2.53
1,1544166838910,-5.31,-4.16,-3.06
1,1544166838910,-4.58,-3.61,-3.57
1,1544166838910,-5.21,-7.36,-3.12
1,1544166838911,-6.13,-9.58,-2.98
1,1544166838911,-7.07,-10.74,-2.63
1,1544166838973,-7.34,-10.64,-2.42
1,1544166838974,-5.56,-7.87,-2.75
1,1544166838974,-4.39,-6.19,-2.73
1,1544166839051,-3.63,-4.94,-2.57
1,1544166839053,-3.22,-4.19,-2.34
1,1544166839053,-3.67,-4.68,-1.91
1,1544166839054,-4.33,-5.44,-1.75
1,1544166839054,-4.9,-5.99,-1.85
1,1544166839054,-5.29,-6.48,-2.1
1,1544166839055,-4.76,-6.81,-2.5
1,1544166839055,-4.06,-6.3,-2.91
1,1544166839127,-3.35,-5.46,-3.47
1,1544166839129,-2.81,-4.49,-4.1
1,1544166839130,-2.75,-2.83,-6.32
1,1544166839131,-2.91,-2.96,-7.12
1,1544166839131,-2.38,-3.2,-8.67
1,1544166839132,-1.83,-3.28,-9.47
1,1544166839133,-1.19,-3.22,-10.03
1,1544166839133,-0.46,-2.69,-10.29
1,1544166839202,-0.05,-0.83,-11.23
1,1544166839228,-0.07,-0.23,-12.75
1,1544166839229,-0.23,-0.89,-13.14
1,1544166839230,0.46,-1.91,-12.16
1,1544166839231,0.74,-2.36,-12.3
1,1544166839231,1.93,-3.02,-13.22
1,1544166839232,2.51,-3.63,-13.1
1,1544166839233,4.08,-5.97,-12.51
1,1544166839276,4.9,-6.93,-12.57
1,1544166839279,5.52,-6.42,-12.77
1,1544166839279,5.83,-4.12,-13.53
1,1544166839293,4.68,1.6,-14.84
1,1544166839294,3.76,2.59,-15.42
1,1544166839295,3.33,1.79,-15.33
1,1544166839295,3.24,-0.33,-14.9
1,1544166839295,3.8,-3.55,-14.76
1,1544166839352,4.25,-3.14,-15.07
1,1544166839353,4.62,-1.69,-15.25
1,1544166839354,4.72,-0.5,-15.58
1,1544166839355,4.19,1.01,-16.05
1,1544166839355,4.0,1.05,-16.81
1,1544166839355,3.75,0.41,-18.9
1,1544166839356,3.78,-0.56,-17.48
1,1544166839357,4.45,-4.08,-21.42
1,1544166839425,2.94,-5.37,-22.55
1,1544166839503,3.18,-4.84,-21.09
1,1544166839577,4.72,-3.67,-21.32
1,1544166839577,2.94,-3.49,-20.83
1,1544166839578,2.26,-4.9,-22.42
1,1544166839595,1.77,-5.91,-22.08
1,1544166839596,1.97,-5.27,-20.74
1,1544166839596,3.28,-2.05,-19.76
1,1544166839597,2.79,-1.66,-19.78
1,1544166839598,1.56,-2.28,-19.74
1,1544166839655,-1.11,-7.63,-20.39
1,1544166839656,5.74,-6.03,-24.51
1,1544166839657,7.5,-3.47,-23.82
1,1544166839657,7.71,-1.85,-23.37
1,1544166839658,7.61,-0.56,-22.61
1,1544166839658,7.2,0.97,-21.91
1,1544166839659,6.48,2.22,-21.34
1,1544166839659,4.98,3.37,-19.27
1,1544166839730,4.43,3.55,-17.85
1,1544166839732,4.04,3.71,-16.69
1,1544166839732,3.9,3.98,-15.44
1,1544166839733,3.35,4.96,-12.63
1,1544166839734,3.2,5.41,-11.13
1,1544166839734,3.06,6.05,-9.76
1,1544166839735,2.71,6.62,-8.49
1,1544166839735,2.44,6.67,-5.74
1,1544166839801,2.71,5.56,-4.66
1,1544166839802,2.91,4.17,-3.57
1,1544166839802,3.0,2.96,-2.4
1,1544166839803,2.42,1.95,0.25
1,1544166839804,1.71,1.81,1.09
1,1544166839877,0.85,1.6,1.44
1,1544166839877,0.25,1.05,1.87
1,1544166839878,-1.46,-0.37,3.43
1,1544166839878,-1.95,-0.72,4.08
1,1544166839879,-2.1,-0.85,4.43
1,1544166839879,-2.16,-0.72,5.01
1,1544166839879,-2.32,-0.07,6.23
1,1544166839880,-2.51,-0.31,6.3
1,1544166839949,-2.98,-1.03,6.44
1,1544166839951,-3.65,-1.89,6.56
1,1544166839951,-4.94,-3.24,7.1
1,1544166839952,-5.07,-3.12,7.12
1,1544166839953,-5.0,-2.63,6.95
1,1544166839953,-4.86,-1.99,6.87
1,1544166839954,-5.15,-2.61,6.81
1,1544166839954,-5.6,-3.98,6.99
1,1544166840023,-5.99,-5.35,7.51
1,1544166840024,-6.38,-6.05,8.06
1,1544166840025,-6.97,-4.74,8.02
1,1544166840026,-6.64,-3.35,8.24
1,1544166840027,-5.82,-2.08,8.57
1,1544166840031,-4.82,-1.58,8.9
1,1544166840032,-3.35,-2.71,9.88
1,1544166840033,-3.1,-3.39,10.25
1,1544166840099,-3.1,-3.43,10.25
1,1544166840100,-3.12,-3.0,10.07
1,1544166840117,-2.53,-1.97,9.7
1,1544166840118,-1.99,-1.75,9.8
1,1544166840119,-1.54,-1.62,9.96
1,1544166840119,-1.19,-1.56,10.03
1,1544166840120,-1.46,-1.89,9.76
1,1544166840121,-1.83,-1.73,9.7
1,1544166840175,-2.05,-1.09,9.76
1,1544166840183,-2.1,-0.21,9.74
1,1544166840184,-2.03,1.01,9.72
1,1544166840184,-2.01,0.82,9.86
1,1544166840185,-2.01,0.35,10.13
1,1544166840185,-1.89,-0.17,10.52
1,1544166840185,-1.38,-0.82,10.72
1,1544166840186,-1.26,-0.68,10.72
1,1544166840249,-1.52,-0.13,10.83
1,1544166840250,-2.01,0.7,10.85
1,1544166840250,-2.4,1.75,11.3
1,1544166840251,-1.93,1.95,11.67
1,1544166840251,-1.28,1.81,12.22
1,1544166840252,-0.74,1.25,12.57
1,1544166840272,-1.42,-0.29,13.16
1,1544166840273,-1.97,-0.41,13.41
1,1544166840329,-2.28,0.13,14.02
1,1544166840351,-2.16,1.03,14.49
1,1544166840352,-1.07,2.4,14.86
1,1544166840352,-0.48,2.5,14.74
1,1544166840353,-0.29,1.97,14.6
1,1544166840353,-0.56,1.23,14.43
1,1544166840354,-1.42,0.52,14.66
1,1544166840400,-1.58,0.7,14.41
1,1544166840401,-1.75,1.03,14.14
1,1544166840405,-2.01,1.17,13.63
1,1544166840406,-3.02,0.99,12.98
1,1544166840407,-3.43,0.89,12.79
1,1544166840408,-3.53,0.82,12.67
1,1544166840408,-3.47,0.66,12.42
1,1544166840410,-3.02,0.0,11.85
1,1544166840475,-3.06,-0.27,11.83
1,1544166840475,-3.32,-0.39,11.67
1,1544166840476,-3.67,-0.33,11.28
1,1544166840486,-4.27,-0.07,10.82
1,1544166840486,-4.33,-0.21,10.72
1,1544166840487,-4.14,-0.68,10.6
1,1544166840487,-3.84,-1.15,10.58
1,1544166840549,-3.45,-1.48,10.35
1,1544166840570,-3.28,-1.25,9.92
1,1544166840571,-3.22,-1.03,9.66
1,1544166840571,-3.32,-0.58,9.25
1,1544166840571,-3.82,-0.23,8.2
1,1544166840572,-3.9,-0.31,7.96
1,1544166840572,-3.73,-0.83,7.69
1,1544166840572,-3.53,-0.97,7.65
1,1544166840623,-3.08,-0.52,7.01
1,1544166840624,-2.81,-0.35,6.52
1,1544166840624,-2.59,-0.52,5.89
1,1544166840625,-2.5,-0.85,5.13
1,1544166840625,-2.81,-1.25,3.78
1,1544166840625,-3.32,-1.42,3.16
1,1544166840626,-3.88,-1.6,2.61
1,1544166840703,-4.25,-1.64,2.4
1,1544166840704,-4.72,-1.19,2.22
1,1544166840704,-4.68,-1.11,2.1
1,1544166840705,-4.51,-1.11,1.87
1,1544166840705,-4.35,-1.15,1.56
1,1544166840706,-3.8,-1.52,1.15
1,1544166840707,-3.53,-2.08,1.07
1,1544166840708,-3.45,-2.81,1.19
1,1544166840777,-3.55,-3.18,1.19
1,1544166840778,-4.49,-3.59,-0.01
1,1544166840780,-5.01,-3.47,-0.66
1,1544166840781,-5.15,-2.81,-1.46
1,1544166840783,-5.19,-1.87,-2.3
1,1544166840784,-5.09,-1.13,-3.45
1,1544166840785,-4.66,-1.58,-3.67
1,1544166840851,-4.1,-3.06,-3.65
1,1544166840852,-3.73,-5.0,-3.57
1,1544166840853,-3.26,-8.08,-3.57
1,1544166840854,-3.2,-8.43,-3.82
1,1544166840855,-3.37,-8.1,-4.1
1,1544166840856,-3.63,-7.28,-4.39
1,1544166840857,-3.55,-5.7,-5.58
1,1544166840858,-3.16,-5.52,-6.54
1,1544166840930,-2.51,-5.78,-6.89
1,1544166840931,-1.77,-6.11,-6.85
1,1544166840931,-0.72,-6.67,-7.1
1,1544166840931,-0.46,-6.54,-7.24
1,1544166840932,-0.27,-6.01,-7.3
1,1544166840932,-0.09,-5.42,-7.42
1,1544166840932,-0.11,-4.88,-7.51
1,1544166841001,-0.76,-4.19,-8.35
1,1544166841002,-0.89,-4.08,-8.96
1,1544166841003,-0.56,-4.17,-9.45
1,1544166841004,0.17,-4.55,-9.86
1,1544166841005,1.13,-5.19,-10.01
1,1544166841005,1.4,-4.88,-9.98
1,1544166841006,1.54,-4.16,-10.05
1,1544166841006,1.62,-3.49,-10.6
1,1544166841079,2.32,-2.91,-12.79
1,1544166841080,3.12,-2.71,-14.21
1,1544166841081,3.96,-2.32,-15.09
1,1544166841081,4.49,-1.99,-15.41
1,1544166841082,4.08,-2.03,-15.19
1,1544166841083,3.73,-2.24,-14.35
1,1544166841083,3.57,-2.73,-14.78
1,1544166841167,3.84,-3.26,-15.31
1,1544166841168,6.01,-4.45,-16.15
1,1544166841168,7.05,-5.17,-16.66
1,1544166841168,7.63,-5.58,-16.69
1,1544166841169,7.59,-5.83,-16.44
1,1544166841169,6.46,-6.71,-15.17
1,1544166841169,5.85,-7.38,-14.94
1,1544166841170,5.7,-7.85,-14.84
