1,1547552145500,9.0,2.89,2.83
1,1547552145500,9.14,3.02,2.55
1,1547552145501,9.19,2.96,2.55
1,1547552145501,9.17,2.65,2.67
1,1547552145502,9.21,2.51,2.57
1,1547552145502,9.41,2.67,2.48
1,1547552145502,9.45,2.69,2.59
1,1547552145574,9.53,2.61,2.59
1,1547552145574,9.6,2.44,2.61
1,1547552145586,9.8,2.38,2.67
1,1547552145586,9.88,2.48,2.59
1,1547552145586,9.86,2.48,2.53
1,1547552145587,9.96,2.53,2.51
1,1547552145587,10.07,2.42,2.3
1,1547552145587,10.09,2.36,2.38
1,1547552145650,9.94,2.4,2.55
1,1547552145651,9.84,2.32,2.63
1,1547552145651,9.78,2.3,2.57
1,1547552145651,9.84,2.26,2.44
1,1547552145651,9.8,2.26,2.51
1,1547552145724,9.64,2.03,2.46
1,1547552145725,9.98,2.01,2.24
1,1547552145734,9.96,1.93,2.16
1,1547552145734,10.03,1.89,2.05
1,1547552145734,10.09,1.89,1.99
1,1547552145735,10.13,1.85,2.08
1,1547552145735,10.05,1.85,1.97
1,1547552145735,9.88,1.87,2.05
1,1547552145801,9.88,1.89,2.03
1,1547552145815,9.68,1.87,2.03
1,1547552145816,9.53,1.79,2.05
1,1547552145816,9.58,1.81,1.69
1,1547552145816,9.58,1.85,1.62
1,1547552145817,9.55,1.87,1.75
1,1547552145817,9.27,1.89,1.58
1,1547552145817,9.06,2.08,1.5
1,1547552145876,9.0,2.3,1.5
1,1547552145877,8.73,2.03,1.66
1,1547552145877,8.51,1.85,1.97
1,1547552145879,8.41,1.67,2.18
1,1547552145879,8.32,1.54,2.3
1,1547552145880,8.12,1.56,2.42
1,1547552145880,8.02,1.5,2.34
1,1547552145880,7.94,1.52,2.18
1,1547552145948,7.96,1.5,1.93
1,1547552145966,8.02,1.36,1.13
1,1547552145967,8.92,1.34,-0.03
1,1547552145967,9.47,1.38,0.0
1,1547552145967,9.78,1.5,0.33
1,1547552145967,9.88,1.64,0.76
1,1547552145967,9.33,1.66,1.42
1,1547552145968,8.76,1.62,1.93
1,1547552146023,8.47,1.56,1.81
1,1547552146036,8.45,1.3,1.42
1,1547552146036,9.21,0.31,-0.31
1,1547552146037,9.7,0.44,-0.35
1,1547552146038,10.05,0.91,-0.37
1,1547552146039,10.19,1.56,-0.37
1,1547552146039,10.07,2.08,0.15
1,1547552146099,9.84,2.16,0.48
1,1547552146099,9.6,2.1,0.62
1,1547552146100,9.41,1.93,0.83
1,1547552146100,9.35,1.58,1.09
1,1547552146118,9.31,1.3,0.89
1,1547552146118,9.47,1.09,0.8
1,1547552146118,9.55,1.09,0.93
1,1547552146118,9.43,1.13,1.03
1,1547552146176,9.27,1.38,0.93
1,1547552146177,9.19,1.69,0.97
1,1547552146177,9.21,1.87,0.74
1,1547552146177,9.33,1.89,0.87
1,1547552146178,9.29,1.83,0.89
1,1547552146178,9.14,1.64,0.8
1,1547552146179,9.16,1.42,0.83
1,1547552146179,9.16,1.3,0.82
1,1547552146251,9.49,1.32,0.72
1,1547552146252,9.68,1.6,0.82
1,1547552146252,9.86,1.87,0.7
1,1547552146253,10.05,2.01,0.56
1,1547552146253,10.05,2.61,0.46
1,1547552146253,10.01,2.44,0.68
1,1547552146253,9.96,2.12,0.89
1,1547552146325,9.94,1.87,0.99
1,1547552146326,9.98,1.79,1.09
1,1547552146326,9.98,1.77,0.89
1,1547552146327,9.88,1.85,0.72
1,1547552146327,9.68,2.05,0.52
1,1547552146327,9.57,2.24,0.46
1,1547552146327,9.45,2.22,0.54
1,1547552146328,9.41,2.05,0.6
1,1547552146477,9.45,1.93,0.68
1,1547552146488,9.43,1.89,0.68
1,1547552146489,9.41,1.85,0.87
1,1547552146489,9.39,1.83,1.01
1,1547552146489,9.37,1.81,1.09
1,1547552146550,9.39,1.79,1.17
1,1547552146551,9.51,1.87,1.17
1,1547552146552,9.62,1.89,1.36
1,1547552146552,9.78,1.87,1.4
1,1547552146552,9.86,1.87,1.38
1,1547552146553,10.42,0.87,0.46
1,1547552146553,10.37,1.3,0.17
1,1547552146553,10.37,1.73,0.01
1,1547552146627,10.31,1.91,-0.15
1,1547552146628,9.94,1.85,0.11
1,1547552146628,9.64,1.52,0.25
1,1547552146629,9.47,1.46,0.27
1,1547552146629,9.33,1.46,0.21
1,1547552146629,9.19,1.64,0.15
1,1547552146629,9.27,1.85,0.05
1,1547552146630,9.19,1.89,0.07
1,1547552146703,9.17,1.87,0.05
1,1547552146704,9.17,1.87,-0.05
1,1547552146704,9.23,1.85,-0.13
1,1547552146704,9.29,1.67,-0.37
1,1547552146705,9.35,1.48,-0.37
1,1547552146776,9.51,1.3,-0.33
1,1547552146776,9.62,1.23,-0.44
1,1547552146777,10.01,1.4,-0.09
1,1547552146791,10.07,1.44,0.03
1,1547552146791,10.13,1.34,0.17
1,1547552146791,10.03,1.13,0.25
1,1547552146792,10.05,0.62,0.6
1,1547552146792,10.0,0.46,0.62
1,1547552146851,9.98,0.31,0.68
1,1547552146858,9.84,0.56,0.83
1,1547552146858,9.92,0.62,1.01
1,1547552146858,9.98,0.52,1.13
1,1547552146859,9.98,0.52,1.21
1,1547552146859,9.98,0.82,1.17
1,1547552146859,9.94,0.91,1.09
1,1547552146859,9.94,1.01,1.01
1,1547552146924,9.94,1.13,0.95
1,1547552146925,9.78,1.28,0.99
1,1547552146925,9.7,1.28,0.93
1,1547552146925,9.6,1.21,0.8
1,1547552146925,9.55,1.11,0.6
1,1547552146940,9.74,1.05,0.5
1,1547552146941,9.74,1.03,0.5
1,1547552146941,9.66,1.05,0.25
1,1547552147003,9.64,1.19,0.11
1,1547552147004,9.64,1.64,-0.15
1,1547552147004,9.72,1.69,-0.17
1,1547552147004,9.7,1.71,-0.25
1,1547552147005,9.76,1.67,-0.27
1,1547552147005,9.78,1.6,-0.29
1,1547552147005,9.8,1.54,-0.25
1,1547552147005,9.82,1.5,-0.23
1,1547552147079,9.82,1.52,-0.23
1,1547552147080,9.74,1.5,-0.27
1,1547552147081,9.72,1.54,-0.13
1,1547552147082,9.64,1.54,-0.05
1,1547552147082,9.62,1.54,-0.13
1,1547552147083,9.7,1.52,-0.09
1,1547552147084,9.72,1.52,-0.09
1,1547552147156,9.76,1.52,-0.23
1,1547552147157,9.78,1.52,-0.33
1,1547552147157,9.86,1.56,-0.33
1,1547552147158,9.82,1.6,-0.19
1,1547552147158,9.8,1.58,-0.15
1,1547552147159,9.74,1.6,-0.05
1,1547552147159,9.7,1.62,-0.05
1,1547552147159,9.57,1.42,-0.01
1,1547552147230,9.49,1.19,0.03
1,1547552147231,9.35,0.99,0.25
1,1547552147231,9.14,0.8,0.23
1,1547552147233,9.0,0.72,0.15
1,1547552147250,8.71,1.01,0.19
1,1547552147250,8.86,1.23,0.39
1,1547552147251,8.18,1.83,-0.21
1,1547552147251,8.04,1.87,-0.42
1,1547552147302,8.73,1.79,0.05
1,1547552147304,8.76,1.77,-0.35
1,1547552147306,9.19,1.62,-0.19
1,1547552147307,9.57,1.38,-0.09
1,1547552147308,9.35,1.58,-0.46
1,1547552147310,9.31,1.79,-0.29
1,1547552147310,9.23,1.81,-0.19
1,1547552147380,9.0,1.87,-0.48
1,1547552147382,9.21,1.87,-0.33
1,1547552147382,9.45,1.87,-0.41
1,1547552147383,9.7,1.81,-0.42
1,1547552147383,9.94,1.79,-0.5
1,1547552147384,10.31,1.87,-0.56
1,1547552147384,10.41,1.93,-0.62
1,1547552147458,10.46,2.08,-0.64
1,1547552147459,10.68,2.2,-0.64
1,1547552147460,10.72,2.12,-0.62
1,1547552147460,11.07,2.1,-0.64
1,1547552147461,11.28,2.01,-0.68
1,1547552147461,10.89,1.85,-0.87
1,1547552147462,11.36,1.87,-0.89
1,1547552147483,12.34,1.85,-1.11
1,1547552147533,12.53,1.87,-1.09
1,1547552147534,12.61,1.87,-1.13
1,1547552147535,12.32,1.85,-1.23
1,1547552147535,11.67,1.87,-1.34
1,1547552147536,11.5,1.83,-1.13
1,1547552147537,11.28,1.75,-0.97
1,1547552147537,11.15,1.58,-0.78
1,1547552147538,10.99,0.91,-0.62
1,1547552147600,11.03,0.52,-0.54
1,1547552147612,11.07,0.39,-0.56
1,1547552147613,11.05,0.6,-0.6
1,1547552147613,11.01,0.91,-0.62
1,1547552147613,10.66,1.66,-0.66
1,1547552147613,10.52,1.83,-0.7
1,1547552147614,10.41,1.87,-0.74
1,1547552147679,10.35,1.85,-0.7
1,1547552147680,10.07,1.67,-0.74
1,1547552147681,9.9,1.23,-0.64
1,1547552147681,9.64,0.89,-0.62
1,1547552147682,9.64,1.23,-0.56
1,1547552147682,9.8,1.91,-0.62
1,1547552147683,9.43,1.99,-0.68
1,1547552147683,9.39,1.95,-0.72
1,1547552147754,9.33,1.99,-0.78
1,1547552147755,9.53,1.87,-1.07
1,1547552147755,9.53,1.79,-1.15
1,1547552147755,9.45,1.56,-1.21
1,1547552147756,9.43,1.4,-1.21
1,1547552147756,9.37,1.32,-1.07
1,1547552147756,9.47,1.4,-1.03
1,1547552147831,9.53,1.54,-0.97
1,1547552147832,9.41,1.75,-0.99
1,1547552147834,9.29,1.85,-0.99
1,1547552147834,8.92,1.87,-0.87
1,1547552147835,8.82,1.87,-0.83
1,1547552147835,8.78,1.85,-0.74
1,1547552147836,8.73,1.77,-0.72
1,1547552147837,8.84,1.71,-0.72
1,1547552147904,8.96,1.75,-0.74
1,1547552147905,9.1,1.77,-0.8
1,1547552147905,9.17,1.83,-0.87
1,1547552147905,9.35,1.83,-1.07
1,1547552147906,9.39,1.81,-1.21
1,1547552147906,9.43,1.83,-1.17
1,1547552147906,9.41,1.83,-1.17
1,1547552147906,9.47,1.75,-0.99
1,1547552147980,9.49,1.75,-0.89
1,1547552147980,9.39,1.71,-0.87
1,1547552147980,9.19,1.67,-0.93
1,1547552147981,9.02,1.62,-0.95
1,1547552147981,8.76,1.42,-0.76
1,1547552147981,8.67,1.28,-0.66
1,1547552147982,8.51,1.21,-0.64
1,1547552148053,8.33,1.13,-0.62
1,1547552148071,8.24,0.85,-0.62
1,1547552148072,8.32,0.72,-0.64
1,1547552148072,8.47,0.7,-0.62
1,1547552148073,8.49,0.72,-0.6
1,1547552148073,8.49,0.89,-0.52
1,1547552148074,8.57,0.95,-0.56
1,1547552148074,8.75,0.97,-0.62
1,1547552148155,9.02,0.99,-0.62
1,1547552148156,9.39,1.26,-0.62
1,1547552148156,9.55,1.48,-0.56
1,1547552148157,9.64,1.66,-0.5
1,1547552148157,9.6,1.69,-0.42
1,1547552148158,9.58,1.32,-0.35
1,1547552148158,9.78,1.07,-0.33
1,1547552148204,9.94,0.87,-0.35
1,1547552148207,10.17,0.72,-0.37
1,1547552148207,10.42,0.72,-0.37
1,1547552148207,10.78,1.09,-0.15
1,1547552148208,10.85,1.52,-0.23
1,1547552148208,10.99,1.56,-0.31
1,1547552148208,11.11,1.46,-0.35
1,1547552148209,11.48,1.13,-0.56
1,1547552148281,11.58,0.93,-0.56
1,1547552148281,11.5,0.7,-0.64
1,1547552148282,11.48,0.62,-0.64
1,1547552148282,11.64,0.48,-0.64
1,1547552148282,11.87,0.48,-0.64
1,1547552148283,12.07,0.46,-0.68
1,1547552148283,12.05,0.62,-0.72
1,1547552148349,12.1,0.87,-1.15
1,1547552148349,12.14,0.97,-1.32
1,1547552148368,12.03,0.99,-1.3
1,1547552148369,11.89,0.85,-1.36
1,1547552148369,11.34,0.33,-0.95
1,1547552148369,11.17,0.39,-0.83
1,1547552148369,11.09,0.41,-0.66
1,1547552148370,10.95,0.37,-0.64
1,1547552148428,10.82,0.35,-0.68
1,1547552148429,10.27,0.25,-0.62
1,1547552148429,10.19,0.17,-0.62
1,1547552148429,10.27,-0.09,-0.56
1,1547552148430,10.37,-0.31,-0.41
1,1547552148500,10.13,-0.39,-0.01
1,1547552148519,9.94,-0.05,-0.07
1,1547552148520,9.82,0.33,-0.25
1,1547552148520,9.7,0.52,-0.41
1,1547552148520,9.74,0.46,-0.52
1,1547552148520,9.45,0.37,-0.25
1,1547552148520,9.35,0.31,-0.29
1,1547552148520,9.33,0.25,-0.19
1,1547552148574,8.78,-0.07,0.09
1,1547552148575,8.61,-0.07,0.21
1,1547552148575,8.47,0.07,0.23
1,1547552148576,8.41,0.29,0.21
1,1547552148589,8.41,0.41,0.21
1,1547552148589,8.55,0.23,0.42
1,1547552148589,8.53,0.13,0.54
1,1547552148589,8.41,0.25,0.5
1,1547552148650,8.24,0.41,0.5
1,1547552148651,7.87,0.66,0.52
1,1547552148670,7.73,0.72,0.44
1,1547552148671,7.65,0.64,0.39
1,1547552148671,7.63,0.41,0.39
1,1547552148671,7.71,0.03,0.27
1,1547552148671,7.83,0.01,0.05
1,1547552148724,7.92,0.09,-0.05
1,1547552148725,8.06,0.15,-0.11
1,1547552148726,8.45,0.39,0.01
1,1547552148727,8.69,0.56,0.03
1,1547552148727,8.88,0.82,-0.05
1,1547552148728,9.1,0.93,-0.15
1,1547552148728,9.62,0.83,-0.6
1,1547552148728,10.09,0.83,-0.6
1,1547552148800,10.5,0.87,-0.6
1,1547552148800,10.83,0.89,-0.54
1,1547552148801,10.91,1.01,-0.29
1,1547552148826,10.37,1.46,-0.09
1,1547552148826,10.15,1.73,0.09
1,1547552148827,10.44,1.62,0.89
1,1547552148827,10.97,0.89,2.63
1,1547552148827,11.89,-0.5,0.64
1,1547552148876,13.12,0.7,-0.05
1,1547552148876,13.59,2.2,-1.73
1,1547552148876,14.45,4.14,-2.5
1,1547552148877,14.43,6.91,-2.96
1,1547552148877,12.89,7.65,-4.16
1,1547552148877,12.2,7.59,-3.98
1,1547552148877,12.08,6.87,-2.71
1,1547552148878,11.13,3.06,-1.11
1,1547552148949,11.48,1.17,0.05
1,1547552148949,11.42,-0.7,1.01
1,1547552148950,11.11,-2.07,1.17
1,1547552148973,10.58,-2.61,1.01
1,1547552148973,9.68,0.7,-0.13
1,1547552148974,9.43,1.85,-0.52
1,1547552148974,9.25,2.34,-0.66
1,1547552148974,9.1,2.57,-0.76
1,1547552149024,9.31,2.44,-1.36
1,1547552149026,9.49,2.4,-1.79
1,1547552149026,9.53,2.4,-2.14
1,1547552149042,9.49,2.5,-2.46
1,1547552149043,9.16,2.79,-2.87
1,1547552149043,8.86,2.89,-2.79
1,1547552149043,8.65,2.87,-2.63
1,1547552149043,8.55,2.61,-2.4
1,1547552149100,9.06,1.93,-2.53
1,1547552149101,9.53,1.93,-2.59
1,1547552149102,10.11,2.08,-2.85
1,1547552149102,10.54,2.32,-2.5
1,1547552149103,10.21,2.07,-1.81
1,1547552149103,10.39,1.97,-2.2
1,1547552149103,10.41,2.55,-1.85
1,1547552149103,10.46,3.26,-1.64
1,1547552149175,10.87,2.61,-1.69
1,1547552149191,11.23,2.01,-1.54
1,1547552149191,11.13,1.71,-1.4
1,1547552149191,10.89,1.25,-1.32
1,1547552149192,10.74,0.83,-1.15
1,1547552149192,11.07,0.33,-1.07
1,1547552149192,11.46,0.29,-1.11
1,1547552149249,11.85,0.29,-1.21
1,1547552149259,12.26,0.42,-1.42
1,1547552149259,13.45,1.21,-2.32
1,1547552149260,14.0,1.62,-2.92
1,1547552149260,14.39,1.85,-3.26
1,1547552149261,14.62,1.89,-3.3
1,1547552149261,13.45,1.97,-2.73
1,1547552149261,12.14,1.83,-1.91
1,1547552149325,11.05,1.44,-0.93
1,1547552149326,10.09,0.85,-0.35
1,1547552149326,8.45,-0.41,0.8
1,1547552149345,7.69,-0.89,1.13
1,1547552149345,6.93,-1.4,1.93
1,1547552149346,6.15,-1.77,2.85
1,1547552149346,4.8,-1.81,3.32
1,1547552149401,4.62,-1.69,2.63
1,1547552149401,4.86,-1.5,1.5
1,1547552149411,5.33,-1.21,-0.01
1,1547552149411,5.95,-0.72,-0.83
1,1547552149412,8.0,0.74,-1.93
1,1547552149412,9.16,1.48,-2.28
1,1547552149412,10.15,1.89,-2.67
1,1547552149412,11.09,2.01,-2.81
1,1547552149489,12.57,1.93,-1.58
1,1547552149490,12.38,1.71,-0.99
1,1547552149490,11.75,1.11,-0.6
1,1547552149490,11.07,0.48,0.03
1,1547552149490,9.92,-0.23,1.91
1,1547552149490,9.47,-0.56,2.53
1,1547552149490,9.25,-0.93,2.92
1,1547552149555,9.27,-1.09,3.3
1,1547552149556,8.67,-0.78,3.28
1,1547552149556,8.45,-0.42,3.08
1,1547552149557,8.3,0.01,2.96
1,1547552149557,8.04,0.48,2.91
1,1547552149557,7.96,0.74,2.73
1,1547552149557,8.08,0.7,2.08
1,1547552149557,7.85,0.46,1.44
1,1547552149626,7.59,0.27,0.89
1,1547552149627,7.48,0.46,0.58
1,1547552149627,7.48,1.23,-0.11
1,1547552149627,7.63,1.4,-0.35
1,1547552149627,7.89,1.42,-0.35
1,1547552149627,8.18,1.19,-0.27
1,1547552149628,8.53,0.74,0.13
1,1547552149699,8.49,0.93,0.19
1,1547552149700,8.41,1.28,0.39
1,1547552149701,8.04,1.71,1.05
1,1547552149701,8.04,1.38,1.4
1,1547552149702,8.08,1.03,1.6
1,1547552149702,8.12,0.62,1.75
1,1547552149702,8.12,0.19,1.77
1,1547552149703,8.04,-0.11,1.77
1,1547552149775,8.18,0.0,1.62
1,1547552149775,8.45,0.25,1.4
1,1547552149775,8.82,0.6,1.13
1,1547552149776,9.35,0.95,0.82
1,1547552149799,10.58,1.6,0.15
1,1547552149800,10.93,1.83,-0.15
1,1547552149800,11.3,1.85,-0.37
1,1547552149800,11.75,1.79,-0.54
1,1547552149850,13.32,1.36,-0.76
1,1547552149850,14.41,1.28,-1.03
1,1547552149851,15.52,1.36,-1.34
1,1547552149851,16.58,1.64,-1.69
1,1547552149851,17.73,1.97,-2.01
1,1547552149851,17.5,2.12,-1.97
1,1547552149851,16.85,2.2,-1.5
1,1547552149927,15.78,1.95,-1.3
1,1547552149928,13.88,0.87,-1.25
1,1547552149928,12.89,0.0,-0.76
1,1547552149928,11.42,-0.72,-0.6
1,1547552149928,9.64,-1.13,-0.91
1,1547552149929,8.35,-1.21,-1.21
1,1547552149929,7.16,-0.99,0.03
1,1547552149929,7.08,-1.05,0.8
1,1547552150000,7.3,-1.13,0.87
1,1547552150002,7.83,-0.76,0.39
1,1547552150002,9.72,0.58,-0.74
1,1547552150003,10.46,1.13,-1.34
1,1547552150003,10.76,1.42,-1.79
1,1547552150003,10.5,1.66,-1.75
1,1547552150004,9.55,1.79,-2.03
1,1547552150074,9.25,1.75,-2.16
1,1547552150075,9.14,1.6,-2.14
1,1547552150075,9.25,1.34,-1.91
1,1547552150076,9.72,0.48,-1.28
1,1547552150076,9.76,0.15,-0.85
1,1547552150077,9.55,0.01,-0.64
1,1547552150077,9.04,-0.13,-0.58
1,1547552150077,8.18,0.09,-0.25
1,1547552150152,7.83,0.41,-0.39
1,1547552150152,7.69,0.91,-0.5
1,1547552150153,7.63,1.38,-0.64
1,1547552150153,7.57,1.71,-0.7
1,1547552150153,7.48,1.85,-0.62
1,1547552150154,7.44,2.12,-0.64
1,1547552150154,7.26,2.2,-0.83
1,1547552150154,7.3,2.07,-0.97
1,1547552150231,7.85,1.75,-1.07
1,1547552150231,8.24,1.48,-1.21
1,1547552150232,8.55,1.28,-1.28
1,1547552150232,8.65,1.13,-1.34
1,1547552150232,8.8,1.05,-1.01
1,1547552150232,9.02,1.09,-0.87
1,1547552150233,9.29,1.15,-0.83
1,1547552150302,9.57,1.23,-0.85
1,1547552150302,9.96,1.52,-0.97
1,1547552150303,10.03,1.58,-1.15
1,1547552150303,10.25,1.54,-1.36
1,1547552150303,10.6,1.46,-1.38
1,1547552150303,11.73,1.03,-1.38
1,1547552150304,12.2,0.74,-1.46
1,1547552150304,12.53,0.39,-1.54
1,1547552150377,12.81,-0.07,-1.64
1,1547552150377,12.98,-0.48,-1.85
1,1547552150378,12.98,-0.76,-1.97
1,1547552150378,12.85,-0.62,-1.91
1,1547552150378,12.69,-0.5,-1.97
1,1547552150379,12.67,-0.46,-1.95
1,1547552150379,14.16,-0.23,-1.89
1,1547552150452,14.41,0.19,-1.81
1,1547552150453,14.37,0.6,-1.71
1,1547552150465,14.21,0.82,-1.73
1,1547552150466,14.21,0.87,-1.85
1,1547552150466,14.08,0.87,-1.6
1,1547552150466,13.3,0.8,-0.93
1,1547552150467,11.79,0.66,-0.37
1,1547552150467,8.26,0.41,1.66
1,1547552150532,6.85,-0.27,2.53
1,1547552150533,5.7,-1.03,3.37
1,1547552150533,4.76,-1.83,4.06
1,1547552150533,4.14,-2.46,4.31
1,1547552150533,4.14,-3.63,3.8
1,1547552150533,5.07,-3.78,2.89
1,1547552150534,6.09,-3.65,1.79
1,1547552150601,7.24,-3.04,0.39
1,1547552150602,9.45,-1.32,-2.01
1,1547552150602,10.5,-0.33,-3.39
1,1547552150603,11.93,1.01,-4.04
1,1547552150603,12.34,1.93,-3.61
1,1547552150604,10.91,2.75,-2.4
1,1547552150604,9.78,2.36,-1.48
1,1547552150604,8.9,1.91,-0.7
1,1547552150676,8.33,1.6,-0.07
1,1547552150677,8.12,0.42,0.31
1,1547552150677,8.49,-0.35,0.7
1,1547552150677,8.94,-1.11,1.46
1,1547552150678,9.23,-1.62,1.81
1,1547552150678,8.69,-1.58,1.64
1,1547552150827,8.45,-1.46,1.67
1,1547552150828,8.26,-1.07,1.64
1,1547552150828,8.14,-0.66,1.5
1,1547552150828,8.14,-0.33,1.19
1,1547552150829,8.18,0.17,0.46
1,1547552150899,8.24,0.25,0.13
1,1547552150900,8.24,0.33,-0.15
1,1547552150900,8.26,0.46,-0.46
1,1547552150920,8.35,0.91,-0.62
1,1547552150921,8.39,0.74,-0.13
1,1547552150921,8.84,0.72,-0.13
1,1547552150922,9.31,0.8,-0.15
1,1547552150922,9.72,0.85,-0.09
1,1547552150979,10.07,0.97,-0.17
1,1547552150980,12.36,0.93,-1.21
1,1547552150985,17.34,1.07,-2.59
1,1547552150986,20.19,1.36,-3.14
1,1547552150986,21.56,1.81,-3.59
1,1547552150986,20.27,2.24,-3.59
1,1547552150986,13.32,2.2,-2.44
1,1547552150986,10.62,1.48,-1.58
1,1547552151051,8.71,0.17,-0.97
1,1547552151053,7.48,-1.36,-0.6
1,1547552151054,7.63,-3.57,0.83
1,1547552151054,8.94,-3.35,1.01
1,1547552151055,10.21,-2.59,0.33
1,1547552151056,11.26,-1.28,-0.89
1,1547552151057,11.5,1.69,-1.26
1,1547552151058,11.17,1.89,-1.36
1,1547552151131,10.7,1.85,-2.65
1,1547552151132,9.86,2.01,-3.61
1,1547552151132,8.82,2.4,-3.22
1,1547552151133,7.26,-0.52,-0.35
1,1547552151134,7.38,-1.07,-0.15
1,1547552151134,7.32,-1.25,-0.21
1,1547552151135,7.42,-0.99,0.01
1,1547552151136,8.02,0.11,0.58
1,1547552151202,8.43,0.56,0.6
1,1547552151202,8.84,0.82,0.31
1,1547552151203,9.37,0.97,0.03
1,1547552151203,9.6,1.58,-0.68
1,1547552151203,9.49,1.85,-0.82
1,1547552151281,9.17,1.93,-1.07
1,1547552151282,8.86,1.99,-1.13
1,1547552151283,8.71,1.77,-1.11
1,1547552151284,8.84,1.42,-1.11
1,1547552151284,9.02,1.03,-1.05
1,1547552151285,9.17,0.83,-0.91
1,1547552151286,9.19,0.78,-0.8
1,1547552151287,8.94,0.95,-0.68
1,1547552151356,8.86,0.89,-0.66
1,1547552151374,8.73,0.83,-0.66
1,1547552151375,8.8,0.74,-0.68
1,1547552151375,9.25,0.58,-0.91
1,1547552151376,9.47,0.54,-0.93
1,1547552151376,9.53,0.52,-0.87
1,1547552151377,9.43,0.52,-0.68
1,1547552151377,9.14,0.89,-0.64
1,1547552151430,9.17,1.13,-0.64
1,1547552151432,9.45,1.3,-0.64
1,1547552151433,9.86,1.32,-0.62
1,1547552151434,10.93,1.11,-0.62
1,1547552151436,11.52,0.91,-0.64
1,1547552151437,12.01,0.72,-0.74
1,1547552151438,12.36,0.52,-1.11
1,1547552151439,12.89,-0.05,-2.59
1,1547552151503,13.67,-0.27,-3.2
1,1547552151504,14.57,-0.25,-3.43
1,1547552151504,15.0,-0.05,-3.39
1,1547552151505,14.6,0.27,-3.18
1,1547552151505,12.48,0.72,-2.5
1,1547552151506,11.89,0.48,-1.91
1,1547552151507,11.54,0.21,-1.4
1,1547552151507,11.36,0.05,-0.89
1,1547552151580,10.76,0.42,-0.21
1,1547552151582,10.05,0.56,0.25
1,1547552151583,9.14,0.39,0.64
1,1547552151584,8.3,0.03,0.93
1,1547552151584,7.71,-0.54,1.42
1,1547552151585,7.91,-0.72,1.23
1,1547552151587,8.3,-0.89,0.89
1,1547552151587,8.75,-0.95,0.46
1,1547552151653,9.14,-1.01,-0.48
1,1547552151655,9.29,-1.09,-0.62
1,1547552151657,9.45,-1.13,-0.7
1,1547552151658,9.55,-1.01,-0.91
1,1547552151660,9.23,-0.23,-0.91
1,1547552151661,8.92,0.42,-0.99
1,1547552151662,8.8,1.15,-1.05
1,1547552151664,8.94,1.62,-0.93
1,1547552151731,9.21,1.81,-0.72
1,1547552151732,9.76,1.32,-0.23
1,1547552151732,9.74,0.56,-0.05
1,1547552151733,9.39,0.01,-0.48
1,1547552151733,9.31,0.11,-0.52
1,1547552151733,8.84,0.89,0.11
1,1547552151734,8.51,1.11,-0.01
1,1547552151801,8.22,1.17,0.09
1,1547552151802,8.02,1.25,0.44
1,1547552151803,7.91,1.71,0.99
1,1547552151805,7.85,1.85,1.15
1,1547552151805,7.75,1.85,1.36
1,1547552151806,7.65,1.81,1.48
1,1547552151806,7.69,1.64,1.19
1,1547552151807,7.67,1.79,0.72
1,1547552151878,7.69,1.89,0.31
1,1547552151894,7.96,2.03,-0.21
1,1547552151895,8.1,2.1,-0.56
1,1547552151895,8.8,2.69,-0.44
1,1547552151896,9.06,2.75,-0.42
1,1547552151896,9.33,2.57,-0.58
1,1547552151896,9.66,2.22,-0.62
1,1547552151897,10.58,1.87,-0.95
1,1547552151952,11.05,1.87,-1.09
1,1547552151952,11.46,1.89,-1.15
1,1547552151953,11.95,2.14,-1.4
1,1547552151961,13.94,2.96,-1.85
1,1547552151961,14.39,3.59,-1.66
1,1547552151961,13.8,4.0,-1.5
1,1547552151961,12.96,4.06,-1.05
1,1547552152108,12.51,2.57,-0.37
1,1547552152109,13.45,1.81,-0.05
1,1547552152109,14.58,1.64,-0.13
1,1547552152110,15.23,1.77,-0.44
1,1547552152110,14.57,2.53,-0.68
1,1547552152180,13.45,2.65,-0.85
1,1547552152181,12.01,2.5,-0.83
1,1547552152182,10.8,2.12,-0.64
1,1547552152182,9.55,1.87,-0.54
1,1547552152183,8.2,3.12,-0.74
1,1547552152183,8.3,3.84,-1.44
1,1547552152183,8.88,4.66,-3.06
1,1547552152183,9.23,4.9,-3.37
1,1547552152252,9.6,4.98,-3.41
1,1547552152263,9.23,4.41,-3.02
1,1547552152263,8.88,4.04,-2.73
1,1547552152263,8.63,3.63,-2.42
1,1547552152264,8.33,3.33,-1.99
1,1547552152264,7.73,3.51,-1.6
1,1547552152264,7.53,3.82,-1.64
1,1547552152264,7.38,4.19,-1.67
1,1547552152330,7.34,4.47,-1.62
1,1547552152330,7.26,4.37,-1.62
1,1547552152331,7.14,4.21,-1.71
1,1547552152331,6.81,4.08,-1.73
1,1547552152331,6.56,3.94,-2.32
1,1547552152331,6.71,4.0,-1.62
1,1547552152331,6.6,4.27,-1.97
1,1547552152347,6.6,4.58,-1.77
1,1547552152403,6.44,4.49,-2.07
1,1547552152404,5.91,3.76,-2.32
1,1547552152404,6.32,3.33,-2.01
1,1547552152421,5.93,2.92,-1.83
1,1547552152422,5.95,2.4,-2.08
1,1547552152422,6.6,2.75,-2.01
1,1547552152423,6.73,4.74,-2.89
1,1547552152423,6.36,4.62,-3.41
1,1547552152479,6.56,4.29,-3.12
1,1547552152498,6.93,4.25,-2.69
1,1547552152499,6.97,3.94,-3.76
1,1547552152499,7.53,3.78,-3.47
1,1547552152500,7.48,3.67,-3.55
1,1547552152500,7.44,3.65,-3.63
1,1547552152501,8.14,4.31,-4.17
1,1547552152501,8.37,4.86,-4.31
1,1547552152552,8.43,5.39,-4.45
1,1547552152553,8.32,5.72,-4.86
1,1547552152553,8.43,5.64,-5.54
1,1547552152565,8.47,5.8,-5.6
1,1547552152565,8.18,6.07,-5.19
1,1547552152565,7.51,6.32,-4.58
1,1547552152565,6.21,5.27,-3.3
1,1547552152632,6.21,4.12,-2.34
1,1547552152633,6.19,3.43,-2.65
1,1547552152633,6.66,3.98,-2.14
1,1547552152633,6.26,6.23,-3.08
1,1547552152634,7.05,5.74,-4.06
1,1547552152634,8.14,5.46,-4.58
1,1547552152634,8.73,5.87,-4.49
1,1547552152634,8.43,5.87,-4.12
1,1547552152703,7.48,5.7,-3.08
1,1547552152703,6.81,4.9,-3.26
1,1547552152704,6.99,4.49,-3.8
1,1547552152717,7.53,4.8,-4.14
1,1547552152717,6.87,5.85,-5.25
1,1547552152718,7.01,5.89,-5.44
1,1547552152718,6.89,5.78,-5.13
1,1547552152776,6.58,5.62,-5.85
1,1547552152783,6.44,5.07,-5.46
1,1547552152784,5.11,4.16,-7.14
1,1547552152784,3.92,4.88,-6.56
1,1547552152784,3.92,5.58,-6.28
1,1547552152784,4.25,7.51,-8.96
1,1547552152784,3.37,3.51,-8.63
1,1547552152784,4.17,0.09,-4.62
1,1547552152853,4.82,1.25,-5.64
1,1547552152869,4.16,3.37,-6.71
1,1547552152869,4.23,0.83,-4.14
1,1547552152870,3.98,-0.44,-2.87
1,1547552152870,4.1,0.89,-2.05
1,1547552152870,4.84,3.04,-2.46
1,1547552152871,5.8,4.45,-2.18
1,1547552152871,6.17,4.9,-2.65
1,1547552152933,6.23,5.11,-3.14
1,1547552152933,5.82,4.84,-3.73
1,1547552152934,4.78,4.62,-4.84
1,1547552152934,4.29,4.66,-5.42
1,1547552152934,3.96,4.55,-5.85
1,1547552152934,3.73,4.7,-5.95
1,1547552152934,3.96,5.31,-7.05
1,1547552153000,3.9,5.27,-7.44
1,1547552153002,3.63,4.82,-8.0
1,1547552153003,3.32,4.47,-10.17
1,1547552153003,3.8,4.0,-8.73
1,1547552153003,4.37,4.25,-8.47
1,1547552153003,5.46,5.0,-8.92
1,1547552153003,6.11,5.33,-8.24
1,1547552153004,6.56,4.51,-7.83
1,1547552153078,10.01,1.95,-6.15
1,1547552153105,11.5,1.52,-6.48
1,1547552153106,11.6,1.23,-7.32
1,1547552153106,10.58,1.05,-7.4
1,1547552153106,7.91,0.95,-6.52
1,1547552153107,7.46,0.99,-5.44
1,1547552153107,7.79,1.4,-4.21
1,1547552153107,8.08,1.56,-3.43
1,1547552153171,8.08,1.75,-2.24
1,1547552153172,7.73,2.3,-1.56
1,1547552153173,7.12,3.28,-0.89
1,1547552153174,6.52,4.12,-0.58
1,1547552153175,6.19,4.86,-0.01
1,1547552153176,6.6,5.17,0.29
1,1547552153177,7.01,5.8,0.07
1,1547552153256,7.61,6.62,0.11
1,1547552153257,8.16,7.4,0.35
1,1547552153257,8.18,7.96,0.0
1,1547552153257,7.92,7.53,-0.5
1,1547552153258,7.71,6.95,-0.74
1,1547552153258,7.01,6.25,-0.93
1,1547552153258,5.78,5.6,-1.32
1,1547552153258,6.03,5.62,-1.5
1,1547552153303,6.21,5.87,-1.42
1,1547552153304,6.48,6.13,-1.36
1,1547552153305,15.76,10.66,10.66
1,1547552153307,20.27,23.18,10.52
1,1547552153308,15.97,30.7,11.09
1,1547552153308,8.43,17.61,12.79
1,1547552153310,2.24,-2.12,-1.3
1,1547552153380,1.48,-3.98,-4.02
1,1547552153381,2.28,-5.58,-3.41
1,1547552153382,3.61,-6.15,-3.06
1,1547552153383,6.34,-2.08,-2.69
1,1547552153384,7.22,0.89,-1.36
1,1547552153385,8.22,4.02,1.38
1,1547552153386,9.02,8.39,5.83
1,1547552153387,8.61,14.0,9.06
1,1547552153454,6.07,14.19,6.79
1,1547552153458,5.83,9.0,2.57
1,1547552153459,5.5,5.33,0.5
1,1547552153460,6.17,3.06,0.11
1,1547552153460,8.94,1.95,0.85
1,1547552153460,9.55,2.44,1.11
1,1547552153461,9.16,3.41,1.83
1,1547552153538,8.14,4.47,2.61
1,1547552153538,6.95,5.83,3.88
1,1547552153539,7.14,6.01,4.47
1,1547552153539,7.55,6.38,4.66
1,1547552153539,7.73,6.83,4.31
1,1547552153539,7.89,6.85,3.57
1,1547552153540,8.1,6.32,3.39
1,1547552153540,8.0,5.78,3.49
1,1547552153679,8.3,5.17,3.53
1,1547552153680,8.18,4.78,3.18
1,1547552153680,7.65,4.72,2.81
1,1547552153680,7.5,4.98,3.22
1,1547552153680,7.34,5.17,3.55
1,1547552153750,7.26,5.13,3.71
1,1547552153751,7.46,5.48,4.64
1,1547552153778,7.55,5.89,4.7
1,1547552153779,7.65,6.28,4.86
1,1547552153779,7.65,7.03,4.9
1,1547552153780,6.93,6.66,4.84
1,1547552153780,6.42,6.32,5.01
1,1547552153781,6.46,6.03,5.5
1,1547552153834,6.77,5.78,6.25
1,1547552153834,6.42,4.33,6.64
1,1547552153834,6.05,3.88,7.03
1,1547552153835,5.87,4.21,6.97
1,1547552153835,5.76,4.74,6.91
1,1547552153835,5.62,5.17,6.66
1,1547552153836,5.54,5.87,6.73
1,1547552153836,5.44,6.38,6.5
1,1547552153901,5.44,6.71,6.25
1,1547552153925,5.35,6.73,6.03
1,1547552153925,5.07,6.15,6.28
1,1547552153926,4.78,5.93,6.54
1,1547552153926,4.64,5.66,6.79
1,1547552153926,4.72,5.42,6.83
1,1547552153926,4.53,5.39,6.54
1,1547552153926,4.21,5.78,6.4
1,1547552153977,4.21,6.5,5.54
1,1547552153977,4.21,7.05,5.03
1,1547552153978,4.55,7.26,5.21
1,1547552153978,4.16,6.89,5.54
1,1547552153978,3.88,6.34,5.64
1,1547552153978,4.08,6.3,5.89
1,1547552154053,4.8,7.24,5.85
1,1547552154054,7.2,9.17,7.4
1,1547552154054,8.3,9.37,7.81
1,1547552154055,8.26,8.88,7.59
1,1547552154055,7.75,7.96,7.16
1,1547552154077,7.18,6.67,6.66
1,1547552154078,7.26,6.5,6.79
1,1547552154079,7.16,6.07,6.89
1,1547552154211,6.91,5.68,6.54
1,1547552154212,6.52,5.09,6.32
1,1547552154213,6.4,5.21,6.6
1,1547552154213,6.23,5.48,6.67
1,1547552154214,5.97,5.6,6.32
1,1547552154283,5.72,5.46,5.6
1,1547552154285,5.83,5.56,5.41
1,1547552154287,6.03,5.66,5.11
1,1547552154289,6.23,5.85,5.09
1,1547552154290,6.3,5.89,4.98
1,1547552154356,6.56,3.9,2.81
1,1547552154357,6.67,4.16,3.35
1,1547552154358,6.64,4.06,3.67
1,1547552154359,6.66,3.9,3.92
1,1547552154360,8.26,5.19,1.93
1,1547552154360,8.45,5.62,1.64
1,1547552154361,8.98,6.03,1.4
1,1547552154362,9.0,5.8,1.23
1,1547552154450,9.0,5.39,1.3
1,1547552154452,9.94,2.94,1.69
1,1547552154453,10.15,2.42,2.05
1,1547552154454,10.13,1.95,1.95
1,1547552154455,10.13,1.89,1.58
1,1547552154456,10.27,2.67,1.05
1,1547552154457,10.93,3.86,0.0
1,1547552154458,11.89,4.6,-0.37
1,1547552154504,12.79,5.68,-1.52
1,1547552154506,12.14,5.31,-1.93
1,1547552154507,11.58,4.45,-2.08
1,1547552154508,11.91,3.82,-1.62
1,1547552154509,12.22,2.85,-0.54
1,1547552154510,11.52,2.57,0.35
1,1547552154511,10.93,2.28,0.09
1,1547552154512,10.95,2.12,1.38
1,1547552154579,10.89,2.3,3.39
1,1547552154580,10.48,2.94,2.94
1,1547552154600,10.13,3.39,2.16
1,1547552154602,9.39,3.61,0.95
1,1547552154603,9.04,3.92,-0.15
1,1547552154604,8.41,4.88,-0.35
1,1547552154605,8.2,5.29,-0.48
1,1547552154606,7.94,5.5,-0.19
1,1547552154655,7.67,5.42,-0.11
1,1547552154656,7.44,4.51,-0.41
1,1547552154657,7.36,4.08,-0.68
1,1547552154657,7.12,3.73,-1.28
1,1547552154658,7.05,3.39,-2.01
1,1547552154658,6.62,3.08,-3.59
1,1547552154729,6.36,2.67,-4.0
1,1547552154731,5.99,1.97,-4.14
1,1547552154732,5.74,1.28,-4.25
1,1547552154733,5.5,-0.6,-4.94
1,1547552154734,5.35,-1.3,-4.76
1,1547552154734,5.37,-1.85,-4.94
1,1547552154735,5.42,-1.89,-4.88
1,1547552154806,5.44,-1.32,-4.64
1,1547552154807,5.62,1.6,-4.66
1,1547552154808,6.07,3.04,-4.7
1,1547552154808,6.4,4.41,-3.96
1,1547552154809,6.64,4.84,-3.98
1,1547552154810,7.63,3.49,-3.2
1,1547552154810,9.53,1.83,-1.44
1,1547552154811,10.6,1.79,-0.66
1,1547552154877,12.07,2.01,1.36
1,1547552154880,14.16,4.19,5.05
1,1547552154881,13.0,5.74,2.3
1,1547552154883,11.89,7.5,0.29
1,1547552154884,10.01,7.79,-0.83
1,1547552154885,5.66,5.15,-0.15
1,1547552154886,5.29,4.08,-0.42
1,1547552154887,5.8,2.59,-0.78
1,1547552154959,6.3,1.62,-1.13
1,1547552154961,7.3,1.09,-0.68
1,1547552154963,7.87,1.48,-0.6
1,1547552154964,8.28,1.87,-0.58
1,1547552154966,8.26,2.3,-0.62
1,1547552154967,8.12,3.26,-0.76
1,1547552154969,8.18,4.78,-1.23
1,1547552154970,8.43,5.37,-1.69
1,1547552155027,8.78,6.07,-2.53
1,1547552155029,8.82,7.14,-3.24
1,1547552155030,7.38,8.55,-3.98
1,1547552155031,6.38,8.08,-4.14
1,1547552155054,5.93,7.01,-4.27
1,1547552155055,5.78,6.09,-4.53
1,1547552155056,6.17,5.21,-4.7
1,1547552155056,6.42,5.21,-4.76
1,1547552155106,6.56,5.17,-4.84
1,1547552155107,6.46,4.96,-4.64
1,1547552155110,5.95,4.04,-3.69
1,1547552155110,5.74,3.45,-3.33
1,1547552155110,5.44,3.12,-3.8
1,1547552155111,5.11,3.59,-4.27
1,1547552155111,4.88,6.66,-4.84
1,1547552155111,4.82,7.98,-4.98
1,1547552155178,4.92,8.63,-5.21
1,1547552155180,5.03,8.67,-5.05
1,1547552155181,5.21,8.32,-5.17
1,1547552155182,5.52,7.18,-4.74
1,1547552155183,5.76,6.58,-4.57
1,1547552155184,5.99,6.21,-4.37
1,1547552155185,6.32,6.09,-4.04
1,1547552155257,6.89,6.54,-3.88
1,1547552155259,7.03,6.83,-3.86
1,1547552155260,7.08,6.79,-4.02
1,1547552155261,7.12,6.32,-4.02
1,1547552155263,7.03,5.31,-3.94
1,1547552155264,6.91,5.11,-4.17
1,1547552155265,6.85,5.11,-4.27
1,1547552155266,6.81,5.19,-4.41
1,1547552155328,7.26,5.23,-4.45
1,1547552155330,7.57,5.21,-4.39
1,1547552155331,7.91,5.15,-4.39
1,1547552155331,8.14,5.13,-4.35
1,1547552155332,8.12,5.15,-4.37
1,1547552155333,7.94,5.07,-4.25
1,1547552155333,7.83,5.01,-4.1
1,1547552155495,7.91,4.98,-4.08
1,1547552155497,7.85,4.84,-4.08
1,1547552155499,7.79,4.58,-3.92
1,1547552155500,7.71,4.41,-3.67
1,1547552155500,7.63,4.21,-3.41
1,1547552155556,7.59,3.96,-3.28
1,1547552155557,7.38,3.73,-2.87
1,1547552155570,7.32,3.57,-2.65
1,1547552155570,7.34,3.49,-2.71
1,1547552155571,7.51,3.43,-2.83
1,1547552155711,10.41,2.92,-3.3
1,1547552155713,10.44,2.87,-3.39
1,1547552155715,10.46,2.89,-3.67
1,1547552155717,10.46,2.77,-3.84
1,1547552155718,9.82,2.61,-2.69
1,1547552155778,9.96,2.87,-2.24
1,1547552155781,10.09,2.91,-1.66
1,1547552155782,10.05,2.71,-1.52
1,1547552155782,10.11,2.18,-1.26
1,1547552155782,9.86,1.85,-1.03
1,1547552155783,8.33,1.46,0.21
1,1547552155783,8.16,1.54,0.25
1,1547552155783,7.63,1.62,0.82
1,1547552155854,7.38,1.58,1.13
1,1547552155856,7.12,1.54,1.54
1,1547552155858,7.22,1.42,1.6
1,1547552155859,7.18,1.3,1.66
1,1547552155860,7.14,1.09,1.85
1,1547552155861,7.2,1.13,1.89
1,1547552155862,7.42,1.21,1.83
1,1547552155863,7.61,1.3,1.77
1,1547552155928,7.79,1.42,1.75
1,1547552155929,8.32,1.64,1.5
1,1547552155930,8.61,1.75,1.4
1,1547552155931,8.8,1.87,1.32
1,1547552155931,8.98,1.97,1.19
1,1547552155932,9.35,2.46,0.83
1,1547552155932,9.53,2.61,1.01
1,1547552155933,9.51,2.69,0.52
1,1547552155999,9.92,2.81,0.35
1,1547552155999,10.35,3.0,0.33
1,1547552155999,10.21,3.08,0.23
1,1547552156000,9.78,3.2,0.17
1,1547552156021,9.53,3.45,0.17
1,1547552156021,9.72,3.84,-0.37
1,1547552156022,10.07,4.02,-0.54
1,1547552156022,10.27,4.1,-0.62
1,1547552156075,10.35,4.21,-0.66
1,1547552156076,10.25,4.41,-0.82
1,1547552156077,10.09,4.33,-0.68
1,1547552156077,10.05,4.49,-0.66
1,1547552156078,10.05,4.57,-0.64
1,1547552156078,10.31,4.53,-0.64
1,1547552156078,11.64,4.23,-0.83
1,1547552156078,12.5,4.06,-1.32
1,1547552156150,13.41,4.25,-1.99
1,1547552156175,14.12,4.9,-2.61
1,1547552156176,15.11,7.03,-3.84
1,1547552156176,15.17,8.41,-4.21
1,1547552156176,14.8,9.62,-4.64
1,1547552156177,14.06,10.42,-4.66
1,1547552156177,12.08,10.76,-4.0
1,1547552156311,11.21,10.25,-3.63
1,1547552156312,10.42,9.55,-3.26
1,1547552156313,9.7,8.88,-2.77
1,1547552156327,8.18,8.06,-1.93
1,1547552156328,7.36,7.85,-1.52
1,1547552156378,6.81,7.46,-1.32
1,1547552156378,6.6,6.81,-1.6
1,1547552156391,6.69,6.38,-2.03
1,1547552156392,7.32,6.01,-3.1
1,1547552156393,7.51,6.15,-3.33
1,1547552156393,8.0,9.66,-6.85
1,1547552156393,7.87,10.01,-7.2
1,1547552156393,7.61,10.42,-7.71
1,1547552156453,7.5,10.76,-8.2
1,1547552156455,6.38,11.6,-9.17
1,1547552156457,5.78,12.53,-9.84
1,1547552156458,5.56,12.81,-10.23
1,1547552156460,5.27,12.91,-10.23
1,1547552156461,4.96,12.96,-10.85
1,1547552156462,4.66,12.89,-11.75
1,1547552156464,5.09,12.05,-13.55
1,1547552156603,5.27,11.52,-13.24
1,1547552156628,5.19,11.21,-12.65
1,1547552156628,4.66,11.01,-12.22
1,1547552156629,3.86,10.7,-11.93
1,1547552156629,3.49,10.93,-12.48
1,1547552156676,3.39,11.38,-12.75
1,1547552156693,3.67,11.62,-11.83
1,1547552156693,4.37,10.29,-10.5
1,1547552156693,4.19,9.58,-10.29
1,1547552156694,4.25,8.9,-9.84
1,1547552156694,-4.35,-0.19,9.88
1,1547552156694,-0.5,-4.57,-2.08
1,1547552156694,-3.49,-3.24,-20.91
1,1547552156750,-10.99,-6.48,-3.53
1,1547552156751,-6.73,0.99,3.76
1,1547552156751,-2.59,-2.83,5.74
1,1547552156751,-2.91,-4.35,7.14
1,1547552156752,-3.57,-4.82,6.15
1,1547552156752,-5.03,-4.76,5.54
1,1547552156829,-8.24,-3.73,4.9
1,1547552156831,-8.26,-2.53,5.11
1,1547552156832,-7.16,-1.17,5.35
1,1547552156832,-5.87,-0.13,5.27
1,1547552156833,-5.07,0.83,5.13
1,1547552156834,-4.17,1.95,5.0
1,1547552156834,-4.16,2.48,5.25
1,1547552156835,-4.23,3.24,5.42
1,1547552156905,-4.29,3.86,5.6
1,1547552156907,-4.78,3.04,4.96
1,1547552156908,-5.03,1.97,4.78
1,1547552156908,-5.19,0.89,4.68
1,1547552156909,-5.11,-1.21,4.94
1,1547552156910,-5.0,-1.6,5.11
1,1547552156911,-5.05,-1.64,5.19
1,1547552156912,-5.44,-1.52,5.37
1,1547552156979,-6.13,-1.07,5.41
1,1547552156980,-6.44,-1.09,5.44
1,1547552156980,-6.67,-1.28,5.56
1,1547552156980,-6.83,-1.71,5.68
1,1547552156981,-7.07,-2.77,6.01
1,1547552156981,-7.07,-3.2,6.05
1,1547552156982,-7.01,-3.59,5.99
1,1547552156982,-7.03,-3.88,6.01
1,1547552157054,-7.08,-3.78,5.95
1,1547552157057,-7.16,-2.59,5.99
1,1547552157058,-7.12,-1.83,6.25
1,1547552157060,-6.77,-0.23,6.99
1,1547552157061,-6.56,0.5,7.08
1,1547552157062,-6.42,1.32,7.24
1,1547552157063,-6.36,1.5,7.08
1,1547552157064,-6.42,1.54,7.01
1,1547552157127,-6.48,1.48,7.16
1,1547552157128,-6.4,1.09,7.22
1,1547552157128,-6.28,0.8,6.73
1,1547552157128,-6.36,0.33,6.6
1,1547552157147,-6.66,-0.15,6.85
1,1547552157148,-6.95,-0.19,7.79
1,1547552157148,-7.08,0.23,8.39
1,1547552157148,-7.36,0.83,9.06
1,1547552157204,-7.91,1.32,9.86
1,1547552157204,-8.65,1.44,10.89
1,1547552157204,-8.16,0.97,11.05
1,1547552157223,-7.44,-0.09,10.19
1,1547552157224,-7.34,-1.13,9.31
1,1547552157224,-7.67,-1.99,8.43
1,1547552157225,-8.37,-3.39,8.02
1,1547552157225,-8.32,-3.57,8.37
1,1547552157279,-7.79,-3.12,10.13
1,1547552157281,-6.44,-1.44,11.6
1,1547552157283,-4.8,2.67,13.33
1,1547552157284,-6.56,2.65,9.58
1,1547552157285,-8.06,2.63,8.1
1,1547552157285,-9.53,2.44,6.07
1,1547552157286,-11.87,1.89,2.1
1,1547552157353,-12.73,2.26,-0.68
1,1547552157354,-13.22,2.96,-1.34
1,1547552157366,-13.18,3.39,-3.37
1,1547552157366,-12.85,3.82,-7.89
1,1547552157367,-12.12,4.33,-8.73
1,1547552157367,-11.77,5.03,-8.63
1,1547552157367,-11.42,5.78,-8.0
1,1547552157367,-10.29,6.85,-5.03
1,1547552157427,-9.39,6.99,-3.51
1,1547552157427,-8.47,6.79,-1.62
1,1547552157428,-7.69,6.36,0.82
1,1547552157428,-7.79,6.26,3.82
1,1547552157428,26.66,9.0,39.1
1,1547552157428,11.07,9.23,0.58
1,1547552157506,0.46,10.83,-1.15
1,1547552157508,-10.48,9.92,2.81
1,1547552157509,-11.54,4.68,4.37
1,1547552157510,-9.78,3.24,3.37
1,1547552157511,-7.81,1.99,5.23
1,1547552157513,-5.0,0.19,6.97
1,1547552157514,-3.0,-1.89,5.64
1,1547552157515,-3.65,-1.15,3.65
1,1547552157576,-4.7,0.82,1.58
1,1547552157655,-6.21,2.87,-0.42
1,1547552157669,-9.1,6.54,-2.07
1,1547552157669,-11.97,6.28,-5.46
1,1547552157670,-13.0,7.5,-7.38
1,1547552157670,-13.33,6.03,-5.44
1,1547552157671,-11.93,4.47,-5.41
1,1547552157672,-10.62,3.84,-4.62
1,1547552157672,-9.57,3.53,-3.39
1,1547552157732,-8.75,3.67,-1.42
1,1547552157735,-8.1,3.94,0.52
1,1547552157736,-8.3,3.39,4.04
1,1547552157737,-9.76,2.63,6.97
1,1547552157738,-12.18,2.24,4.04
1,1547552157739,-10.44,2.38,6.21
1,1547552157740,-8.02,1.5,7.44
1,1547552157740,-5.83,1.19,7.42
1,1547552157804,-5.29,1.48,6.44
1,1547552157820,-7.16,3.0,3.51
1,1547552157820,-8.84,5.58,-0.54
1,1547552157820,-10.09,6.67,-1.87
1,1547552157821,-11.48,7.48,-3.14
1,1547552157821,-13.39,7.22,-2.85
1,1547552157821,-14.66,7.57,-11.09
1,1547552157821,-13.32,6.79,-4.96
1,1547552157876,-12.51,6.09,-4.23
1,1547552157890,-11.66,5.44,-3.41
1,1547552157891,-10.37,4.33,-0.87
1,1547552157891,-9.96,4.06,0.41
1,1547552157891,-9.35,4.19,2.5
1,1547552157892,-8.55,4.47,4.12
1,1547552157892,6.58,10.68,53.57
1,1547552157893,18.96,11.07,18.26
1,1547552157963,9.92,7.83,2.91
1,1547552157963,-3.41,4.94,3.24
1,1547552157964,-8.69,2.36,5.42
1,1547552157964,-7.48,1.67,4.29
1,1547552157965,-5.93,2.89,6.79
1,1547552157965,-3.26,3.96,8.82
1,1547552157965,-0.31,2.55,8.2
1,1547552157966,-1.34,3.12,7.38
1,1547552158025,-2.22,4.57,6.56
1,1547552158037,-2.85,5.74,5.48
1,1547552158037,-3.12,6.32,4.33
1,1547552158037,-4.37,6.42,1.34
1,1547552158038,-5.64,6.44,0.76
1,1547552158038,-7.1,6.38,0.03
1,1547552158038,-8.47,6.46,-0.52
1,1547552158038,-10.72,6.66,-0.7
1,1547552158103,-11.03,6.4,-0.87
1,1547552158104,-10.68,5.85,-0.74
1,1547552158105,-9.68,5.21,-0.56
1,1547552158106,-7.67,4.66,0.27
1,1547552158107,-7.03,4.92,1.58
1,1547552158107,-6.58,5.23,4.0
1,1547552158108,-4.57,6.77,7.87
1,1547552158177,8.06,12.08,14.06
1,1547552158178,6.09,10.03,3.59
1,1547552158178,-4.53,6.64,0.56
1,1547552158189,-5.87,4.92,5.62
1,1547552158190,-9.94,2.92,3.0
1,1547552158190,-9.62,3.02,3.61
1,1547552158190,-7.79,3.94,4.66
1,1547552158190,-5.56,4.7,4.96
1,1547552158280,-4.55,4.55,4.96
1,1547552158281,-5.03,5.09,4.02
1,1547552158281,-6.01,5.48,3.18
1,1547552158281,-6.79,5.76,2.4
1,1547552158281,-7.51,5.91,1.97
1,1547552158282,-9.51,5.99,1.5
1,1547552158282,-10.5,5.89,1.3
1,1547552158328,-11.07,5.85,1.36
1,1547552158329,-11.11,5.95,1.4
1,1547552158330,-9.53,6.36,1.89
1,1547552158330,-8.61,6.6,2.34
1,1547552158340,-8.02,6.91,2.73
1,1547552158340,-7.73,7.12,3.26
1,1547552158341,-7.16,7.38,4.94
1,1547552158341,-5.5,7.85,7.28
1,1547552158403,0.42,10.74,19.19
1,1547552158403,5.42,11.09,15.93
1,1547552158404,-4.68,6.91,3.98
1,1547552158404,-6.52,7.51,4.0
1,1547552158423,-9.86,7.44,3.1
1,1547552158424,-11.11,7.67,2.94
1,1547552158424,-10.66,7.87,3.71
1,1547552158424,-7.5,7.92,3.47
1,1547552158478,-6.3,7.89,4.04
1,1547552158478,-5.44,7.79,3.98
1,1547552158479,-4.8,7.83,3.78
1,1547552158480,-4.16,7.57,3.43
1,1547552158500,-4.37,7.51,3.18
1,1547552158500,-4.92,7.3,2.83
1,1547552158500,-5.74,6.69,2.38
1,1547552158553,-8.0,4.43,-0.41
1,1547552158553,-8.33,4.08,-1.23
1,1547552158554,-8.69,3.98,-2.08
1,1547552158575,-9.14,4.08,-2.83
1,1547552158575,-9.8,4.78,-3.39
1,1547552158576,-9.64,5.19,-3.53
1,1547552158576,-9.14,5.41,-3.32
1,1547552158576,-8.53,5.54,-2.92
1,1547552158628,-7.61,5.52,-2.53
1,1547552158629,-0.93,9.19,14.51
1,1547552158630,3.71,8.39,21.99
1,1547552158631,3.3,8.51,2.18
1,1547552158631,-2.85,8.65,1.26
1,1547552158632,-12.51,8.43,2.81
1,1547552158633,-12.48,7.2,1.07
1,1547552158704,-9.88,6.28,-0.01
1,1547552158726,-7.65,5.0,0.93
1,1547552158727,-4.82,3.16,2.38
1,1547552158727,-4.29,2.91,2.46
1,1547552158728,-3.84,2.98,2.73
1,1547552158728,-3.78,3.67,2.83
1,1547552158729,-4.47,5.78,2.92
1,1547552158730,-5.15,6.71,2.87
1,1547552158779,-5.93,7.18,2.71
1,1547552158780,-6.62,6.99,2.57
1,1547552158780,-7.38,4.86,2.34
1,1547552158781,-7.5,3.78,2.12
1,1547552158781,-7.71,3.2,1.79
1,1547552158781,-8.0,3.2,1.4
1,1547552158792,-8.37,3.61,1.11
1,1547552158853,-8.84,4.43,1.01
1,1547552158855,-8.98,4.72,0.91
1,1547552158855,-8.98,5.03,0.76
1,1547552158856,-8.8,5.5,0.7
1,1547552158857,-8.12,6.56,0.91
1,1547552158857,-7.71,7.14,0.97
1,1547552158930,-7.32,7.57,0.91
1,1547552158931,-6.99,7.87,0.91
1,1547552158932,-6.5,8.1,0.95
1,1547552158933,-6.3,7.91,0.89
1,1547552158934,-6.19,7.57,0.95
1,1547552158935,-6.17,7.3,1.21
1,1547552158936,-6.13,6.85,1.75
1,1547552158937,-6.03,6.64,1.79
1,1547552159003,-5.93,6.42,2.03
1,1547552159005,-5.83,6.17,2.38
1,1547552159007,-5.31,5.89,2.81
1,1547552159008,-5.05,5.64,3.0
1,1547552159009,-4.94,5.33,3.39
1,1547552159010,-5.0,5.01,3.78
1,1547552159011,-5.13,4.88,3.96
1,1547552159013,-6.01,5.58,4.51
1,1547552159080,-6.44,6.28,4.86
1,1547552159081,-6.58,7.07,5.07
1,1547552159081,-6.48,7.69,5.17
1,1547552159082,-5.66,8.32,5.52
1,1547552159082,-5.05,8.22,6.01
1,1547552159083,-4.41,7.91,6.11
1,1547552159083,-3.98,7.59,5.97
1,1547552159084,-3.75,7.38,5.35
1,1547552159154,-3.82,7.5,5.01
1,1547552159180,-3.8,7.59,4.76
1,1547552159181,-3.73,7.83,4.53
1,1547552159181,-3.57,8.16,4.19
1,1547552159182,-3.45,8.2,3.98
1,1547552159182,-3.47,8.02,3.76
1,1547552159183,-3.65,7.81,3.76
1,1547552159183,-3.78,7.53,3.76
1,1547552159305,-4.14,7.12,4.16
1,1547552159306,-4.25,7.01,4.04
1,1547552159306,-4.33,6.89,3.9
1,1547552159330,-4.43,6.83,4.02
1,1547552159331,-4.49,6.81,3.96
1,1547552159381,-4.25,6.95,3.82
1,1547552159382,-4.29,6.87,3.71
1,1547552159383,-4.23,6.73,3.55
1,1547552159397,-4.51,6.42,3.2
1,1547552159398,-3.92,7.85,0.62
1,1547552159398,-3.86,8.65,0.25
1,1547552159399,-3.73,8.76,0.15
1,1547552159399,-3.63,8.82,0.01
1,1547552159455,-3.65,8.73,-0.25
1,1547552159456,-3.55,7.61,-1.01
1,1547552159456,-3.47,7.44,-1.26
1,1547552159457,-3.51,7.73,-2.03
1,1547552159457,-3.59,7.87,-2.14
1,1547552159458,-3.53,8.06,-1.83
1,1547552159458,-3.37,8.26,-2.07
1,1547552159458,-3.33,8.2,-2.42
1,1547552159531,-3.3,8.12,-1.56
1,1547552159532,-3.3,7.92,-2.32
1,1547552159533,-3.22,7.4,-2.51
1,1547552159534,-2.75,6.15,-3.35
1,1547552159549,-3.9,4.94,-2.36
1,1547552159550,-3.78,4.88,-5.95
1,1547552159608,-4.49,5.62,-3.39
1,1547552159609,-5.37,7.18,-3.51
1,1547552159610,-5.48,7.51,-4.78
1,1547552159610,-4.78,6.6,-4.64
1,1547552159610,-3.98,5.74,-5.21
1,1547552159611,-3.37,5.09,-5.85
1,1547552159611,-3.33,4.41,-6.67
1,1547552159612,-3.45,4.43,-6.54
1,1547552159677,-3.63,4.55,-6.89
1,1547552159678,-3.73,4.74,-7.12
1,1547552159678,-4.1,5.6,-6.99
1,1547552159679,-4.29,5.93,-7.24
1,1547552159679,-4.49,5.89,-7.57
1,1547552159679,-4.45,5.64,-7.55
1,1547552159680,-3.92,5.21,-8.2
1,1547552159680,-3.76,5.21,-8.3
1,1547552159753,-3.75,5.25,-8.59
1,1547552159754,-3.92,5.35,-8.51
1,1547552159754,-4.31,5.19,-8.04
1,1547552159755,-4.39,4.96,-7.96
1,1547552159755,-4.35,4.7,-7.92
1,1547552159755,-4.31,4.51,-7.87
1,1547552159756,-4.41,4.33,-7.79
1,1547552159756,-4.21,3.75,-8.12
1,1547552159831,-4.02,3.61,-8.28
1,1547552159832,-4.08,3.69,-8.22
1,1547552159833,-4.16,3.86,-8.12
1,1547552159833,-4.21,3.88,-7.92
1,1547552159834,-4.21,3.75,-7.87
1,1547552159834,-4.35,3.69,-7.71
1,1547552159834,-4.33,3.59,-7.65
1,1547552159835,-4.16,3.61,-7.83
1,1547552159902,-4.12,3.49,-8.04
1,1547552159903,-4.08,3.49,-8.12
1,1547552159903,-4.06,3.69,-8.3
1,1547552159916,-4.08,3.92,-8.32
1,1547552159916,-4.04,4.23,-8.3
1,1547552159917,-3.94,4.21,-8.2
1,1547552159976,-3.75,4.12,-8.28
1,1547552159977,-3.69,4.08,-8.41
1,1547552159987,-3.57,3.9,-8.51
1,1547552159988,-3.45,3.73,-8.45
1,1547552159989,-3.28,3.53,-8.47
1,1547552159990,-3.3,3.53,-8.39
1,1547552159990,-3.41,4.0,-7.83
1,1547552159991,-3.47,3.92,-7.69
1,1547552160050,-3.53,3.78,-7.63
1,1547552160052,-3.61,3.78,-7.57
1,1547552160052,-3.76,3.65,-7.34
1,1547552160052,-3.94,3.59,-7.42
1,1547552160068,-4.0,3.71,-7.42
1,1547552160068,-4.02,3.67,-7.36
1,1547552160069,-3.61,3.2,-6.58
1,1547552160069,-4.51,2.91,-8.1
1,1547552160126,-3.78,2.75,-7.59
1,1547552160134,-4.04,3.04,-8.04
1,1547552160135,-4.35,4.04,-8.26
1,1547552160135,-4.0,4.21,-8.63
1,1547552160135,-4.06,4.17,-8.69
1,1547552160135,-4.1,4.14,-8.73
1,1547552160136,-3.75,4.21,-8.75
1,1547552160136,-4.04,4.08,-8.22
1,1547552160204,-4.41,4.55,-7.94
1,1547552160218,-4.45,4.92,-7.73
1,1547552160219,-4.25,5.17,-7.5
1,1547552160219,-4.04,5.7,-7.46
1,1547552160219,-3.9,5.68,-7.4
1,1547552160220,-3.78,5.41,-7.3
1,1547552160220,-3.69,4.9,-7.16
1,1547552160220,-3.69,4.8,-7.01
1,1547552160278,-3.63,4.66,-7.05
1,1547552160279,-3.67,4.58,-7.05
1,1547552160279,-3.63,4.88,-7.28
1,1547552160293,-3.88,5.33,-7.5
1,1547552160293,-3.96,5.23,-7.44
1,1547552160294,-4.0,4.96,-7.32
1,1547552160294,-3.86,4.7,-7.3
1,1547552160294,-3.73,4.43,-7.32
1,1547552160351,-3.47,4.23,-7.36
1,1547552160352,-3.59,4.37,-7.4
1,1547552160369,-3.59,4.23,-7.51
1,1547552160369,-3.67,3.96,-7.2
1,1547552160370,-3.61,4.76,-7.12
1,1547552160370,-3.57,5.5,-7.14
1,1547552160370,-3.65,5.91,-7.08
1,1547552160431,-3.65,6.05,-7.1
1,1547552160432,-3.96,6.25,-7.24
1,1547552160432,-3.65,6.07,-7.34
1,1547552160433,-3.8,5.44,-7.3
1,1547552160433,-3.63,5.31,-7.4
1,1547552160434,-3.55,5.66,-7.18
1,1547552160434,-3.43,5.64,-6.71
1,1547552160434,-3.24,5.01,-6.52
1,1547552160502,-3.49,5.42,-6.67
1,1547552160503,-2.96,5.29,-6.44
1,1547552160503,-3.08,5.23,-6.66
1,1547552160503,-3.12,4.96,-6.6
1,1547552160504,-3.16,5.05,-6.73
1,1547552160504,-3.14,4.78,-6.87
1,1547552160504,-3.33,4.64,-6.69
1,1547552160574,-3.28,4.92,-6.85
1,1547552160575,-3.3,4.68,-6.93
1,1547552160575,-3.18,4.25,-6.44
1,1547552160575,-3.22,4.98,-6.56
1,1547552160576,-3.0,5.05,-6.73
1,1547552160576,-3.02,5.07,-6.71
1,1547552160588,-2.89,4.64,-6.64
1,1547552160588,-2.51,4.29,-6.66
1,1547552160649,-2.63,4.43,-6.93
1,1547552160650,-2.46,4.7,-6.66
1,1547552160655,-2.12,3.86,-6.91
1,1547552160656,-1.66,3.63,-7.03
1,1547552160656,-1.46,4.02,-6.73
1,1547552160656,-1.28,4.14,-6.5
1,1547552160657,-0.7,4.16,-6.52
1,1547552160657,-0.42,4.19,-6.75
1,1547552160725,-0.52,3.08,-6.85
1,1547552160726,-0.46,2.92,-6.75
1,1547552160726,-0.27,3.02,-6.87
1,1547552160726,-0.11,3.69,-7.16
1,1547552160727,0.03,3.14,-6.93
1,1547552160727,-0.17,2.32,-6.73
1,1547552160727,-0.09,2.42,-6.69
1,1547552160799,-0.33,2.22,-6.38
1,1547552160799,-0.42,1.85,-6.21
1,1547552160800,-0.39,1.85,-6.09
1,1547552160800,-0.37,1.87,-6.07
1,1547552160801,-0.17,1.85,-6.13
1,1547552160822,0.05,2.16,-6.26
1,1547552160823,0.68,2.03,-6.67
1,1547552160823,0.72,1.91,-7.69
1,1547552160874,0.8,2.16,-8.0
1,1547552160875,0.72,2.81,-9.23
1,1547552160889,0.54,2.61,-9.49
1,1547552160889,0.56,2.57,-9.86
1,1547552160889,0.8,2.92,-10.35
1,1547552160890,0.8,3.61,-10.91
1,1547552160890,0.76,3.53,-11.05
1,1547552160952,0.82,2.63,-10.52
1,1547552160952,1.03,1.95,-10.83
1,1547552160952,1.15,1.99,-10.97
1,1547552160953,1.07,3.0,-11.17
1,1547552160953,1.09,3.2,-11.28
1,1547552161025,0.97,3.37,-11.09
1,1547552161026,0.83,3.02,-10.85
1,1547552161027,0.72,2.16,-10.64
1,1547552161027,0.66,2.53,-10.85
1,1547552161028,1.23,2.38,-10.85
1,1547552161028,1.28,3.51,-11.83
1,1547552161028,1.6,8.1,-14.94
1,1547552161029,1.56,4.21,-14.7
1,1547552161099,0.17,1.99,-12.91
1,1547552161099,1.32,3.08,-13.82
1,1547552161099,1.6,1.81,-13.55
1,1547552161107,1.77,1.58,-12.91
1,1547552161108,2.61,1.87,-13.22
1,1547552161108,2.3,1.87,-11.99
1,1547552161108,3.16,1.69,-10.78
1,1547552161108,3.43,1.05,-10.48
1,1547552161175,3.41,1.03,-10.19
1,1547552161176,3.51,1.17,-10.03
1,1547552161178,3.94,1.42,-10.0
1,1547552161179,4.16,1.23,-10.09
1,1547552161179,4.9,0.54,-10.52
1,1547552161180,4.72,0.25,-10.58
1,1547552161180,4.27,0.74,-10.7
1,1547552161181,4.0,1.3,-10.58
1,1547552161252,3.18,1.64,-10.31
1,1547552161341,3.49,1.77,-9.68
1,1547552161341,3.84,1.28,-9.53
1,1547552161341,3.28,1.05,-9.74
1,1547552161342,3.22,0.78,-9.58
1,1547552161342,3.55,0.7,-9.8
1,1547552161342,3.43,0.7,-9.64
1,1547552161342,2.5,0.85,-9.58
1,1547552161342,2.83,0.83,-10.03
