1,1546860127893,8.8,-0.54,4.29
1,1546860127893,8.61,-0.44,4.45
1,1546860127893,8.92,-0.62,4.33
1,1546860127893,8.86,-0.78,4.72
1,1546860127894,8.69,-0.07,4.76
1,1546860127894,8.37,-0.13,4.9
1,1546860127894,8.63,-0.58,4.78
1,1546860127954,9.04,-0.7,4.02
1,1546860127955,9.37,-1.25,3.92
1,1546860127956,9.27,-0.89,4.33
1,1546860127956,8.96,0.31,3.88
1,1546860127957,9.06,-0.48,4.39
1,1546860127957,9.16,-0.25,4.19
1,1546860127958,9.04,0.07,3.94
1,1546860127958,9.31,-0.31,3.76
1,1546860128030,9.37,-0.11,3.59
1,1546860128030,9.29,-0.44,3.49
1,1546860128031,9.35,-1.21,3.88
1,1546860128031,9.02,0.21,3.63
1,1546860128050,9.16,-0.19,3.73
1,1546860128051,9.47,-0.39,3.86
1,1546860128051,9.47,-0.19,3.61
1,1546860128106,9.29,-0.72,3.76
1,1546860128121,9.29,-0.56,3.84
1,1546860128121,9.37,-0.29,3.59
1,1546860128121,9.17,-0.62,3.75
1,1546860128122,9.27,-0.11,4.1
1,1546860128122,8.96,0.35,4.1
1,1546860128122,8.73,0.35,4.41
1,1546860128123,8.78,0.25,4.51
1,1546860128179,9.14,0.05,4.06
1,1546860128256,9.17,-0.48,4.12
1,1546860128331,9.37,-0.33,4.23
1,1546860128331,9.39,-0.07,3.88
1,1546860128331,8.98,-0.56,4.94
1,1546860128338,9.08,0.93,4.27
1,1546860128338,8.76,1.01,4.23
1,1546860128339,8.76,0.44,4.74
1,1546860128339,9.43,0.41,4.6
1,1546860128339,9.31,0.19,4.66
1,1546860128407,11.71,-2.1,6.03
1,1546860128407,10.68,-3.16,7.69
1,1546860128407,10.41,-2.18,7.55
1,1546860128408,9.62,-2.32,6.6
1,1546860128408,9.37,-0.58,4.19
1,1546860128408,8.92,0.89,2.77
1,1546860128408,8.55,2.05,1.42
1,1546860128408,8.22,2.92,-0.91
1,1546860128479,8.37,2.63,-2.94
1,1546860128487,10.39,-1.36,-0.42
1,1546860128487,10.19,-3.84,0.82
1,1546860128488,10.17,-4.55,1.4
1,1546860128488,10.03,-4.33,0.78
1,1546860128488,9.9,-3.24,-0.58
1,1546860128488,9.82,-2.75,-0.89
1,1546860128489,9.8,-2.26,-1.93
1,1546860128632,9.92,-1.79,-2.73
1,1546860128632,10.48,0.07,-3.35
1,1546860128632,10.48,1.79,-3.02
1,1546860128633,10.15,3.16,-2.3
1,1546860128643,9.72,3.75,-1.44
1,1546860128708,10.97,2.98,-0.42
1,1546860128708,11.95,2.12,-0.03
1,1546860128709,12.94,1.73,0.13
1,1546860128709,13.55,1.25,-0.01
1,1546860128709,13.78,0.29,-0.68
1,1546860128709,12.22,2.34,2.16
1,1546860128709,12.08,1.95,2.2
1,1546860128709,12.08,1.79,1.99
1,1546860128780,12.05,1.4,0.8
1,1546860128780,11.58,3.02,2.03
1,1546860128781,10.74,2.67,2.22
1,1546860128782,10.21,2.16,2.34
1,1546860128794,10.07,1.62,2.61
1,1546860128794,10.03,1.52,2.59
1,1546860128795,10.0,1.56,2.59
1,1546860128795,9.88,1.75,2.57
1,1546860128855,9.27,1.85,2.42
1,1546860128856,8.94,1.58,2.34
1,1546860128857,8.69,1.25,2.42
1,1546860128857,8.57,1.13,2.57
1,1546860128857,8.14,1.25,3.16
1,1546860128857,7.69,1.66,3.33
1,1546860128858,7.1,1.91,3.06
1,1546860128858,6.71,2.03,2.96
1,1546860128938,6.42,2.24,2.98
1,1546860128938,6.15,2.77,3.3
1,1546860128939,6.13,3.04,3.43
1,1546860128939,6.56,3.37,3.65
1,1546860128939,7.5,3.76,4.06
1,1546860128940,9.55,4.68,4.9
1,1546860128940,10.09,5.07,5.07
1,1546860128940,10.09,5.15,4.94
1,1546860129005,9.7,4.7,4.62
1,1546860129006,9.55,4.12,3.53
1,1546860129007,10.13,4.19,3.08
1,1546860129007,10.89,4.25,2.89
1,1546860129008,11.52,4.17,2.85
1,1546860129009,11.81,3.04,2.91
1,1546860129010,11.48,2.14,2.81
1,1546860129079,11.19,1.54,2.65
1,1546860129080,11.09,0.91,2.3
1,1546860129080,11.87,0.07,0.91
1,1546860129080,12.44,0.13,0.6
1,1546860129092,13.16,0.48,0.74
1,1546860129092,13.49,1.21,-0.05
1,1546860129092,14.0,1.97,-0.72
1,1546860129093,14.68,2.46,-0.97
1,1546860129154,15.31,3.33,-2.36
1,1546860129163,16.13,4.31,-3.96
1,1546860129164,17.2,5.09,-4.9
1,1546860129164,18.98,5.23,-5.42
1,1546860129165,19.58,4.1,-5.99
1,1546860129166,20.13,2.59,-6.81
1,1546860129166,20.7,1.03,-6.6
1,1546860129254,19.1,0.78,-7.85
1,1546860129255,17.2,1.64,-7.61
1,1546860129255,14.8,1.89,-7.22
1,1546860129255,12.34,2.03,-6.52
1,1546860129255,9.12,2.42,-5.09
1,1546860129256,8.3,2.4,-4.31
1,1546860129256,7.57,2.2,-3.63
1,1546860129256,6.67,1.93,-3.1
1,1546860129327,4.72,1.38,-2.34
1,1546860129327,3.67,1.19,-1.93
1,1546860129327,2.61,1.11,-1.13
1,1546860129328,1.69,1.05,-0.54
1,1546860129328,1.48,0.99,0.23
1,1546860129328,2.57,0.76,0.21
1,1546860129328,3.32,0.37,0.25
1,1546860129328,3.9,0.09,0.58
1,1546860129381,4.33,0.09,1.09
1,1546860129381,4.51,0.37,1.19
1,1546860129381,4.78,0.82,1.19
1,1546860129382,5.31,1.46,1.21
1,1546860129382,5.83,2.03,1.09
1,1546860129382,7.22,3.9,1.01
1,1546860129382,8.12,4.78,1.13
1,1546860129456,8.22,5.46,1.28
1,1546860129457,8.12,5.89,1.48
1,1546860129475,8.18,6.05,2.12
1,1546860129476,8.45,5.99,2.46
1,1546860129476,8.75,6.05,2.59
1,1546860129476,8.78,6.11,2.59
1,1546860129477,8.3,6.15,2.71
1,1546860129477,7.77,5.95,2.94
1,1546860129531,7.28,5.42,3.33
1,1546860129531,7.22,4.9,3.71
1,1546860129532,8.33,4.31,4.04
1,1546860129532,8.86,3.94,4.23
1,1546860129532,9.14,3.35,4.33
1,1546860129533,9.21,2.69,4.43
1,1546860129605,9.43,2.1,4.84
1,1546860129605,9.43,2.3,4.9
1,1546860129610,9.31,2.98,4.74
1,1546860129610,9.12,3.71,4.7
1,1546860129610,8.88,4.23,4.55
1,1546860129611,8.84,4.6,4.58
1,1546860129611,9.0,4.47,4.6
1,1546860129611,9.16,4.17,4.66
1,1546860129680,9.29,3.84,4.66
1,1546860129693,9.49,3.06,4.62
1,1546860129694,9.64,2.63,4.6
1,1546860129694,9.88,2.34,4.55
1,1546860129694,10.17,2.1,4.47
1,1546860129760,10.8,2.12,3.94
1,1546860129761,11.11,2.14,3.53
1,1546860129761,11.42,2.08,3.12
1,1546860129761,11.75,1.99,2.87
1,1546860129761,12.01,1.83,2.85
1,1546860129761,11.13,1.83,3.26
1,1546860129762,10.46,1.83,3.35
1,1546860129762,9.94,1.77,3.47
1,1546860129831,9.04,1.69,3.51
1,1546860129832,8.78,1.54,3.61
1,1546860129832,8.96,1.48,4.0
1,1546860129832,9.64,1.79,4.04
1,1546860129833,11.21,4.02,2.42
1,1546860129833,11.19,5.6,1.83
1,1546860129833,10.64,6.77,1.23
1,1546860129833,9.68,7.55,0.82
1,1546860129906,7.07,7.61,0.85
1,1546860129912,5.91,6.38,0.7
1,1546860129913,6.26,5.82,0.64
1,1546860129913,6.71,5.13,0.72
1,1546860129913,6.83,3.8,1.17
1,1546860129914,6.6,3.04,1.54
1,1546860129914,6.19,2.3,1.83
1,1546860129914,5.91,1.81,2.07
1,1546860129980,5.46,0.89,2.26
1,1546860129981,5.41,0.54,2.2
1,1546860129984,5.39,0.33,2.12
1,1546860129984,5.48,0.27,1.89
1,1546860129984,5.52,0.09,1.25
1,1546860129985,5.7,-0.03,1.03
1,1546860129985,5.72,0.01,0.97
1,1546860129985,5.6,0.19,0.89
1,1546860130056,5.64,0.8,0.76
1,1546860130057,5.91,1.11,0.8
1,1546860130057,5.99,1.17,0.87
1,1546860130057,5.91,1.05,0.85
1,1546860130057,5.97,0.56,0.83
1,1546860130057,6.09,0.37,0.78
1,1546860130058,6.26,0.37,0.82
1,1546860130058,6.54,0.62,0.7
1,1546860130131,7.16,1.25,0.35
1,1546860130131,7.61,1.46,0.35
1,1546860130132,7.98,1.46,0.37
1,1546860130148,8.1,1.34,0.37
1,1546860130149,8.22,1.19,0.33
1,1546860130149,8.71,1.25,0.29
1,1546860130149,9.12,1.46,0.25
1,1546860130204,9.47,1.81,0.29
1,1546860130208,9.45,2.01,0.37
1,1546860130208,8.45,2.94,0.62
1,1546860130209,8.06,3.35,0.54
1,1546860130209,7.89,3.61,0.48
1,1546860130209,7.71,3.76,0.46
1,1546860130209,7.91,4.17,0.35
1,1546860130209,8.06,4.39,0.37
1,1546860130281,8.08,4.64,0.52
1,1546860130300,7.77,5.0,0.78
1,1546860130300,6.85,5.17,0.6
1,1546860130301,6.69,4.76,0.54
1,1546860130301,6.73,4.37,0.62
1,1546860130301,7.08,4.19,0.62
1,1546860130301,7.96,4.86,0.41
1,1546860130301,8.22,5.52,0.33
1,1546860130355,8.24,6.05,0.39
1,1546860130366,8.06,6.28,0.58
1,1546860130366,7.73,6.79,0.5
1,1546860130366,7.08,7.69,0.07
1,1546860130366,6.99,7.92,-0.15
1,1546860130367,6.95,7.98,-0.39
1,1546860130367,6.97,7.89,-0.39
1,1546860130429,7.14,7.87,-0.46
1,1546860130507,7.4,7.79,-0.41
1,1546860130507,8.1,7.26,-0.17
1,1546860130508,8.51,7.5,0.11
1,1546860130508,8.24,8.53,0.35
1,1546860130508,7.73,8.59,0.44
1,1546860130508,7.85,7.98,0.6
1,1546860130509,8.39,7.38,0.87
1,1546860130509,9.25,7.14,1.19
1,1546860130580,9.25,7.46,1.25
1,1546860130585,9.02,7.75,1.23
1,1546860130585,7.75,7.34,0.17
1,1546860130585,7.57,6.09,0.07
1,1546860130586,7.61,5.42,0.09
1,1546860130586,7.57,5.09,0.25
1,1546860130586,7.2,5.17,0.5
1,1546860130586,6.64,5.27,0.99
1,1546860130655,6.66,4.78,1.19
1,1546860130655,6.69,4.06,1.58
1,1546860130655,6.91,3.32,1.89
1,1546860130656,7.05,3.16,1.81
1,1546860130656,7.34,4.04,0.72
1,1546860130669,7.38,4.29,0.42
1,1546860130669,7.22,4.33,0.41
1,1546860130670,7.2,4.31,0.5
1,1546860130730,7.26,3.65,0.41
1,1546860130731,7.51,3.41,-0.21
1,1546860130735,8.16,3.32,-0.68
1,1546860130736,8.76,3.53,-1.3
1,1546860130736,9.17,4.29,-2.85
1,1546860130736,8.98,4.8,-3.26
1,1546860130736,8.59,5.44,-3.57
1,1546860130736,8.28,5.8,-3.94
1,1546860130806,8.3,4.86,-4.37
1,1546860130806,8.24,3.61,-3.92
1,1546860130807,8.1,2.83,-3.37
1,1546860130807,7.87,3.12,-3.28
1,1546860130807,7.51,5.41,-4.84
1,1546860130808,8.04,5.7,-5.42
1,1546860130808,7.94,5.52,-6.01
1,1546860130808,7.38,5.09,-5.72
1,1546860130880,6.91,3.63,-5.83
1,1546860130881,7.51,3.12,-6.03
1,1546860130887,7.67,3.2,-6.07
1,1546860130887,7.51,3.75,-6.03
1,1546860130888,7.18,4.31,-5.82
1,1546860130888,6.54,4.37,-5.31
1,1546860130888,6.4,4.23,-5.13
1,1546860130888,6.42,4.08,-5.05
1,1546860130955,6.42,3.92,-5.11
1,1546860130957,6.48,2.79,-5.15
1,1546860130957,6.87,2.98,-5.25
1,1546860130958,6.85,4.35,-5.95
1,1546860130958,6.28,5.42,-6.46
1,1546860130959,6.17,7.2,-7.07
1,1546860130959,6.56,8.06,-7.5
1,1546860131031,6.48,8.82,-7.61
1,1546860131033,6.01,8.9,-7.3
1,1546860131039,5.76,7.91,-6.19
1,1546860131040,5.8,7.96,-6.01
1,1546860131040,5.78,8.08,-5.83
1,1546860131040,5.8,8.18,-5.72
1,1546860131040,6.01,8.96,-5.7
1,1546860131040,6.09,10.17,-5.83
1,1546860131104,6.03,11.07,-5.87
1,1546860131105,5.31,7.81,-5.0
1,1546860131107,6.23,5.5,-4.08
1,1546860131107,6.85,4.84,-3.2
1,1546860131108,6.03,4.88,-1.99
1,1546860131109,5.8,3.76,-0.46
1,1546860131109,6.19,1.87,0.48
1,1546860131109,7.03,-0.48,1.44
1,1546860131182,7.51,0.62,0.82
1,1546860131183,7.96,2.59,-0.41
1,1546860131183,8.28,4.6,-1.13
1,1546860131183,8.47,5.42,-2.28
1,1546860131184,7.98,5.07,-1.67
1,1546860131184,7.4,4.02,-0.93
1,1546860131184,6.75,2.59,-0.09
1,1546860131254,6.03,1.23,1.01
1,1546860131272,5.64,1.26,0.74
1,1546860131273,5.83,1.38,0.23
1,1546860131273,6.4,1.66,-0.15
1,1546860131273,7.63,2.24,-0.64
1,1546860131273,7.91,2.07,-0.64
1,1546860131274,8.75,2.1,-0.64
1,1546860131274,9.58,2.96,-0.6
1,1546860131333,10.31,6.42,-1.01
1,1546860131333,11.13,8.16,-1.73
1,1546860131333,11.79,9.62,-2.75
1,1546860131334,12.12,10.78,-3.55
1,1546860131334,11.97,11.69,-4.1
1,1546860131405,10.7,12.28,-4.72
1,1546860131406,10.87,11.85,-4.84
1,1546860131406,11.75,10.97,-4.8
1,1546860131407,12.73,9.94,-4.51
1,1546860131407,12.98,8.04,-3.84
1,1546860131407,12.71,6.73,-3.51
1,1546860131408,13.02,5.21,-2.89
1,1546860131408,13.49,3.75,-2.46
1,1546860131489,12.61,1.85,-1.75
1,1546860131490,12.05,1.28,-1.26
1,1546860131490,11.25,0.46,-0.78
1,1546860131490,10.44,-0.82,-0.13
1,1546860131491,8.78,-3.88,2.01
1,1546860131491,8.24,-5.33,3.47
1,1546860131491,8.24,-5.7,4.39
1,1546860131491,8.12,-4.72,4.57
1,1546860131557,8.76,-1.97,3.75
1,1546860131558,8.96,-0.89,2.69
1,1546860131558,8.92,-0.27,2.92
1,1546860131558,8.53,-0.54,4.29
1,1546860131559,8.04,-0.95,4.92
1,1546860131559,7.61,-0.64,4.92
1,1546860131559,7.32,-0.23,4.47
1,1546860131559,7.48,0.27,3.73
1,1546860131641,7.91,0.83,2.87
1,1546860131641,9.1,1.87,1.64
1,1546860131641,9.53,2.38,1.03
1,1546860131642,9.78,3.26,0.58
1,1546860131642,9.98,4.12,0.23
1,1546860131710,10.07,5.87,0.29
1,1546860131711,10.0,6.58,0.58
1,1546860131711,9.82,7.18,0.76
1,1546860131711,9.7,7.61,1.26
1,1546860131711,9.7,7.5,1.66
1,1546860131712,9.88,6.93,2.1
1,1546860131712,9.96,6.03,2.38
1,1546860131712,9.9,4.86,2.69
1,1546860131780,9.45,2.81,3.32
1,1546860131780,9.02,2.08,3.28
1,1546860131854,8.26,1.3,3.49
1,1546860131934,8.24,1.48,3.96
1,1546860131935,8.06,1.66,4.25
1,1546860131935,7.77,1.83,4.43
1,1546860131935,7.5,1.97,4.45
1,1546860131935,7.12,2.32,4.29
1,1546860131935,6.6,3.12,3.96
1,1546860131936,6.42,3.47,3.71
1,1546860131936,6.34,3.69,3.49
1,1546860132004,5.23,4.64,2.81
1,1546860132005,6.6,5.35,2.87
1,1546860132005,6.64,5.46,2.81
1,1546860132020,6.77,5.52,2.83
1,1546860132020,6.99,5.39,2.77
1,1546860132020,7.2,5.23,2.77
1,1546860132020,7.77,4.92,2.79
1,1546860132021,8.06,5.03,2.83
1,1546860132109,8.16,5.27,2.67
1,1546860132110,7.85,5.6,2.5
1,1546860132110,6.99,5.82,2.53
1,1546860132110,6.83,5.8,2.5
1,1546860132110,6.99,5.78,2.44
1,1546860132110,7.4,5.78,2.38
1,1546860132111,7.75,6.26,2.14
1,1546860132111,7.71,6.48,2.05
1,1546860132155,7.57,6.42,1.81
1,1546860132156,7.67,6.21,1.97
1,1546860132156,8.33,5.99,1.99
1,1546860132157,8.61,6.13,1.89
1,1546860132157,8.71,6.44,1.79
1,1546860132158,8.53,6.71,1.69
1,1546860132158,7.71,7.44,1.75
1,1546860132158,7.28,7.69,1.73
1,1546860132230,7.1,7.85,1.62
1,1546860132231,7.14,7.98,1.23
1,1546860132231,7.48,8.02,0.91
1,1546860132231,7.5,7.63,0.95
1,1546860132249,7.36,7.75,1.19
1,1546860132250,6.99,8.32,1.36
1,1546860132251,6.44,8.75,1.56
1,1546860132251,5.44,8.32,2.14
1,1546860132304,4.94,7.83,2.38
1,1546860132317,4.51,7.24,2.28
1,1546860132317,4.39,6.58,1.93
1,1546860132317,4.76,5.97,0.78
1,1546860132317,4.96,6.21,-0.09
1,1546860132318,5.25,6.6,-0.76
1,1546860132318,5.44,7.07,-1.34
1,1546860132382,5.31,7.81,-2.16
1,1546860132383,5.09,8.08,-2.34
1,1546860132383,4.6,8.16,-2.5
1,1546860132383,4.21,8.0,-2.55
1,1546860132384,4.08,7.14,-3.1
1,1546860132384,4.17,6.67,-3.67
1,1546860132384,4.33,6.19,-3.92
1,1546860132384,4.39,5.74,-3.84
1,1546860132548,4.41,5.21,-3.47
1,1546860132548,4.49,5.85,-3.8
1,1546860132548,4.29,6.85,-4.25
1,1546860132549,4.12,7.65,-4.31
1,1546860132549,4.0,7.89,-4.29
1,1546860132617,4.08,7.4,-4.37
1,1546860132617,4.27,7.18,-4.47
1,1546860132617,4.31,7.14,-4.41
1,1546860132617,4.12,7.08,-4.43
1,1546860132618,4.9,5.35,-4.43
1,1546860132618,5.19,5.21,-4.43
1,1546860132618,5.85,5.03,-4.25
1,1546860132618,5.99,4.88,-4.0
1,1546860132682,6.09,4.76,-3.98
1,1546860132682,6.4,4.96,-3.96
1,1546860132682,6.32,4.94,-3.98
1,1546860132683,6.46,5.0,-3.98
1,1546860132683,6.91,5.11,-4.02
1,1546860132683,8.18,5.62,-3.9
1,1546860132683,8.41,5.93,-3.61
1,1546860132683,8.32,6.23,-3.2
1,1546860132766,8.08,6.42,-2.92
1,1546860132766,8.08,6.62,-2.34
1,1546860132766,8.14,6.56,-2.1
1,1546860132767,8.22,6.42,-1.83
1,1546860132767,8.3,6.28,-1.71
1,1546860132767,8.65,6.36,-1.6
1,1546860132768,8.75,6.52,-1.56
1,1546860132768,8.75,6.66,-1.46
1,1546860132830,8.65,6.93,-1.44
1,1546860132830,8.37,7.42,-1.79
1,1546860132830,8.24,7.59,-1.81
1,1546860132852,8.08,7.81,-1.79
1,1546860132853,7.89,8.02,-1.79
1,1546860132853,7.57,7.94,-1.44
1,1546860132853,7.55,8.04,-1.42
1,1546860132853,7.57,8.02,-1.3
1,1546860132906,7.69,7.77,-1.07
1,1546860132907,7.69,7.28,-0.83
1,1546860132908,7.94,6.11,-0.41
1,1546860132908,8.18,5.62,-0.01
1,1546860132909,8.43,5.31,0.33
1,1546860132909,8.35,5.07,0.42
1,1546860132909,7.96,4.64,0.85
1,1546860132909,7.98,4.41,0.95
1,1546860132983,8.12,4.19,1.17
1,1546860132983,8.32,3.88,1.25
1,1546860132984,8.86,3.26,1.38
1,1546860132984,9.06,3.18,1.28
1,1546860132984,9.14,3.24,1.19
1,1546860133056,9.23,3.35,1.17
1,1546860133056,9.19,3.67,1.09
1,1546860133070,9.1,3.86,1.03
1,1546860133071,9.06,4.14,0.82
1,1546860133071,9.1,4.58,0.56
1,1546860133071,9.14,5.5,0.0
1,1546860133071,9.0,5.68,-0.19
1,1546860133072,8.78,5.64,-0.21
1,1546860133130,8.57,5.5,-0.13
1,1546860133131,7.98,6.03,0.13
1,1546860133131,7.73,6.11,0.23
1,1546860133132,7.53,6.15,0.33
1,1546860133132,7.48,6.19,0.31
1,1546860133133,7.48,6.17,0.03
1,1546860133133,7.5,6.03,-0.09
1,1546860133133,7.44,5.8,-0.15
1,1546860133204,7.44,5.5,-0.11
1,1546860133226,7.65,5.03,0.07
1,1546860133227,7.73,5.07,0.09
1,1546860133227,7.79,5.11,0.11
1,1546860133227,7.69,5.13,0.13
1,1546860133227,7.69,5.0,0.19
1,1546860133227,7.75,4.8,0.15
1,1546860133228,7.79,4.6,0.15
1,1546860133280,7.85,4.37,0.13
1,1546860133280,8.1,4.21,0.31
1,1546860133281,8.28,4.21,0.52
1,1546860133281,8.47,4.39,0.68
1,1546860133289,8.53,4.55,0.97
1,1546860133290,8.65,4.57,1.44
1,1546860133290,8.69,4.45,1.71
1,1546860133355,8.75,4.37,1.89
1,1546860133373,8.69,4.29,1.93
1,1546860133374,8.57,4.12,1.91
1,1546860133374,8.53,3.9,2.05
1,1546860133374,8.57,3.82,2.16
1,1546860133374,8.63,3.76,2.34
1,1546860133374,8.59,3.73,2.46
1,1546860133375,8.28,3.8,2.69
1,1546860133430,8.16,3.9,2.81
1,1546860133441,8.1,4.0,2.94
1,1546860133441,8.08,4.16,3.22
1,1546860133441,8.06,4.57,3.94
1,1546860133442,8.02,4.76,4.25
1,1546860133442,7.94,4.84,4.45
1,1546860133442,7.92,4.84,4.6
1,1546860133443,7.87,4.57,4.7
1,1546860133506,7.94,4.37,4.78
1,1546860133506,8.02,4.19,4.84
1,1546860133506,8.16,4.02,4.84
1,1546860133506,8.37,3.82,4.84
1,1546860133507,8.39,3.63,4.88
1,1546860133507,8.33,3.43,4.88
1,1546860133507,8.26,3.18,4.9
1,1546860133584,8.24,2.94,4.82
1,1546860133585,8.08,2.53,4.57
1,1546860133586,8.0,2.4,4.35
1,1546860133586,7.92,2.34,4.19
1,1546860133587,7.83,2.22,4.08
1,1546860133610,7.44,2.3,3.94
1,1546860133611,7.24,2.51,3.86
1,1546860133612,7.14,2.89,3.8
1,1546860133659,7.12,3.28,3.71
1,1546860133660,7.08,3.67,3.63
1,1546860133661,7.1,3.67,3.61
1,1546860133663,7.16,3.59,3.57
1,1546860133664,7.28,3.57,3.43
1,1546860133664,7.5,3.82,3.26
1,1546860133665,7.53,3.92,3.22
1,1546860133738,7.57,4.0,3.14
1,1546860133740,7.73,4.08,3.1
1,1546860133741,8.08,4.17,3.2
1,1546860133742,8.24,4.25,3.28
1,1546860133743,8.37,4.27,3.33
1,1546860133815,8.47,4.29,3.43
1,1546860133816,8.63,4.33,3.61
1,1546860133817,8.73,4.27,3.63
1,1546860133818,8.75,4.19,3.53
1,1546860133818,8.78,4.1,3.47
1,1546860133819,8.78,4.0,3.39
1,1546860133820,8.78,3.69,3.32
1,1546860133821,8.75,3.45,3.32
1,1546860133884,8.69,3.2,3.39
1,1546860133886,8.33,2.87,3.59
1,1546860133888,8.18,3.02,3.63
1,1546860133889,8.06,3.28,3.59
1,1546860133891,8.02,3.41,3.65
1,1546860133892,8.08,3.59,3.65
1,1546860133894,8.1,3.59,3.61
1,1546860133895,8.04,3.59,3.59
1,1546860133960,7.96,3.63,3.49
1,1546860133963,7.77,3.86,3.3
1,1546860133964,7.69,3.94,3.33
1,1546860133966,7.63,3.94,3.35
1,1546860133967,7.63,3.9,3.43
1,1546860133968,7.67,3.92,3.57
1,1546860133969,7.75,3.98,3.61
1,1546860133970,7.83,4.1,3.59
1,1546860134036,7.91,4.21,3.47
1,1546860134037,7.96,4.23,3.41
1,1546860134038,8.08,4.14,3.35
1,1546860134040,8.28,4.08,3.39
1,1546860134065,8.39,4.06,3.53
1,1546860134066,8.49,4.08,3.65
1,1546860134067,8.71,4.14,3.76
1,1546860134067,8.86,4.17,3.86
1,1546860134110,9.02,4.16,3.9
1,1546860134111,9.1,4.08,3.8
1,1546860134112,9.12,3.61,3.69
1,1546860134113,9.21,3.41,3.65
1,1546860134113,9.17,3.35,3.59
1,1546860134114,9.04,3.35,3.57
1,1546860134115,8.73,3.49,3.43
1,1546860134180,8.63,3.55,3.35
1,1546860134181,8.63,3.65,3.26
1,1546860134182,8.63,3.73,3.14
1,1546860134197,8.61,3.78,2.96
1,1546860134197,8.59,3.71,2.94
1,1546860134198,8.59,3.67,2.85
1,1546860134199,8.55,3.71,2.77
1,1546860134199,8.37,3.75,2.55
1,1546860134259,8.28,3.76,2.46
1,1546860134260,8.2,3.76,2.38
1,1546860134260,8.12,3.73,2.26
1,1546860134261,8.12,3.69,2.24
1,1546860134261,8.08,3.67,2.12
1,1546860134262,8.02,3.67,2.07
1,1546860134263,7.91,3.69,2.01
1,1546860134263,7.83,3.69,1.99
1,1546860134336,7.67,3.71,2.01
1,1546860134338,7.69,3.84,1.99
1,1546860134340,7.73,4.0,1.87
1,1546860134341,7.69,4.08,1.83
1,1546860134343,7.75,4.21,1.6
1,1546860134344,7.77,4.25,1.54
1,1546860134345,7.83,4.25,1.46
1,1546860134415,7.98,4.27,1.4
1,1546860134416,8.24,4.33,1.28
1,1546860134417,8.37,4.35,1.26
1,1546860134417,8.43,4.43,1.28
1,1546860134418,8.39,4.51,1.23
1,1546860134420,8.24,4.49,1.32
1,1546860134420,8.26,4.41,1.28
1,1546860134421,8.43,4.27,1.26
1,1546860134483,8.49,4.21,1.36
1,1546860134484,8.51,4.17,1.4
1,1546860134484,8.57,4.21,1.3
1,1546860134484,8.63,4.25,1.36
1,1546860134485,8.71,4.25,1.36
1,1546860134485,8.75,4.35,1.44
1,1546860134486,8.63,4.35,1.54
1,1546860134564,8.65,4.37,1.56
1,1546860134566,8.67,4.39,1.56
1,1546860134566,8.76,4.35,1.64
1,1546860134567,9.04,4.06,1.77
1,1546860134568,9.14,3.96,1.93
1,1546860134569,9.14,3.84,2.08
1,1546860134570,8.94,3.75,2.08
1,1546860134571,8.65,3.76,1.99
1,1546860134632,8.55,3.88,1.81
1,1546860134633,8.49,3.92,1.73
1,1546860134633,8.39,3.92,1.67
1,1546860134634,8.3,4.04,1.67
1,1546860134634,8.26,4.17,1.67
1,1546860134635,8.2,4.39,1.75
1,1546860134636,8.14,4.53,1.73
1,1546860134715,8.04,4.68,1.71
1,1546860134716,8.08,4.64,1.77
1,1546860134716,8.08,4.62,1.83
1,1546860134716,8.16,4.66,1.95
1,1546860134716,8.2,4.68,2.03
1,1546860134717,8.18,4.86,2.08
1,1546860134717,8.24,4.88,2.12
1,1546860134717,8.28,4.78,2.2
1,1546860134781,8.41,4.64,2.22
1,1546860134783,8.61,4.37,2.2
1,1546860134783,8.61,4.23,2.22
1,1546860134784,8.51,4.16,2.16
1,1546860134784,8.41,4.12,2.24
1,1546860134785,8.3,4.14,2.42
1,1546860134786,8.26,4.08,2.46
1,1546860134861,8.3,4.0,2.51
1,1546860134863,8.37,3.9,2.53
1,1546860134865,8.45,3.9,2.57
1,1546860134867,8.43,3.96,2.53
1,1546860134869,8.41,3.96,2.44
1,1546860134870,8.43,4.0,2.38
1,1546860134871,8.47,4.19,2.34
1,1546860134872,8.43,4.23,2.34
1,1546860134933,8.37,4.25,2.44
1,1546860134933,8.3,4.23,2.42
1,1546860134934,8.28,4.23,2.46
1,1546860134935,8.41,4.17,2.34
1,1546860134951,8.49,4.12,2.34
1,1546860134952,8.55,4.08,2.3
1,1546860134952,8.57,4.08,2.32
1,1546860135009,8.55,4.14,2.2
1,1546860135009,8.53,4.21,2.16
1,1546860135009,8.53,4.27,2.08
1,1546860135010,8.55,4.33,2.1
1,1546860135010,8.49,4.21,2.12
1,1546860135010,8.45,4.17,2.08
1,1546860135010,8.45,4.23,2.03
1,1546860135011,8.43,4.23,1.99
1,1546860135087,8.37,4.31,1.89
1,1546860135088,8.39,4.29,1.95
1,1546860135089,8.45,4.25,1.93
1,1546860135090,8.53,4.29,1.87
1,1546860135090,8.61,4.35,1.83
1,1546860135091,8.57,4.33,1.77
1,1546860135091,8.61,4.23,1.79
1,1546860135092,8.67,4.17,1.83
1,1546860135159,8.76,4.1,1.75
1,1546860135160,8.8,4.04,1.77
1,1546860135161,8.78,3.98,1.77
1,1546860135162,8.78,3.92,1.73
1,1546860135162,8.76,3.92,1.67
1,1546860135170,8.63,3.96,1.64
1,1546860135171,8.59,3.98,1.62
1,1546860135238,8.55,3.94,1.62
1,1546860135255,8.59,3.9,1.62
1,1546860135256,8.59,3.82,1.48
1,1546860135256,8.55,3.78,1.52
1,1546860135256,8.47,3.78,1.58
1,1546860135256,8.53,3.78,1.66
1,1546860135257,8.63,3.8,1.62
1,1546860135257,8.65,3.76,1.62
1,1546860135320,8.59,3.82,1.66
1,1546860135321,8.55,3.86,1.66
1,1546860135321,8.47,3.84,1.69
1,1546860135321,8.51,3.86,1.67
1,1546860135322,8.51,3.86,1.71
1,1546860135322,8.51,3.88,1.77
1,1546860135323,8.51,3.94,1.81
1,1546860135383,8.41,4.1,1.85
1,1546860135383,8.32,4.12,1.81
1,1546860135384,8.24,4.04,1.81
1,1546860135384,8.26,3.92,1.79
1,1546860135384,8.47,3.71,1.71
1,1546860135384,8.57,3.71,1.73
1,1546860135385,8.59,3.78,1.73
1,1546860135385,8.59,3.94,1.75
1,1546860135459,8.49,4.21,1.87
1,1546860135459,8.43,4.25,1.95
1,1546860135460,8.39,4.19,1.99
1,1546860135473,8.37,4.17,1.99
1,1546860135474,8.39,4.14,1.99
1,1546860135474,8.41,4.19,1.95
1,1546860135475,8.41,4.21,1.99
1,1546860135536,8.45,4.27,1.99
1,1546860135537,8.45,4.35,2.07
1,1546860135538,8.39,4.33,2.16
1,1546860135538,8.41,4.33,2.24
1,1546860135539,8.45,4.39,2.28
1,1546860135540,8.63,4.58,2.42
1,1546860135540,8.59,4.6,2.46
1,1546860135541,8.51,4.58,2.55
1,1546860135607,8.47,4.47,2.55
1,1546860135607,8.51,4.29,2.65
1,1546860135607,8.49,4.21,2.65
1,1546860135607,8.39,4.19,2.65
1,1546860135608,8.32,4.25,2.63
1,1546860135608,8.24,4.23,2.59
1,1546860135608,8.04,4.33,2.57
1,1546860135682,7.98,4.31,2.57
1,1546860135713,7.96,4.35,2.59
1,1546860135714,7.92,4.37,2.65
1,1546860135715,7.89,4.51,2.61
1,1546860135715,7.85,4.47,2.77
1,1546860135716,7.81,4.31,2.83
1,1546860135717,7.77,4.25,2.81
1,1546860135717,7.83,4.21,2.79
1,1546860135762,7.92,4.14,2.79
1,1546860135763,7.96,4.06,2.77
1,1546860135764,8.06,4.02,2.79
1,1546860135765,8.18,4.17,2.65
1,1546860135765,8.16,4.1,2.69
1,1546860135834,8.14,4.02,2.69
1,1546860135834,8.33,3.94,2.77
1,1546860135864,8.24,3.98,2.65
1,1546860135865,8.16,4.0,2.57
1,1546860135866,8.18,3.96,2.44
1,1546860135866,8.24,3.88,2.36
1,1546860135867,8.37,3.71,2.55
1,1546860135868,8.33,3.76,2.55
1,1546860135939,8.2,3.96,2.46
1,1546860135939,8.1,3.84,2.71
1,1546860135940,8.32,3.96,2.61
1,1546860135940,8.39,4.08,2.55
1,1546860135940,8.32,4.16,2.51
1,1546860135941,8.22,4.06,2.53
1,1546860135941,8.26,3.84,2.61
1,1546860135941,8.3,3.9,2.51
1,1546860135983,8.22,3.9,2.5
1,1546860135991,8.1,3.86,2.51
1,1546860135991,7.96,3.71,2.71
1,1546860135991,7.92,3.73,2.69
1,1546860135992,7.98,3.86,2.65
1,1546860135992,7.94,3.94,2.65
1,1546860135992,7.92,3.92,2.81
1,1546860135993,8.0,3.96,2.83
1,1546860136054,8.06,4.02,2.87
1,1546860136054,8.06,4.06,2.85
1,1546860136055,8.1,4.17,2.96
1,1546860136055,8.1,4.14,2.94
1,1546860136075,8.16,4.17,2.89
1,1546860136076,8.18,4.16,2.83
1,1546860136076,8.14,4.02,2.83
1,1546860136076,8.14,4.0,2.81
1,1546860136133,8.22,3.9,2.87
1,1546860136149,8.41,3.9,2.83
1,1546860136150,8.55,3.92,2.85
1,1546860136150,8.65,4.02,2.83
1,1546860136151,8.59,4.12,2.81
1,1546860136151,8.55,4.21,2.81
1,1546860136151,8.53,4.17,2.71
1,1546860136209,8.92,4.12,2.55
1,1546860136210,8.96,4.08,2.53
1,1546860136210,8.84,3.98,2.57
1,1546860136210,8.71,3.94,2.53
1,1546860136210,8.49,3.84,2.73
1,1546860136210,8.49,3.75,2.75
1,1546860136211,8.57,3.51,2.71
1,1546860136211,8.59,3.3,2.67
1,1546860136282,8.39,3.28,2.63
1,1546860136283,8.26,3.39,2.55
1,1546860136284,8.26,3.55,2.38
1,1546860136285,8.26,3.75,2.28
1,1546860136301,8.1,3.92,2.34
1,1546860136303,8.02,3.98,2.4
1,1546860136303,8.0,4.08,2.48
1,1546860136359,8.04,4.16,2.55
1,1546860136363,8.1,4.02,2.57
1,1546860136368,8.12,3.76,2.59
1,1546860136370,8.22,3.51,2.61
1,1546860136371,8.28,3.37,2.57
1,1546860136371,8.3,3.35,2.5
1,1546860136373,8.24,3.69,2.36
1,1546860136373,8.2,3.92,2.42
1,1546860136438,8.18,4.1,2.48
1,1546860136439,8.22,4.19,2.53
1,1546860136440,8.35,4.16,2.55
1,1546860136441,8.39,4.1,2.55
1,1546860136442,8.37,4.0,2.4
1,1546860136443,8.37,3.94,2.32
1,1546860136444,8.53,4.19,2.26
1,1546860136533,8.53,4.39,2.18
1,1546860136534,8.45,4.58,2.14
1,1546860136534,8.43,4.7,2.2
1,1546860136534,8.39,4.41,2.38
1,1546860136534,8.47,4.16,2.51
1,1546860136535,8.55,4.0,2.73
1,1546860136535,8.61,3.84,2.81
1,1546860136535,8.45,3.88,2.71
1,1546860136582,8.45,4.0,2.57
1,1546860136583,8.49,4.12,2.46
1,1546860136583,8.55,4.14,2.3
1,1546860136583,8.55,4.16,2.32
1,1546860136584,8.45,4.0,2.55
1,1546860136584,8.35,3.92,2.71
1,1546860136585,8.3,3.92,2.73
1,1546860136585,8.3,3.96,2.61
1,1546860136655,8.3,4.0,2.57
1,1546860136656,8.24,3.94,2.63
1,1546860136657,8.2,3.88,2.59
1,1546860136658,8.2,3.86,2.57
1,1546860136658,8.28,3.84,2.53
1,1546860136658,8.33,3.88,2.5
1,1546860136658,8.35,3.98,2.48
1,1546860136734,8.28,4.08,2.5
1,1546860136735,8.12,4.08,2.57
1,1546860136736,8.14,3.98,2.61
1,1546860136736,8.2,3.84,2.69
1,1546860136737,8.24,3.78,2.81
1,1546860136737,8.1,3.8,2.85
1,1546860136737,8.06,3.78,2.85
1,1546860136814,8.06,3.78,2.87
1,1546860136814,8.1,3.76,2.81
1,1546860136814,8.2,3.82,2.83
1,1546860136815,8.16,3.75,2.94
1,1546860136815,8.14,3.82,2.94
1,1546860136816,8.06,3.92,2.92
1,1546860136816,8.04,3.98,2.92
1,1546860136816,7.98,3.82,2.96
1,1546860136881,8.14,3.8,2.96
1,1546860136898,8.28,3.84,2.96
1,1546860136899,8.33,3.92,2.98
1,1546860136899,8.24,3.98,2.92
1,1546860136899,8.26,4.04,2.81
1,1546860136899,8.3,4.06,2.75
1,1546860136900,8.28,4.14,2.85
1,1546860136900,8.02,3.98,3.32
1,1546860136958,7.96,3.96,3.37
1,1546860136960,7.94,4.0,3.26
1,1546860136961,7.94,3.98,3.24
1,1546860136963,7.96,3.84,3.33
1,1546860136964,7.96,3.88,3.33
1,1546860136966,8.0,4.0,3.33
1,1546860136968,7.94,4.08,3.35
1,1546860137035,7.81,4.06,3.32
1,1546860137036,7.89,4.08,3.26
1,1546860137050,7.92,4.17,3.26
1,1546860137050,7.87,4.19,3.3
1,1546860137051,7.71,3.88,3.57
1,1546860137051,7.77,3.8,3.61
1,1546860137051,7.91,3.82,3.63
1,1546860137051,8.0,3.92,3.61
1,1546860137119,8.08,4.06,3.61
1,1546860137119,8.02,4.14,3.61
1,1546860137120,8.02,4.14,3.55
1,1546860137120,8.02,4.19,3.41
1,1546860137120,8.0,4.23,3.51
1,1546860137120,7.91,4.16,4.04
1,1546860137121,7.89,4.12,4.14
1,1546860137180,7.92,4.29,4.0
1,1546860137181,7.85,4.35,3.75
1,1546860137202,7.81,4.08,3.47
1,1546860137203,7.87,4.17,3.43
1,1546860137203,7.85,4.12,3.35
1,1546860137203,7.79,4.04,3.39
1,1546860137204,7.69,4.31,3.71
1,1546860137204,7.65,4.45,3.8
1,1546860137257,7.65,4.55,3.88
1,1546860137258,7.69,4.47,3.94
1,1546860137258,7.96,4.14,4.16
1,1546860137269,8.14,4.06,4.19
1,1546860137269,8.26,4.02,4.08
1,1546860137270,8.26,4.12,3.96
1,1546860137270,8.2,4.25,3.67
1,1546860137332,8.24,4.19,3.67
1,1546860137333,8.24,4.04,3.71
1,1546860137334,8.32,3.88,3.76
1,1546860137334,8.53,3.63,3.8
1,1546860137358,8.57,3.65,3.82
1,1546860137359,8.59,3.67,3.8
1,1546860137360,8.69,3.73,3.75
1,1546860137360,8.73,3.78,3.76
1,1546860137411,8.88,3.78,3.47
1,1546860137412,8.96,3.8,3.28
1,1546860137437,8.98,3.86,3.24
1,1546860137438,9.06,3.96,3.39
1,1546860137438,8.75,3.92,3.82
1,1546860137438,8.45,3.73,3.82
1,1546860137439,8.35,3.51,3.61
1,1546860137484,8.45,3.32,3.32
1,1546860137485,8.9,3.53,3.0
1,1546860137487,9.0,3.67,2.89
1,1546860137504,8.94,3.86,2.92
1,1546860137504,8.76,4.02,2.91
1,1546860137504,8.51,3.84,2.94
1,1546860137504,8.51,3.49,3.0
1,1546860137505,8.47,3.32,3.0
1,1546860137560,8.28,3.18,2.98
1,1546860137561,8.22,2.63,3.08
1,1546860137562,8.49,2.91,3.2
1,1546860137563,8.61,3.12,3.41
1,1546860137563,8.65,3.65,3.1
1,1546860137564,8.24,4.82,2.48
1,1546860137565,7.91,5.07,1.99
1,1546860137635,7.81,4.86,1.64
1,1546860137637,8.16,4.55,1.81
1,1546860137639,8.37,4.58,1.95
1,1546860137640,8.53,4.72,2.14
1,1546860137641,8.71,4.49,2.42
1,1546860137712,8.84,4.27,2.85
1,1546860137715,8.76,4.33,3.02
1,1546860137716,8.2,4.0,3.0
1,1546860137717,8.26,3.57,2.94
1,1546860137718,8.1,3.08,2.98
1,1546860137719,8.0,2.77,2.92
1,1546860137720,8.45,3.61,2.73
1,1546860137721,8.51,4.12,2.98
1,1546860137785,8.33,4.57,3.57
1,1546860137788,7.63,3.41,4.25
1,1546860137789,7.61,3.41,3.53
1,1546860137807,6.93,2.94,2.94
1,1546860137809,6.95,2.53,2.81
1,1546860137810,7.65,6.77,2.07
1,1546860137810,6.42,6.44,1.19
1,1546860137811,3.28,1.4,-2.48
1,1546860137862,7.46,-3.98,5.35
1,1546860137863,13.8,11.66,4.41
1,1546860137864,4.96,12.22,4.49
1,1546860137865,2.75,7.98,5.41
1,1546860137865,4.31,6.66,4.96
1,1546860137866,9.94,6.3,4.53
1,1546860137867,8.65,3.45,4.55
1,1546860137867,7.94,3.1,4.1
1,1546860137936,7.4,3.47,3.18
1,1546860137957,7.18,4.49,2.24
1,1546860137958,6.71,6.3,1.58
1,1546860137959,6.4,6.48,1.95
1,1546860137959,6.4,6.48,2.36
1,1546860137959,6.62,6.32,2.69
1,1546860137960,6.95,5.76,3.41
1,1546860137960,6.87,5.52,3.63
1,1546860138008,6.73,5.31,3.63
1,1546860138009,6.66,5.15,3.35
1,1546860138011,6.85,4.92,2.51
1,1546860138012,6.89,5.0,2.16
1,1546860138013,6.64,4.98,2.28
1,1546860138013,6.23,4.8,2.79
1,1546860138014,5.93,4.82,3.59
1,1546860138014,5.95,5.11,3.75
1,1546860138082,5.89,5.46,3.71
1,1546860138083,5.7,5.78,3.55
1,1546860138083,5.35,5.95,3.16
1,1546860138084,5.37,5.85,3.08
1,1546860138084,5.42,5.8,2.98
1,1546860138084,5.48,5.74,2.83
1,1546860138085,5.64,5.58,2.79
1,1546860138158,6.17,6.11,2.94
1,1546860138160,6.34,6.28,3.1
1,1546860138161,6.42,6.28,3.3
1,1546860138161,6.4,6.28,3.49
1,1546860138164,6.46,6.23,3.57
1,1546860138164,6.54,6.19,3.57
1,1546860138165,6.62,6.25,3.51
1,1546860138165,6.66,6.28,3.57
1,1546860138234,6.67,6.52,3.84
1,1546860138235,6.67,6.62,3.84
1,1546860138236,6.67,6.52,3.86
1,1546860138241,6.71,6.3,3.96
1,1546860138242,6.71,5.82,3.86
1,1546860138242,6.73,5.72,3.82
1,1546860138242,6.73,5.76,3.8
1,1546860138308,6.67,5.87,3.75
1,1546860138330,6.42,6.03,3.57
1,1546860138331,6.42,5.85,3.57
1,1546860138332,6.42,5.68,3.53
1,1546860138333,6.42,5.46,3.51
1,1546860138334,6.38,5.25,3.57
1,1546860138335,6.5,5.37,3.71
1,1546860138336,6.48,5.58,3.73
1,1546860138384,6.25,5.7,3.69
1,1546860138385,6.07,5.68,3.61
1,1546860138386,5.97,5.44,3.47
1,1546860138386,5.97,5.23,3.53
1,1546860138412,5.95,5.13,3.55
1,1546860138413,5.93,5.19,3.59
1,1546860138413,5.74,5.46,3.49
1,1546860138459,5.6,5.54,3.51
1,1546860138479,5.5,5.62,3.53
1,1546860138480,5.46,5.91,3.47
1,1546860138480,5.48,6.42,3.28
1,1546860138481,5.44,6.52,3.24
1,1546860138481,5.42,6.54,3.28
1,1546860138482,5.42,6.54,3.3
1,1546860138482,5.37,6.62,3.51
1,1546860138531,5.37,6.75,3.51
1,1546860138532,5.41,6.79,3.57
1,1546860138533,5.44,6.77,3.71
1,1546860138534,5.7,6.71,4.0
1,1546860138534,5.87,6.71,4.04
1,1546860138534,5.97,6.71,3.98
1,1546860138535,6.05,6.5,3.94
1,1546860138535,6.07,6.26,3.8
1,1546860138612,6.11,6.09,3.65
1,1546860138614,6.13,6.01,3.65
1,1546860138614,6.09,6.03,3.71
1,1546860138615,6.05,5.99,3.78
1,1546860138616,6.01,5.7,4.04
1,1546860138617,5.95,5.5,4.08
1,1546860138618,5.93,5.29,4.14
1,1546860138687,5.89,5.17,4.08
1,1546860138694,5.62,5.09,3.8
1,1546860138695,5.54,5.13,3.69
1,1546860138695,5.58,5.23,3.63
1,1546860138696,5.66,5.44,3.63
1,1546860138696,5.76,5.41,3.8
1,1546860138696,5.91,5.42,3.96
1,1546860138697,6.05,5.5,4.04
1,1546860138761,6.07,5.6,4.02
1,1546860138761,5.91,5.56,3.9
1,1546860138762,5.74,5.31,3.88
1,1546860138762,5.8,5.33,3.92
1,1546860138762,6.07,5.54,4.02
1,1546860138763,6.34,5.85,4.0
1,1546860138763,6.58,6.23,4.0
1,1546860138839,6.6,6.07,4.02
1,1546860138840,6.67,5.68,4.02
1,1546860138842,6.62,5.29,4.04
1,1546860138843,6.46,5.01,4.23
1,1546860138844,6.48,5.27,4.47
1,1546860138845,6.64,5.72,4.53
1,1546860138847,6.91,6.11,4.58
1,1546860138848,7.36,6.52,4.58
1,1546860138910,7.53,6.6,4.53
1,1546860138931,7.63,6.36,4.43
1,1546860138931,7.53,5.93,4.29
1,1546860138932,7.2,5.07,4.1
1,1546860138932,7.12,5.05,4.31
1,1546860138933,7.14,5.21,4.55
1,1546860138933,7.3,5.35,4.66
1,1546860138985,7.73,5.21,4.76
1,1546860138986,7.77,4.96,4.66
1,1546860138987,7.75,4.7,4.53
1,1546860138988,7.71,4.55,4.41
1,1546860138989,7.53,4.47,4.29
1,1546860138990,6.95,4.39,3.8
1,1546860138991,6.6,4.29,3.63
1,1546860138991,6.34,4.21,3.69
1,1546860139059,6.21,4.14,3.82
1,1546860139060,6.38,4.74,3.96
1,1546860139061,6.4,5.07,3.94
1,1546860139061,6.32,5.11,3.94
1,1546860139062,6.25,5.01,3.92
1,1546860139062,6.26,4.7,3.88
1,1546860139063,6.25,4.66,3.86
1,1546860139134,6.11,4.64,3.86
1,1546860139135,6.05,4.58,3.82
1,1546860139135,6.11,4.49,3.82
1,1546860139136,6.19,4.55,3.84
1,1546860139136,6.32,4.62,4.0
1,1546860139136,6.32,4.68,4.08
1,1546860139137,6.42,4.6,4.27
1,1546860139137,6.48,4.55,4.37
1,1546860139209,6.62,4.55,4.43
1,1546860139210,6.77,4.51,4.43
1,1546860139211,6.81,4.43,4.49
1,1546860139211,6.87,4.08,4.49
1,1546860139211,6.95,3.94,4.43
1,1546860139285,7.03,3.76,4.41
1,1546860139299,7.08,3.69,4.35
1,1546860139300,7.18,3.71,4.14
1,1546860139302,7.26,3.76,4.06
1,1546860139303,7.34,3.88,4.0
1,1546860139304,7.38,3.98,3.98
1,1546860139304,7.51,4.29,3.94
1,1546860139305,7.55,4.35,4.02
1,1546860139358,7.57,4.35,4.1
1,1546860139359,7.75,4.02,4.12
1,1546860139359,7.87,3.98,4.16
1,1546860139360,7.96,3.96,4.1
1,1546860139366,7.98,4.0,4.14
1,1546860139367,8.04,4.12,4.08
1,1546860139367,8.08,4.16,4.12
1,1546860139367,8.18,4.14,4.1
1,1546860139432,8.32,4.1,4.12
1,1546860139433,8.49,4.12,4.23
1,1546860139434,8.53,4.1,4.23
1,1546860139435,8.55,4.14,4.33
1,1546860139436,8.61,4.19,4.41
1,1546860139437,8.76,4.35,4.51
1,1546860139438,9.02,4.68,4.7
1,1546860139438,9.06,4.7,4.72
1,1546860139508,9.06,4.62,4.72
1,1546860139509,9.1,4.53,4.74
1,1546860139509,9.06,4.19,4.72
1,1546860139510,9.04,4.04,4.66
1,1546860139510,8.98,3.84,4.58
1,1546860139511,8.92,3.69,4.55
1,1546860139511,8.71,3.53,4.62
1,1546860139511,8.63,3.53,4.58
1,1546860139582,8.57,3.55,4.51
1,1546860139583,8.47,3.55,4.51
1,1546860139583,8.18,3.47,4.33
1,1546860139583,8.08,3.39,4.21
1,1546860139584,7.94,3.32,4.16
1,1546860139584,7.81,3.2,4.1
1,1546860139584,7.67,3.22,4.02
1,1546860139658,7.57,3.24,3.96
1,1546860139658,7.46,3.26,3.94
1,1546860139659,7.32,3.28,3.76
1,1546860139659,7.3,3.26,3.59
1,1546860139660,7.28,3.33,3.53
1,1546860139660,7.3,3.45,3.59
1,1546860139661,7.38,3.57,3.67
1,1546860139671,7.38,3.65,3.67
1,1546860139735,7.46,3.59,3.71
1,1546860139735,7.5,3.51,3.67
1,1546860139751,7.57,3.53,3.61
1,1546860139752,7.65,3.61,3.59
1,1546860139752,7.65,3.76,3.61
1,1546860139752,7.69,3.9,3.57
1,1546860139753,7.75,3.96,3.61
1,1546860139808,7.81,4.02,3.59
1,1546860139809,8.06,4.16,3.45
1,1546860139810,8.06,4.16,3.59
1,1546860139811,8.0,4.12,3.73
1,1546860139812,8.02,4.02,3.78
1,1546860139813,8.18,3.96,3.75
1,1546860139813,8.16,3.88,3.78
1,1546860139814,8.16,3.9,3.78
1,1546860139886,8.14,3.9,3.75
1,1546860139888,8.14,3.84,3.69
1,1546860139889,8.1,3.86,3.65
1,1546860139890,8.08,3.88,3.63
1,1546860139891,8.04,3.94,3.63
1,1546860139893,7.98,3.94,3.61
1,1546860139894,8.04,3.96,3.59
1,1546860139958,8.04,3.94,3.61
1,1546860139960,8.02,3.98,3.63
1,1546860139961,7.96,3.92,3.65
1,1546860139962,7.87,3.82,3.67
1,1546860139963,7.91,3.8,3.69
1,1546860139963,7.94,3.82,3.65
1,1546860139965,7.94,3.8,3.63
1,1546860139966,7.94,3.73,3.78
1,1546860140031,7.92,3.67,3.8
1,1546860140032,7.94,3.57,3.84
1,1546860140033,7.94,3.51,3.8
1,1546860140112,8.02,3.57,3.65
1,1546860140113,8.04,3.61,3.59
1,1546860140113,8.02,3.71,3.67
1,1546860140113,7.98,3.71,3.69
1,1546860140114,8.06,3.69,3.67
1,1546860140123,8.14,3.63,3.57
1,1546860140124,8.12,3.61,3.57
1,1546860140124,8.1,3.63,3.55
1,1546860140182,8.12,3.65,3.49
1,1546860140206,8.14,3.75,3.51
1,1546860140206,8.47,4.06,3.61
1,1546860140206,8.65,4.19,3.8
1,1546860140207,8.57,4.12,3.78
1,1546860140207,8.53,4.06,3.82
1,1546860140207,8.43,3.98,3.9
1,1546860140207,8.28,3.94,4.1
1,1546860140256,8.16,3.98,4.19
1,1546860140277,8.06,4.0,4.43
1,1546860140278,8.1,4.04,4.53
1,1546860140279,8.16,4.08,4.33
1,1546860140279,8.18,3.9,4.29
1,1546860140280,8.14,3.71,4.35
1,1546860140280,8.16,3.53,4.39
1,1546860140281,8.26,3.43,4.37
1,1546860140335,8.3,3.39,4.55
1,1546860140336,8.32,3.43,4.78
1,1546860140336,8.45,3.63,5.01
1,1546860140359,8.61,3.86,5.05
1,1546860140360,8.86,3.78,5.11
1,1546860140360,8.98,3.65,5.05
1,1546860140361,9.17,3.51,4.9
1,1546860140361,9.25,3.39,4.84
1,1546860140407,9.08,3.3,4.96
1,1546860140424,8.88,3.53,5.11
1,1546860140425,8.73,3.88,5.25
1,1546860140425,8.65,4.17,5.33
1,1546860140425,8.63,4.31,5.19
1,1546860140426,8.55,4.06,5.09
1,1546860140426,8.43,3.71,5.0
1,1546860140426,8.16,3.47,4.96
1,1546860140482,7.63,3.69,5.09
1,1546860140482,7.42,4.1,5.15
1,1546860140483,7.28,4.43,5.15
1,1546860140491,7.22,4.62,5.13
1,1546860140491,7.07,4.16,4.84
1,1546860140491,6.95,3.94,4.76
1,1546860140492,6.77,3.8,4.68
1,1546860140492,6.52,3.75,4.58
1,1546860140559,6.15,3.92,4.68
1,1546860140561,6.07,4.08,4.86
1,1546860140562,6.13,4.31,4.96
1,1546860140563,6.21,4.45,5.05
1,1546860140564,6.21,4.39,5.05
1,1546860140565,6.36,4.23,5.07
1,1546860140566,6.42,4.21,4.88
1,1546860140634,6.36,4.12,4.7
1,1546860140635,6.19,4.0,4.57
1,1546860140644,5.89,4.06,4.45
1,1546860140645,5.85,4.27,4.49
1,1546860140646,5.7,4.43,4.58
1,1546860140646,5.68,4.55,4.8
1,1546860140646,5.93,4.92,5.09
1,1546860140647,5.99,5.0,5.15
1,1546860140707,5.95,4.92,5.13
1,1546860140707,5.91,4.8,4.96
1,1546860140708,5.8,4.82,4.66
1,1546860140708,5.72,4.88,4.68
1,1546860140708,5.62,4.9,4.76
1,1546860140709,5.62,4.88,4.9
1,1546860140709,5.72,4.88,5.17
1,1546860140783,5.85,4.82,5.21
1,1546860140783,5.85,4.84,5.17
1,1546860140795,5.78,4.94,5.03
1,1546860140795,5.72,4.84,4.94
1,1546860140796,5.6,4.68,4.98
1,1546860140796,5.58,4.72,4.88
1,1546860140796,5.54,4.7,4.82
1,1546860140796,5.46,4.7,4.84
1,1546860140855,5.15,5.0,4.82
1,1546860140856,4.98,4.92,4.92
1,1546860140856,4.84,4.84,5.01
1,1546860140856,4.78,4.9,5.01
1,1546860140857,4.6,4.86,5.13
1,1546860140857,4.51,4.92,5.15
1,1546860140857,4.55,5.03,5.11
1,1546860140858,4.62,5.0,5.07
1,1546860140934,4.68,4.94,5.03
1,1546860140935,4.82,5.25,5.01
1,1546860140936,4.92,5.48,5.05
1,1546860140936,4.9,5.42,5.17
1,1546860140937,5.11,5.44,5.39
1,1546860140937,5.25,5.58,5.35
1,1546860140937,5.25,5.62,5.37
1,1546860141009,5.21,5.54,5.39
1,1546860141011,5.25,5.58,5.33
1,1546860141012,5.5,5.74,5.37
1,1546860141013,5.56,5.72,5.42
1,1546860141014,5.7,5.66,5.44
1,1546860141015,5.89,5.52,5.48
1,1546860141016,5.99,5.31,5.37
1,1546860141017,6.01,5.33,5.31
1,1546860141087,5.95,5.33,5.29
1,1546860141087,5.89,5.35,5.37
1,1546860141088,5.8,5.25,5.48
1,1546860141118,5.83,5.09,5.5
1,1546860141119,5.83,5.03,5.5
1,1546860141119,5.85,4.98,5.52
1,1546860141120,5.91,4.92,5.29
1,1546860141158,6.03,4.98,5.09
1,1546860141180,6.07,4.98,4.88
1,1546860141181,5.99,4.8,4.78
1,1546860141182,5.6,4.86,5.09
1,1546860141182,5.52,4.88,5.31
1,1546860141182,5.56,5.03,5.46
1,1546860141182,5.82,5.11,5.46
1,1546860141183,6.3,5.0,5.33
1,1546860141234,6.38,4.88,5.21
1,1546860141234,6.4,4.84,5.09
1,1546860141234,6.4,4.8,5.07
1,1546860141235,6.26,4.8,5.17
1,1546860141235,5.91,4.66,5.23
1,1546860141235,5.7,4.51,5.09
1,1546860141235,5.46,4.47,5.05
1,1546860141306,5.27,4.72,5.07
1,1546860141307,5.58,5.48,5.11
1,1546860141316,5.78,5.46,5.23
1,1546860141316,5.93,5.25,5.19
1,1546860141317,6.09,5.0,5.15
1,1546860141317,5.82,4.76,4.88
1,1546860141317,5.6,4.76,4.82
1,1546860141317,5.5,4.92,4.84
1,1546860141381,5.56,5.21,5.01
1,1546860141399,6.21,5.89,5.33
1,1546860141400,6.5,5.72,5.42
1,1546860141400,6.77,5.39,5.39
1,1546860141400,6.89,5.01,5.21
1,1546860141400,6.66,4.82,4.96
1,1546860141401,6.34,4.84,4.82
1,1546860141457,5.99,4.78,4.58
1,1546860141458,5.68,4.62,4.43
1,1546860141459,5.56,4.55,4.7
1,1546860141460,6.38,5.13,5.09
1,1546860141461,6.81,5.19,5.17
1,1546860141461,6.89,5.11,5.17
1,1546860141462,6.89,4.96,5.17
1,1546860141463,6.97,4.7,5.05
1,1546860141532,6.91,4.49,4.94
1,1546860141532,6.71,4.29,4.74
1,1546860141533,6.44,4.17,4.64
1,1546860141533,6.23,4.33,4.76
1,1546860141548,6.4,4.84,4.96
1,1546860141549,6.79,5.21,5.01
1,1546860141549,7.08,5.15,5.03
1,1546860141609,6.99,4.7,5.01
1,1546860141610,7.03,4.68,4.92
1,1546860141611,6.91,4.7,4.92
1,1546860141611,6.62,4.68,4.82
1,1546860141611,6.01,4.53,4.49
1,1546860141612,5.89,4.58,4.33
1,1546860141612,5.76,4.72,4.17
1,1546860141612,5.58,4.86,4.31
1,1546860141683,5.95,4.98,4.72
1,1546860141684,6.23,4.7,4.72
1,1546860141684,6.44,4.37,4.7
1,1546860141684,6.54,4.19,4.7
1,1546860141685,6.54,4.17,4.76
1,1546860141685,6.54,4.55,4.82
1,1546860141686,6.54,4.66,4.82
1,1546860141763,6.58,4.8,4.88
1,1546860141764,6.79,4.98,5.0
1,1546860141765,7.69,5.0,5.31
1,1546860141765,7.73,4.74,5.33
1,1546860141766,7.75,4.43,5.23
1,1546860141835,7.83,4.19,5.05
1,1546860141837,7.98,3.71,4.7
1,1546860141838,7.96,3.57,4.6
1,1546860141838,7.91,3.61,4.6
1,1546860141839,7.77,3.65,4.57
1,1546860141840,7.87,3.92,4.53
1,1546860141840,7.87,3.98,4.51
1,1546860141841,7.81,3.96,4.49
1,1546860141911,7.85,3.92,4.39
1,1546860141913,8.06,4.12,4.35
1,1546860141915,8.0,4.17,4.39
1,1546860141916,7.96,4.06,4.45
1,1546860141917,8.1,3.88,4.47
1,1546860141918,8.22,3.51,4.53
1,1546860141919,8.3,3.59,4.55
1,1546860141920,8.28,3.73,4.53
1,1546860141988,8.14,3.69,4.47
1,1546860141990,8.3,3.67,4.47
1,1546860141990,8.28,3.63,4.41
1,1546860141991,8.3,3.57,4.33
1,1546860141992,8.35,3.51,4.21
1,1546860141993,8.3,3.47,4.27
1,1546860141993,8.28,3.59,4.25
1,1546860141994,8.28,3.67,4.27
1,1546860142061,8.24,3.73,4.19
1,1546860142064,8.14,3.65,4.1
1,1546860142065,8.12,3.47,4.12
1,1546860142067,8.14,3.39,4.19
1,1546860142069,8.14,3.41,4.23
1,1546860142070,8.08,3.32,4.17
1,1546860142071,8.12,3.51,4.17
1,1546860142073,8.1,3.76,4.21
1,1546860142133,7.96,3.88,4.19
1,1546860142136,7.87,3.75,4.21
1,1546860142137,7.89,3.63,4.16
1,1546860142138,7.91,3.49,4.06
1,1546860142138,7.87,3.41,4.08
1,1546860142156,7.81,3.43,4.06
1,1546860142158,7.77,3.45,4.1
1,1546860142159,7.79,3.47,4.12
1,1546860142207,7.81,3.51,4.06
1,1546860142220,7.77,3.51,4.06
1,1546860142221,7.67,3.37,4.16
1,1546860142221,7.67,3.39,4.14
1,1546860142222,7.69,3.43,4.08
1,1546860142222,7.71,3.43,4.02
1,1546860142223,7.73,3.47,4.04
1,1546860142281,7.73,3.57,4.02
1,1546860142282,7.73,3.53,4.1
1,1546860142283,7.83,3.47,4.17
1,1546860142283,7.98,3.59,4.27
1,1546860142283,7.98,3.65,4.29
1,1546860142284,8.0,3.71,4.27
1,1546860142284,8.0,3.73,4.25
1,1546860142285,8.0,3.71,4.23
1,1546860142357,8.02,3.69,4.19
1,1546860142358,8.08,3.75,4.25
1,1546860142359,8.08,3.82,4.21
1,1546860142359,8.02,3.76,4.19
1,1546860142360,8.08,3.8,4.12
1,1546860142360,8.1,3.82,4.1
1,1546860142371,8.08,3.82,4.16
1,1546860142372,8.04,3.8,4.19
1,1546860142430,8.04,3.86,4.12
1,1546860142431,8.06,3.8,4.08
1,1546860142431,8.1,3.71,4.02
1,1546860142432,8.08,3.67,4.02
1,1546860142432,8.0,3.76,4.06
1,1546860142432,7.94,3.84,4.06
1,1546860142433,7.89,3.82,4.02
1,1546860142510,7.89,3.78,4.04
1,1546860142513,7.92,3.71,4.1
1,1546860142514,7.89,3.67,4.06
1,1546860142516,7.91,3.67,4.02
1,1546860142517,7.89,3.65,3.96
1,1546860142518,7.89,3.67,3.96
1,1546860142520,7.89,3.67,3.96
1,1546860142521,7.89,3.67,3.98
1,1546860142584,7.89,3.61,4.0
1,1546860142585,7.87,3.65,4.0
1,1546860142586,7.91,3.67,3.92
1,1546860142612,7.92,3.65,3.9
1,1546860142613,7.96,3.61,3.88
1,1546860142613,8.08,3.71,3.92
1,1546860142613,8.24,3.96,4.08
1,1546860142654,8.28,3.92,4.08
1,1546860142655,8.32,3.84,4.12
1,1546860142673,8.33,3.75,4.08
1,1546860142674,8.3,3.86,4.08
1,1546860142674,8.3,3.8,4.08
1,1546860142674,8.24,3.71,4.08
1,1546860142674,8.2,3.65,4.1
1,1546860142675,8.16,3.61,4.02
1,1546860142734,8.18,3.69,4.04
1,1546860142737,8.2,3.73,4.12
1,1546860142738,8.24,3.73,4.19
1,1546860142739,8.32,3.67,4.29
1,1546860142740,8.26,3.61,4.27
1,1546860142741,8.14,3.59,4.17
1,1546860142743,8.08,3.65,4.12
1,1546860142811,8.04,3.84,4.1
1,1546860142813,8.06,3.92,4.16
1,1546860142815,8.08,3.98,4.19
1,1546860142817,8.08,3.94,4.14
1,1546860142818,8.16,3.96,4.12
1,1546860142820,8.12,4.0,4.06
1,1546860142821,8.1,3.98,4.08
1,1546860142822,7.98,3.86,4.12
1,1546860142885,7.87,3.82,4.06
1,1546860142886,7.81,3.92,4.0
1,1546860142888,7.81,3.94,3.88
1,1546860142889,7.75,3.9,3.8
1,1546860142890,7.71,4.0,3.75
1,1546860142891,7.63,4.1,3.71
1,1546860142894,7.57,4.14,3.73
1,1546860142958,7.57,4.14,3.73
1,1546860142959,7.57,4.1,3.76
1,1546860142959,7.38,4.02,3.78
1,1546860142959,7.26,4.12,3.76
1,1546860142960,7.14,4.21,3.67
1,1546860142960,7.05,4.25,3.59
1,1546860142960,6.89,4.27,3.51
1,1546860142961,6.89,4.31,3.47
1,1546860143035,6.93,4.45,3.43
1,1546860143036,6.91,4.53,3.53
1,1546860143036,6.95,4.55,3.67
1,1546860143036,7.3,4.6,3.8
1,1546860143037,7.36,4.51,3.8
1,1546860143037,7.34,4.53,3.71
1,1546860143037,7.28,4.68,3.65
1,1546860143110,7.24,4.74,3.53
1,1546860143112,7.24,4.64,3.49
1,1546860143113,7.22,4.62,3.65
1,1546860143114,7.28,4.66,3.82
1,1546860143114,7.4,4.78,3.96
1,1546860143115,7.51,4.74,3.94
1,1546860143116,7.59,4.72,3.86
1,1546860143117,7.57,4.82,3.76
1,1546860143184,7.51,4.96,3.94
1,1546860143185,7.53,5.05,4.02
1,1546860143185,7.67,5.11,3.98
1,1546860143186,7.83,5.01,4.02
1,1546860143187,8.02,4.9,4.25
1,1546860143187,8.02,4.8,4.23
1,1546860143201,8.0,4.82,4.17
1,1546860143256,7.91,4.78,4.16
1,1546860143257,7.55,4.88,4.17
1,1546860143278,7.53,4.92,4.16
1,1546860143279,7.65,5.11,4.31
1,1546860143279,7.79,5.31,4.51
1,1546860143279,7.94,5.37,4.66
1,1546860143279,8.14,5.19,4.66
1,1546860143279,8.08,5.09,4.64
1,1546860143333,7.96,5.0,4.55
1,1546860143334,7.77,5.01,4.41
1,1546860143334,7.26,4.9,4.39
1,1546860143351,7.14,4.9,4.39
1,1546860143353,7.18,5.0,4.33
1,1546860143353,7.28,5.07,4.33
1,1546860143354,7.22,5.11,4.33
1,1546860143355,7.22,5.0,4.27
1,1546860143410,7.18,4.92,4.27
1,1546860143412,6.97,4.98,4.16
1,1546860143414,6.4,4.98,4.04
1,1546860143416,6.28,4.96,4.1
1,1546860143417,6.26,5.07,4.06
1,1546860143419,6.23,5.13,4.06
1,1546860143420,6.15,5.25,4.23
1,1546860143485,6.15,5.37,4.12
1,1546860143486,6.05,5.31,4.12
1,1546860143496,5.95,5.23,4.25
1,1546860143496,5.91,5.41,4.25
1,1546860143497,5.89,5.7,4.14
1,1546860143497,5.87,5.56,4.16
1,1546860143497,5.85,5.48,4.04
1,1546860143497,5.83,5.41,3.92
1,1546860143559,5.74,5.42,3.78
1,1546860143559,5.66,5.58,3.82
1,1546860143560,5.58,5.76,3.98
1,1546860143560,5.42,5.78,4.19
1,1546860143561,5.54,5.76,4.35
1,1546860143561,5.56,5.8,4.33
1,1546860143562,5.56,5.76,4.33
1,1546860143634,5.5,5.78,4.23
1,1546860143650,5.48,5.74,3.9
1,1546860143650,5.44,5.54,3.76
1,1546860143651,5.37,5.33,3.71
1,1546860143651,5.27,5.23,3.71
1,1546860143652,4.9,5.54,3.88
1,1546860143652,4.62,5.74,3.94
1,1546860143652,4.47,5.87,3.98
1,1546860143706,4.41,5.89,4.0
1,1546860143707,4.45,5.76,4.08
1,1546860143707,4.47,5.91,4.29
1,1546860143707,4.49,5.97,4.37
1,1546860143707,4.57,5.93,4.45
1,1546860143708,4.7,5.99,4.51
1,1546860143715,5.01,6.17,4.51
1,1546860143780,5.15,6.19,4.55
1,1546860143781,5.35,6.19,4.6
1,1546860143799,5.5,6.15,4.66
1,1546860143803,5.78,6.15,4.7
1,1546860143803,5.78,6.15,4.72
1,1546860143803,5.8,6.17,4.76
1,1546860143803,5.83,6.13,4.84
1,1546860143804,5.93,5.74,4.9
1,1546860143854,6.01,5.74,4.94
1,1546860143855,6.19,5.82,4.86
1,1546860143855,6.25,5.8,4.76
1,1546860143855,6.42,5.64,4.7
1,1546860143865,6.42,5.52,4.76
1,1546860143866,6.32,5.37,4.78
1,1546860143866,6.19,5.17,4.68
1,1546860143934,5.8,5.09,4.39
1,1546860143936,5.62,5.05,4.25
1,1546860143937,5.44,5.05,4.21
1,1546860143938,5.37,5.11,4.27
1,1546860143939,5.33,5.29,4.35
1,1546860143940,5.42,5.42,4.49
1,1546860143941,5.46,5.41,4.47
1,1546860143942,5.54,5.42,4.45
1,1546860144015,5.54,5.41,4.47
1,1546860144017,5.46,5.13,4.55
1,1546860144019,5.52,5.03,4.49
1,1546860144021,5.54,4.98,4.51
1,1546860144022,5.64,4.98,4.49
1,1546860144080,5.76,5.46,4.64
1,1546860144100,5.82,5.6,4.7
1,1546860144101,5.87,5.54,4.72
1,1546860144101,5.82,5.42,4.74
1,1546860144101,5.62,5.29,4.68
1,1546860144101,5.52,5.17,4.8
1,1546860144101,5.48,5.01,4.92
1,1546860144102,5.56,4.9,4.88
1,1546860144158,5.82,4.84,5.01
1,1546860144159,6.28,5.82,5.09
1,1546860144159,6.38,5.85,5.15
1,1546860144160,6.5,5.56,5.13
1,1546860144160,6.6,5.13,5.05
1,1546860144161,6.54,5.15,5.05
1,1546860144161,6.3,5.29,5.07
1,1546860144161,6.19,5.35,5.09
1,1546860144234,6.26,5.23,5.15
1,1546860144234,6.44,5.25,5.19
1,1546860144234,6.52,5.39,5.23
1,1546860144254,6.52,5.37,5.17
1,1546860144254,6.52,5.27,4.92
1,1546860144255,6.36,5.09,4.84
1,1546860144255,6.26,5.03,4.8
1,1546860144255,6.11,4.98,4.72
1,1546860144312,5.74,4.98,4.88
1,1546860144313,5.91,5.21,5.0
1,1546860144313,6.21,5.23,5.01
1,1546860144314,6.3,5.01,4.94
1,1546860144315,6.13,4.68,4.68
1,1546860144337,5.97,4.68,4.39
1,1546860144338,5.89,4.74,4.12
1,1546860144338,5.74,4.9,4.04
1,1546860144387,5.5,5.09,4.02
1,1546860144387,5.5,4.92,4.8
1,1546860144387,5.89,4.76,5.48
1,1546860144387,6.4,4.72,5.56
1,1546860144406,6.77,4.43,5.46
1,1546860144406,6.77,4.14,5.44
1,1546860144406,6.89,4.12,5.35
1,1546860144457,6.93,4.02,5.33
1,1546860144458,6.95,3.98,5.23
1,1546860144458,6.71,3.8,5.17
1,1546860144458,6.64,3.76,5.23
1,1546860144459,6.73,3.86,5.25
1,1546860144459,6.71,3.88,5.27
1,1546860144470,6.83,3.65,5.39
1,1546860144471,7.12,3.8,5.41
1,1546860144532,7.18,3.76,5.37
1,1546860144533,7.34,3.69,5.31
1,1546860144557,7.5,3.78,5.23
1,1546860144557,7.53,3.9,5.29
1,1546860144557,7.63,3.9,5.31
1,1546860144558,7.75,3.88,5.5
1,1546860144558,7.87,3.75,5.62
1,1546860144628,8.22,3.71,5.72
1,1546860144629,8.3,3.76,5.58
1,1546860144629,8.32,3.84,5.6
1,1546860144630,8.32,3.76,5.72
1,1546860144630,8.47,3.47,5.87
1,1546860144630,8.41,3.22,5.97
1,1546860144631,8.41,3.02,5.99
1,1546860144631,8.41,2.81,5.97
1,1546860144680,8.49,2.59,5.76
1,1546860144682,8.37,2.42,5.64
1,1546860144682,8.39,2.16,5.5
1,1546860144682,8.55,2.08,5.42
1,1546860144682,8.67,2.18,5.21
1,1546860144683,8.67,2.2,5.07
1,1546860144696,8.71,2.24,4.96
1,1546860144756,8.86,2.22,4.88
1,1546860144778,8.78,2.14,4.82
1,1546860144779,8.76,2.18,4.86
1,1546860144780,8.67,2.22,4.96
1,1546860144780,8.51,2.14,5.05
1,1546860144781,8.39,2.08,5.01
1,1546860144781,8.08,2.14,4.96
1,1546860144782,7.92,2.12,4.98
1,1546860144832,7.77,1.97,5.03
1,1546860144841,7.75,1.95,5.05
1,1546860144841,7.61,2.12,5.09
1,1546860144841,7.5,2.03,5.21
1,1546860144842,7.42,2.03,5.23
1,1546860144842,7.22,2.05,5.27
1,1546860144842,7.18,1.97,5.42
1,1546860144907,7.24,1.97,5.46
1,1546860144908,7.28,1.97,5.62
1,1546860144909,7.38,1.97,5.85
1,1546860144909,7.65,1.93,6.17
1,1546860144926,7.67,1.93,6.13
1,1546860144926,7.69,1.91,5.99
1,1546860144927,7.71,1.95,5.97
1,1546860144927,7.81,2.05,6.03
1,1546860144982,7.87,2.01,6.05
1,1546860144994,7.89,2.07,6.11
1,1546860144994,7.94,2.2,6.23
1,1546860144994,8.22,2.34,6.52
1,1546860144995,8.26,2.2,6.6
1,1546860144995,8.28,2.28,6.54
1,1546860144995,8.24,2.3,6.38
1,1546860144995,8.24,2.32,6.28
1,1546860145056,8.18,2.07,6.17
1,1546860145058,8.16,1.99,6.23
1,1546860145059,8.06,2.08,6.34
1,1546860145059,7.96,2.32,6.44
1,1546860145060,7.92,2.51,6.4
1,1546860145060,8.0,2.65,6.25
1,1546860145061,7.94,2.51,6.09
1,1546860145132,7.91,2.38,6.07
1,1546860145132,7.79,2.32,5.93
1,1546860145133,7.65,2.24,5.97
1,1546860145147,7.67,2.42,6.15
1,1546860145148,7.83,2.69,6.3
1,1546860145148,8.02,3.06,6.69
1,1546860145148,8.06,3.08,6.77
1,1546860145148,7.94,3.16,6.89
1,1546860145221,7.85,3.02,6.69
1,1546860145222,7.44,2.63,6.6
1,1546860145222,7.32,2.65,6.54
1,1546860145222,7.16,2.65,6.58
1,1546860145223,7.05,2.71,6.56
1,1546860145223,7.03,2.87,6.64
1,1546860145223,6.93,2.96,6.73
1,1546860145281,6.89,3.1,6.71
1,1546860145297,6.81,3.24,6.64
1,1546860145297,6.73,3.2,6.64
1,1546860145298,6.71,3.3,6.67
1,1546860145298,6.71,3.28,6.67
1,1546860145298,6.75,3.41,6.81
1,1546860145298,6.71,3.51,6.85
1,1546860145298,6.73,3.61,6.89
1,1546860145356,6.67,3.67,6.83
1,1546860145357,6.58,3.69,6.85
1,1546860145357,6.42,3.88,6.93
1,1546860145357,5.99,3.65,6.81
1,1546860145357,5.95,3.55,6.81
1,1546860145380,6.01,3.61,6.73
1,1546860145380,5.89,3.53,6.67
1,1546860145434,5.7,3.59,6.54
1,1546860145436,5.58,3.59,6.42
1,1546860145437,5.58,3.61,6.34
1,1546860145438,5.58,3.65,6.3
1,1546860145439,5.48,3.67,6.28
1,1546860145440,5.83,3.82,6.62
1,1546860145441,6.03,4.06,6.62
1,1546860145443,5.95,4.19,6.6
1,1546860145508,5.82,4.1,6.52
1,1546860145509,5.64,4.02,6.32
1,1546860145533,5.37,3.94,6.15
1,1546860145534,5.15,4.0,6.19
1,1546860145534,5.15,4.14,6.23
1,1546860145534,5.17,4.04,6.48
1,1546860145535,5.13,3.76,6.44
1,1546860145595,4.98,3.65,6.3
1,1546860145595,4.74,3.63,6.21
1,1546860145596,4.49,3.86,6.13
1,1546860145596,4.47,3.88,6.21
1,1546860145596,4.45,3.94,6.3
1,1546860145596,4.29,3.92,6.44
1,1546860145597,4.06,3.84,6.5
1,1546860145597,3.92,3.75,6.44
1,1546860145657,3.75,3.71,6.5
1,1546860145658,3.69,3.94,6.6
1,1546860145659,3.8,4.19,6.58
1,1546860145659,3.76,4.35,6.71
1,1546860145660,3.71,4.43,6.77
1,1546860145660,3.67,4.39,6.66
1,1546860145661,3.65,4.21,6.62
1,1546860145661,3.39,4.12,6.52
1,1546860145735,3.24,4.14,6.54
1,1546860145736,3.12,4.06,6.6
1,1546860145736,3.04,4.08,6.71
1,1546860145737,3.08,4.16,6.75
1,1546860145737,2.92,4.1,6.79
1,1546860145738,2.89,4.1,6.75
1,1546860145814,2.83,4.27,6.77
1,1546860145815,2.89,4.57,6.75
1,1546860145816,2.85,4.62,6.73
1,1546860145817,2.89,4.7,6.69
1,1546860145818,2.89,4.72,6.64
1,1546860145819,2.67,4.39,6.66
1,1546860145820,2.77,4.39,6.66
1,1546860145821,2.83,4.39,6.58
1,1546860145885,2.91,4.51,6.69
1,1546860145898,3.1,4.64,6.95
1,1546860145899,3.3,4.7,7.05
1,1546860145900,3.37,4.64,7.12
1,1546860145901,3.43,4.45,7.12
1,1546860145901,3.51,4.29,7.08
1,1546860145902,3.65,4.29,6.99
1,1546860145903,3.59,4.29,7.01
1,1546860145960,3.63,4.33,7.12
1,1546860145961,4.0,4.43,7.28
1,1546860145961,4.43,4.25,7.5
1,1546860145961,4.37,4.14,7.38
1,1546860145962,4.51,4.31,7.32
1,1546860145962,4.35,4.17,7.2
1,1546860145963,3.86,3.75,6.73
1,1546860145963,3.76,3.88,6.75
1,1546860146036,3.96,4.21,6.83
1,1546860146039,4.49,4.41,6.89
1,1546860146040,4.7,4.8,7.4
1,1546860146042,4.88,5.35,7.55
1,1546860146044,4.84,5.33,7.59
1,1546860146045,4.72,4.96,7.51
1,1546860146046,4.27,4.57,6.99
1,1546860146109,3.84,4.55,6.6
1,1546860146110,3.57,4.53,6.54
1,1546860146111,3.69,4.58,6.54
1,1546860146113,4.86,4.35,6.48
1,1546860146113,4.94,4.1,6.66
1,1546860146114,5.09,4.31,6.6
1,1546860146115,5.05,4.33,6.5
1,1546860146116,4.96,4.16,6.4
1,1546860146186,4.66,4.53,6.17
1,1546860146187,4.33,4.43,6.15
1,1546860146188,4.45,4.35,6.19
1,1546860146189,4.98,4.33,6.28
1,1546860146189,5.56,4.04,6.44
1,1546860146190,5.52,3.9,6.5
1,1546860146190,5.52,3.86,6.44
1,1546860146260,5.46,3.75,6.4
1,1546860146261,5.13,3.37,6.32
1,1546860146262,5.0,3.35,6.25
1,1546860146263,4.76,3.39,6.17
1,1546860146263,4.72,3.53,6.34
1,1546860146266,5.7,3.94,6.58
1,1546860146267,5.85,3.63,6.64
1,1546860146267,5.85,3.57,6.64
1,1546860146332,5.89,3.65,6.56
1,1546860146349,5.93,3.59,6.28
1,1546860146350,5.87,3.61,6.15
1,1546860146350,5.82,3.63,6.05
1,1546860146350,5.78,3.82,5.93
1,1546860146350,5.7,3.84,5.95
1,1546860146350,5.99,3.73,6.11
1,1546860146420,6.28,3.69,6.13
1,1546860146420,6.44,3.75,6.15
1,1546860146421,6.46,3.65,6.17
1,1546860146421,6.91,3.65,6.17
1,1546860146422,7.01,3.73,6.17
1,1546860146422,7.16,3.84,6.19
1,1546860146422,7.36,3.86,6.23
1,1546860146423,7.55,3.61,6.28
1,1546860146488,7.75,3.57,6.28
1,1546860146489,8.06,3.82,6.23
1,1546860146490,8.1,3.96,6.23
1,1546860146490,8.18,3.55,6.15
1,1546860146490,8.43,3.55,6.03
1,1546860146491,8.51,3.51,5.97
1,1546860146491,8.53,3.53,5.89
1,1546860146492,9.0,3.49,5.87
1,1546860146559,9.02,3.33,5.76
1,1546860146560,8.92,3.26,5.68
1,1546860146561,8.78,3.26,5.62
1,1546860146561,8.16,3.3,5.35
1,1546860146562,7.83,3.37,5.13
1,1546860146563,7.59,3.37,4.88
1,1546860146563,7.42,2.92,4.57
1,1546860146635,7.26,2.71,4.08
1,1546860146637,7.08,2.73,4.16
1,1546860146638,6.77,2.57,4.53
1,1546860146639,6.79,2.69,4.94
1,1546860146640,6.93,2.69,5.33
1,1546860146641,7.22,2.57,5.93
1,1546860146642,7.2,2.51,6.19
1,1546860146643,7.38,2.61,6.42
1,1546860146711,7.81,2.85,6.42
1,1546860146712,8.57,3.06,6.56
1,1546860146712,8.78,3.08,6.52
1,1546860146713,8.98,3.02,6.54
1,1546860146713,9.16,2.85,6.58
1,1546860146714,9.29,2.48,6.77
1,1546860146714,9.1,2.32,6.85
1,1546860146786,8.88,2.38,6.93
1,1546860146788,8.51,2.61,6.89
1,1546860146789,7.85,2.77,6.73
1,1546860146790,7.57,2.69,6.58
1,1546860146791,7.4,2.55,6.34
1,1546860146792,7.32,2.5,6.17
1,1546860146792,7.1,2.55,5.74
1,1546860146793,6.97,2.61,5.5
1,1546860146857,6.85,2.63,5.39
1,1546860146872,6.97,2.83,5.29
1,1546860146873,7.12,3.12,5.25
1,1546860146873,7.4,3.43,5.25
1,1546860146874,7.46,3.57,5.31
1,1546860146874,7.46,3.75,5.25
1,1546860146874,7.42,3.71,5.27
1,1546860146933,7.51,3.65,5.35
1,1546860146934,7.57,3.71,5.33
1,1546860146934,7.53,3.76,5.35
1,1546860146935,7.4,3.69,5.29
1,1546860146935,7.36,3.82,5.17
1,1546860146936,7.34,3.9,5.17
1,1546860146936,7.18,3.88,5.17
1,1546860146936,7.18,3.88,5.23
1,1546860147012,7.16,3.96,5.21
1,1546860147013,7.1,3.98,5.19
1,1546860147014,7.07,4.0,5.09
1,1546860147015,7.1,4.0,4.9
1,1546860147016,7.05,4.14,4.68
1,1546860147017,6.95,4.19,4.58
1,1546860147017,6.77,4.21,4.72
1,1546860147088,6.67,4.23,4.98
1,1546860147089,6.64,5.23,5.19
1,1546860147091,6.48,5.39,5.21
1,1546860147094,6.4,5.54,5.09
1,1546860147095,6.4,5.7,4.9
1,1546860147096,6.34,5.54,4.72
1,1546860147097,6.26,4.98,4.55
1,1546860147097,6.56,5.23,4.58
1,1546860147159,6.71,5.76,4.74
1,1546860147159,6.79,6.3,5.0
1,1546860147160,6.93,7.08,5.46
1,1546860147160,7.01,7.3,5.68
1,1546860147160,7.16,7.46,5.89
1,1546860147161,7.24,7.46,6.05
1,1546860147161,6.93,6.64,5.68
1,1546860147237,7.01,5.99,5.05
1,1546860147237,7.3,5.48,4.74
1,1546860147238,7.36,6.07,5.01
1,1546860147238,7.16,7.5,5.62
1,1546860147238,7.26,7.77,5.97
1,1546860147262,7.48,7.75,6.25
1,1546860147263,7.81,7.55,6.6
1,1546860147264,7.98,7.53,6.77
1,1546860147311,7.75,7.3,6.64
1,1546860147325,7.61,6.99,6.42
1,1546860147326,7.51,6.69,5.99
1,1546860147326,7.48,6.54,5.41
1,1546860147326,7.63,7.63,5.05
1,1546860147326,7.5,8.35,5.03
1,1546860147327,7.24,8.82,5.13
1,1546860147327,7.05,8.94,5.23
1,1546860147383,6.93,8.59,5.05
1,1546860147384,6.81,8.22,4.88
1,1546860147386,6.71,7.92,4.7
1,1546860147387,6.56,7.85,4.58
1,1546860147387,6.32,7.96,4.23
1,1546860147389,6.4,7.85,3.94
1,1546860147390,6.4,7.46,3.76
1,1546860147459,6.26,6.79,3.65
1,1546860147459,5.72,5.52,3.61
1,1546860147459,5.23,5.09,3.69
1,1546860147475,4.84,5.09,3.69
1,1546860147476,4.53,5.31,3.71
1,1546860147476,4.14,5.99,3.55
1,1546860147476,4.06,6.46,3.43
1,1546860147477,4.06,6.67,3.32
1,1546860147534,3.94,6.32,3.35
1,1546860147535,3.47,5.11,3.63
1,1546860147535,3.26,4.96,3.49
1,1546860147535,2.91,5.15,3.35
1,1546860147542,2.55,5.6,3.1
1,1546860147543,2.22,6.01,2.96
1,1546860147543,2.01,6.26,2.65
1,1546860147609,2.22,6.38,2.61
1,1546860147609,2.1,6.44,2.85
1,1546860147610,1.83,6.36,3.06
1,1546860147610,1.23,6.15,3.18
1,1546860147610,1.11,6.26,3.12
1,1546860147611,1.13,6.32,2.73
1,1546860147634,1.13,6.07,2.5
1,1546860147636,1.07,5.27,2.08
1,1546860147705,1.11,4.98,1.83
1,1546860147705,1.11,5.0,1.69
1,1546860147706,1.19,5.35,1.44
1,1546860147706,1.58,6.38,0.52
1,1546860147706,1.58,7.36,-0.11
1,1546860147707,1.36,8.75,-0.62
1,1546860147707,1.21,9.82,-0.56
1,1546860147757,1.09,9.84,-0.62
1,1546860147758,1.13,9.45,-0.66
1,1546860147779,1.21,8.82,-0.74
1,1546860147779,1.34,8.2,-0.91
1,1546860147779,2.92,8.84,0.11
1,1546860147780,3.9,8.96,1.48
1,1546860147780,4.23,8.78,2.48
1,1546860147780,4.08,8.63,2.51
1,1546860147832,4.14,8.75,2.63
1,1546860147833,3.24,9.7,1.67
1,1546860147833,2.5,9.8,1.19
1,1546860147833,1.75,9.39,0.58
1,1546860147834,0.99,8.57,-0.41
1,1546860147834,0.7,9.19,-1.81
1,1546860147845,0.82,9.92,-2.28
1,1546860147911,1.07,10.89,-2.12
1,1546860147931,0.85,11.42,-2.01
1,1546860147931,0.56,7.75,-0.46
1,1546860147932,0.76,6.38,-0.11
1,1546860147932,1.01,6.38,-0.25
1,1546860147932,1.19,7.5,0.15
1,1546860147932,1.13,9.06,0.37
1,1546860147933,0.85,9.29,0.37
1,1546860147999,0.41,9.1,0.52
1,1546860148000,0.13,8.41,0.52
1,1546860148000,0.39,6.46,-0.6
1,1546860148001,0.76,5.74,-1.01
1,1546860148001,1.05,5.05,-1.28
1,1546860148002,1.13,4.82,-1.62
1,1546860148002,1.17,5.78,-2.05
1,1546860148059,1.19,9.33,-2.92
1,1546860148059,1.07,10.0,-2.94
1,1546860148060,0.85,9.6,-3.06
1,1546860148060,0.64,8.67,-2.85
1,1546860148081,0.46,8.04,-2.94
1,1546860148082,0.83,8.63,-3.16
1,1546860148082,1.34,9.29,-3.32
1,1546860148082,2.07,10.07,-3.41
1,1546860148132,2.42,11.05,-2.96
1,1546860148147,2.42,10.37,-2.73
1,1546860148148,2.38,9.1,-2.53
1,1546860148148,2.22,7.85,-2.1
1,1546860148148,1.75,7.01,-1.95
1,1546860148148,1.28,7.32,-2.65
1,1546860148149,0.95,7.36,-3.65
1,1546860148149,0.72,7.3,-4.64
1,1546860148206,1.05,7.14,-5.52
1,1546860148207,1.07,7.07,-5.54
1,1546860148207,1.09,7.1,-5.56
1,1546860148208,0.93,7.36,-5.89
1,1546860148208,1.05,8.57,-6.28
1,1546860148208,1.36,9.04,-6.42
1,1546860148208,1.93,8.86,-5.27
1,1546860148285,1.46,7.96,-5.52
1,1546860148286,1.21,7.85,-6.42
1,1546860148287,1.32,7.87,-7.2
1,1546860148288,1.3,7.71,-7.16
1,1546860148289,1.23,7.73,-7.14
1,1546860148290,1.13,7.92,-7.63
1,1546860148291,1.03,8.22,-8.51
1,1546860148291,0.97,8.71,-8.47
1,1546860148454,1.01,9.82,-8.75
1,1546860148455,0.91,10.99,-9.23
1,1546860148456,0.15,12.3,-9.49
1,1546860148457,-0.41,11.62,-9.33
1,1546860148458,-0.74,10.48,-8.9
1,1546860148513,-0.83,9.37,-8.39
1,1546860148514,-0.91,7.77,-7.85
1,1546860148515,-0.74,7.46,-7.67
1,1546860148516,-0.62,7.73,-8.37
1,1546860148517,1.62,7.73,-1.36
1,1546860148517,3.76,7.24,2.34
1,1546860148518,3.61,5.78,5.42
1,1546860148518,3.02,4.49,6.64
1,1546860148585,2.48,3.75,4.7
1,1546860148586,-0.87,9.74,-8.02
1,1546860148586,-3.26,9.92,-8.92
1,1546860148586,-4.58,6.56,-5.72
1,1546860148586,-4.55,5.27,-4.45
1,1546860148587,-3.84,4.76,-3.53
1,1546860148617,-2.73,4.98,-2.77
1,1546860148617,-2.69,5.52,-3.63
1,1546860148659,-2.34,6.03,-4.17
1,1546860148668,-2.26,6.52,-4.72
1,1546860148668,-2.07,8.43,-6.07
1,1546860148668,-2.42,9.9,-6.75
1,1546860148668,-3.28,10.39,-6.73
1,1546860148669,-4.02,9.45,-6.42
1,1546860148669,-2.77,6.77,-5.37
1,1546860148669,-1.99,6.36,-4.72
1,1546860148733,-2.01,6.5,-4.68
1,1546860148735,-2.05,7.53,-4.29
1,1546860148737,-2.07,8.9,-3.06
1,1546860148738,-2.1,10.41,-0.54
1,1546860148739,-1.91,8.8,0.5
1,1546860148740,-1.69,5.83,1.07
1,1546860148741,-1.13,3.53,0.66
1,1546860148742,-1.44,4.43,-0.97
1,1546860148808,-2.61,6.36,-2.24
1,1546860148809,-3.9,6.79,-2.71
1,1546860148820,-4.58,5.72,-2.36
1,1546860148821,-3.53,5.03,-2.77
1,1546860148821,-3.75,5.93,-3.65
1,1546860148821,-4.35,6.52,-4.72
1,1546860148822,-4.47,6.71,-5.19
1,1546860148822,-3.8,7.36,-5.78
1,1546860148885,-3.59,8.41,-5.85
1,1546860148885,-3.47,9.7,-5.82
1,1546860148886,-3.51,10.66,-5.6
1,1546860148886,-3.39,9.58,-4.76
1,1546860148886,-3.08,8.32,-4.53
1,1546860148886,-2.53,7.65,-4.12
1,1546860148887,-2.2,7.67,-3.78
1,1546860148954,-2.26,8.26,-3.61
1,1546860148955,-2.71,9.78,-4.04
1,1546860148955,-2.63,9.84,-4.02
1,1546860148956,-2.51,9.51,-3.82
1,1546860148971,-2.34,8.73,-3.84
1,1546860148972,-2.24,6.87,-3.12
1,1546860148972,-2.59,5.89,-2.34
1,1546860148972,-2.81,5.15,-1.87
1,1546860149039,-2.77,4.6,-1.5
1,1546860149039,-1.79,4.55,0.68
1,1546860149039,-1.3,4.17,1.23
1,1546860149040,-1.81,5.72,0.58
1,1546860149040,-1.97,7.89,-0.15
1,1546860149040,-1.34,11.23,-0.68
1,1546860149040,-1.79,11.83,-0.8
1,1546860149105,-2.61,11.67,-0.82
1,1546860149121,-3.0,10.85,-0.72
1,1546860149121,-2.96,9.37,-1.23
1,1546860149121,-2.79,8.88,-1.26
1,1546860149122,-2.77,8.2,-1.01
1,1546860149122,-2.92,7.63,-0.72
1,1546860149123,-3.45,8.43,-2.26
1,1546860149123,-3.78,9.04,-2.53
1,1546860149187,-4.74,9.33,-2.4
1,1546860149187,-5.87,9.19,-2.22
1,1546860149187,-6.48,8.86,-1.87
1,1546860149188,-6.46,7.34,-2.36
1,1546860149188,-5.95,6.38,-2.83
1,1546860149188,-5.46,6.19,-4.7
1,1546860149188,-5.13,6.83,-7.28
1,1546860149255,-6.17,8.84,-8.8
1,1546860149275,-7.55,8.43,-8.02
1,1546860149276,-8.16,6.11,-7.38
1,1546860149276,-7.26,5.17,-7.2
1,1546860149276,-6.69,4.62,-6.69
1,1546860149276,-6.5,4.86,-5.19
1,1546860149277,-5.66,5.07,1.34
1,1546860149277,0.52,8.78,13.24
1,1546860149329,1.99,9.33,14.19
1,1546860149344,-5.13,-1.01,8.92
1,1546860149344,-3.35,2.48,-0.07
1,1546860149344,-1.54,8.41,-4.23
1,1546860149345,-6.01,12.73,-6.15
1,1546860149345,-7.34,10.8,-5.68
1,1546860149345,-5.72,8.37,-4.41
1,1546860149404,-3.26,7.08,-2.75
1,1546860149405,-2.91,6.52,-1.3
1,1546860149405,-3.69,7.38,-0.93
1,1546860149422,-4.33,8.61,-0.97
1,1546860149423,-4.78,9.14,-1.13
1,1546860149423,-4.74,9.0,-0.93
1,1546860149423,-4.08,7.85,-0.62
1,1546860149423,-3.84,7.89,-0.64
1,1546860149488,-3.57,8.47,-0.91
1,1546860149488,-3.33,9.45,-1.26
1,1546860149489,-3.51,10.41,-1.79
1,1546860149489,-3.63,9.68,-1.69
1,1546860149489,-3.47,8.96,-1.36
1,1546860149489,-3.28,8.53,-1.21
1,1546860149489,-3.3,8.16,-2.12
1,1546860149554,-3.75,7.71,-2.36
1,1546860149555,-3.94,7.87,-2.89
1,1546860149556,-4.16,7.73,-3.8
1,1546860149557,-4.94,6.64,-3.88
1,1546860149558,-5.5,5.19,-4.39
1,1546860149558,-5.72,4.06,-5.23
1,1546860149558,-6.05,4.04,-5.78
1,1546860149559,-6.07,5.05,-2.34
1,1546860149634,-4.84,6.17,1.42
1,1546860149635,-3.94,8.16,4.31
1,1546860149635,-4.0,9.76,4.55
1,1546860149636,-3.65,10.35,0.93
1,1546860149636,-3.1,10.0,-0.58
1,1546860149704,-3.02,10.33,-1.46
1,1546860149705,-3.71,10.11,-1.69
1,1546860149706,-4.19,8.86,-1.58
1,1546860149723,-3.9,8.59,-1.38
1,1546860149724,-4.02,8.18,-1.07
1,1546860149724,-4.25,7.61,-0.68
1,1546860149724,-4.21,7.38,-0.64
1,1546860149725,-3.63,8.08,-0.74
1,1546860149791,-3.53,8.53,-0.82
1,1546860149792,-4.0,8.37,-1.01
1,1546860149792,-3.67,8.61,-1.38
1,1546860149793,-3.76,8.1,-1.36
1,1546860149793,-3.88,7.63,-1.15
1,1546860149793,-3.94,7.46,-0.93
1,1546860149793,-3.96,7.67,-0.89
1,1546860149794,-4.04,7.73,-0.93
1,1546860149856,-3.96,7.77,-0.93
1,1546860149857,-3.86,7.98,-0.93
1,1546860149857,-3.75,8.76,-1.03
1,1546860149875,-3.49,9.29,-0.95
1,1546860149875,-3.63,9.6,-1.05
1,1546860149876,-3.63,9.68,-1.05
1,1546860149876,-3.08,9.6,-1.01
1,1546860149876,-2.85,9.7,-0.89
1,1546860149931,-2.61,9.82,-0.85
1,1546860149932,-2.63,9.7,-0.87
1,1546860149932,-2.63,9.55,-0.78
1,1546860149932,-2.77,9.37,-0.64
1,1546860149933,-2.98,9.98,-0.62
1,1546860149933,-3.18,10.46,-0.27
1,1546860149933,-3.28,10.78,0.31
1,1546860149933,-3.39,11.75,1.13
1,1546860150008,-3.69,11.85,1.28
1,1546860150009,-4.04,11.85,1.32
1,1546860150009,-4.31,11.75,1.32
1,1546860150009,-4.53,11.64,1.44
1,1546860150010,-4.41,11.73,1.5
1,1546860150094,-4.53,12.1,1.28
1,1546860150095,-4.92,12.63,0.91
1,1546860150095,-6.05,12.46,0.5
1,1546860150095,-6.23,11.97,0.87
1,1546860150095,-6.13,11.28,1.38
1,1546860150096,-6.15,10.48,1.36
1,1546860150096,-5.91,9.86,1.19
1,1546860150096,-5.72,10.15,0.64
1,1546860150157,-5.8,10.66,0.01
1,1546860150158,-6.11,10.82,-0.07
1,1546860150158,-6.42,10.68,0.31
1,1546860150159,-6.73,9.37,0.64
1,1546860150159,-6.46,8.82,0.6
1,1546860150232,-6.13,8.51,0.17
1,1546860150232,-6.15,8.2,0.11
1,1546860150245,-6.83,7.2,0.33
1,1546860150245,-6.75,6.64,0.52
1,1546860150246,-6.5,6.4,0.83
1,1546860150246,-6.28,6.19,0.93
1,1546860150246,-6.73,5.19,1.77
1,1546860150246,-7.01,4.47,2.08
1,1546860150307,-7.1,3.73,2.24
1,1546860150308,-6.5,2.51,2.75
1,1546860150308,-6.67,2.59,2.36
1,1546860150309,-6.85,2.5,1.97
1,1546860150309,-7.07,1.58,1.6
1,1546860150381,-6.91,0.62,1.85
1,1546860150381,-6.91,-0.64,2.26
1,1546860150382,-6.71,-1.58,2.89
1,1546860150382,-6.19,-0.72,2.77
1,1546860150382,-6.81,-0.46,3.1
1,1546860150383,-7.59,-0.19,3.26
1,1546860150383,-7.81,0.03,3.2
1,1546860150383,-7.81,-0.05,2.91
1,1546860150457,-8.28,-1.19,2.4
1,1546860150458,-7.94,-2.28,2.91
1,1546860150459,-8.26,-2.14,3.02
1,1546860150459,-8.43,-1.99,3.3
1,1546860150459,-8.43,-2.12,3.43
1,1546860150537,-8.37,-2.96,4.19
1,1546860150538,-8.18,-3.16,4.49
1,1546860150539,-8.1,-3.16,4.62
1,1546860150539,-8.14,-3.41,4.58
1,1546860150540,-8.02,-4.16,4.84
1,1546860150541,-7.79,-4.33,4.78
1,1546860150541,-7.71,-4.88,4.94
1,1546860150542,-7.5,-5.31,5.25
1,1546860150609,-7.3,-3.94,5.64
1,1546860150609,-8.04,-2.03,5.48
1,1546860150610,-8.2,-2.48,4.94
1,1546860150610,-8.12,-3.02,4.72
1,1546860150611,-7.53,-3.73,4.62
1,1546860150611,-7.53,-3.45,4.64
1,1546860150611,-7.75,-2.94,4.14
1,1546860150612,-7.81,-2.75,4.08
1,1546860150703,-7.81,-2.4,4.21
1,1546860150704,-7.77,-2.38,4.25
1,1546860150705,-7.63,-2.67,4.33
1,1546860150706,-7.48,-3.0,4.64
1,1546860150706,-7.77,-3.2,4.49
1,1546860150707,-8.08,-3.71,4.19
1,1546860150708,-8.26,-4.37,4.35
1,1546860150708,-8.37,-4.76,5.27
1,1546860150759,-8.33,-4.23,5.46
1,1546860150760,-8.55,-3.26,5.62
1,1546860150760,-8.98,-1.87,5.54
1,1546860150761,-9.92,-0.33,5.76
1,1546860150761,-10.03,-0.44,6.11
1,1546860150762,-10.05,-0.8,6.3
1,1546860150762,-10.05,-1.23,6.42
1,1546860150763,-10.01,-2.08,6.17
1,1546860150833,-10.0,-2.38,5.93
1,1546860150835,-9.98,-2.67,5.48
1,1546860150836,-9.8,-2.71,5.19
1,1546860150836,-9.37,-2.65,5.23
1,1546860150837,-9.16,-2.75,5.42
1,1546860150838,-9.0,-2.75,5.7
1,1546860150839,-8.9,-2.69,5.95
1,1546860150909,-8.8,-2.83,6.25
1,1546860150909,-8.51,-3.2,6.09
1,1546860150910,-8.33,-3.16,5.6
1,1546860150910,-8.2,-2.87,5.21
1,1546860150918,-8.26,-2.89,5.05
1,1546860150919,-8.04,-3.78,5.35
1,1546860150920,-7.75,-4.14,5.58
1,1546860150920,-7.85,-4.21,5.8
1,1546860150982,-8.02,-4.23,6.09
1,1546860150984,-7.94,-3.26,6.11
1,1546860150984,-8.0,-2.98,5.99
1,1546860150984,-8.0,-2.83,5.83
1,1546860150985,-8.04,-2.83,5.68
1,1546860150985,-8.06,-2.94,5.46
1,1546860150986,-8.02,-3.08,5.5
1,1546860151059,-7.92,-3.24,5.58
1,1546860151060,-7.83,-3.33,5.76
1,1546860151060,-7.89,-3.35,5.82
1,1546860151060,-8.04,-3.3,5.6
1,1546860151061,-8.08,-3.24,5.54
1,1546860151061,-8.1,-3.26,5.42
1,1546860151061,-7.79,-3.55,5.35
1,1546860151062,-7.85,-3.43,5.46
1,1546860151133,-7.81,-3.26,5.52
1,1546860151133,-7.81,-3.04,5.64
1,1546860151134,-7.73,-2.94,5.76
1,1546860151134,-7.91,-2.77,6.01
1,1546860151135,-8.0,-2.65,5.87
1,1546860151136,-8.06,-2.67,5.78
1,1546860151136,-8.0,-2.87,5.66
1,1546860151209,-7.77,-3.63,5.48
1,1546860151210,-7.77,-3.96,5.52
1,1546860151210,-7.73,-4.12,5.72
1,1546860151210,-7.67,-4.16,5.78
1,1546860151211,-7.48,-4.27,6.21
1,1546860151211,-7.3,-4.04,6.44
1,1546860151211,-7.36,-3.78,6.56
1,1546860151212,-7.46,-3.73,6.6
1,1546860151283,-7.51,-3.8,6.03
1,1546860151285,-7.5,-3.59,5.74
1,1546860151286,-7.65,-3.33,5.48
1,1546860151287,-7.85,-3.12,5.42
1,1546860151287,-8.08,-3.37,5.25
1,1546860151288,-7.91,-3.35,5.5
1,1546860151288,-7.77,-3.24,5.76
1,1546860151363,-7.79,-3.14,5.74
1,1546860151364,-7.53,-3.39,5.78
1,1546860151366,-7.24,-3.0,6.15
1,1546860151367,-7.2,-2.75,6.48
1,1546860151368,-7.24,-2.61,6.75
1,1546860151369,-7.44,-2.55,6.99
1,1546860151370,-6.99,-2.73,6.56
1,1546860151371,-6.99,-3.04,6.13
1,1546860151431,-7.1,-3.55,6.25
1,1546860151432,-7.18,-4.02,6.01
1,1546860151433,-6.87,-5.17,5.31
1,1546860151433,-6.54,-5.66,4.41
1,1546860151433,-6.09,-5.56,3.35
1,1546860151433,-5.6,-4.88,2.38
1,1546860151434,-4.43,-2.18,1.56
1,1546860151434,-4.12,-0.68,1.75
1,1546860151509,-3.86,0.13,2.01
1,1546860151511,-3.9,0.09,2.3
1,1546860151512,-4.23,-1.19,2.87
1,1546860151513,-4.37,-1.48,3.1
1,1546860151514,-4.31,-1.26,3.18
1,1546860151514,-4.08,-0.83,3.32
1,1546860151515,-4.19,-0.39,3.65
1,1546860151584,-4.29,-0.5,3.92
1,1546860151587,-4.04,-0.62,4.25
1,1546860151587,-3.63,-0.64,4.39
1,1546860151587,-3.32,-0.56,4.47
1,1546860151588,-3.22,-0.09,4.35
1,1546860151588,-3.33,0.52,4.47
1,1546860151588,-3.3,1.48,4.58
1,1546860151589,-3.26,2.51,4.47
1,1546860151660,-2.89,4.31,4.51
1,1546860151661,-3.04,4.45,4.53
1,1546860151662,-3.16,4.37,4.45
1,1546860151673,-2.77,4.1,4.41
1,1546860151674,-1.44,4.16,4.02
1,1546860151674,-0.87,4.72,3.76
1,1546860151675,-0.46,5.09,3.53
1,1546860151733,-0.52,5.44,3.67
1,1546860151733,-0.21,6.5,3.78
1,1546860151734,0.21,6.48,3.69
1,1546860151763,0.5,6.21,3.61
1,1546860151764,0.85,6.17,3.63
1,1546860151765,2.12,8.24,3.51
1,1546860151766,3.06,9.55,3.39
1,1546860151766,3.49,10.82,3.37
1,1546860151812,3.51,12.32,3.26
1,1546860151813,3.35,14.55,2.83
1,1546860151836,3.1,14.45,2.65
1,1546860151836,2.87,13.3,2.83
1,1546860151836,2.69,11.93,2.91
1,1546860151837,3.06,10.83,3.22
1,1546860151837,4.51,11.62,3.35
1,1546860151883,4.98,12.08,3.43
1,1546860151884,4.64,10.82,3.76
1,1546860151884,4.31,9.14,4.45
1,1546860151892,5.27,7.91,5.15
1,1546860151893,6.11,7.61,5.23
1,1546860151893,6.19,6.95,5.11
1,1546860151893,6.28,6.34,5.11
1,1546860151893,7.22,5.42,5.0
1,1546860151956,7.63,5.13,4.92
1,1546860151957,8.06,5.03,4.86
1,1546860151957,8.67,5.09,4.78
1,1546860151958,10.21,5.85,4.49
1,1546860151958,11.75,6.62,4.14
1,1546860151958,11.99,6.58,4.08
1,1546860151959,11.95,6.19,4.1
1,1546860152030,13.47,6.07,4.08
1,1546860152031,14.02,6.07,4.1
1,1546860152032,14.49,6.17,4.1
1,1546860152033,14.86,6.26,4.06
1,1546860152034,15.48,6.11,3.76
1,1546860152034,15.85,5.87,3.61
1,1546860152035,16.07,5.54,3.37
1,1546860152036,16.26,5.13,2.98
1,1546860152105,16.46,4.66,2.59
1,1546860152110,16.66,3.94,1.26
1,1546860152110,16.69,3.59,0.78
1,1546860152110,16.6,3.57,0.41
1,1546860152111,16.23,3.84,0.35
1,1546860152111,14.21,4.78,0.46
1,1546860152111,13.1,5.39,0.6
1,1546860152180,12.22,5.91,0.78
1,1546860152180,11.6,6.4,0.8
1,1546860152181,10.46,6.73,0.54
1,1546860152181,10.13,6.62,0.42
1,1546860152182,9.94,6.42,0.17
1,1546860152182,9.92,6.3,-0.15
1,1546860152182,10.13,6.52,-0.54
1,1546860152183,10.07,6.79,-0.6
1,1546860152256,9.84,6.91,-0.62
1,1546860152256,9.57,6.73,-0.6
1,1546860152257,9.19,6.01,-0.42
1,1546860152257,9.21,5.52,-0.23
1,1546860152257,9.33,5.05,-0.19
1,1546860152257,9.35,4.55,-0.19
1,1546860152258,9.27,4.04,0.0
1,1546860152331,8.69,3.02,0.33
1,1546860152331,8.43,2.57,0.46
1,1546860152354,8.41,2.32,0.56
1,1546860152355,8.35,2.14,0.64
1,1546860152355,7.94,1.87,0.8
1,1546860152356,7.61,1.85,1.01
1,1546860152356,7.32,1.77,1.11
1,1546860152357,7.1,1.5,1.21
1,1546860152409,7.22,1.01,1.4
1,1546860152429,7.4,0.95,1.6
1,1546860152429,7.38,1.07,1.66
1,1546860152429,7.26,1.28,1.73
1,1546860152430,6.79,1.77,1.93
1,1546860152430,6.58,1.87,2.08
1,1546860152430,6.58,1.99,2.26
1,1546860152430,6.64,2.07,2.46
1,1546860152483,6.69,2.03,3.26
1,1546860152483,6.83,2.1,3.71
1,1546860152483,7.05,2.16,4.04
1,1546860152483,7.46,2.28,4.33
1,1546860152484,8.37,2.4,4.64
1,1546860152484,8.67,2.22,4.7
1,1546860152484,8.86,1.95,4.84
1,1546860152554,8.9,1.71,4.88
1,1546860152562,8.96,1.15,4.86
1,1546860152563,9.19,-0.19,4.92
1,1546860152563,9.23,-0.82,5.0
1,1546860152563,9.25,-1.36,5.09
1,1546860152563,9.25,-1.79,5.21
1,1546860152563,9.06,-2.07,5.46
1,1546860152563,8.88,-1.95,5.6
1,1546860152633,8.69,-1.54,5.66
1,1546860152635,8.57,-0.91,5.66
1,1546860152635,8.37,0.44,5.35
1,1546860152635,8.3,0.95,5.29
1,1546860152636,8.26,1.28,5.25
1,1546860152636,8.33,1.6,5.05
1,1546860152636,8.47,2.28,4.72
1,1546860152710,8.47,2.5,4.58
1,1546860152710,8.45,2.65,4.57
1,1546860152711,8.43,2.67,4.57
1,1546860152711,8.39,2.61,4.58
1,1546860152711,8.41,2.46,4.57
1,1546860152712,8.39,2.26,4.51
1,1546860152712,8.35,2.16,4.43
1,1546860152712,8.32,2.07,4.29
1,1546860152783,8.06,2.08,4.08
1,1546860152783,7.94,2.16,4.06
1,1546860152798,7.83,2.22,4.1
1,1546860152799,7.81,2.36,4.14
1,1546860152800,7.87,2.69,4.06
1,1546860152800,7.92,2.71,3.98
1,1546860152800,7.94,2.69,3.96
1,1546860152855,7.98,2.69,3.88
1,1546860152856,8.02,2.83,3.78
1,1546860152856,8.04,2.83,3.73
1,1546860152865,8.16,2.81,3.73
1,1546860152865,8.3,2.71,3.67
1,1546860152866,8.61,2.4,3.55
1,1546860152866,8.76,2.28,3.41
1,1546860152866,8.92,2.18,3.41
1,1546860152932,9.08,2.18,3.3
1,1546860152933,9.45,2.26,3.16
1,1546860152959,9.6,2.4,3.18
1,1546860152960,9.98,2.59,3.24
1,1546860152961,10.27,2.75,3.33
1,1546860152962,11.01,3.04,3.33
1,1546860152962,11.38,3.1,3.33
1,1546860153017,11.64,3.16,3.32
1,1546860153018,11.73,3.14,3.24
1,1546860153018,11.67,3.14,3.16
1,1546860153019,11.25,2.98,3.3
1,1546860153020,10.83,2.94,3.39
1,1546860153020,10.41,2.98,3.57
1,1546860153021,10.11,3.08,3.67
1,1546860153022,9.88,3.3,3.69
1,1546860153080,9.92,3.2,3.57
1,1546860153080,9.98,2.91,3.41
1,1546860153081,9.96,2.55,3.24
1,1546860153102,9.88,2.01,2.85
1,1546860153102,9.78,1.93,2.55
1,1546860153103,9.78,1.87,2.24
1,1546860153103,9.8,1.87,1.93
1,1546860153103,9.7,1.83,1.19
1,1546860153168,9.62,1.77,0.95
1,1546860153169,9.43,1.75,0.76
1,1546860153169,9.16,1.83,0.66
1,1546860153170,8.71,1.99,0.25
1,1546860153170,8.43,2.28,0.05
1,1546860153170,8.04,2.48,0.01
1,1546860153171,7.57,2.67,0.13
1,1546860153231,7.46,3.49,0.46
1,1546860153253,7.61,3.98,0.56
1,1546860153253,7.85,4.25,0.62
1,1546860153254,8.16,4.47,0.72
1,1546860153254,8.53,4.72,0.8
1,1546860153254,9.12,5.33,0.5
1,1546860153254,9.33,5.74,0.42
1,1546860153255,9.33,6.07,0.39
1,1546860153307,9.31,6.3,0.23
1,1546860153319,9.29,6.71,-0.01
1,1546860153319,9.27,6.44,-0.17
1,1546860153319,9.27,5.85,-0.13
1,1546860153319,9.45,5.29,-0.11
1,1546860153320,9.86,4.45,-0.33
1,1546860153320,10.07,3.98,-0.42
1,1546860153382,10.46,2.96,-0.62
1,1546860153411,10.58,2.42,-0.66
1,1546860153412,10.85,1.81,-0.6
1,1546860153413,10.95,1.73,-0.6
1,1546860153413,10.93,1.79,-0.64
1,1546860153414,10.76,1.87,-0.62
1,1546860153415,10.03,2.53,-0.64
1,1546860153415,9.78,2.87,-0.66
1,1546860153478,9.58,3.24,-0.68
1,1546860153479,9.43,3.45,-0.68
1,1546860153479,9.37,3.63,-0.66
1,1546860153480,9.14,3.92,-0.66
1,1546860153480,9.06,3.88,-0.66
1,1546860153480,9.06,3.86,-0.62
1,1546860153481,9.17,3.84,-0.6
1,1546860153532,9.51,4.21,-0.17
1,1546860153533,9.49,4.55,0.09
1,1546860153534,9.31,4.72,0.46
1,1546860153609,9.1,4.86,0.66
1,1546860153622,8.63,4.74,1.01
1,1546860153622,8.49,4.55,1.21
1,1546860153623,8.57,4.37,1.46
1,1546860153623,8.75,4.14,1.75
1,1546860153623,8.88,3.92,2.1
1,1546860153623,9.0,3.73,2.34
1,1546860153623,9.16,3.32,2.61
1,1546860153689,9.33,3.12,2.77
1,1546860153690,9.29,3.2,3.04
1,1546860153690,8.43,3.06,4.08
1,1546860153690,7.85,2.85,4.96
1,1546860153691,7.5,2.81,5.33
1,1546860153691,7.12,2.77,5.7
1,1546860153691,6.85,2.75,5.83
1,1546860153691,6.69,2.67,5.82
1,1546860153754,6.89,2.2,5.17
1,1546860153755,7.12,1.89,4.82
1,1546860153755,7.4,1.62,4.41
1,1546860153755,7.75,1.13,4.08
1,1546860153771,8.59,0.42,3.61
1,1546860153772,8.96,0.23,3.53
1,1546860153772,9.1,0.11,3.59
1,1546860153931,9.04,-0.03,3.69
1,1546860153933,8.69,-0.17,4.31
1,1546860153934,8.63,0.23,4.55
1,1546860153934,8.53,0.7,4.57
1,1546860153935,8.39,1.13,4.55
1,1546860153985,8.08,1.67,4.6
1,1546860153986,7.96,1.85,4.51
1,1546860153986,7.89,1.87,4.27
1,1546860153987,7.85,2.03,4.04
1,1546860154008,7.85,2.36,3.57
1,1546860154009,8.78,2.59,3.2
1,1546860154010,8.49,2.85,3.14
1,1546860154011,8.35,2.94,3.24
1,1546860154060,8.28,3.02,3.32
1,1546860154060,8.33,3.04,3.59
1,1546860154075,8.08,3.33,3.76
1,1546860154076,8.04,3.41,3.84
1,1546860154077,8.0,3.33,3.94
1,1546860154077,8.02,3.2,4.04
1,1546860154078,8.24,2.73,4.16
1,1546860154078,8.33,2.51,4.14
1,1546860154135,8.35,2.3,4.1
1,1546860154161,8.28,2.1,4.08
1,1546860154163,8.14,1.97,4.1
1,1546860154164,8.02,1.89,4.12
1,1546860154164,8.08,1.87,4.16
1,1546860154165,8.14,1.87,4.21
1,1546860154166,8.24,1.89,4.31
1,1546860154166,8.33,1.91,4.25
1,1546860154209,8.35,1.89,4.21
1,1546860154210,8.37,1.87,4.17
1,1546860154228,8.47,1.93,4.1
1,1546860154230,8.57,2.05,4.08
1,1546860154230,8.51,2.01,4.12
1,1546860154231,8.49,1.95,4.14
1,1546860154231,8.63,1.91,4.04
1,1546860154232,8.96,1.85,3.78
1,1546860154283,9.08,1.81,3.69
1,1546860154285,9.14,1.62,3.55
1,1546860154295,9.12,1.46,3.45
1,1546860154296,9.08,1.11,3.32
1,1546860154297,9.12,1.07,3.28
1,1546860154297,9.16,1.17,3.26
1,1546860154298,9.21,1.32,3.24
1,1546860154359,9.23,1.38,3.06
1,1546860154360,9.16,1.3,3.0
1,1546860154360,9.06,1.28,2.89
1,1546860154361,9.02,1.23,2.77
1,1546860154361,9.0,1.25,2.59
1,1546860154376,8.96,1.46,2.24
1,1546860154377,9.12,1.58,2.16
1,1546860154377,9.35,1.77,2.07
1,1546860154433,9.6,1.89,2.03
1,1546860154434,10.17,2.5,1.83
1,1546860154434,10.39,2.87,1.71
1,1546860154435,10.35,3.14,1.52
1,1546860154436,10.11,3.37,1.4
1,1546860154436,9.16,3.82,1.07
1,1546860154437,8.73,4.08,0.82
1,1546860154508,8.35,4.35,0.52
1,1546860154509,8.1,4.51,0.42
1,1546860154510,8.0,4.6,0.35
1,1546860154511,8.08,4.58,0.5
1,1546860154511,8.18,4.51,0.8
1,1546860154512,8.26,4.57,1.09
1,1546860154513,8.33,5.01,1.44
1,1546860154514,8.37,5.33,1.5
1,1546860154586,8.39,5.58,1.52
1,1546860154589,8.49,5.8,1.58
1,1546860154590,8.76,6.09,1.52
1,1546860154591,8.9,5.95,1.48
1,1546860154592,8.98,5.74,1.4
1,1546860154593,9.06,5.5,1.3
1,1546860154594,9.14,5.21,1.17
1,1546860154659,9.23,4.66,1.13
1,1546860154661,9.29,4.57,1.15
1,1546860154661,9.35,4.47,1.17
1,1546860154662,9.39,4.27,1.28
1,1546860154663,9.21,4.17,1.67
1,1546860154663,9.0,4.23,1.83
1,1546860154664,8.73,4.27,1.91
1,1546860154665,8.49,4.31,1.93
1,1546860154736,8.2,4.16,1.5
1,1546860154738,8.28,3.88,1.32
1,1546860154740,8.41,3.65,1.13
1,1546860154741,8.51,3.41,0.91
1,1546860154741,8.82,3.2,0.78
1,1546860154742,8.98,3.28,0.91
1,1546860154743,9.08,3.43,0.97
1,1546860154744,9.12,3.49,1.03
1,1546860154806,8.98,3.39,0.52
1,1546860154807,9.14,3.28,0.37
1,1546860154807,9.41,3.24,0.11
1,1546860154833,9.62,3.3,0.03
1,1546860154835,9.64,3.43,0.01
1,1546860154835,9.35,3.71,0.0
1,1546860154836,9.29,3.92,0.03
1,1546860154883,9.31,4.04,0.05
1,1546860154884,9.45,4.1,0.01
1,1546860154885,9.82,3.71,-0.15
1,1546860154886,9.94,3.47,-0.21
1,1546860154887,9.96,3.16,-0.33
1,1546860154889,9.86,2.89,-0.33
1,1546860154890,9.55,2.71,-0.25
1,1546860154890,9.35,2.77,-0.09
1,1546860154957,9.29,2.91,0.05
1,1546860154958,9.19,3.04,0.19
1,1546860154958,9.12,3.26,0.31
1,1546860154958,9.12,3.32,0.25
1,1546860154959,9.17,3.33,0.15
1,1546860154981,9.29,3.32,0.01
1,1546860154982,9.43,3.22,-0.11
1,1546860155031,9.39,3.24,-0.03
1,1546860155048,9.35,3.43,0.03
1,1546860155048,9.29,3.69,0.19
1,1546860155048,9.21,3.96,0.23
1,1546860155048,9.0,4.25,0.33
1,1546860155049,8.86,4.27,0.35
1,1546860155049,8.84,4.35,0.42
1,1546860155049,8.84,4.47,0.48
1,1546860155107,8.9,4.78,0.64
1,1546860155114,8.9,4.96,0.89
1,1546860155115,8.88,5.11,1.21
1,1546860155115,8.86,5.27,1.56
1,1546860155116,8.78,5.44,2.12
1,1546860155116,8.78,5.48,2.28
1,1546860155116,8.8,5.46,2.4
1,1546860155187,8.86,5.39,2.53
1,1546860155189,8.96,4.9,2.71
1,1546860155190,9.04,4.58,2.87
1,1546860155191,9.19,4.35,3.02
1,1546860155192,9.23,4.17,3.14
1,1546860155193,9.21,3.39,3.3
1,1546860155194,9.23,2.87,3.3
1,1546860155195,9.31,2.42,3.33
1,1546860155270,9.33,2.03,3.33
1,1546860155271,9.17,1.77,3.3
1,1546860155272,9.06,1.62,3.33
1,1546860155273,8.98,1.54,3.33
1,1546860155274,8.96,1.64,3.33
1,1546860155274,8.98,1.75,3.37
1,1546860155275,8.98,1.87,3.35
1,1546860155332,9.02,2.03,3.37
1,1546860155333,9.04,2.22,3.2
1,1546860155334,9.0,2.42,3.08
1,1546860155351,8.61,2.51,3.0
1,1546860155352,8.43,2.55,2.94
1,1546860155352,8.37,2.55,2.85
1,1546860155353,8.35,2.63,2.75
1,1546860155353,8.22,2.63,2.59
1,1546860155409,8.18,2.61,2.48
1,1546860155423,8.24,2.61,2.28
1,1546860155424,8.28,2.67,2.14
1,1546860155424,8.35,2.92,2.05
1,1546860155424,8.35,3.12,1.99
1,1546860155425,8.3,3.33,1.95
1,1546860155425,8.28,3.45,1.95
1,1546860155425,8.24,3.59,1.79
1,1546860155567,8.18,3.61,1.69
1,1546860155587,8.18,3.55,1.58
1,1546860155588,8.14,3.49,1.48
1,1546860155588,8.2,3.49,1.42
1,1546860155589,8.39,3.39,1.42
1,1546860155632,8.61,3.28,1.42
1,1546860155633,8.76,3.14,1.42
1,1546860155634,8.84,3.04,1.4
1,1546860155653,8.92,2.92,1.34
1,1546860155654,8.86,3.0,1.34
1,1546860155654,8.63,3.24,0.82
1,1546860155654,8.76,3.22,0.35
1,1546860155655,9.17,2.79,0.68
1,1546860155708,9.47,2.71,1.44
1,1546860155709,7.08,4.49,3.0
1,1546860155720,7.07,3.49,2.67
1,1546860155720,6.85,2.16,2.48
1,1546860155721,8.24,2.77,2.42
1,1546860155721,8.65,4.62,1.99
1,1546860155721,8.47,5.97,1.93
1,1546860155721,7.61,6.15,1.83
1,1546860155780,6.58,3.59,2.42
1,1546860155781,6.95,2.2,2.79
1,1546860155786,7.63,1.81,2.98
1,1546860155786,8.08,2.08,2.92
1,1546860155787,8.28,4.1,2.42
1,1546860155787,8.24,4.76,2.32
1,1546860155787,8.22,4.94,2.75
1,1546860155787,8.41,4.74,2.87
1,1546860155857,9.04,2.75,3.0
1,1546860155860,9.49,1.89,3.16
1,1546860155861,9.6,1.81,3.06
1,1546860155862,9.06,1.05,3.0
1,1546860155863,8.92,-0.87,3.59
1,1546860155864,9.45,-0.54,3.67
1,1546860155933,9.76,0.41,3.35
1,1546860155933,9.31,1.17,2.83
1,1546860155933,9.51,1.13,2.87
1,1546860155934,9.43,0.6,2.24
1,1546860155934,9.62,0.93,1.83
1,1546860155934,9.47,1.66,1.46
1,1546860155934,8.84,2.2,1.21
1,1546860155935,8.41,3.02,0.74
1,1546860156010,8.84,2.48,0.48
1,1546860156011,9.55,1.89,0.17
1,1546860156012,10.31,1.79,-0.07
1,1546860156012,11.19,2.1,0.25
1,1546860156012,11.09,2.34,-0.17
1,1546860156013,10.99,2.53,-0.46
1,1546860156013,10.99,2.36,-0.37
1,1546860156013,10.7,2.22,-0.54
1,1546860156165,10.58,2.53,-0.62
1,1546860156166,10.56,2.98,-0.58
1,1546860156166,10.25,3.61,-0.54
1,1546860156167,9.43,2.57,0.25
1,1546860156167,9.19,1.77,0.82
1,1546860156231,9.12,1.15,1.13
1,1546860156232,9.14,1.15,1.09
1,1546860156233,9.29,1.97,1.21
1,1546860156307,9.45,2.14,0.78
1,1546860156309,9.84,2.36,0.72
1,1546860156384,9.98,2.34,-1.44
1,1546860156458,10.11,2.92,-1.62
1,1546860156476,9.88,3.02,-1.66
1,1546860156477,9.72,2.85,-1.48
1,1546860156477,9.84,2.75,-0.8
1,1546860156477,9.88,3.71,-1.26
1,1546860156477,10.07,4.21,-1.09
1,1546860156478,9.96,4.41,-1.32
1,1546860156478,9.29,2.63,-0.82
1,1546860156535,10.66,3.1,-0.83
1,1546860156536,10.0,2.63,-1.77
1,1546860156537,9.98,2.71,-1.69
1,1546860156537,9.74,2.85,-1.66
1,1546860156538,9.43,2.98,-1.58
1,1546860156539,8.82,2.69,-1.42
1,1546860156540,8.63,2.36,-1.4
1,1546860156540,8.45,2.01,-1.44
1,1546860156610,8.33,1.81,-1.28
1,1546860156611,8.37,1.66,-1.28
1,1546860156611,8.76,1.79,-1.15
1,1546860156612,9.25,2.03,-1.05
1,1546860156612,9.66,2.63,-0.91
1,1546860156612,9.76,4.12,-0.78
1,1546860156628,9.37,4.43,-0.85
1,1546860156629,8.94,4.45,-0.97
1,1546860156681,8.69,4.35,-1.09
1,1546860156694,8.8,4.51,-1.25
1,1546860156694,9.06,5.21,-1.62
1,1546860156695,9.45,6.21,-1.95
1,1546860156695,9.78,7.24,-2.16
1,1546860156695,9.72,8.33,-1.85
1,1546860156695,9.33,8.24,-1.6
1,1546860156695,9.0,7.73,-1.3
1,1546860156755,8.26,6.52,-0.8
1,1546860156756,7.14,5.78,-0.64
1,1546860156756,6.62,5.17,-0.58
1,1546860156757,6.21,4.47,-0.35
1,1546860156757,5.85,3.96,-0.21
1,1546860156757,5.54,3.55,-0.17
1,1546860156757,5.25,3.26,-0.07
1,1546860156833,5.07,2.96,0.19
1,1546860156854,4.96,2.46,0.52
1,1546860156854,4.8,1.89,0.68
1,1546860156855,4.45,1.44,0.78
1,1546860156855,4.45,1.81,0.37
1,1546860156855,4.92,2.67,0.03
1,1546860156856,5.72,4.35,-0.25
1,1546860156856,6.52,7.03,-0.62
1,1546860156907,6.38,6.91,-0.66
1,1546860156907,6.36,5.87,-0.64
1,1546860156910,6.71,4.68,-0.62
1,1546860156912,8.0,4.06,-0.37
1,1546860156913,8.73,4.55,-0.19
1,1546860156914,9.45,5.33,-0.07
1,1546860156914,9.8,5.78,-0.11
1,1546860156915,10.25,6.07,0.0
1,1546860156984,10.72,6.26,0.29
1,1546860157019,10.7,6.09,0.52
1,1546860157020,10.58,5.93,0.62
1,1546860157020,10.46,5.83,0.74
1,1546860157020,10.31,5.29,1.13
1,1546860157021,10.11,4.82,1.44
1,1546860157021,9.88,4.25,1.64
1,1546860157057,9.78,3.55,1.81
1,1546860157080,9.94,2.22,1.97
1,1546860157081,10.19,1.91,2.05
1,1546860157081,10.33,1.95,2.08
1,1546860157081,10.31,1.97,2.12
1,1546860157081,9.88,1.73,2.28
1,1546860157082,9.6,1.38,2.38
1,1546860157082,9.55,1.28,2.36
1,1546860157134,9.64,1.79,2.26
1,1546860157134,9.53,3.28,1.5
1,1546860157135,9.27,3.78,1.36
1,1546860157135,9.0,4.12,1.13
1,1546860157147,8.84,4.39,0.82
1,1546860157148,8.8,4.49,0.42
1,1546860157148,9.08,4.68,0.09
1,1546860157205,9.21,4.86,-0.05
1,1546860157205,9.19,4.98,-0.09
1,1546860157214,8.98,5.03,-0.03
1,1546860157215,8.2,4.98,0.13
1,1546860157215,7.98,4.82,0.23
1,1546860157215,7.96,4.66,0.35
1,1546860157215,7.94,4.51,0.44
1,1546860157215,7.89,4.08,0.5
1,1546860157283,7.89,3.88,0.5
1,1546860157284,7.87,3.76,0.48
1,1546860157284,7.87,3.75,0.41
1,1546860157299,7.75,3.76,0.31
1,1546860157301,7.63,3.84,0.29
1,1546860157302,7.57,3.98,0.25
1,1546860157302,7.53,4.12,0.21
1,1546860157377,7.55,4.29,0.21
1,1546860157377,7.63,4.37,0.27
1,1546860157378,7.71,4.39,0.46
1,1546860157378,7.79,4.51,0.37
1,1546860157378,7.79,4.55,0.31
1,1546860157379,7.77,4.25,0.54
1,1546860157379,7.79,4.23,0.74
1,1546860157379,7.79,4.31,1.01
1,1546860157432,7.85,4.39,1.26
1,1546860157433,8.26,4.25,1.62
1,1546860157434,8.28,4.1,1.62
1,1546860157434,8.18,3.8,1.54
1,1546860157434,8.04,3.55,1.5
1,1546860157451,7.85,3.67,1.48
1,1546860157452,7.85,3.94,1.42
1,1546860157506,7.98,4.14,1.28
1,1546860157507,8.16,4.21,1.17
1,1546860157508,8.45,4.02,1.17
1,1546860157518,8.51,4.04,1.05
1,1546860157518,8.51,4.25,0.93
1,1546860157519,8.49,4.58,0.78
1,1546860157519,8.47,4.7,0.5
1,1546860157519,8.55,4.58,0.5
1,1546860157580,8.63,4.49,0.46
1,1546860157581,8.71,4.49,0.42
1,1546860157582,8.67,4.72,0.07
1,1546860157584,8.65,4.86,0.01
1,1546860157585,8.59,4.94,0.05
1,1546860157585,8.55,5.09,0.11
1,1546860157586,8.61,5.37,0.15
1,1546860157657,8.71,5.8,0.46
1,1546860157657,8.76,6.05,0.66
1,1546860157657,8.78,6.26,0.85
1,1546860157658,8.78,6.52,0.99
1,1546860157658,8.78,6.54,1.34
1,1546860157658,8.8,6.44,1.32
1,1546860157658,8.65,6.15,1.3
1,1546860157658,8.65,5.58,1.34
1,1546860157733,9.35,4.98,1.17
1,1546860157736,9.68,5.01,1.15
1,1546860157738,9.74,4.94,1.17
1,1546860157738,9.45,4.9,1.25
1,1546860157739,8.63,4.76,1.48
1,1546860157740,8.47,4.64,1.54
1,1546860157741,8.47,4.58,1.66
1,1546860157742,8.55,4.55,1.69
1,1546860157905,8.55,4.49,1.67
1,1546860157907,8.47,4.53,1.67
1,1546860157934,8.22,4.62,1.64
1,1546860157935,7.87,4.58,1.64
1,1546860157936,7.55,4.55,1.67
1,1546860157993,7.14,4.72,1.23
1,1546860157994,6.99,4.55,1.09
1,1546860157994,6.91,4.08,1.01
1,1546860157994,6.77,3.67,0.93
1,1546860157995,6.25,3.51,0.93
1,1546860157995,7.85,5.25,0.11
1,1546860157995,8.28,5.35,-0.19
1,1546860157995,8.49,5.48,-0.25
1,1546860158030,8.39,5.91,-0.37
1,1546860158056,9.47,5.99,0.56
1,1546860158056,9.37,5.78,0.74
1,1546860158056,9.23,5.6,0.7
1,1546860158056,9.19,5.42,0.6
1,1546860158057,9.16,4.78,0.42
1,1546860158057,9.06,4.6,0.31
1,1546860158057,8.76,4.47,0.46
1,1546860158107,8.22,4.29,0.62
1,1546860158108,7.32,3.86,1.01
1,1546860158108,7.51,3.65,1.09
1,1546860158108,7.73,3.61,1.11
1,1546860158108,7.94,3.92,1.17
1,1546860158122,7.75,4.76,1.09
1,1546860158123,7.46,4.82,0.93
1,1546860158123,7.2,4.62,0.74
1,1546860158182,7.2,4.39,0.6
1,1546860158183,7.55,4.33,0.42
1,1546860158184,7.77,4.45,0.44
1,1546860158185,8.0,4.19,0.76
1,1546860158186,8.61,4.19,1.4
1,1546860158187,8.55,4.51,0.89
1,1546860158189,7.73,2.71,1.66
1,1546860158203,7.92,2.77,1.19
1,1546860158258,8.24,3.22,0.74
1,1546860158260,8.24,3.86,0.09
1,1546860158262,7.96,4.43,-0.35
1,1546860158262,8.16,4.9,-0.07
1,1546860158263,8.65,5.21,0.46
1,1546860158263,8.94,4.86,0.85
1,1546860158264,8.32,4.86,0.91
1,1546860158335,8.59,4.51,1.09
1,1546860158336,8.69,4.1,1.07
1,1546860158339,8.49,3.94,1.11
1,1546860158340,8.2,4.14,0.23
1,1546860158341,8.12,4.06,0.03
1,1546860158342,8.2,3.78,0.11
1,1546860158343,8.35,3.84,0.09
1,1546860158344,8.35,3.51,1.21
1,1546860158405,8.08,2.28,1.83
1,1546860158406,8.47,0.52,2.32
