1,1544075073401,23.92,-12.83,13.1
1,1544075073401,31.62,-16.13,16.71
1,1544075073401,45.74,-36.26,47.32
1,1544075073414,37.81,-58.14,50.64
1,1544075073415,52.61,15.11,-17.34
1,1544075073415,54.14,26.44,-14.94
1,1544075073415,43.8,35.85,-6.09
1,1544075073476,32.08,29.66,0.03
1,1544075073477,23.82,3.26,5.01
1,1544075073477,24.53,-2.53,3.18
1,1544075073477,25.03,-6.83,0.74
1,1544075073490,26.03,-5.62,-0.85
1,1544075073491,28.28,-0.19,-3.61
1,1544075073491,28.76,0.62,-4.19
1,1544075073491,28.16,2.07,-2.57
1,1544075073551,26.13,4.41,0.29
1,1544075073552,23.75,6.36,2.38
1,1544075073557,17.34,7.22,3.51
1,1544075073558,12.83,6.13,4.72
1,1544075073558,9.41,4.47,5.15
1,1544075073628,7.96,3.35,4.53
1,1544075073628,10.03,2.85,1.99
1,1544075073641,11.79,2.12,1.11
1,1544075073642,12.81,0.83,0.7
1,1544075073642,12.75,-0.31,0.66
1,1544075073642,11.85,-2.12,0.76
1,1544075073643,11.58,-2.48,0.42
1,1544075073643,11.48,-2.48,-0.25
1,1544075073701,11.48,-2.1,-0.93
1,1544075073708,11.58,1.13,-5.13
1,1544075073709,11.25,2.77,-6.32
1,1544075073709,10.39,4.14,-7.1
1,1544075073709,9.31,5.35,-7.1
1,1544075073709,6.85,7.2,-5.85
1,1544075073709,5.74,7.42,-5.03
1,1544075073709,4.94,7.22,-4.49
1,1544075073778,4.49,6.64,-4.16
1,1544075073779,4.41,5.31,-3.59
1,1544075073780,4.55,4.62,-3.41
1,1544075073780,4.68,3.88,-3.22
1,1544075073780,4.84,3.14,-2.92
1,1544075073781,5.27,1.91,-2.05
1,1544075073781,5.54,1.38,-1.5
1,1544075073781,5.93,0.95,-1.03
1,1544075073852,6.4,0.74,-0.6
1,1544075073854,7.01,0.76,-0.35
1,1544075073854,8.33,1.38,-0.09
1,1544075073926,8.98,1.79,-0.21
1,1544075073929,9.47,2.07,-0.5
1,1544075073929,9.92,2.2,-0.78
1,1544075073929,10.41,2.24,-1.25
1,1544075073930,10.6,2.18,-1.46
1,1544075073930,10.99,2.38,-1.56
1,1544075073930,11.58,2.77,-1.56
1,1544075073943,12.79,3.8,-1.6
1,1544075074082,13.39,4.27,-1.6
1,1544075074082,13.98,4.41,-1.73
1,1544075074083,17.03,2.55,-2.2
1,1544075074083,17.79,2.22,-2.08
1,1544075074083,18.45,2.05,-1.81
1,1544075074152,20.23,1.83,-0.68
1,1544075074152,20.85,2.01,-0.03
1,1544075074161,22.46,2.91,1.73
1,1544075074162,25.76,5.07,5.44
1,1544075074162,31.79,10.29,18.51
1,1544075074162,11.07,-7.44,6.48
1,1544075074162,10.68,-4.92,5.52
1,1544075074162,9.47,-2.92,5.15
1,1544075074228,8.16,-1.89,4.6
1,1544075074248,6.11,0.66,2.34
1,1544075074248,7.65,-0.25,2.83
1,1544075074249,8.0,-0.52,2.73
1,1544075074249,8.45,-0.66,2.28
1,1544075074249,8.63,-0.58,1.32
1,1544075074250,7.73,-0.07,-0.6
1,1544075074250,7.12,0.41,-1.11
1,1544075074317,6.62,0.72,-1.73
1,1544075074317,6.26,1.19,-2.46
1,1544075074318,6.87,2.16,-2.91
1,1544075074318,7.3,2.57,-2.53
1,1544075074318,7.42,2.85,-1.91
1,1544075074318,7.38,2.92,-1.19
1,1544075074319,7.38,2.77,-0.44
1,1544075074319,7.73,2.44,0.78
1,1544075074377,8.22,2.4,1.3
1,1544075074378,8.73,2.44,1.85
1,1544075074398,9.16,2.69,2.22
1,1544075074398,9.55,3.18,1.99
1,1544075074398,9.6,3.43,1.6
1,1544075074398,9.6,3.92,1.26
1,1544075074399,9.74,4.43,1.09
1,1544075074399,9.21,5.03,0.64
1,1544075074451,8.84,5.21,0.42
1,1544075074452,8.86,5.46,0.39
1,1544075074464,8.96,5.35,0.0
1,1544075074464,9.43,4.7,-0.31
1,1544075074464,9.68,4.43,-0.37
1,1544075074464,9.9,4.16,-0.5
1,1544075074465,10.15,4.0,-0.48
1,1544075074527,10.41,3.98,-0.41
1,1544075074528,10.76,4.21,-0.17
1,1544075074528,10.82,4.41,-0.11
1,1544075074535,10.72,4.47,-0.19
1,1544075074536,10.62,4.47,-0.21
1,1544075074536,11.36,4.45,-0.37
1,1544075074536,11.89,3.67,-0.09
1,1544075074536,11.56,2.14,1.69
1,1544075074602,10.35,0.42,2.63
1,1544075074603,9.23,7.01,5.87
1,1544075074603,7.63,10.48,6.28
1,1544075074604,5.85,12.63,5.91
1,1544075074604,4.9,12.87,4.53
1,1544075074604,5.48,8.55,-0.54
1,1544075074604,6.26,7.22,-2.92
1,1544075074676,7.16,6.93,-4.39
1,1544075074677,8.0,8.47,-4.96
1,1544075074677,8.35,10.7,-4.96
1,1544075074677,6.38,11.01,-4.8
1,1544075074677,5.68,10.54,-5.07
1,1544075074683,5.78,9.78,-4.96
1,1544075074683,5.8,8.69,-4.6
1,1544075074683,6.01,6.69,-5.21
1,1544075074752,6.54,6.66,-5.17
1,1544075074754,7.05,7.05,-5.52
1,1544075074755,7.03,7.59,-4.72
1,1544075074756,4.98,6.01,-3.98
1,1544075074757,5.17,5.83,-3.76
1,1544075074757,5.95,8.16,-2.34
1,1544075074757,5.56,7.2,-2.51
1,1544075074758,5.8,4.25,-4.72
1,1544075074826,6.38,3.71,-4.6
1,1544075074826,6.52,3.1,-3.53
1,1544075074827,5.78,2.26,-2.48
1,1544075074827,4.33,0.09,-0.83
1,1544075074833,4.37,-0.5,-1.13
1,1544075074834,4.82,-0.52,-2.18
1,1544075074834,5.66,0.13,-2.57
1,1544075074901,6.36,1.05,-3.0
1,1544075074901,7.32,3.67,-4.66
1,1544075074977,7.87,5.37,-2.91
1,1544075074978,7.79,6.83,-0.58
1,1544075074979,6.87,7.59,-0.17
1,1544075074980,6.58,8.45,0.48
1,1544075074980,7.16,8.0,0.23
1,1544075074980,7.5,5.99,-0.64
1,1544075074981,7.34,3.47,-1.89
1,1544075074981,7.26,-0.58,-2.07
1,1544075075051,7.98,-1.93,-0.64
1,1544075075068,9.04,-2.53,0.19
1,1544075075069,17.81,1.73,-3.37
1,1544075075069,18.43,3.0,-3.39
1,1544075075069,17.18,3.18,-2.91
1,1544075075069,13.76,0.35,-1.17
1,1544075075069,13.35,-1.6,-0.58
1,1544075075070,14.04,-3.14,0.99
1,1544075075127,15.01,-3.98,2.26
1,1544075075127,15.46,-1.81,3.32
1,1544075075127,14.78,1.3,1.62
1,1544075075136,14.0,4.29,-0.8
1,1544075075136,10.97,7.77,-2.08
1,1544075075136,8.53,7.24,-1.77
1,1544075075137,6.56,5.33,-1.46
1,1544075075201,5.62,3.18,-0.78
1,1544075075201,6.26,0.15,1.46
1,1544075075276,6.97,-0.48,2.55
1,1544075075352,7.34,-0.39,2.67
1,1544075075353,8.02,0.09,2.53
1,1544075075353,8.78,0.66,1.79
1,1544075075353,8.2,0.82,0.97
1,1544075075373,8.22,0.66,0.48
1,1544075075374,8.67,0.54,-0.46
1,1544075075374,9.45,0.78,-1.56
1,1544075075374,10.68,1.6,-3.45
1,1544075075430,9.62,0.21,-3.76
1,1544075075431,8.08,-1.67,-2.63
1,1544075075431,9.14,-2.16,-2.55
1,1544075075431,9.66,-2.18,-2.59
1,1544075075431,8.98,-1.21,-2.53
1,1544075075431,8.78,-0.52,-2.34
1,1544075075432,8.63,0.23,-2.4
1,1544075075432,8.61,0.68,-2.36
1,1544075075502,9.14,2.08,-2.92
1,1544075075503,9.08,2.67,-2.96
1,1544075075503,8.92,2.87,-2.94
1,1544075075503,9.04,2.73,-2.73
1,1544075075503,9.16,1.6,-2.08
1,1544075075503,8.8,0.87,-2.53
1,1544075075577,8.8,0.62,-2.51
1,1544075075578,8.37,0.41,-1.56
1,1544075075579,7.46,-0.99,-0.87
1,1544075075579,6.28,-3.41,0.82
1,1544075075580,6.48,-4.04,1.32
1,1544075075580,6.91,-4.49,1.38
1,1544075075580,7.05,-4.8,1.77
1,1544075075581,6.79,-4.84,1.91
1,1544075075652,7.51,-3.8,1.91
1,1544075075730,8.57,-1.95,2.51
1,1544075075731,9.47,0.13,2.01
1,1544075075733,11.83,3.39,1.85
1,1544075075734,11.85,4.19,2.44
1,1544075075735,11.73,4.29,2.63
1,1544075075736,12.18,3.96,3.59
1,1544075075805,12.5,3.84,3.9
1,1544075075806,13.76,4.98,-0.17
1,1544075075807,15.05,8.22,-3.47
1,1544075075809,9.51,-5.27,5.31
1,1544075075810,10.11,-5.33,5.09
1,1544075075811,10.72,-4.49,4.84
1,1544075075812,11.4,-2.18,3.8
1,1544075075813,11.42,-1.32,3.45
1,1544075075879,11.28,-0.72,3.24
1,1544075076036,11.09,-0.46,3.24
1,1544075076038,11.58,-0.54,2.94
1,1544075076040,12.03,-0.41,2.55
1,1544075076041,12.53,-0.11,2.3
1,1544075076042,12.91,0.19,2.01
1,1544075076106,12.83,0.58,1.03
1,1544075076108,12.55,0.58,0.56
1,1544075076110,12.22,0.64,0.07
1,1544075076110,11.38,1.13,-0.62
1,1544075076111,11.48,2.65,-0.76
1,1544075076112,10.42,1.77,-0.15
1,1544075076113,10.19,1.52,-0.19
1,1544075076113,9.92,0.99,-0.21
1,1544075076337,9.76,0.74,-0.23
1,1544075076339,9.62,0.17,-0.01
1,1544075076341,9.57,0.11,0.03
1,1544075076342,9.51,0.03,0.07
1,1544075076343,9.47,0.05,0.13
1,1544075076405,9.35,0.07,0.19
1,1544075076406,9.31,0.15,0.23
1,1544075076408,9.33,0.27,0.27
1,1544075076408,9.27,0.39,0.27
1,1544075076429,9.02,0.52,0.42
1,1544075076430,9.02,1.32,1.64
1,1544075076430,9.14,1.38,1.79
1,1544075076430,9.37,1.4,2.12
1,1544075076479,9.57,1.36,2.22
1,1544075076480,10.56,0.95,4.29
1,1544075076481,9.1,-1.42,10.97
1,1544075076481,8.98,-6.69,15.62
1,1544075076482,11.52,-10.64,16.85
1,1544075076482,11.23,-8.28,15.33
1,1544075076483,10.05,-7.26,10.54
1,1544075076484,10.03,-5.17,5.31
1,1544075076554,18.06,5.99,-1.05
1,1544075076557,21.5,12.32,-2.83
1,1544075076558,20.11,15.68,-4.1
1,1544075076560,14.84,14.86,-4.27
1,1544075076560,9.31,11.91,-4.31
1,1544075076561,5.48,7.28,-2.59
1,1544075076562,6.34,5.85,-1.75
1,1544075076562,7.94,4.62,-0.89
1,1544075076631,9.88,3.49,-0.21
1,1544075076633,12.71,2.38,0.0
1,1544075076634,13.12,2.34,-0.03
1,1544075076635,12.75,2.53,-0.07
1,1544075076636,11.91,2.77,0.09
1,1544075076637,10.05,2.98,0.87
1,1544075076638,9.41,2.81,1.21
1,1544075076639,9.16,2.24,1.58
1,1544075076706,9.14,1.46,1.89
1,1544075076708,9.23,0.35,2.32
1,1544075076709,9.12,-0.15,2.42
1,1544075076710,8.92,-0.54,2.53
1,1544075076711,8.63,-0.74,2.53
1,1544075076712,8.33,-0.7,2.42
1,1544075076713,7.92,-0.21,2.2
1,1544075076780,7.89,0.07,1.89
1,1544075076781,7.89,0.27,1.58
1,1544075076782,7.87,0.37,1.25
1,1544075076783,8.08,0.54,0.7
1,1544075076783,8.24,0.54,0.44
1,1544075076784,8.41,0.58,0.27
1,1544075076784,8.63,0.62,0.05
1,1544075076785,9.33,0.62,-0.27
1,1544075076860,9.74,0.6,-0.39
1,1544075076863,10.15,0.56,-0.41
1,1544075076864,10.5,0.56,-0.46
1,1544075076865,10.7,0.5,-0.21
1,1544075076866,10.58,0.46,-0.01
1,1544075076867,10.39,0.48,0.13
1,1544075076868,10.19,0.46,0.29
1,1544075076869,10.03,0.48,0.42
1,1544075076927,9.78,0.54,0.58
1,1544075076927,9.64,0.56,0.6
1,1544075076929,9.47,0.62,0.64
1,1544075076929,9.21,0.72,0.68
1,1544075076929,8.55,0.93,0.56
1,1544075076930,8.3,1.03,0.52
1,1544075076930,8.12,1.23,0.42
1,1544075077002,8.02,1.38,0.31
1,1544075077002,7.98,1.85,0.0
1,1544075077003,8.02,2.08,-0.05
1,1544075077003,8.12,2.34,-0.09
1,1544075077003,8.28,2.55,-0.07
1,1544075077004,8.67,2.83,0.05
1,1544075077004,8.92,2.96,0.19
1,1544075077077,9.17,3.02,0.41
1,1544075077078,9.43,3.0,0.72
1,1544075077078,9.62,3.02,1.13
1,1544075077079,10.09,2.98,1.79
1,1544075077086,10.39,3.16,2.16
1,1544075077086,10.89,3.39,2.48
1,1544075077086,12.91,4.02,4.6
1,1544075077152,11.83,1.19,17.63
1,1544075077153,8.84,-9.25,26.15
1,1544075077153,8.94,-11.01,22.26
1,1544075077165,10.11,-8.37,17.18
1,1544075077166,12.32,-0.7,8.28
1,1544075077166,12.12,2.14,5.19
1,1544075077166,11.3,4.57,3.08
1,1544075077166,10.58,6.28,1.95
1,1544075077227,8.92,7.59,0.7
1,1544075077228,8.84,7.55,0.89
1,1544075077229,8.92,6.77,0.74
1,1544075077229,9.0,5.41,0.17
1,1544075077230,9.29,4.02,-0.07
1,1544075077230,9.9,2.05,-0.11
1,1544075077230,10.01,1.11,-0.01
1,1544075077231,9.84,0.56,0.07
1,1544075077302,9.57,0.35,0.21
1,1544075077303,9.33,-0.11,0.15
1,1544075077304,9.31,-0.19,0.0
1,1544075077304,9.27,-0.23,-0.11
1,1544075077304,9.14,-0.27,-0.15
1,1544075077305,8.67,-0.56,0.23
1,1544075077305,8.45,-0.76,0.52
1,1544075077305,8.26,-0.91,0.91
1,1544075077376,8.14,-1.01,1.34
1,1544075077377,8.14,-0.83,1.77
1,1544075077379,8.26,-0.52,1.81
1,1544075077379,8.47,-0.13,1.93
1,1544075077380,8.63,0.31,2.07
1,1544075077380,8.78,0.58,2.1
1,1544075077380,9.1,1.32,2.28
1,1544075077451,9.23,1.73,2.32
1,1544075077452,9.35,2.05,2.34
1,1544075077453,9.47,2.3,2.36
1,1544075077454,9.51,2.63,2.46
1,1544075077468,9.51,2.71,2.44
1,1544075077468,9.43,2.75,2.44
1,1544075077469,9.41,2.73,2.42
1,1544075077469,9.57,2.71,2.53
1,1544075077526,9.9,2.67,2.79
1,1544075077527,10.27,2.53,3.35
1,1544075077527,10.27,2.16,3.55
1,1544075077534,9.64,1.42,3.73
1,1544075077534,9.45,-1.11,6.38
1,1544075077535,9.04,-2.61,7.26
1,1544075077602,8.65,-3.73,7.46
1,1544075077602,8.65,-4.39,7.26
1,1544075077602,9.04,-4.04,6.52
1,1544075077677,9.25,-3.18,6.09
1,1544075077678,9.47,-2.22,5.56
1,1544075077678,9.58,-1.38,4.92
1,1544075077679,9.72,0.25,3.67
1,1544075077679,9.8,0.68,3.26
1,1544075077679,9.82,1.11,2.85
1,1544075077680,9.86,1.44,2.63
1,1544075077680,9.68,1.54,2.32
1,1544075077753,9.57,1.38,2.3
1,1544075077754,9.51,1.21,2.18
1,1544075077770,9.21,0.8,1.3
1,1544075077771,9.14,0.87,1.3
1,1544075077771,9.1,1.07,1.32
1,1544075077771,9.17,1.19,1.38
1,1544075077772,9.23,1.28,1.44
1,1544075077772,9.33,1.4,1.54
1,1544075077826,9.45,1.54,1.79
1,1544075077827,9.55,1.44,2.01
1,1544075077827,9.6,1.38,2.08
1,1544075077827,9.8,1.23,2.22
1,1544075077836,9.9,1.15,2.24
1,1544075077837,9.98,1.09,2.28
1,1544075077837,10.01,1.03,2.24
1,1544075077837,10.0,0.95,2.18
1,1544075077901,9.92,0.78,2.2
1,1544075077977,9.9,0.68,2.18
1,1544075077977,9.82,0.66,2.18
1,1544075077978,9.78,0.62,2.18
1,1544075077978,9.72,0.58,2.16
1,1544075077978,9.66,0.58,2.12
1,1544075077979,9.64,0.56,2.1
1,1544075077979,9.62,0.6,2.05
1,1544075077979,9.66,0.6,1.97
1,1544075078051,9.62,0.66,1.91
1,1544075078052,9.57,0.68,1.87
1,1544075078053,9.47,0.74,1.67
1,1544075078054,9.47,0.72,1.67
1,1544075078055,9.45,0.76,1.67
1,1544075078055,9.41,0.74,1.66
1,1544075078056,9.35,0.76,1.64
1,1544075078056,9.25,0.87,1.64
1,1544075078128,9.23,0.93,1.6
1,1544075078129,9.17,0.97,1.6
1,1544075078129,9.16,1.09,1.6
1,1544075078130,9.12,1.15,1.56
1,1544075078130,9.12,1.19,1.58
1,1544075078130,9.12,1.25,1.56
1,1544075078131,9.14,1.28,1.58
1,1544075078131,9.23,1.28,1.52
1,1544075078208,9.27,1.25,1.6
1,1544075078208,9.25,1.21,1.6
1,1544075078209,9.29,1.17,1.6
1,1544075078209,9.39,1.07,1.6
1,1544075078209,9.57,0.95,1.58
1,1544075078209,9.72,0.87,1.56
1,1544075078209,9.82,0.82,1.56
1,1544075078209,9.96,0.76,1.5
1,1544075078276,10.21,0.7,1.48
1,1544075078277,10.31,0.64,1.42
1,1544075078277,10.44,0.64,1.46
1,1544075078277,10.46,0.64,1.5
1,1544075078294,10.31,0.62,1.6
1,1544075078294,10.15,0.64,1.64
1,1544075078351,9.96,0.64,1.67
1,1544075078358,9.82,0.64,1.67
1,1544075078358,9.49,0.62,1.64
1,1544075078358,9.43,0.64,1.64
1,1544075078359,9.37,0.64,1.54
1,1544075078359,9.29,0.64,1.5
1,1544075078359,9.27,0.68,1.5
1,1544075078359,9.21,0.89,1.44
1,1544075078427,9.23,0.97,1.38
1,1544075078427,9.33,1.13,1.38
1,1544075078428,9.53,1.25,1.3
1,1544075078428,10.07,1.52,1.23
1,1544075078429,10.35,1.58,1.23
1,1544075078443,10.58,1.6,1.15
1,1544075078443,10.82,1.6,1.11
1,1544075078443,11.4,1.5,0.91
1,1544075078502,11.64,1.4,0.8
1,1544075078508,11.87,1.25,0.74
1,1544075078508,12.07,1.11,0.66
1,1544075078508,12.2,0.78,0.66
1,1544075078509,12.14,0.64,0.68
1,1544075078509,11.93,0.54,0.83
1,1544075078509,11.6,0.54,0.89
1,1544075078509,11.13,0.52,1.05
1,1544075078581,9.98,0.46,1.19
1,1544075078581,9.45,0.46,1.19
1,1544075078582,9.02,0.52,1.19
1,1544075078582,8.63,0.54,1.17
1,1544075078583,7.96,0.56,1.21
1,1544075078583,7.67,0.58,1.21
1,1544075078583,7.5,0.64,1.21
1,1544075078584,7.28,0.74,1.19
1,1544075078655,7.26,1.03,1.11
1,1544075078655,7.48,1.28,1.03
1,1544075078656,7.77,1.54,1.05
1,1544075078683,8.3,1.87,0.95
1,1544075078684,8.8,2.18,1.01
1,1544075078685,9.76,2.71,1.05
1,1544075078685,10.11,2.85,0.97
1,1544075078686,10.39,2.98,0.95
1,1544075078737,10.64,3.06,0.93
1,1544075078738,10.76,3.04,1.01
1,1544075078738,10.72,2.96,1.07
1,1544075078739,10.72,2.83,1.19
1,1544075078739,10.72,2.67,1.28
1,1544075078740,10.87,2.14,1.52
1,1544075078740,10.89,1.81,1.73
1,1544075078740,10.87,1.46,1.97
1,1544075078803,10.78,1.03,2.2
1,1544075078878,10.64,0.46,2.36
1,1544075078955,10.64,0.17,2.55
1,1544075078963,10.62,-0.17,2.77
1,1544075078964,10.58,-0.42,2.98
1,1544075078964,10.46,-0.56,3.12
1,1544075078964,10.15,-0.68,3.26
1,1544075078964,10.01,-0.64,3.24
1,1544075078964,9.84,-0.56,3.18
1,1544075078965,9.66,-0.52,3.06
1,1544075079027,9.7,-0.11,2.3
1,1544075079028,9.6,-0.31,2.46
1,1544075079029,9.6,-0.05,2.36
1,1544075079029,9.41,0.52,2.32
1,1544075079052,9.37,0.58,2.28
1,1544075079052,9.27,0.66,2.2
1,1544075079053,9.06,0.83,2.12
1,1544075079053,8.94,0.83,2.07
1,1544075079119,8.9,0.85,2.03
1,1544075079120,8.94,0.87,1.89
1,1544075079120,9.04,0.97,1.89
1,1544075079121,9.08,1.07,1.79
1,1544075079121,9.1,1.13,1.81
1,1544075079122,9.1,1.03,1.83
1,1544075079122,9.14,0.82,2.05
1,1544075079180,9.14,0.78,2.16
1,1544075079182,9.17,0.82,2.28
1,1544075079183,9.19,0.93,2.32
1,1544075079185,9.08,1.48,2.3
1,1544075079186,9.02,1.58,2.3
1,1544075079187,8.86,1.67,2.28
1,1544075079188,8.73,1.67,2.32
1,1544075079190,8.59,1.44,2.32
1,1544075079336,8.51,1.21,2.32
1,1544075079338,8.49,0.95,2.34
1,1544075079340,8.45,0.76,2.51
1,1544075079341,8.43,0.56,2.85
1,1544075079342,8.47,0.56,3.0
1,1544075079447,8.51,0.58,3.04
1,1544075079447,8.63,0.62,3.08
1,1544075079448,8.69,0.78,3.08
1,1544075079448,9.0,1.15,3.12
1,1544075079448,9.19,1.34,3.1
1,1544075079449,10.31,3.47,3.51
1,1544075079449,9.96,3.57,3.02
1,1544075079449,9.74,3.61,2.71
1,1544075079481,9.68,3.53,2.4
1,1544075079511,9.6,2.51,1.93
1,1544075079512,9.43,2.12,1.85
1,1544075079513,9.35,1.54,1.81
1,1544075079514,9.31,1.25,1.66
1,1544075079515,9.25,1.03,1.48
1,1544075079516,9.27,0.82,1.28
1,1544075079518,9.43,0.54,1.19
1,1544075079552,9.49,0.29,1.3
1,1544075079554,9.53,-0.11,1.4
1,1544075079554,9.6,-0.52,1.62
1,1544075079555,9.74,-1.13,2.03
1,1544075079556,9.72,-1.28,2.08
1,1544075079557,9.76,-1.17,2.05
1,1544075079557,9.82,-0.85,2.03
1,1544075079557,9.8,-0.39,2.03
1,1544075079629,9.51,0.44,1.95
1,1544075079630,9.39,0.62,1.95
1,1544075079630,9.25,0.83,1.93
1,1544075079630,9.16,1.03,1.95
1,1544075079631,9.29,1.32,1.97
1,1544075079631,9.43,1.4,1.95
1,1544075079631,9.57,1.5,1.99
1,1544075079632,9.68,1.5,1.89
1,1544075079710,9.62,1.38,1.77
1,1544075079779,9.58,1.34,1.62
1,1544075079802,9.64,1.34,1.6
1,1544075079803,9.7,1.32,1.48
1,1544075079803,9.76,1.36,1.4
1,1544075079803,9.7,1.32,1.32
1,1544075079803,9.68,1.32,1.32
1,1544075079803,9.66,1.19,1.4
1,1544075079804,9.62,1.09,1.38
1,1544075079857,9.66,0.93,1.42
1,1544075079857,9.66,0.89,1.38
1,1544075079858,9.76,0.99,1.34
1,1544075079869,9.8,1.07,1.38
1,1544075079869,9.9,1.09,1.52
1,1544075079869,9.94,1.03,1.56
1,1544075079869,9.98,1.05,1.6
1,1544075079870,9.98,1.01,1.62
1,1544075079928,10.0,0.97,1.6
1,1544075079936,9.84,0.8,1.64
1,1544075079937,9.82,0.72,1.67
1,1544075079937,9.82,0.7,1.66
1,1544075079937,9.8,0.68,1.66
1,1544075079937,9.76,0.62,1.69
1,1544075079938,9.68,0.58,1.77
1,1544075080001,9.62,0.56,1.85
1,1544075080002,9.51,0.56,1.79
1,1544075080003,9.51,0.58,1.83
1,1544075080019,9.53,0.56,1.79
1,1544075080020,9.49,0.58,1.81
1,1544075080020,9.31,0.56,1.66
1,1544075080020,9.25,0.58,1.58
1,1544075080020,9.16,0.56,1.54
1,1544075080080,9.12,0.58,1.48
1,1544075080105,9.1,0.56,1.42
1,1544075080106,9.08,0.62,1.36
1,1544075080107,9.1,0.6,1.44
1,1544075080108,9.21,0.6,1.46
1,1544075080109,9.31,0.7,1.44
1,1544075080110,9.35,0.97,1.36
1,1544075080111,9.35,1.05,1.3
1,1544075080172,9.37,1.09,1.28
1,1544075080172,9.37,1.11,1.3
1,1544075080173,9.53,1.11,1.3
1,1544075080173,9.6,1.13,1.32
1,1544075080173,9.68,1.11,1.28
1,1544075080174,9.72,1.17,1.26
1,1544075080229,9.78,1.36,1.34
1,1544075080230,9.72,1.5,1.4
1,1544075080235,9.72,1.5,1.52
1,1544075080236,9.7,1.46,1.64
1,1544075080236,9.72,1.42,1.79
1,1544075080236,9.86,1.28,1.87
1,1544075080236,9.94,1.32,1.87
1,1544075080236,9.98,1.32,1.85
1,1544075080308,9.96,1.32,1.91
1,1544075080309,9.92,1.26,1.99
1,1544075080309,9.9,1.19,2.07
1,1544075080310,9.92,1.05,2.12
1,1544075080310,9.92,0.97,2.18
1,1544075080311,9.96,0.72,2.24
1,1544075080311,10.03,0.6,2.22
1,1544075080311,10.11,0.56,2.26
1,1544075080382,10.23,0.56,2.3
1,1544075080383,10.17,0.54,2.32
1,1544075080384,10.09,0.54,2.32
1,1544075080384,10.05,0.54,2.34
1,1544075080385,10.07,0.54,2.32
1,1544075080386,10.15,0.58,2.3
1,1544075080387,10.13,0.66,2.28
1,1544075080388,10.09,0.8,2.26
1,1544075080457,10.0,0.91,2.18
1,1544075080459,9.84,1.11,2.08
1,1544075080460,9.8,1.15,2.01
1,1544075080460,9.74,1.21,2.01
1,1544075080461,9.72,1.21,1.93
1,1544075080461,9.68,1.21,1.81
1,1544075080462,9.6,1.23,1.75
1,1544075080462,9.57,1.21,1.75
1,1544075080530,9.55,1.21,1.66
1,1544075080533,9.51,1.21,1.6
1,1544075080541,9.47,1.21,1.64
1,1544075080542,9.51,1.17,1.64
1,1544075080543,9.49,1.11,1.62
1,1544075080544,9.57,1.11,1.62
1,1544075080544,9.64,1.11,1.56
1,1544075080545,9.7,1.09,1.58
1,1544075080605,9.72,1.09,1.56
1,1544075080607,9.78,1.09,1.58
1,1544075080608,9.84,1.05,1.56
1,1544075080609,9.86,1.05,1.58
1,1544075080610,9.96,1.07,1.77
1,1544075080611,10.01,1.03,1.89
1,1544075080611,9.88,1.25,1.58
1,1544075080684,9.9,1.46,1.42
1,1544075080685,9.9,1.52,1.48
1,1544075080686,9.76,1.46,1.56
1,1544075080687,9.49,1.13,1.66
1,1544075080688,9.45,1.07,1.66
1,1544075080689,9.39,1.11,1.62
1,1544075080690,9.31,1.17,1.52
1,1544075080691,9.23,1.23,1.46
1,1544075080756,9.0,1.3,1.28
1,1544075080758,9.0,1.32,1.19
1,1544075080777,8.94,1.32,1.19
1,1544075080778,8.9,1.3,1.23
1,1544075080779,8.8,1.25,1.34
1,1544075080780,8.84,1.3,1.38
1,1544075080781,8.98,1.32,1.4
1,1544075080781,9.17,1.38,1.38
1,1544075080831,9.57,1.52,1.42
1,1544075080832,9.72,1.58,1.48
1,1544075080833,9.9,1.64,1.54
1,1544075080833,10.05,1.62,1.56
1,1544075080834,10.21,1.66,1.67
1,1544075080834,10.31,1.62,1.69
1,1544075080835,10.35,1.64,1.73
1,1544075080907,10.31,1.56,1.77
1,1544075080909,10.27,1.48,1.79
1,1544075080910,10.23,1.38,1.83
1,1544075080911,10.23,1.34,1.89
1,1544075080912,10.23,1.28,1.85
1,1544075080913,10.17,1.19,1.85
1,1544075080914,10.19,0.99,1.83
1,1544075080915,10.19,0.85,1.77
1,1544075080981,10.25,0.8,1.71
1,1544075080982,10.31,0.66,1.64
1,1544075080982,10.37,0.54,1.6
1,1544075080983,10.35,0.54,1.6
1,1544075080983,10.29,0.54,1.56
1,1544075080983,10.27,0.56,1.54
1,1544075080984,10.27,0.66,1.52
1,1544075081056,10.23,0.74,1.44
1,1544075081057,10.19,0.78,1.4
1,1544075081058,10.15,0.74,1.28
1,1544075081059,10.13,0.78,1.13
1,1544075081060,10.03,0.74,0.82
1,1544075081060,10.0,0.74,0.64
1,1544075081060,9.98,0.76,0.6
1,1544075081061,9.94,0.8,0.54
1,1544075081131,9.82,1.03,0.56
1,1544075081133,9.76,1.23,0.68
1,1544075081135,9.78,1.36,0.72
1,1544075081136,9.74,1.52,0.82
1,1544075081136,9.62,1.85,0.99
1,1544075081137,9.57,1.95,1.09
1,1544075081139,9.51,2.03,1.05
1,1544075081140,9.45,2.07,1.07
1,1544075081206,9.45,2.05,0.91
1,1544075081207,9.39,1.93,0.83
1,1544075081208,9.27,1.77,0.76
1,1544075081211,9.23,1.6,0.72
1,1544075081212,9.23,1.42,0.72
1,1544075081212,9.23,1.23,0.76
1,1544075081213,9.21,1.11,0.72
1,1544075081282,9.19,0.99,0.74
1,1544075081283,9.19,0.93,0.72
1,1544075081284,9.31,0.72,0.74
1,1544075081285,9.31,0.64,0.82
1,1544075081286,9.33,0.58,0.83
1,1544075081286,9.37,0.54,0.91
1,1544075081287,9.41,0.35,0.97
1,1544075081288,9.51,0.23,1.03
1,1544075081354,9.58,0.13,1.03
1,1544075081355,9.7,0.09,0.95
1,1544075081356,9.9,0.09,0.91
1,1544075081356,10.44,0.37,0.7
1,1544075081357,10.8,0.54,0.58
1,1544075081357,11.05,0.56,0.48
1,1544075081358,11.17,0.7,0.44
1,1544075081432,10.91,0.91,0.6
1,1544075081434,10.54,1.03,0.64
1,1544075081436,10.03,1.13,0.74
1,1544075081438,9.57,1.26,0.72
1,1544075081440,8.8,1.52,0.62
1,1544075081442,8.59,1.64,0.54
1,1544075081443,8.43,1.75,0.46
1,1544075081444,8.43,1.83,0.44
1,1544075081508,8.76,1.93,0.56
1,1544075081510,9.0,1.91,0.62
1,1544075081511,9.21,1.89,0.78
1,1544075081533,9.29,1.91,1.01
1,1544075081533,9.29,1.95,1.13
1,1544075081534,9.45,2.2,1.34
1,1544075081534,9.58,2.32,1.42
1,1544075081534,9.68,2.38,1.48
1,1544075081579,9.68,2.34,1.52
1,1544075081580,9.92,1.99,1.38
1,1544075081580,10.25,1.75,1.3
1,1544075081603,10.68,1.48,1.25
1,1544075081604,11.09,1.23,1.3
1,1544075081605,11.69,0.82,1.64
1,1544075081605,12.42,0.91,1.83
1,1544075081663,13.69,1.91,1.23
1,1544075081663,14.76,3.35,0.42
1,1544075081664,13.51,1.25,3.28
1,1544075081664,11.52,-1.25,5.8
1,1544075081664,10.13,-3.53,7.67
1,1544075081665,9.19,-5.19,8.41
1,1544075081665,8.86,-5.91,8.39
1,1544075081665,8.22,-5.41,7.36
1,1544075081728,8.1,-4.66,6.58
1,1544075081729,8.18,-3.73,5.72
1,1544075081730,8.51,-2.48,5.13
1,1544075081730,8.88,0.21,3.76
1,1544075081804,9.06,1.01,3.3
1,1544075081805,9.08,1.85,2.92
1,1544075081806,9.06,2.26,2.67
1,1544075081807,8.78,2.01,2.44
1,1544075081807,8.67,1.48,2.36
1,1544075081808,8.57,0.99,2.3
1,1544075081808,8.45,0.62,2.12
1,1544075081809,8.41,0.54,1.83
1,1544075081882,8.26,0.5,1.34
1,1544075081883,8.16,0.52,1.11
1,1544075081883,8.06,0.58,0.5
1,1544075081884,8.0,0.85,0.07
1,1544075081902,7.96,0.97,-0.05
1,1544075081902,7.91,1.07,-0.13
1,1544075081903,7.85,1.11,-0.09
1,1544075081956,7.83,1.25,0.27
1,1544075081958,7.83,1.34,0.52
1,1544075081959,7.81,1.36,0.83
1,1544075081960,7.85,1.3,1.05
1,1544075081960,8.08,1.05,1.25
1,1544075081961,8.28,0.85,1.21
1,1544075081962,8.57,0.74,1.32
1,1544075081962,8.8,0.64,1.4
1,1544075082032,8.94,0.56,1.5
1,1544075082032,9.23,0.54,1.67
1,1544075082033,9.47,0.56,1.69
1,1544075082033,9.76,0.56,1.71
1,1544075082033,9.96,0.6,1.77
1,1544075082033,10.0,0.54,1.91
1,1544075082034,9.86,0.48,1.99
1,1544075082103,9.66,0.39,2.03
1,1544075082104,9.51,0.29,2.12
1,1544075082105,9.76,0.31,2.08
1,1544075082105,9.96,0.42,2.1
1,1544075082106,10.13,0.54,2.1
1,1544075082106,10.13,0.64,2.16
1,1544075082107,10.01,0.74,2.14
1,1544075082107,9.92,0.78,2.12
1,1544075082182,10.0,0.83,2.1
1,1544075082182,10.27,0.85,2.12
1,1544075082182,11.25,0.85,2.18
1,1544075082183,11.73,0.89,2.22
1,1544075082183,12.16,0.93,2.26
1,1544075082183,12.55,0.95,2.28
1,1544075082183,13.22,1.07,2.34
1,1544075082259,13.43,1.21,2.32
1,1544075082260,13.37,1.19,2.34
1,1544075082261,13.1,1.13,2.34
1,1544075082261,11.79,0.95,2.48
1,1544075082261,11.05,0.91,2.59
1,1544075082262,10.41,0.87,2.75
1,1544075082262,9.84,0.87,3.02
1,1544075082263,8.86,0.89,3.69
1,1544075082329,8.49,0.93,4.14
1,1544075082352,8.28,0.97,4.51
1,1544075082353,8.2,1.09,4.64
1,1544075082406,8.33,1.26,4.47
1,1544075082419,9.1,1.87,3.43
1,1544075082419,9.51,2.26,2.94
1,1544075082420,9.86,2.63,2.55
1,1544075082420,10.03,2.83,2.34
1,1544075082420,10.25,2.79,2.18
1,1544075082420,10.29,2.57,1.91
1,1544075082420,10.31,2.3,1.73
1,1544075082480,10.46,2.03,1.54
1,1544075082481,10.85,1.42,1.36
1,1544075082483,10.07,0.52,1.58
1,1544075082483,9.92,0.44,1.64
1,1544075082484,9.88,0.27,1.71
1,1544075082485,9.92,0.13,1.79
1,1544075082486,10.17,-0.13,1.97
1,1544075082486,10.23,-0.25,2.08
1,1544075082559,10.19,-0.37,2.18
1,1544075082561,10.11,-0.44,2.26
1,1544075082564,9.94,-0.44,2.14
1,1544075082567,9.94,-0.37,2.01
1,1544075082568,10.0,-0.19,1.91
1,1544075082570,9.92,0.03,1.71
1,1544075082571,9.8,0.15,1.52
1,1544075082572,9.55,0.44,1.26
1,1544075082629,9.53,0.52,1.15
1,1544075082639,9.57,0.54,1.01
1,1544075082640,9.68,0.56,0.91
1,1544075082640,9.76,0.6,0.72
1,1544075082640,9.64,0.66,0.7
1,1544075082641,9.51,0.78,0.74
1,1544075082641,9.31,0.89,0.76
1,1544075082641,9.08,1.28,0.85
1,1544075082702,9.1,1.48,0.89
1,1544075082703,9.14,1.75,1.11
1,1544075082703,9.31,1.93,1.26
1,1544075082704,10.07,2.36,1.34
1,1544075082704,10.6,2.42,1.26
1,1544075082705,11.09,2.36,1.21
1,1544075082705,11.5,2.14,1.19
1,1544075082705,12.05,1.46,1.09
1,1544075082860,12.2,1.01,1.11
1,1544075082862,12.26,0.64,1.01
1,1544075082865,12.2,0.46,0.91
1,1544075082866,12.05,0.05,0.85
1,1544075082866,11.25,-0.97,0.76
1,1544075082928,10.72,-1.52,0.74
1,1544075082929,10.27,-2.01,0.64
1,1544075082930,9.98,-2.32,0.54
1,1544075082930,9.72,-2.77,0.27
1,1544075082931,9.16,1.28,2.36
1,1544075082931,9.19,2.01,2.59
1,1544075082931,8.92,2.59,2.92
1,1544075082932,8.67,2.32,2.77
1,1544075083006,8.53,1.75,2.57
1,1544075083008,9.92,-1.75,2.12
1,1544075083010,9.92,-1.83,2.3
1,1544075083011,9.82,-1.79,2.51
1,1544075083012,9.78,-1.71,2.75
1,1544075083013,9.68,-1.54,3.06
1,1544075083014,9.68,-1.46,3.37
1,1544075083015,9.6,-1.34,3.69
1,1544075083081,9.33,-1.05,4.37
1,1544075083083,9.04,-0.89,4.57
1,1544075083095,8.73,-0.7,4.74
1,1544075083096,8.49,-0.48,4.88
1,1544075083096,8.26,-0.15,5.03
1,1544075083097,8.24,0.01,5.07
1,1544075083097,8.22,0.09,5.01
1,1544075083098,8.24,0.23,5.07
1,1544075083156,8.32,0.31,4.98
1,1544075083162,8.47,0.39,4.98
1,1544075083163,8.63,0.42,5.03
1,1544075083164,8.71,0.46,5.09
1,1544075083165,8.8,0.54,5.21
1,1544075083165,8.8,0.6,5.29
1,1544075083166,8.84,0.64,5.37
1,1544075083166,8.82,0.74,5.44
1,1544075083232,8.82,0.87,5.54
1,1544075083236,8.86,1.23,5.6
1,1544075083238,8.88,1.36,5.68
1,1544075083239,8.98,1.6,5.76
1,1544075083241,9.06,2.03,5.83
1,1544075083241,9.35,2.89,5.91
1,1544075083243,9.57,3.16,6.01
1,1544075083244,9.8,3.47,6.13
1,1544075083350,10.01,3.78,6.03
1,1544075083351,10.95,4.1,5.82
1,1544075083351,11.54,4.14,5.58
1,1544075083351,12.05,4.02,5.29
1,1544075083352,12.2,3.65,4.8
1,1544075083352,12.1,2.71,3.61
1,1544075083353,11.93,2.26,3.3
1,1544075083379,11.69,2.07,3.26
1,1544075083379,11.48,2.22,3.24
1,1544075083380,11.52,2.48,3.18
1,1544075083380,12.3,3.28,3.41
1,1544075083381,12.77,3.86,3.78
1,1544075083381,13.08,4.29,4.04
1,1544075083456,12.94,4.62,4.04
1,1544075083457,11.32,5.23,3.55
1,1544075083457,10.25,5.58,3.2
1,1544075083488,9.33,5.85,2.87
1,1544075083490,8.55,6.07,2.59
1,1544075083490,7.48,6.17,2.44
1,1544075083491,7.32,6.13,2.38
1,1544075083492,7.5,6.07,2.34
1,1544075083548,8.14,6.11,2.32
1,1544075083549,9.1,6.21,2.34
1,1544075083549,10.82,6.26,2.55
1,1544075083549,11.34,6.19,2.89
1,1544075083549,11.73,5.97,3.16
1,1544075083550,11.95,5.6,3.39
1,1544075083550,12.22,4.78,3.59
1,1544075083550,12.16,4.31,3.57
1,1544075083602,11.87,3.76,3.53
1,1544075083615,11.6,3.26,3.51
1,1544075083616,10.85,2.36,3.32
1,1544075083617,10.5,1.89,3.24
1,1544075083617,10.03,1.38,3.14
1,1544075083618,9.64,1.07,3.06
1,1544075083618,9.1,0.7,2.92
1,1544075083682,8.9,0.62,2.89
1,1544075083683,8.76,0.64,2.85
1,1544075083684,8.65,0.6,2.96
1,1544075083685,8.59,0.6,3.04
1,1544075083686,8.45,0.66,3.24
1,1544075083687,8.39,0.7,3.33
1,1544075083690,8.35,0.83,3.47
1,1544075083691,8.41,0.93,3.57
1,1544075083756,8.71,1.23,3.76
1,1544075083756,8.88,1.32,3.71
1,1544075083757,8.98,1.4,3.69
1,1544075083758,9.12,1.32,3.67
1,1544075083780,8.96,0.91,3.59
1,1544075083780,8.84,0.66,3.53
1,1544075083780,8.71,0.52,3.49
1,1544075083781,8.57,0.37,3.3
1,1544075083830,8.47,0.01,3.08
1,1544075083832,8.55,-0.74,2.57
1,1544075083834,8.67,-1.05,2.42
1,1544075083904,8.9,-1.17,2.38
1,1544075083905,9.21,-1.13,2.38
1,1544075083905,9.74,-0.29,2.57
1,1544075083923,9.66,0.25,2.87
1,1544075083923,9.31,0.58,3.08
1,1544075083924,8.73,0.8,3.2
1,1544075083924,7.69,1.21,3.55
1,1544075083924,7.18,1.32,3.65
1,1544075083977,6.75,1.46,3.69
1,1544075083998,6.48,1.73,3.61
1,1544075083999,6.13,4.16,3.51
1,1544075083999,6.19,4.66,3.65
1,1544075083999,6.64,5.62,3.9
1,1544075083999,7.01,6.07,4.14
1,1544075083999,7.4,6.58,4.33
1,1544075084000,7.77,7.07,4.35
1,1544075084053,8.82,8.37,4.6
1,1544075084065,9.37,9.16,4.76
1,1544075084066,9.76,9.82,4.72
1,1544075084066,9.9,10.15,4.58
1,1544075084066,9.45,10.33,4.25
1,1544075084066,8.98,10.19,3.98
1,1544075084066,8.49,9.96,3.63
1,1544075084066,8.04,9.8,3.24
1,1544075084129,7.42,9.64,2.42
1,1544075084150,7.07,9.7,2.28
1,1544075084151,6.66,9.74,2.07
1,1544075084151,6.21,9.7,1.79
1,1544075084151,5.74,9.6,1.64
1,1544075084151,5.09,9.04,1.42
1,1544075084151,4.98,8.69,1.5
1,1544075084151,4.98,8.41,1.52
1,1544075084225,5.11,8.18,1.54
1,1544075084226,5.56,7.94,1.6
1,1544075084226,5.8,7.96,1.54
1,1544075084227,5.93,7.94,1.46
1,1544075084227,5.91,8.0,1.36
1,1544075084227,5.74,7.98,1.36
1,1544075084228,5.54,7.94,1.36
1,1544075084228,5.42,7.83,1.26
1,1544075084282,5.23,7.73,1.26
1,1544075084283,4.92,7.55,1.19
1,1544075084283,4.78,7.53,1.13
1,1544075084283,4.72,7.55,1.01
1,1544075084283,4.64,7.65,0.83
1,1544075084303,4.68,7.94,0.6
1,1544075084304,4.47,8.65,0.41
1,1544075084304,4.16,8.78,0.37
1,1544075084355,3.71,8.73,0.39
1,1544075084356,3.28,8.49,0.33
1,1544075084357,2.79,8.0,0.62
1,1544075084357,2.57,7.89,0.87
1,1544075084365,2.32,7.91,1.15
1,1544075084365,2.1,8.04,1.4
1,1544075084366,1.69,8.98,1.83
1,1544075084366,1.54,9.58,1.89
1,1544075084429,1.3,10.09,1.79
1,1544075084430,1.09,10.39,1.56
1,1544075084451,0.85,10.54,0.82
1,1544075084452,1.03,10.68,0.46
1,1544075084453,1.54,11.09,0.17
1,1544075084454,2.3,11.6,0.0
1,1544075084454,3.12,12.44,-0.13
1,1544075084507,4.6,14.17,-0.11
1,1544075084509,5.21,14.8,-0.21
1,1544075084510,5.66,15.15,-0.27
1,1544075084512,5.99,15.27,-0.31
1,1544075084514,6.38,14.45,-0.29
1,1544075084515,6.46,13.71,-0.13
1,1544075084516,6.38,12.96,0.09
1,1544075084517,6.11,12.22,0.44
1,1544075084583,5.37,11.13,0.87
1,1544075084585,5.13,10.82,1.11
1,1544075084586,5.01,10.74,1.21
1,1544075084587,5.05,10.89,1.32
1,1544075084587,5.8,11.67,1.46
1,1544075084588,6.56,12.14,1.46
1,1544075084589,7.53,12.53,1.48
1,1544075084590,8.57,12.67,1.52
1,1544075084657,9.49,12.67,1.58
1,1544075084658,10.78,12.07,1.62
1,1544075084659,11.25,11.54,1.64
1,1544075084660,11.54,11.05,1.56
1,1544075084660,11.66,10.48,1.62
1,1544075084661,11.62,9.1,2.18
1,1544075084661,11.56,8.35,2.5
1,1544075084735,11.42,7.59,3.14
1,1544075084737,10.99,6.77,3.73
1,1544075084739,10.6,5.41,4.74
1,1544075084741,10.58,4.57,5.15
1,1544075084742,10.29,3.92,5.5
1,1544075084743,9.74,3.33,5.66
1,1544075084744,8.73,1.71,4.62
1,1544075084745,8.41,0.44,4.0
1,1544075084810,8.37,-0.68,3.71
1,1544075084811,8.35,-2.05,3.55
1,1544075084812,8.3,-3.57,3.51
1,1544075084813,6.38,-6.56,3.32
1,1544075084814,7.59,-8.33,4.8
1,1544075084815,7.28,-9.57,4.08
1,1544075084816,6.15,-9.8,3.67
1,1544075084817,5.07,-8.65,3.2
1,1544075084880,4.88,-7.53,2.34
1,1544075084905,5.31,-4.86,0.83
1,1544075084906,5.31,-4.86,0.83
1,1544075084907,6.32,-1.56,-0.23
1,1544075084907,6.56,-0.76,0.05
1,1544075084908,6.93,0.0,0.42
1,1544075084908,7.36,0.56,0.64
1,1544075084952,8.92,1.87,1.4
1,1544075084953,9.74,2.59,1.71
1,1544075084954,10.39,2.94,1.99
1,1544075084955,10.83,2.96,2.26
1,1544075084955,11.05,2.67,2.32
1,1544075084956,10.87,1.34,2.63
1,1544075084956,10.56,0.8,3.02
1,1544075085031,10.41,0.48,3.28
1,1544075085059,10.46,0.09,3.33
1,1544075085061,11.21,-0.87,3.47
1,1544075085062,11.97,-1.11,3.84
1,1544075085063,13.0,-1.01,4.33
1,1544075085064,14.25,-0.6,4.72
1,1544075085065,16.89,0.56,5.11
1,1544075085067,17.98,0.93,5.09
1,1544075085124,18.75,1.38,5.0
1,1544075085127,19.16,1.6,4.78
1,1544075085128,18.32,1.46,3.8
1,1544075085129,17.38,0.97,3.2
1,1544075085130,16.58,0.44,2.71
1,1544075085131,15.95,-0.29,2.4
1,1544075085132,15.7,-1.13,2.48
1,1544075085133,15.31,-2.26,3.35
1,1544075085179,14.9,-2.69,3.98
1,1544075085180,14.35,-3.0,4.51
1,1544075085180,13.8,-3.1,5.03
1,1544075085181,12.79,-2.91,5.83
1,1544075085182,12.67,-2.53,6.13
1,1544075085182,12.77,-2.03,6.19
1,1544075085183,13.16,-1.4,6.23
1,1544075085183,14.0,0.11,6.11
1,1544075085254,14.27,0.6,5.95
1,1544075085255,14.33,1.05,5.76
1,1544075085255,14.31,1.69,5.54
1,1544075085256,14.12,3.0,4.98
1,1544075085256,13.96,3.59,4.64
1,1544075085256,13.78,4.23,4.29
1,1544075085257,13.53,4.76,3.84
1,1544075085330,12.98,5.72,3.06
1,1544075085405,12.75,5.99,2.77
1,1544075085430,12.51,6.19,2.57
1,1544075085431,11.87,6.17,2.38
1,1544075085432,12.18,7.12,2.94
1,1544075085432,12.38,7.83,2.2
1,1544075085433,11.87,7.77,2.07
1,1544075085433,11.32,7.87,2.24
1,1544075085433,10.89,8.18,2.42
1,1544075085480,8.84,8.22,2.08
1,1544075085493,8.28,8.75,2.18
1,1544075085494,6.11,7.42,2.07
1,1544075085495,7.05,5.99,2.05
1,1544075085495,9.35,3.1,1.97
1,1544075085553,10.62,2.18,1.85
1,1544075085554,11.77,1.54,1.54
1,1544075085555,12.92,1.23,1.13
1,1544075085557,14.08,1.19,0.58
1,1544075085558,16.23,0.74,-0.31
1,1544075085559,16.01,0.54,-0.11
1,1544075085560,15.68,0.39,0.44
1,1544075085561,14.41,0.07,1.97
1,1544075085629,13.65,0.09,2.36
1,1544075085643,13.33,0.15,2.53
1,1544075085644,15.13,1.64,3.8
1,1544075085644,15.46,2.42,4.04
1,1544075085644,15.72,2.92,4.17
1,1544075085645,15.97,3.33,4.14
1,1544075085645,17.07,4.04,3.84
1,1544075085646,17.81,4.27,3.53
1,1544075085704,18.55,4.31,3.08
1,1544075085705,19.8,3.61,1.97
1,1544075085706,21.34,2.2,0.44
1,1544075085707,21.93,1.32,-0.15
1,1544075085707,22.14,0.66,-0.52
1,1544075085708,21.91,0.41,-0.89
1,1544075085708,20.48,-0.19,-1.3
1,1544075085709,19.7,-0.27,-1.36
1,1544075085781,18.98,-0.25,-1.38
1,1544075085783,18.51,-0.01,-1.25
1,1544075085784,17.71,0.44,-1.05
1,1544075085786,17.38,0.52,-0.85
1,1544075085787,16.91,0.54,-0.8
1,1544075085788,16.3,0.54,-0.74
1,1544075085789,14.82,0.52,-0.46
1,1544075085790,14.17,0.52,-0.29
1,1544075085856,13.75,0.54,-0.17
1,1544075085857,13.49,0.58,-0.13
1,1544075085857,13.49,0.62,-0.27
1,1544075085858,13.9,0.54,-1.09
1,1544075085858,13.73,0.27,-1.38
1,1544075085858,13.12,-0.35,-1.6
1,1544075085859,12.3,-1.05,-1.73
1,1544075085859,10.6,-2.24,-1.89
1,1544075085933,9.98,-2.67,-1.81
1,1544075085934,9.45,-2.92,-1.79
1,1544075085934,9.14,-3.08,-1.85
1,1544075085935,8.73,-2.85,-1.87
1,1544075085936,8.57,-2.65,-1.91
1,1544075085937,8.35,-2.36,-1.83
1,1544075085938,8.14,-2.05,-1.67
1,1544075085938,7.44,-1.13,-1.38
1,1544075086010,7.05,-0.48,-1.19
1,1544075086011,6.64,0.15,-0.93
1,1544075086013,6.3,0.6,-0.7
1,1544075086015,6.15,1.01,-0.48
1,1544075086015,6.28,1.93,-0.23
1,1544075086016,6.36,2.07,-0.11
1,1544075086017,6.4,1.91,0.01
1,1544075086076,6.44,1.52,0.17
1,1544075086077,6.75,0.6,0.35
1,1544075086077,6.99,0.46,0.52
1,1544075086078,7.22,0.31,0.83
1,1544075086078,7.36,0.33,1.19
1,1544075086078,7.92,0.76,2.28
1,1544075086094,8.53,1.38,2.55
1,1544075086095,9.16,2.08,3.18
1,1544075086151,9.76,2.71,4.08
1,1544075086162,10.23,3.12,5.72
1,1544075086162,10.13,2.85,6.13
1,1544075086162,9.96,2.28,6.34
1,1544075086228,9.9,1.4,6.36
1,1544075086229,10.03,0.52,6.17
1,1544075086230,10.68,-1.46,5.76
1,1544075086231,11.17,-2.2,5.68
1,1544075086232,11.67,-2.71,5.83
1,1544075086232,12.16,-3.08,5.91
1,1544075086233,13.3,-3.28,6.09
1,1544075086233,13.82,-3.26,6.17
1,1544075086301,14.33,-3.14,6.3
1,1544075086313,14.8,-2.94,6.5
1,1544075086314,15.85,-1.67,7.22
1,1544075086315,16.13,-1.03,7.36
1,1544075086315,16.34,-0.29,7.48
1,1544075086316,16.38,0.72,7.77
1,1544075086316,16.17,1.13,7.87
1,1544075086316,15.83,1.42,7.94
1,1544075086377,15.39,1.56,8.0
1,1544075086379,14.94,1.5,7.98
1,1544075086379,14.29,1.34,7.87
1,1544075086397,13.9,1.42,7.81
1,1544075086397,13.51,1.62,7.92
1,1544075086397,12.98,1.99,8.08
1,1544075086398,11.52,2.85,8.02
1,1544075086453,10.99,3.16,7.75
1,1544075086453,10.74,3.41,7.44
1,1544075086454,10.8,3.51,7.14
1,1544075086464,11.4,3.41,6.64
1,1544075086464,11.69,3.22,6.3
1,1544075086465,11.81,3.06,6.07
1,1544075086465,11.93,3.02,5.76
1,1544075086465,11.83,3.41,5.13
1,1544075086527,11.6,3.86,4.68
1,1544075086531,11.36,4.51,4.31
1,1544075086531,10.78,5.03,3.63
1,1544075086532,9.74,5.25,2.79
1,1544075086532,8.3,5.42,2.3
1,1544075086601,7.87,5.29,2.26
1,1544075086602,7.81,4.84,2.24
1,1544075086603,8.08,4.1,2.28
1,1544075086604,9.1,2.08,2.53
1,1544075086604,9.74,1.05,2.67
1,1544075086605,10.35,0.46,2.67
1,1544075086605,10.93,0.0,2.48
1,1544075086605,12.08,-0.48,2.3
1,1544075086677,12.51,-0.6,2.16
1,1544075086677,10.83,0.52,1.91
1,1544075086682,10.37,0.8,1.87
1,1544075086682,10.17,1.44,1.79
1,1544075086682,10.35,2.2,1.77
1,1544075086683,11.23,3.71,1.46
1,1544075086683,11.69,4.45,1.42
1,1544075086752,12.12,4.98,1.48
1,1544075086753,12.26,5.33,1.52
1,1544075086766,12.36,5.33,1.5
1,1544075086767,13.16,4.64,1.25
1,1544075086767,13.71,4.14,1.15
1,1544075086767,14.29,3.49,1.01
1,1544075086767,15.27,2.26,0.87
1,1544075086767,15.58,1.66,0.8
1,1544075086826,15.87,1.19,0.64
1,1544075086827,16.19,0.89,0.6
1,1544075086827,16.6,0.56,0.6
1,1544075086828,16.81,0.5,0.6
1,1544075086828,17.01,0.39,0.66
1,1544075086833,17.18,0.23,0.68
1,1544075086833,17.34,0.03,0.68
1,1544075086833,17.32,-0.62,0.37
1,1544075086903,17.1,-1.05,0.25
1,1544075086904,16.75,-1.44,0.11
1,1544075086904,16.23,-1.69,0.07
1,1544075086905,14.92,-1.93,0.11
1,1544075086905,14.35,-1.95,0.21
1,1544075086905,13.78,-1.87,0.31
1,1544075086906,13.33,-1.73,0.44
1,1544075086906,12.36,-1.46,0.72
1,1544075086977,11.83,-1.34,0.89
1,1544075086979,11.32,-1.25,0.97
1,1544075086980,10.91,-1.05,0.97
1,1544075086980,10.19,-0.6,0.95
1,1544075086980,10.05,-0.31,0.91
1,1544075086981,10.05,-0.05,0.85
1,1544075086981,10.07,0.19,0.83
1,1544075086981,10.03,0.39,0.89
1,1544075087053,9.86,0.5,0.83
1,1544075087053,9.64,0.5,0.76
1,1544075087070,9.27,0.41,0.64
1,1544075087070,8.78,0.15,0.6
1,1544075087070,7.65,-0.6,0.62
1,1544075087070,7.14,-1.01,0.64
1,1544075087071,6.54,-1.34,0.68
1,1544075087071,6.15,-1.52,0.83
1,1544075087126,5.58,-1.3,1.21
1,1544075087127,5.46,-0.82,1.26
1,1544075087128,5.52,-0.17,1.36
1,1544075087128,5.74,0.35,1.52
1,1544075087129,6.42,0.83,1.93
1,1544075087129,6.73,1.11,2.1
1,1544075087130,6.79,1.23,2.28
1,1544075087202,6.67,1.21,2.34
1,1544075087223,6.58,1.11,2.69
1,1544075087223,6.34,1.15,3.76
1,1544075087223,6.38,1.17,4.21
1,1544075087223,6.5,1.09,4.58
1,1544075087224,6.54,0.93,4.84
1,1544075087224,6.79,0.5,5.15
1,1544075087224,7.07,0.25,5.23
1,1544075087276,7.44,-0.19,5.21
1,1544075087277,7.96,-0.66,5.31
1,1544075087277,9.08,-1.46,5.5
1,1544075087277,9.58,-1.67,5.58
1,1544075087287,10.11,-1.89,5.7
1,1544075087288,10.72,-2.07,5.74
1,1544075087288,11.93,-2.26,5.89
1,1544075087351,12.55,-2.28,5.93
1,1544075087352,13.0,-2.26,5.95
1,1544075087352,13.35,-2.16,5.89
1,1544075087352,13.61,-2.05,5.7
1,1544075087371,13.94,-2.01,4.94
1,1544075087371,14.29,-2.05,4.41
1,1544075087371,14.8,-2.01,3.86
1,1544075087371,15.33,-1.89,3.35
1,1544075087427,16.17,-1.3,2.71
1,1544075087437,16.4,-0.82,2.48
1,1544075087438,16.42,-0.27,2.34
1,1544075087438,16.28,0.27,2.34
1,1544075087438,15.76,0.83,2.32
1,1544075087438,15.5,1.11,2.34
1,1544075087438,15.31,1.36,2.36
1,1544075087503,15.05,1.58,2.32
1,1544075087503,14.49,2.05,2.32
1,1544075087504,14.21,2.32,2.2
1,1544075087504,13.94,2.51,2.1
1,1544075087504,13.63,2.55,2.12
1,1544075087504,13.35,2.57,2.22
1,1544075087505,12.71,2.53,2.3
1,1544075087505,12.24,2.44,2.3
1,1544075087577,11.79,2.38,2.3
1,1544075087589,11.36,2.34,2.28
1,1544075087589,10.99,2.32,2.08
1,1544075087590,11.03,2.4,1.99
1,1544075087590,11.03,2.55,1.87
1,1544075087590,11.11,2.77,1.71
1,1544075087591,11.62,3.41,1.5
1,1544075087591,11.79,3.78,1.34
1,1544075087652,11.71,4.1,1.3
1,1544075087653,11.48,4.35,1.48
1,1544075087653,10.82,4.74,2.16
1,1544075087676,10.44,4.72,2.32
1,1544075087677,10.09,4.53,2.32
1,1544075087678,9.88,4.23,2.4
1,1544075087679,9.82,3.76,2.51
1,1544075087729,9.82,3.61,2.53
1,1544075087730,9.76,3.51,2.57
1,1544075087731,9.8,3.49,2.59
1,1544075087809,10.03,3.59,2.63
1,1544075087811,11.48,3.86,2.44
1,1544075087812,12.24,3.9,2.38
1,1544075087813,12.73,3.86,2.4
1,1544075087814,12.81,3.75,2.5
1,1544075087815,11.97,3.59,2.91
1,1544075087816,11.23,3.37,3.02
1,1544075087817,10.54,3.0,3.04
1,1544075087880,10.11,2.69,3.04
1,1544075087881,10.01,2.42,2.94
1,1544075087881,11.62,3.02,2.94
1,1544075087882,12.73,3.16,2.79
1,1544075087882,13.14,3.04,2.59
1,1544075087882,13.55,2.85,2.46
1,1544075087883,14.02,2.63,2.32
1,1544075087883,14.49,2.42,2.28
1,1544075087955,15.41,1.89,1.85
1,1544075087955,15.89,1.17,1.54
1,1544075087955,15.93,0.74,1.4
1,1544075087956,15.62,0.17,1.38
1,1544075087956,15.29,-0.13,1.42
1,1544075087956,14.98,-0.35,1.38
1,1544075087976,14.68,-0.41,1.36
1,1544075087976,13.96,-0.37,1.25
1,1544075088028,13.55,-0.42,1.09
1,1544075088029,13.18,-0.62,0.99
1,1544075088029,13.0,-0.66,0.78
1,1544075088029,12.94,-0.48,0.52
1,1544075088029,12.81,-0.31,0.29
1,1544075088030,12.65,-0.21,0.23
1,1544075088043,12.3,-0.17,0.05
1,1544075088043,11.75,-0.13,-0.09
1,1544075088117,11.32,-0.19,0.0
1,1544075088118,11.54,-0.19,0.07
1,1544075088118,11.93,-0.21,0.11
1,1544075088118,12.14,-0.31,0.17
1,1544075088118,11.95,-0.5,0.44
1,1544075088118,11.79,-0.7,0.54
1,1544075088119,11.6,-0.72,0.58
1,1544075088119,11.32,-0.7,0.6
1,1544075088182,10.97,-0.64,0.58
1,1544075088184,10.87,-0.6,0.64
1,1544075088185,10.76,-0.68,0.6
1,1544075088186,10.58,-0.78,0.48
1,1544075088186,10.09,-1.11,0.19
1,1544075088188,9.64,-1.34,0.0
1,1544075088188,9.27,-1.42,-0.05
1,1544075088189,9.12,-1.15,-0.01
1,1544075088257,9.06,-0.42,0.07
1,1544075088260,9.1,0.99,0.31
1,1544075088261,9.06,1.75,0.42
1,1544075088263,9.04,2.22,0.52
1,1544075088264,8.98,2.2,0.68
1,1544075088265,9.06,1.26,1.25
1,1544075088266,9.31,0.68,1.42
1,1544075088332,9.6,0.35,1.52
1,1544075088334,9.8,-0.11,1.67
1,1544075088336,9.45,-0.85,2.32
1,1544075088339,8.96,-0.97,2.67
1,1544075088341,8.37,-0.83,3.16
1,1544075088341,8.04,-0.62,4.1
1,1544075088343,7.55,0.68,6.36
1,1544075088344,7.79,1.54,7.4
1,1544075088411,8.32,2.4,7.91
1,1544075088411,8.75,2.69,8.14
1,1544075088412,7.87,1.26,7.42
1,1544075088412,7.5,0.0,7.05
1,1544075088412,7.48,-1.83,6.54
1,1544075088412,7.61,-3.59,6.4
1,1544075088413,7.77,-4.88,6.69
1,1544075088479,8.02,-5.97,7.57
1,1544075088480,8.18,-5.85,7.81
1,1544075088480,8.47,-5.31,7.83
1,1544075088481,8.75,-4.53,7.65
1,1544075088482,8.98,-3.14,6.89
1,1544075088482,9.1,-2.55,6.44
1,1544075088483,9.27,-2.07,5.95
1,1544075088557,9.58,-1.73,5.52
1,1544075088559,10.42,-0.97,4.6
1,1544075088561,10.8,-0.52,4.0
1,1544075088562,10.99,-0.09,3.47
1,1544075088564,11.05,0.27,3.08
1,1544075088565,11.07,0.54,2.69
1,1544075088567,11.21,0.93,2.34
1,1544075088568,11.34,1.23,2.32
1,1544075088631,11.58,1.62,2.34
1,1544075088633,11.93,2.16,2.36
1,1544075088635,12.57,3.24,2.51
1,1544075088636,12.73,3.73,2.63
1,1544075088637,12.65,4.1,2.77
1,1544075088638,12.34,4.33,2.87
1,1544075088639,11.64,4.82,2.92
1,1544075088641,12.01,5.39,3.2
1,1544075088717,12.98,6.21,3.45
1,1544075088719,13.14,6.32,3.86
1,1544075088720,13.2,6.3,4.35
1,1544075088721,13.49,5.78,4.94
1,1544075088723,13.57,5.39,5.09
1,1544075088724,13.59,5.03,5.19
1,1544075088724,13.3,4.7,5.21
1,1544075088726,12.26,4.17,5.17
1,1544075088782,11.34,4.04,5.05
1,1544075088783,10.27,3.76,4.84
1,1544075088783,9.82,3.69,5.35
1,1544075088784,8.69,3.94,5.72
1,1544075088798,8.02,4.1,5.52
1,1544075088799,7.81,4.27,5.54
1,1544075088800,7.98,4.0,5.76
1,1544075088800,9.39,2.12,5.74
1,1544075088855,10.5,1.28,5.29
1,1544075088856,11.67,0.72,4.86
1,1544075088857,12.53,0.46,4.31
1,1544075088857,13.24,0.01,3.49
1,1544075088858,12.65,0.15,3.16
1,1544075088858,11.71,0.46,2.92
1,1544075088883,10.64,0.83,2.91
1,1544075088937,9.74,1.6,2.92
1,1544075088950,9.08,3.16,3.04
1,1544075088951,9.33,3.84,2.98
1,1544075088951,9.94,4.39,2.96
1,1544075088952,10.58,4.64,3.0
1,1544075088952,11.67,4.25,3.28
1,1544075088952,12.08,3.73,3.28
1,1544075088953,12.55,3.18,3.41
1,1544075089017,12.96,2.59,3.39
1,1544075089018,13.39,1.38,3.28
1,1544075089019,13.45,1.03,3.22
1,1544075089020,13.35,0.78,3.2
1,1544075089020,13.16,0.6,3.08
1,1544075089021,12.69,0.54,2.87
1,1544075089021,12.51,0.5,2.75
1,1544075089079,12.36,0.37,2.65
1,1544075089079,12.32,0.09,2.53
1,1544075089103,12.34,-0.25,2.4
1,1544075089104,12.57,-1.28,2.32
1,1544075089105,12.69,-1.64,2.32
1,1544075089106,12.69,-1.87,2.32
1,1544075089106,12.69,-1.93,2.3
1,1544075089159,12.53,-1.46,2.2
1,1544075089160,12.34,-1.11,2.12
1,1544075089160,12.14,-0.76,2.03
1,1544075089161,12.01,-0.37,1.89
1,1544075089162,11.91,0.09,1.58
1,1544075089187,11.91,0.25,1.36
1,1544075089188,11.83,0.35,1.26
1,1544075089188,11.69,0.39,1.19
1,1544075089247,11.42,0.46,1.32
1,1544075089248,11.23,0.46,1.46
1,1544075089249,11.09,0.44,1.5
1,1544075089250,11.05,0.44,1.46
1,1544075089250,11.15,0.46,1.36
1,1544075089251,11.32,0.48,1.32
1,1544075089252,11.26,0.42,1.23
1,1544075089254,11.11,0.39,1.11
1,1544075089321,10.82,0.31,0.95
1,1544075089322,10.17,0.11,0.72
1,1544075089323,9.8,0.03,0.68
1,1544075089324,9.47,0.0,0.8
1,1544075089324,9.1,0.05,0.85
1,1544075089325,8.26,0.37,1.11
1,1544075089325,7.85,0.54,1.23
1,1544075089326,7.48,0.68,1.32
1,1544075089381,7.22,1.03,1.42
1,1544075089382,7.03,1.34,1.5
1,1544075089383,6.69,1.62,1.46
1,1544075089383,6.66,1.6,1.38
1,1544075089384,6.79,1.48,1.38
1,1544075089384,6.99,1.38,1.4
1,1544075089384,7.4,1.36,1.66
1,1544075089457,7.67,1.52,2.16
1,1544075089458,8.0,1.85,2.57
1,1544075089459,8.18,2.38,3.41
1,1544075089459,8.39,3.37,5.41
1,1544075089460,8.33,3.86,6.3
1,1544075089461,8.04,4.12,7.01
1,1544075089461,7.51,3.98,7.34
1,1544075089462,6.15,2.5,6.67
1,1544075089533,5.7,1.23,5.93
1,1544075089535,5.52,0.01,5.27
1,1544075089535,5.74,-1.46,4.74
1,1544075089536,6.36,-2.81,4.29
1,1544075089537,8.16,-4.39,4.35
1,1544075089537,9.04,-4.55,4.45
1,1544075089538,9.78,-4.58,4.53
1,1544075089539,10.31,-4.41,4.43
1,1544075089621,10.93,-3.82,4.21
1,1544075089621,11.21,-3.57,3.96
1,1544075089622,11.46,-3.22,3.67
1,1544075089622,11.71,-2.83,3.33
1,1544075089623,12.5,-1.99,2.51
1,1544075089623,13.08,-1.42,2.3
1,1544075089623,13.82,-0.56,2.22
1,1544075089680,14.45,0.31,2.05
1,1544075089681,14.96,1.46,1.69
1,1544075089708,15.03,2.26,1.69
1,1544075089709,15.13,3.04,1.71
1,1544075089709,15.19,3.75,1.77
1,1544075089710,14.92,4.84,1.93
1,1544075089711,14.53,5.11,2.1
1,1544075089711,14.06,5.23,2.22
1,1544075089759,13.47,5.17,2.28
1,1544075089760,12.89,4.96,2.3
1,1544075089760,11.93,4.41,2.3
1,1544075089761,11.54,4.08,2.34
1,1544075089761,11.23,3.76,2.32
1,1544075089761,10.97,3.43,2.34
1,1544075089762,10.8,3.1,2.32
1,1544075089829,10.82,2.98,2.24
1,1544075089830,10.87,2.94,2.24
1,1544075089831,10.87,2.91,2.2
1,1544075089846,10.8,2.81,2.18
1,1544075089847,10.78,2.71,2.16
1,1544075089848,10.68,2.59,2.1
1,1544075089849,10.68,2.4,2.03
1,1544075089850,10.83,1.93,1.85
1,1544075089915,11.01,1.73,1.77
1,1544075089916,11.19,1.58,1.79
1,1544075089916,11.36,1.5,1.85
1,1544075089917,11.5,1.48,2.01
1,1544075089917,11.56,1.5,2.3
1,1544075089917,11.54,1.4,2.38
1,1544075089918,11.64,1.32,2.59
1,1544075089918,11.91,1.32,2.94
1,1544075089980,13.0,1.25,3.63
1,1544075089980,13.28,1.13,3.86
1,1544075089981,13.32,0.95,4.14
1,1544075089989,13.04,0.76,4.25
1,1544075089989,11.66,0.78,4.47
1,1544075089989,10.72,0.99,4.53
1,1544075089990,9.72,1.21,4.53
1,1544075090053,8.8,1.38,4.53
1,1544075090054,7.61,2.08,4.62
1,1544075090055,7.48,2.44,4.53
1,1544075090056,7.71,2.77,4.49
1,1544075090057,8.22,3.02,4.35
1,1544075090057,8.84,3.14,4.17
1,1544075090057,9.94,3.04,3.53
1,1544075090058,10.39,2.92,3.1
1,1544075090128,10.82,2.83,2.65
1,1544075090129,11.32,2.85,2.28
1,1544075090130,12.24,2.89,1.38
1,1544075090130,12.5,2.87,0.87
1,1544075090131,12.55,2.75,0.48
1,1544075090132,12.4,2.51,0.27
1,1544075090132,12.22,1.66,0.56
1,1544075090206,12.32,1.13,1.01
1,1544075090208,12.48,0.62,1.4
1,1544075090210,12.55,0.23,1.69
1,1544075090212,12.55,-1.42,2.2
1,1544075090214,12.5,-2.14,2.32
1,1544075090216,12.34,-2.85,2.42
1,1544075090217,12.16,-3.41,2.73
1,1544075090219,11.91,-3.73,2.92
1,1544075090280,11.52,-3.33,3.0
1,1544075090297,11.46,-2.69,2.77
1,1544075090298,11.4,-1.93,2.46
1,1544075090298,11.38,-1.17,2.28
1,1544075090299,11.26,0.03,1.69
1,1544075090299,11.07,0.27,1.44
1,1544075090300,10.95,0.37,1.19
1,1544075090300,10.83,0.31,0.87
1,1544075090357,10.7,0.07,0.5
1,1544075090357,10.74,0.05,0.39
1,1544075090358,10.82,0.07,0.27
1,1544075090358,10.66,0.15,-0.03
1,1544075090358,10.78,0.5,-0.13
1,1544075090358,11.11,0.58,-0.33
1,1544075090359,11.38,0.76,-0.44
1,1544075090430,11.6,0.95,-0.52
1,1544075090448,11.77,1.17,-0.58
1,1544075090449,11.48,1.38,-0.66
1,1544075090449,11.26,1.5,-0.64
1,1544075090450,11.03,1.52,-0.62
1,1544075090451,10.82,1.56,-0.5
1,1544075090451,10.52,1.64,-0.29
1,1544075090526,10.46,1.73,-0.07
1,1544075090526,10.35,1.69,0.23
1,1544075090526,10.27,1.46,0.5
1,1544075090527,10.44,0.78,0.8
1,1544075090527,10.56,0.52,0.83
1,1544075090527,10.7,0.31,1.01
1,1544075090527,10.82,-0.07,1.28
1,1544075090528,10.85,-0.29,1.6
1,1544075090577,10.42,-0.33,2.36
1,1544075090654,9.92,-0.11,2.63
1,1544075090731,9.35,0.19,3.06
1,1544075090732,8.78,0.5,3.57
1,1544075090733,7.59,0.82,4.45
1,1544075090733,7.08,0.91,4.86
1,1544075090734,6.5,0.76,5.09
1,1544075090734,5.99,0.56,5.25
1,1544075090734,5.7,-0.56,5.29
1,1544075090735,5.99,-1.07,5.23
1,1544075090805,8.67,-2.03,4.06
1,1544075090806,12.63,-0.05,2.3
1,1544075090807,13.18,0.35,2.22
1,1544075090807,14.33,0.85,1.83
1,1544075090808,15.03,1.32,1.73
1,1544075090809,15.7,1.81,1.69
1,1544075090810,16.28,2.26,1.77
1,1544075090811,17.14,3.08,1.89
1,1544075090882,17.38,3.39,1.95
1,1544075090883,17.36,3.55,1.95
1,1544075090884,17.03,3.57,1.97
1,1544075090884,16.56,3.49,2.07
1,1544075090885,15.33,3.14,2.12
1,1544075090886,14.78,3.06,2.07
1,1544075090886,14.31,2.98,1.99
1,1544075090887,13.9,2.94,1.85
1,1544075090952,13.0,2.87,1.62
1,1544075090953,12.57,2.81,1.5
1,1544075090953,12.18,2.77,1.44
1,1544075090954,11.89,2.69,1.4
1,1544075090954,11.62,2.79,1.6
1,1544075090954,11.3,2.75,1.52
1,1544075090955,10.99,2.63,1.48
1,1544075090955,10.74,2.42,1.44
1,1544075091031,10.41,2.08,1.48
1,1544075091034,10.27,1.91,1.6
1,1544075091035,10.09,1.73,1.66
1,1544075091036,10.07,1.69,1.85
1,1544075091036,10.15,1.66,2.03
1,1544075091037,10.54,1.71,2.3
1,1544075091038,10.78,1.71,2.32
1,1544075091039,11.05,1.77,2.32
1,1544075091103,11.5,1.95,2.36
1,1544075091116,12.55,2.63,2.3
1,1544075091117,13.32,3.1,2.32
1,1544075091118,13.84,3.53,2.3
1,1544075091118,14.0,3.92,2.34
1,1544075091118,12.65,4.31,2.5
1,1544075091119,11.52,4.49,2.71
1,1544075091178,10.52,4.68,2.89
1,1544075091198,9.66,4.9,3.04
1,1544075091198,8.71,5.25,3.24
1,1544075091198,8.57,5.27,3.24
1,1544075091199,8.65,5.21,3.24
1,1544075091199,8.9,5.03,3.18
1,1544075091199,9.37,4.76,3.18
1,1544075091199,10.7,4.12,2.89
1,1544075091255,11.46,3.88,2.79
1,1544075091255,12.26,3.65,2.53
1,1544075091256,13.1,3.45,2.34
1,1544075091256,14.58,2.79,1.83
1,1544075091257,15.17,2.22,1.36
1,1544075091257,15.76,1.56,0.85
1,1544075091269,16.05,0.82,0.33
1,1544075091269,16.28,-0.66,-0.31
1,1544075091337,16.23,-1.6,-0.5
1,1544075091338,16.19,-2.4,-0.5
1,1544075091338,16.15,-3.3,-0.44
1,1544075091338,15.99,-4.02,-0.21
1,1544075091339,15.25,-5.25,0.91
1,1544075091339,14.78,-5.64,1.75
1,1544075091339,14.43,-5.7,2.38
1,1544075091484,14.23,-5.42,2.98
1,1544075091486,14.23,-3.98,3.84
1,1544075091488,14.27,-3.08,3.78
1,1544075091557,14.25,-2.1,3.59
1,1544075091558,14.17,-1.28,3.35
1,1544075091558,13.82,0.23,2.69
1,1544075091560,13.63,0.56,2.34
1,1544075091560,13.45,0.72,2.18
1,1544075091561,13.18,0.83,1.73
1,1544075091562,12.42,0.68,0.97
1,1544075091581,10.72,0.31,-0.46
1,1544075091629,10.54,0.46,-0.6
1,1544075091646,10.37,0.54,-0.78
1,1544075091646,9.58,1.05,-1.32
1,1544075091646,9.47,0.83,-1.28
1,1544075091647,9.41,0.62,-1.23
1,1544075091647,9.49,0.54,-1.09
1,1544075091647,9.86,0.46,-0.62
1,1544075091647,9.96,0.52,-0.33
1,1544075091708,9.78,0.58,0.11
1,1544075091708,9.47,0.83,0.66
1,1544075091709,8.41,1.48,1.99
1,1544075091709,7.85,1.73,2.38
1,1544075091710,7.3,1.83,2.81
1,1544075091710,6.93,1.75,3.33
1,1544075091710,6.5,1.26,4.14
1,1544075091711,6.56,1.03,4.47
1,1544075091780,6.64,0.83,4.62
1,1544075091781,6.66,0.66,4.64
1,1544075091781,6.42,0.25,4.35
1,1544075091782,6.3,-0.07,4.17
1,1544075091803,6.13,-0.52,4.16
1,1544075091804,6.01,-0.95,4.23
1,1544075091804,5.89,-1.3,4.35
1,1544075091804,5.87,-2.01,4.58
1,1544075091866,6.03,-2.26,4.64
1,1544075091867,6.3,-2.42,4.64
1,1544075091867,6.71,-2.51,4.64
1,1544075091867,7.77,-2.38,4.76
1,1544075091867,8.24,-2.18,4.88
1,1544075091868,8.69,-1.89,5.09
1,1544075091868,9.04,-1.64,5.41
1,1544075091868,9.84,-0.89,6.09
1,1544075091929,10.41,-0.5,6.42
1,1544075091930,11.05,-0.15,6.66
1,1544075091930,11.77,0.07,6.91
1,1544075091931,12.53,0.19,7.14
1,1544075091931,14.02,0.15,7.59
1,1544075091932,14.57,0.05,7.67
1,1544075091932,15.01,-0.15,7.65
1,1544075091932,15.33,-0.33,7.57
1,1544075092005,15.52,-0.76,7.3
1,1544075092006,15.42,-0.82,7.12
1,1544075092020,15.42,-0.74,7.01
1,1544075092021,15.46,-0.5,6.83
1,1544075092021,15.46,0.13,6.79
1,1544075092021,15.41,0.35,6.89
1,1544075092021,15.31,0.52,6.95
1,1544075092022,15.13,0.62,7.01
1,1544075092078,14.92,0.99,6.81
1,1544075092097,14.76,1.17,6.62
1,1544075092098,14.45,1.3,6.3
1,1544075092098,14.12,1.34,5.97
1,1544075092099,13.53,1.38,5.56
1,1544075092099,12.1,1.71,4.78
1,1544075092100,11.44,1.99,4.23
1,1544075092157,10.78,2.3,3.59
1,1544075092161,10.27,2.53,3.02
1,1544075092161,9.78,2.92,2.55
1,1544075092162,9.72,2.96,2.42
1,1544075092163,10.19,3.02,2.5
1,1544075092163,11.09,2.91,2.53
1,1544075092165,12.73,1.99,3.0
1,1544075092166,12.79,1.25,3.43
1,1544075092230,12.18,0.66,3.98
1,1544075092231,11.03,0.54,4.49
1,1544075092240,8.35,1.07,5.05
1,1544075092241,7.5,1.77,5.13
1,1544075092241,7.01,2.48,5.11
1,1544075092242,6.95,3.06,5.0
1,1544075092242,7.14,3.57,4.86
1,1544075092303,7.81,4.02,4.23
1,1544075092323,8.1,3.98,3.94
1,1544075092324,8.3,3.84,3.59
1,1544075092324,8.49,3.69,3.35
1,1544075092324,8.94,3.51,2.61
1,1544075092325,9.27,3.47,2.36
1,1544075092325,9.43,3.35,2.3
1,1544075092325,9.55,3.2,2.24
1,1544075092380,9.66,2.67,2.18
1,1544075092399,9.74,2.38,2.14
1,1544075092399,9.9,1.99,2.14
1,1544075092399,10.07,1.52,2.12
1,1544075092400,10.46,0.62,2.22
1,1544075092400,10.7,0.35,2.26
1,1544075092400,10.93,-0.21,2.3
1,1544075092400,11.13,-0.74,2.32
1,1544075092454,11.3,-1.23,2.34
1,1544075092454,11.62,-1.89,2.48
1,1544075092455,11.69,-2.03,2.57
1,1544075092475,11.75,-2.12,2.61
1,1544075092476,11.79,-2.14,2.61
1,1544075092476,11.93,-1.79,2.63
1,1544075092476,11.91,-1.48,2.67
1,1544075092529,11.89,-1.07,2.77
1,1544075092531,11.73,-0.07,2.85
1,1544075092531,11.67,0.37,2.81
1,1544075092532,11.62,0.83,2.69
1,1544075092533,11.54,1.05,2.55
1,1544075092533,11.5,1.23,2.48
1,1544075092533,11.54,1.28,2.38
1,1544075092534,11.83,1.34,2.32
1,1544075092604,12.07,1.38,2.28
1,1544075092607,12.32,1.42,2.16
1,1544075092608,12.59,1.44,2.01
1,1544075092610,12.89,1.25,1.73
1,1544075092611,12.77,1.01,1.69
1,1544075092613,12.51,0.76,1.73
1,1544075092615,12.08,0.58,1.93
1,1544075092616,10.95,0.31,2.32
1,1544075092679,10.31,-0.11,2.4
1,1544075092680,9.62,-0.66,2.53
1,1544075092681,8.96,-1.34,2.61
1,1544075092755,7.96,-2.79,2.5
1,1544075092756,7.77,-3.39,2.57
1,1544075092757,7.71,-3.78,2.73
1,1544075092757,7.69,-3.9,2.91
1,1544075092758,7.73,-3.8,3.04
1,1544075092759,8.35,-2.87,3.1
1,1544075092760,8.96,-2.05,3.12
1,1544075092762,9.49,-0.95,3.24
1,1544075092832,10.03,0.17,3.35
1,1544075092833,10.72,1.77,3.82
1,1544075092835,10.39,2.59,4.58
1,1544075092837,10.0,2.42,4.82
1,1544075092839,9.06,1.5,5.07
1,1544075092840,8.61,0.8,4.98
1,1544075092841,8.28,0.23,4.76
1,1544075092905,8.14,-0.54,4.62
1,1544075092907,8.2,-1.34,4.58
1,1544075092908,8.86,-2.59,4.37
1,1544075092929,9.21,-2.71,4.35
1,1544075092931,9.57,-2.73,4.29
1,1544075092932,10.35,-2.55,4.16
1,1544075092933,10.76,-2.44,4.02
1,1544075092934,11.13,-2.36,3.88
1,1544075092981,11.42,-2.18,3.67
1,1544075092983,12.03,-1.34,3.04
1,1544075092984,12.18,-1.01,2.85
1,1544075092985,12.34,-0.6,2.71
1,1544075092986,12.67,0.19,2.5
1,1544075092987,12.83,0.5,2.4
1,1544075092988,12.94,0.66,2.32
1,1544075092989,13.12,0.95,2.32
1,1544075093056,13.24,1.3,2.32
1,1544075093057,13.53,1.97,2.24
1,1544075093058,13.65,2.28,2.18
1,1544075093059,13.73,2.55,2.1
1,1544075093060,13.75,2.75,2.1
1,1544075093061,13.49,3.0,2.12
1,1544075093062,13.2,2.98,2.2
1,1544075093063,12.79,2.94,2.28
1,1544075093132,12.38,2.85,2.28
1,1544075093133,11.71,2.57,2.32
1,1544075093134,11.46,2.44,2.3
1,1544075093134,11.25,2.3,2.24
1,1544075093135,11.13,2.22,2.14
1,1544075093135,11.13,2.22,1.97
1,1544075093136,11.28,2.34,2.03
1,1544075093136,11.54,2.5,2.05
1,1544075093206,11.83,2.65,2.05
1,1544075093207,12.05,2.77,2.12
1,1544075093207,12.2,2.77,2.03
1,1544075093208,11.97,2.73,1.99
1,1544075093209,11.73,2.67,1.83
1,1544075093237,11.54,2.67,1.71
1,1544075093238,11.25,2.92,1.69
1,1544075093287,11.13,3.18,1.85
1,1544075093287,10.82,3.49,1.93
1,1544075093288,10.46,3.69,2.03
1,1544075093288,10.52,3.94,2.22
1,1544075093289,10.97,4.0,2.26
1,1544075093289,11.5,3.75,2.36
1,1544075093289,11.81,3.35,2.42
1,1544075093290,11.81,2.92,2.73
1,1544075093353,10.56,2.1,3.35
1,1544075093354,9.64,1.87,3.61
1,1544075093355,8.71,1.81,3.76
1,1544075093356,7.83,1.87,3.84
1,1544075093430,6.95,1.99,3.71
1,1544075093431,7.22,2.16,3.8
1,1544075093432,7.81,2.3,3.8
1,1544075093433,8.53,2.36,3.63
1,1544075093433,10.15,2.16,3.39
1,1544075093434,10.82,2.03,3.33
1,1544075093435,11.44,1.95,3.24
1,1544075093435,12.1,1.91,2.96
1,1544075093505,13.33,2.05,2.42
1,1544075093506,13.71,2.14,2.28
1,1544075093507,14.06,2.16,1.85
1,1544075093508,14.08,2.03,1.67
1,1544075093509,13.86,1.3,1.5
1,1544075093510,13.78,0.78,1.5
1,1544075093511,13.67,0.33,1.58
1,1544075093512,13.53,-0.33,1.79
1,1544075093582,13.26,-1.81,2.34
1,1544075093583,12.73,-2.61,2.96
1,1544075093583,12.42,-2.75,3.33
1,1544075093584,11.93,-2.53,3.8
1,1544075093584,11.75,-2.2,3.73
1,1544075093585,11.62,-1.75,3.51
1,1544075093585,11.42,-1.28,3.26
1,1544075093587,11.21,-0.76,2.96
1,1544075093655,10.8,0.09,2.4
1,1544075093655,10.66,0.44,2.3
1,1544075093656,10.52,0.56,2.14
1,1544075093656,10.46,0.6,1.87
1,1544075093656,10.21,0.64,1.54
1,1544075093657,10.09,0.6,1.42
1,1544075093657,10.05,0.56,1.3
1,1544075093658,10.01,0.56,1.13
1,1544075093730,10.09,0.6,0.76
1,1544075093731,10.13,0.66,0.56
1,1544075093731,10.15,0.78,0.39
1,1544075093732,10.17,0.87,0.19
1,1544075093733,10.33,0.93,-0.11
1,1544075093733,10.35,0.93,-0.25
1,1544075093754,10.35,0.91,-0.27
1,1544075093755,10.21,0.91,-0.17
1,1544075093809,10.01,0.93,-0.05
1,1544075093817,9.19,0.87,0.39
1,1544075093817,8.8,0.85,0.68
1,1544075093818,8.43,0.76,0.95
1,1544075093818,8.26,0.7,1.15
1,1544075093818,8.14,0.6,1.32
1,1544075093819,8.24,0.56,1.42
1,1544075093876,8.45,0.56,1.44
1,1544075093877,8.8,0.56,1.5
1,1544075093878,9.84,0.6,1.87
1,1544075093878,10.31,0.78,2.12
1,1544075093878,10.68,1.09,2.38
1,1544075093878,10.83,1.46,2.87
1,1544075093954,10.89,1.91,3.55
1,1544075093955,10.58,2.48,5.01
1,1544075093967,10.21,2.46,5.58
1,1544075093967,9.62,2.18,5.83
1,1544075093968,8.98,1.56,5.8
1,1544075093968,7.73,0.13,5.29
1,1544075093968,7.51,-0.85,4.98
1,1544075093968,7.5,-1.89,4.74
1,1544075094030,7.71,-2.75,4.6
1,1544075094031,8.2,-3.92,4.51
1,1544075094032,8.45,-4.04,4.45
1,1544075094033,8.76,-3.94,4.43
1,1544075094034,9.06,-3.57,4.25
1,1544075094035,9.55,-2.61,3.9
1,1544075094036,9.8,-2.16,3.75
1,1544075094037,9.92,-1.77,3.65
1,1544075094108,10.09,-1.38,3.45
1,1544075094109,10.29,-1.01,3.2
1,1544075094109,10.85,-0.11,2.63
1,1544075094110,11.19,0.33,2.4
1,1544075094110,11.42,0.58,2.3
1,1544075094111,11.62,0.82,2.28
1,1544075094111,12.1,1.58,2.14
1,1544075094112,12.4,1.95,2.03
1,1544075094181,12.69,2.28,1.99
1,1544075094184,13.04,2.59,1.97
1,1544075094186,13.75,3.08,2.14
1,1544075094188,14.06,3.32,2.28
1,1544075094189,14.21,3.49,2.3
1,1544075094190,14.21,3.65,2.36
1,1544075094191,14.04,3.71,2.51
1,1544075094192,13.0,3.43,2.85
1,1544075094254,12.36,3.2,2.89
1,1544075094269,11.93,2.89,2.91
1,1544075094270,11.66,2.57,2.77
1,1544075094270,11.56,2.07,2.65
1,1544075094270,11.64,1.95,2.63
1,1544075094270,11.77,1.87,2.71
1,1544075094271,11.87,1.75,2.79
1,1544075094271,12.22,1.77,2.94
1,1544075094328,12.36,1.73,2.96
1,1544075094329,12.51,1.73,2.87
1,1544075094330,12.53,1.73,2.73
1,1544075094330,12.38,1.71,2.36
1,1544075094330,12.26,1.91,2.32
1,1544075094331,12.24,2.3,2.34
1,1544075094361,12.22,2.85,2.38
1,1544075094362,11.75,3.37,2.36
1,1544075094411,10.68,4.0,2.38
1,1544075094411,10.05,4.14,2.51
1,1544075094412,9.43,3.78,2.83
1,1544075094412,9.51,3.41,3.02
1,1544075094412,10.62,2.34,3.51
1,1544075094429,11.38,1.66,3.69
1,1544075094430,12.01,1.07,3.88
1,1544075094479,12.38,0.6,4.0
1,1544075094480,12.18,0.35,4.16
1,1544075094480,11.6,0.42,4.39
1,1544075094488,10.76,0.56,4.43
1,1544075094488,9.84,0.76,4.45
1,1544075094488,9.06,1.13,4.41
1,1544075094488,8.18,1.85,4.16
1,1544075094489,8.24,2.2,3.88
1,1544075094554,8.57,2.53,3.65
1,1544075094555,9.02,2.77,3.41
1,1544075094555,10.13,3.06,3.0
1,1544075094555,10.76,3.16,2.81
1,1544075094556,11.54,3.2,2.59
1,1544075094572,12.28,3.24,2.42
1,1544075094572,13.63,2.92,2.32
1,1544075094629,14.08,2.59,2.3
1,1544075094631,14.35,2.01,2.2
1,1544075094632,14.49,1.38,2.07
1,1544075094632,14.49,0.39,2.03
1,1544075094632,14.37,-0.09,2.2
1,1544075094633,14.21,-0.66,2.3
1,1544075094633,13.96,-1.21,2.34
1,1544075094634,13.69,-1.66,2.38
1,1544075094704,13.12,-2.1,2.67
1,1544075094705,12.92,-2.18,2.75
1,1544075094706,12.75,-2.12,2.71
1,1544075094706,12.63,-1.91,2.63
1,1544075094707,12.4,-1.15,2.34
1,1544075094707,12.32,-0.66,2.28
1,1544075094707,12.14,-0.25,2.1
1,1544075094707,11.93,0.07,1.89
1,1544075094786,11.54,0.41,1.42
1,1544075094787,11.4,0.48,1.28
1,1544075094787,11.3,0.52,1.07
1,1544075094788,11.07,0.5,0.78
1,1544075094788,10.87,0.48,0.62
1,1544075094788,10.15,0.42,0.35
1,1544075094789,9.82,0.41,0.33
1,1544075094851,9.66,0.41,0.23
1,1544075094852,9.55,0.41,0.33
1,1544075094852,9.51,0.33,0.91
1,1544075094852,9.53,0.23,1.15
1,1544075094853,9.57,0.13,1.28
1,1544075094875,9.64,0.01,1.32
1,1544075094876,9.41,-0.35,1.15
1,1544075094876,9.27,-0.48,0.87
1,1544075094930,9.16,-0.6,0.83
1,1544075094930,8.96,-0.6,0.76
1,1544075094930,8.39,-0.09,1.05
1,1544075094931,8.02,0.33,1.26
1,1544075094931,7.61,0.64,1.52
1,1544075094931,7.16,1.17,1.75
1,1544075094931,6.69,1.77,2.08
1,1544075094932,5.78,2.71,2.34
1,1544075095010,5.5,3.18,2.34
1,1544075095011,5.41,3.53,2.5
1,1544075095011,5.52,3.96,2.73
1,1544075095011,6.32,4.51,3.32
1,1544075095012,7.26,4.6,3.28
1,1544075095012,8.3,4.6,3.12
1,1544075095012,9.37,4.51,3.06
1,1544075095083,10.78,3.98,3.47
1,1544075095084,11.07,3.65,4.14
1,1544075095086,11.3,3.49,4.92
1,1544075095087,11.48,3.45,5.8
1,1544075095088,11.25,3.37,6.6
1,1544075095089,9.7,2.67,7.05
1,1544075095090,8.9,1.97,6.77
1,1544075095155,8.3,1.15,6.44
1,1544075095156,8.08,0.54,6.15
1,1544075095156,8.02,-0.66,5.8
1,1544075095156,8.1,-1.03,5.56
1,1544075095157,8.24,-1.13,5.46
1,1544075095157,8.26,-0.76,5.35
1,1544075095157,7.94,0.54,4.94
1,1544075095158,7.71,1.09,4.72
1,1544075095230,7.51,1.83,4.55
1,1544075095231,7.44,2.48,4.41
1,1544075095231,7.61,3.26,3.84
1,1544075095309,7.83,3.59,3.57
1,1544075095311,8.14,4.0,3.28
1,1544075095311,8.45,4.43,2.94
1,1544075095312,8.65,4.78,2.59
1,1544075095313,8.57,5.37,2.34
1,1544075095313,8.47,5.64,2.34
1,1544075095314,8.32,5.93,2.34
1,1544075095314,8.3,6.25,2.34
1,1544075095456,7.87,6.89,2.28
1,1544075095480,6.64,5.7,2.65
1,1544075095481,6.6,5.13,2.55
1,1544075095481,6.56,4.58,2.4
1,1544075095481,6.52,4.16,2.32
1,1544075095529,6.44,3.82,2.32
1,1544075095545,6.4,4.49,2.42
1,1544075095546,6.54,5.11,2.53
1,1544075095546,6.91,5.83,2.51
1,1544075095546,7.92,8.02,3.22
1,1544075095546,8.12,7.24,3.86
1,1544075095546,8.35,6.28,4.55
1,1544075095547,8.59,6.01,4.58
1,1544075095606,8.82,5.89,4.55
1,1544075095607,9.92,6.05,4.16
1,1544075095609,10.52,6.46,3.92
1,1544075095610,11.26,6.89,3.73
1,1544075095611,12.92,7.59,3.32
1,1544075095612,13.78,7.81,3.24
1,1544075095613,14.35,7.87,3.22
1,1544075095615,14.47,7.51,3.08
1,1544075095681,13.35,6.6,3.28
1,1544075095682,11.97,5.83,3.12
1,1544075095698,10.7,5.09,2.83
1,1544075095699,9.88,4.47,2.65
1,1544075095701,9.74,4.27,2.5
1,1544075095702,7.5,2.73,1.89
1,1544075095703,7.79,1.3,2.03
1,1544075095704,8.24,0.66,2.14
1,1544075095754,8.84,0.54,2.38
1,1544075095754,9.78,0.25,2.85
1,1544075095755,9.58,-0.11,3.12
1,1544075095755,8.94,-0.17,3.55
1,1544075095755,8.18,0.17,3.98
1,1544075095756,7.32,1.07,3.71
1,1544075095765,7.12,1.79,3.16
1,1544075095828,7.03,2.48,2.55
1,1544075095849,6.97,3.0,2.24
1,1544075095849,6.97,3.33,1.87
1,1544075095849,7.22,3.32,1.5
1,1544075095850,7.53,3.16,1.5
1,1544075095850,7.87,2.98,1.58
1,1544075095850,8.32,2.85,1.66
1,1544075095850,9.02,2.83,1.87
1,1544075095910,9.23,2.83,1.91
1,1544075095912,9.43,2.75,1.85
1,1544075095913,9.57,2.61,1.83
1,1544075095915,9.78,1.99,1.73
1,1544075095916,9.8,1.48,1.62
1,1544075095918,9.74,1.01,1.64
1,1544075095920,9.68,0.6,1.67
1,1544075095921,9.58,0.48,1.67
1,1544075095981,9.47,-0.05,1.81
1,1544075095983,9.37,-0.31,1.85
1,1544075095984,9.19,-0.74,1.85
1,1544075095985,8.96,-1.44,1.89
1,1544075095987,8.35,-2.98,1.85
1,1544075095987,8.0,-3.75,1.62
1,1544075095988,7.89,-4.16,1.28
1,1544075095989,7.87,-4.27,0.82
1,1544075096055,8.16,-3.61,-0.39
1,1544075096055,8.47,-2.83,-1.01
1,1544075096056,8.8,-1.93,-1.54
1,1544075096056,9.06,-0.8,-1.91
1,1544075096056,9.47,1.4,-1.89
1,1544075096056,9.55,2.85,-1.52
1,1544075096057,9.62,4.27,-1.05
1,1544075096057,9.76,5.64,-0.66
1,1544075096131,10.44,7.57,0.23
1,1544075096132,10.89,7.81,0.74
1,1544075096133,11.48,7.63,1.25
1,1544075096134,12.08,7.14,1.62
1,1544075096134,12.77,6.62,1.95
1,1544075096135,13.47,5.7,2.38
1,1544075096135,13.06,5.42,2.36
1,1544075096210,12.01,4.94,2.32
1,1544075096213,10.56,4.33,2.32
1,1544075096215,7.48,3.02,2.32
1,1544075096217,6.34,2.22,2.32
1,1544075096219,5.66,1.01,2.36
1,1544075096221,5.54,0.0,2.4
1,1544075096222,6.89,-2.79,2.51
1,1544075096223,7.96,-3.86,2.53
1,1544075096281,9.14,-4.62,2.55
1,1544075096283,10.13,-5.15,2.55
1,1544075096285,10.97,-5.46,2.42
1,1544075096286,11.91,-5.11,2.34
1,1544075096289,12.1,-4.43,2.3
1,1544075096290,11.85,-2.79,2.24
1,1544075096291,11.85,-2.79,2.24
1,1544075096292,10.82,-0.82,2.3
1,1544075096355,10.5,-0.21,2.28
1,1544075096356,10.33,0.35,2.2
1,1544075096356,10.23,0.7,2.07
1,1544075096357,10.05,1.89,1.79
1,1544075096357,9.98,2.44,1.77
1,1544075096357,9.86,2.85,1.71
1,1544075096358,9.76,3.08,1.71
1,1544075096432,9.6,3.18,1.69
1,1544075096433,9.47,3.08,1.54
1,1544075096455,9.49,3.02,1.54
1,1544075096455,9.47,3.02,1.46
1,1544075096456,9.47,2.96,1.46
1,1544075096456,9.47,2.89,1.38
1,1544075096456,9.47,2.85,1.4
1,1544075096507,9.43,2.83,1.54
1,1544075096539,9.33,2.75,1.67
1,1544075096540,9.21,2.38,2.01
1,1544075096540,9.14,2.16,2.16
1,1544075096540,8.9,1.93,2.28
1,1544075096540,8.59,1.67,2.3
1,1544075096541,8.3,1.52,2.34
1,1544075096541,7.98,1.56,2.48
1,1544075096654,7.98,1.71,2.65
1,1544075096655,8.16,2.01,2.81
1,1544075096655,8.45,2.3,2.94
1,1544075096655,9.45,2.96,3.26
1,1544075096655,10.01,3.16,3.35
1,1544075096730,10.62,3.3,3.41
1,1544075096731,11.11,3.3,3.41
1,1544075096732,11.89,2.96,3.22
1,1544075096808,12.2,2.67,3.08
1,1544075096809,12.48,2.3,3.02
1,1544075096810,16.32,1.69,4.66
1,1544075096811,16.64,1.25,4.96
1,1544075096811,16.07,0.66,5.05
1,1544075096812,14.53,0.46,5.03
1,1544075096813,7.73,1.48,2.46
1,1544075096813,8.1,1.54,2.26
1,1544075096877,8.75,1.4,2.18
1,1544075096877,9.25,1.25,2.2
1,1544075096878,8.55,0.91,2.34
1,1544075096879,8.75,1.25,2.3
1,1544075096879,9.21,1.54,2.01
1,1544075096887,9.23,1.66,1.81
1,1544075096956,9.17,1.67,1.79
1,1544075096957,9.12,1.67,1.69
1,1544075096959,9.45,1.79,1.36
1,1544075096960,9.78,1.89,1.25
1,1544075096961,10.31,2.03,1.09
1,1544075096962,11.01,2.12,0.89
1,1544075096962,12.46,2.2,0.78
1,1544075096963,13.1,2.14,0.72
1,1544075097029,13.65,1.97,0.7
1,1544075097030,13.9,1.71,0.64
1,1544075097031,13.06,0.78,0.37
1,1544075097032,12.67,0.68,0.13
1,1544075097033,12.3,0.66,0.0
1,1544075097033,11.97,0.64,-0.17
1,1544075097035,11.07,0.52,-0.42
1,1544075097036,10.62,0.35,-0.48
1,1544075097195,10.19,0.07,-0.46
1,1544075097195,9.62,-0.62,-0.15
1,1544075097196,9.64,-0.76,-0.01
1,1544075097197,9.74,-0.82,0.07
1,1544075097197,9.88,-0.8,0.13
1,1544075097256,9.94,-0.64,0.21
1,1544075097262,9.9,-0.46,0.15
1,1544075097264,9.74,-0.29,0.09
1,1544075097265,9.64,-0.09,0.0
1,1544075097266,9.57,0.09,-0.13
1,1544075097267,9.57,1.32,-0.42
1,1544075097267,9.49,1.54,-0.37
1,1544075097268,9.25,1.85,-0.31
1,1544075097331,9.08,1.95,-0.29
1,1544075097333,9.62,1.81,0.25
1,1544075097333,9.62,1.75,0.64
1,1544075097345,9.53,1.85,1.11
1,1544075097346,9.29,1.99,1.69
1,1544075097346,8.94,2.53,2.75
1,1544075097347,8.78,2.77,3.61
1,1544075097347,8.57,3.0,4.53
1,1544075097405,8.24,3.08,5.19
1,1544075097406,7.22,2.48,5.48
1,1544075097407,6.75,1.75,5.13
1,1544075097407,6.54,0.87,4.64
1,1544075097408,6.73,0.27,4.25
1,1544075097408,7.87,-1.44,3.88
1,1544075097409,8.55,-2.07,4.16
1,1544075097409,9.21,-2.65,4.62
1,1544075097479,9.74,-3.02,5.11
1,1544075097494,10.13,-3.32,5.56
1,1544075097495,10.56,-3.43,6.07
1,1544075097496,10.64,-3.28,6.03
1,1544075097496,10.58,-2.91,5.85
1,1544075097497,10.52,-2.42,5.6
1,1544075097497,10.42,-1.3,5.13
1,1544075097498,10.5,-0.74,4.94
1,1544075097717,10.5,-0.25,4.78
1,1544075097720,10.52,0.15,4.68
1,1544075097721,10.58,0.58,4.6
1,1544075097723,10.66,0.8,4.58
1,1544075097725,10.72,1.11,4.57
1,1544075097855,10.8,1.48,4.43
1,1544075097856,10.87,1.87,4.31
1,1544075097857,10.97,2.71,4.0
1,1544075097858,10.93,3.04,3.78
1,1544075097883,10.93,3.28,3.69
1,1544075097884,8.69,0.7,3.57
1,1544075097885,8.96,0.6,3.55
1,1544075097886,9.27,0.66,3.51
1,1544075097932,9.57,0.72,3.53
1,1544075097933,10.52,2.08,2.87
1,1544075098008,10.99,1.79,2.92
1,1544075098010,11.64,1.58,2.89
1,1544075098011,13.98,1.67,2.91
1,1544075098013,15.5,1.85,2.92
1,1544075098014,17.03,1.91,3.06
1,1544075098015,18.12,1.67,3.18
1,1544075098016,18.18,0.5,2.96
1,1544075098081,17.01,0.09,2.65
1,1544075098085,15.44,-0.17,2.38
1,1544075098086,13.67,-0.17,2.22
1,1544075098087,7.4,0.35,0.95
1,1544075098088,7.34,0.37,0.95
1,1544075098089,7.42,0.46,0.97
1,1544075098090,7.65,0.52,0.99
1,1544075098091,8.57,0.85,1.15
1,1544075098154,9.06,1.26,1.13
1,1544075098155,9.96,2.12,1.03
1,1544075098156,10.31,2.71,0.95
1,1544075098156,10.33,2.83,0.99
1,1544075098157,10.29,2.89,0.78
1,1544075098157,10.46,2.92,0.82
1,1544075098158,11.07,2.89,0.29
1,1544075098158,11.48,2.79,0.01
1,1544075098230,11.93,2.67,-0.23
1,1544075098231,12.36,2.55,-0.42
1,1544075098232,12.81,2.46,-0.6
1,1544075098232,13.98,1.89,-0.93
1,1544075098233,14.1,1.52,-0.93
1,1544075098251,14.19,1.15,-0.97
1,1544075098252,14.06,0.74,-1.01
1,1544075098253,13.08,0.25,-1.28
1,1544075098306,12.32,-0.21,-1.46
1,1544075098308,11.6,-0.62,-1.52
1,1544075098378,10.91,-0.93,-1.46
1,1544075098455,9.9,-1.32,-1.19
1,1544075098456,9.6,-1.32,-0.99
1,1544075098457,9.41,-1.26,-0.78
1,1544075098457,9.31,-1.19,-0.54
1,1544075098458,9.33,-1.11,-0.37
1,1544075098459,9.64,-0.89,0.05
1,1544075098460,9.9,-0.7,0.17
1,1544075098460,10.15,-0.54,0.29
1,1544075098529,11.25,1.09,0.09
1,1544075098551,10.23,2.79,1.23
1,1544075098552,10.11,2.59,1.4
1,1544075098553,9.8,2.07,1.85
1,1544075098553,9.55,1.73,2.12
1,1544075098553,9.19,1.5,2.32
1,1544075098554,8.69,1.19,2.34
1,1544075098554,7.75,0.54,2.75
1,1544075098605,7.3,0.31,2.94
1,1544075098606,6.93,-0.17,3.08
1,1544075098606,6.52,-0.68,3.33
1,1544075098606,5.7,-1.52,3.9
1,1544075098618,5.31,-1.75,4.25
1,1544075098618,4.9,-1.97,4.72
1,1544075098618,4.45,-2.1,5.17
1,1544075098619,3.59,-2.18,6.13
1,1544075098677,3.33,-2.26,6.4
1,1544075098678,3.16,-2.34,6.5
1,1544075098678,3.1,-2.38,6.48
1,1544075098679,3.24,-2.42,6.32
1,1544075098701,3.92,-2.4,6.05
1,1544075098702,4.37,-2.2,5.95
1,1544075098702,4.86,-1.81,5.95
1,1544075098702,5.35,-1.25,5.95
1,1544075098755,6.26,-0.03,5.91
1,1544075098769,6.73,0.41,5.97
1,1544075098770,7.24,0.7,6.01
1,1544075098770,7.73,1.07,5.93
1,1544075098770,8.8,1.48,5.48
1,1544075098771,9.31,1.52,5.23
1,1544075098771,9.68,1.42,4.94
1,1544075098771,10.01,1.23,4.62
1,1544075098829,10.68,0.91,3.9
1,1544075098841,10.99,0.8,3.55
1,1544075098842,11.4,0.74,3.2
1,1544075098842,11.73,0.72,2.92
1,1544075098842,12.08,0.72,2.65
1,1544075098843,12.81,0.91,2.38
1,1544075098843,13.06,1.07,2.36
1,1544075098843,13.18,1.32,2.42
1,1544075098905,13.06,1.62,2.51
1,1544075098906,12.5,2.16,2.51
1,1544075098906,12.1,2.38,2.42
1,1544075098906,11.67,2.55,2.36
1,1544075098906,11.4,2.79,2.32
1,1544075098907,11.21,2.83,2.32
1,1544075098907,11.11,2.73,2.34
1,1544075098978,10.85,2.55,2.48
1,1544075098994,10.44,2.3,2.63
1,1544075098997,9.57,1.36,2.5
1,1544075098998,9.29,0.99,2.34
1,1544075098999,9.21,0.6,2.24
1,1544075098999,9.27,0.37,1.99
1,1544075099001,9.35,-0.07,1.73
1,1544075099001,9.58,-0.87,1.42
1,1544075099052,9.66,-1.13,1.36
1,1544075099053,9.62,-1.32,1.32
1,1544075099071,9.57,-1.46,1.28
1,1544075099071,9.25,-1.44,1.6
1,1544075099071,8.98,-1.28,1.69
1,1544075099072,8.78,-1.13,1.69
1,1544075099072,8.65,-1.05,1.66
1,1544075099130,8.67,-0.56,1.97
1,1544075099130,8.69,-0.21,2.26
1,1544075099131,8.53,0.05,2.36
1,1544075099131,8.14,0.39,2.5
1,1544075099131,7.42,0.72,2.73
1,1544075099131,7.08,1.03,2.73
1,1544075099132,6.75,1.23,2.57
1,1544075099132,6.46,1.3,2.4
1,1544075099206,6.23,1.32,2.3
1,1544075099207,5.89,1.19,1.87
1,1544075099208,5.83,1.03,1.67
1,1544075099208,5.89,0.93,1.58
1,1544075099208,6.03,0.85,1.46
1,1544075099209,6.32,0.72,1.44
1,1544075099209,6.54,0.72,1.5
1,1544075099210,6.73,0.68,1.52
1,1544075099278,6.93,0.66,1.62
1,1544075099289,7.4,0.62,1.79
1,1544075099290,7.59,0.62,1.83
1,1544075099290,7.85,0.62,1.89
1,1544075099290,8.0,0.58,1.91
1,1544075099291,8.14,0.56,1.87
1,1544075099291,8.94,0.56,2.32
1,1544075099355,9.58,0.62,2.89
1,1544075099355,10.05,0.78,3.92
1,1544075099374,10.19,0.7,5.23
1,1544075099375,9.94,-0.37,6.69
1,1544075099376,10.5,-0.78,6.97
1,1544075099376,11.17,-0.89,7.28
1,1544075099376,11.66,-1.19,7.55
1,1544075099377,11.58,-2.01,7.48
1,1544075099431,11.3,-2.08,7.07
1,1544075099431,11.19,-1.89,6.25
1,1544075099431,11.13,-1.25,5.01
1,1544075099432,11.19,0.78,2.14
1,1544075099432,11.32,2.03,1.17
1,1544075099433,11.62,3.45,0.44
1,1544075099433,12.08,4.78,-0.07
1,1544075099433,12.42,5.74,-0.35
1,1544075099504,12.79,6.6,-0.25
1,1544075099505,12.85,6.34,-0.21
1,1544075099505,13.04,5.64,-0.21
1,1544075099505,13.47,4.8,-0.25
1,1544075099506,15.11,3.45,-0.82
1,1544075099527,16.44,3.04,-1.25
1,1544075099528,17.94,2.71,-1.52
1,1544075099595,19.55,2.38,-1.69
1,1544075099596,22.96,1.44,-1.42
1,1544075099597,24.51,0.93,-0.76
1,1544075099597,25.62,0.52,0.33
1,1544075099597,26.05,0.21,1.83
1,1544075099598,25.42,-0.23,3.12
1,1544075099598,21.97,-0.64,6.67
1,1544075099599,19.94,-0.58,8.35
1,1544075099732,17.92,-0.25,9.33
1,1544075099735,15.44,0.41,9.9
1,1544075099737,8.51,2.63,10.93
1,1544075099738,4.94,3.78,11.64
1,1544075099740,2.28,4.27,11.26
1,1544075099804,0.52,4.62,11.32
1,1544075099805,-0.82,6.34,11.69
1,1544075099805,-0.64,6.69,11.48
1,1544075099805,-0.23,5.31,11.21
1,1544075099805,0.44,2.07,10.56
1,1544075099806,9.12,4.25,4.19
1,1544075099806,8.75,4.51,3.47
1,1544075099891,8.16,3.84,3.43
1,1544075099891,7.77,2.94,3.71
1,1544075099892,8.24,1.79,4.88
1,1544075099892,7.26,2.59,5.03
1,1544075099892,6.6,2.73,5.03
1,1544075099893,6.05,2.73,4.92
1,1544075099893,5.74,2.67,4.64
1,1544075099893,5.66,2.48,4.23
1,1544075099955,6.09,2.1,3.28
1,1544075099956,6.46,1.56,2.42
1,1544075099956,6.6,1.26,2.28
1,1544075099978,6.73,0.8,1.71
1,1544075099979,6.73,0.62,1.4
1,1544075099979,6.73,0.54,1.09
1,1544075099979,6.67,0.52,0.48
1,1544075099980,6.87,0.31,-0.33
1,1544075100029,6.97,0.21,-0.48
1,1544075100047,7.03,0.09,-0.6
1,1544075100048,7.18,0.13,-0.76
1,1544075100048,7.69,0.39,-1.28
1,1544075100048,8.24,0.58,-1.21
1,1544075100049,8.75,0.82,-0.62
1,1544075100049,8.92,0.95,-0.05
1,1544075100049,8.92,0.87,0.11
1,1544075100103,9.39,0.52,-0.03
1,1544075100111,9.78,0.25,-0.19
1,1544075100112,10.17,-0.05,-0.21
1,1544075100112,10.41,-0.39,-0.19
1,1544075100112,10.27,-1.26,0.07
1,1544075100113,9.92,-1.64,0.09
1,1544075100113,9.51,-1.99,0.15
1,1544075100113,9.25,-2.3,0.23
1,1544075100265,9.27,-2.75,0.56
1,1544075100267,9.51,-2.75,0.91
1,1544075100267,9.64,-2.55,1.21
1,1544075100268,9.92,-2.2,1.89
1,1544075100269,9.94,-1.4,2.46
1,1544075100332,8.94,3.14,4.51
1,1544075100334,8.63,4.31,4.29
1,1544075100334,8.55,4.86,3.84
1,1544075100336,8.51,4.64,3.55
1,1544075100349,8.69,2.73,4.12
1,1544075100350,10.7,1.97,8.69
1,1544075100350,10.19,3.14,8.61
1,1544075100351,9.35,3.61,8.76
1,1544075100405,7.83,2.2,9.37
1,1544075100406,6.79,0.6,11.23
1,1544075100407,6.42,1.21,11.23
1,1544075100408,5.82,1.73,10.95
1,1544075100409,4.43,1.89,9.51
1,1544075100409,3.84,1.66,8.75
1,1544075100410,3.43,1.36,8.02
1,1544075100411,3.33,0.74,7.03
1,1544075100480,2.94,0.19,5.35
1,1544075100480,2.75,0.13,4.41
1,1544075100481,2.63,0.35,3.32
1,1544075100481,2.44,0.5,2.4
1,1544075100481,2.01,0.35,1.87
1,1544075100482,1.4,-2.32,0.56
1,1544075100498,0.97,-4.12,0.58
1,1544075100499,0.82,-5.09,1.54
1,1544075100554,1.03,-4.88,2.28
1,1544075100554,3.61,-2.48,-0.27
1,1544075100572,6.54,-2.71,-5.58
1,1544075100573,5.97,-6.52,-16.48
1,1544075100574,4.96,-12.01,-22.55
1,1544075100629,36.09,11.62,30.25
1,1544075100653,38.53,12.92,24.39
1,1544075100654,49.84,-12.44,18.43
1,1544075100656,75.89,-1.23,21.69
1,1544075100657,30.05,-2.36,2.18
1,1544075100658,6.87,-6.03,11.15
1,1544075100659,-3.88,-13.1,5.93
1,1544075100660,-8.8,-11.03,4.51
1,1544075100703,-8.06,3.94,5.27
1,1544075100716,6.6,19.94,-1.56
1,1544075100716,5.6,16.69,0.48
1,1544075100716,5.44,10.19,2.83
1,1544075100717,6.01,3.76,3.04
1,1544075100717,8.1,-2.12,5.11
1,1544075100717,10.23,-0.46,5.13
1,1544075100780,11.95,1.54,4.43
1,1544075100781,12.26,2.75,4.1
1,1544075100781,9.45,0.85,3.8
1,1544075100782,8.3,0.37,4.53
1,1544075100783,7.71,0.44,5.44
1,1544075100803,7.71,0.41,5.33
1,1544075100805,7.53,-0.07,4.62
1,1544075100806,7.22,-0.25,4.66
1,1544075100935,6.93,-0.31,4.27
1,1544075100937,6.75,-0.39,3.61
1,1544075100938,7.18,0.42,3.33
1,1544075100940,7.67,0.85,3.22
1,1544075100941,8.24,1.42,3.0
1,1544075101007,8.86,2.14,3.04
1,1544075101010,9.86,2.83,2.96
1,1544075101011,9.8,2.51,3.32
1,1544075101013,9.6,1.79,3.51
1,1544075101014,9.47,1.07,3.75
1,1544075101015,9.58,0.54,3.98
1,1544075101016,9.53,0.62,4.04
1,1544075101079,9.57,0.97,4.02
1,1544075101100,9.49,1.44,3.9
1,1544075101100,9.33,0.58,3.49
1,1544075101100,9.37,0.97,3.55
1,1544075101101,9.27,1.66,3.61
1,1544075101101,9.31,2.77,3.32
1,1544075101101,9.25,2.81,3.22
1,1544075101101,9.6,2.75,4.02
1,1544075101154,8.86,2.98,4.27
1,1544075101169,7.44,4.76,7.38
1,1544075101169,7.53,6.28,8.47
1,1544075101170,7.16,6.26,8.65
1,1544075101170,5.87,6.52,8.86
1,1544075101170,4.78,7.73,8.53
1,1544075101170,4.25,7.96,8.3
1,1544075101170,3.9,7.87,8.2
1,1544075101228,3.78,7.71,8.32
1,1544075101237,3.86,7.12,7.96
1,1544075101237,4.04,7.01,7.98
1,1544075101237,4.35,7.18,8.14
1,1544075101237,4.82,7.3,8.2
1,1544075101238,5.27,7.59,8.12
1,1544075101238,5.39,7.59,6.91
1,1544075101238,5.76,7.28,5.58
1,1544075101304,5.97,6.52,4.17
1,1544075101334,5.66,6.09,4.29
1,1544075101335,6.05,4.92,2.16
1,1544075101336,7.03,4.66,2.38
1,1544075101336,7.07,3.9,2.71
1,1544075101337,6.71,3.14,3.32
1,1544075101337,6.81,2.73,3.51
1,1544075101338,7.07,2.22,2.98
1,1544075101388,7.55,1.56,2.42
1,1544075101389,7.26,1.5,1.5
1,1544075101389,5.8,0.87,-0.29
1,1544075101389,5.87,-0.01,-1.25
1,1544075101390,6.5,-1.13,-1.58
1,1544075101390,6.64,-1.93,-1.66
1,1544075101390,9.21,-3.86,-0.15
1,1544075101454,9.6,-4.55,-0.97
1,1544075101476,11.19,-5.15,-0.09
1,1544075101476,12.75,-5.42,-0.21
1,1544075101477,14.08,-6.93,-2.85
1,1544075101477,18.63,0.35,10.54
1,1544075101478,14.58,-1.97,6.73
1,1544075101478,14.98,-6.42,0.97
1,1544075101478,19.8,-7.53,1.21
1,1544075101529,17.16,-2.42,11.07
1,1544075101530,11.03,0.27,11.71
1,1544075101530,7.77,0.48,8.82
1,1544075101531,6.87,0.83,6.23
1,1544075101531,6.26,3.3,4.14
1,1544075101532,6.26,3.51,3.43
1,1544075101532,6.4,2.96,2.79
1,1544075101533,6.77,1.77,2.5
1,1544075101606,8.41,0.52,3.1
1,1544075101607,9.08,0.62,3.59
1,1544075101608,9.41,1.01,4.04
1,1544075101609,9.39,1.36,4.14
1,1544075101610,9.17,1.73,4.31
1,1544075101611,8.94,2.03,4.53
1,1544075101612,8.82,1.91,4.58
1,1544075101680,8.94,1.77,4.51
1,1544075101695,8.88,1.52,4.7
1,1544075101696,8.67,0.72,4.78
1,1544075101697,8.33,0.78,5.01
1,1544075101698,8.22,1.21,4.7
1,1544075101699,8.24,1.54,4.39
1,1544075101700,8.71,2.67,4.17
1,1544075101701,8.96,2.96,3.92
1,1544075101756,8.9,2.96,3.73
1,1544075101756,8.73,2.73,3.78
1,1544075101757,8.59,1.87,4.0
1,1544075101757,8.53,1.62,4.17
1,1544075101758,8.65,1.67,4.02
1,1544075101758,8.75,1.71,3.9
1,1544075101759,8.57,1.83,4.08
1,1544075101915,8.51,1.83,4.19
1,1544075101917,8.63,1.91,4.08
1,1544075101918,8.88,2.08,3.9
1,1544075101918,9.06,2.03,3.76
1,1544075101920,8.88,1.48,3.86
1,1544075101982,8.88,1.67,3.88
1,1544075101983,8.82,1.99,3.88
1,1544075101983,8.73,2.03,3.69
1,1544075101984,8.96,1.66,3.55
1,1544075101984,9.33,1.71,2.96
1,1544075101985,9.0,1.05,3.53
1,1544075101985,9.0,1.09,3.65
1,1544075101986,9.43,1.4,3.43
1,1544075102054,9.21,1.4,3.33
1,1544075102057,9.08,1.21,3.32
1,1544075102058,8.73,1.03,3.1
1,1544075102058,8.65,0.56,3.28
1,1544075102059,9.14,0.6,3.39
1,1544075102060,9.6,0.82,3.41
1,1544075102061,9.68,0.78,3.39
1,1544075102061,9.47,0.6,3.43
1,1544075102131,9.31,0.56,3.37
1,1544075102133,8.96,0.52,3.43
1,1544075102134,8.76,0.52,3.37
1,1544075102137,8.98,0.56,3.28
1,1544075102138,9.29,0.91,3.24
1,1544075102140,9.19,0.89,3.18
1,1544075102141,9.02,0.62,3.16
1,1544075102143,8.98,0.6,3.2
1,1544075102206,9.14,0.58,3.0
1,1544075102207,9.06,0.6,3.3
1,1544075102209,9.29,0.58,3.32
1,1544075102210,9.23,0.54,3.43
1,1544075102211,9.39,0.56,3.26
1,1544075102211,9.39,0.56,3.3
1,1544075102212,9.14,0.56,3.33
1,1544075102213,9.06,0.5,3.24
1,1544075102284,9.27,0.54,3.26
1,1544075102285,9.31,0.52,3.24
1,1544075102286,9.23,0.41,3.3
1,1544075102287,9.21,0.29,3.32
1,1544075102287,9.27,0.25,3.3
1,1544075102288,9.08,0.0,3.39
1,1544075102289,9.17,0.09,3.49
1,1544075102290,9.25,0.29,3.47
1,1544075102353,9.31,0.37,3.47
1,1544075102353,9.27,0.41,3.41
1,1544075102354,9.19,0.41,3.47
1,1544075102433,9.1,0.41,3.55
1,1544075102435,9.19,0.54,3.55
1,1544075102437,9.19,0.68,3.65
1,1544075102438,9.19,0.72,3.65
1,1544075102440,9.33,0.62,3.71
1,1544075102441,9.37,0.56,3.57
1,1544075102442,9.37,0.56,3.71
1,1544075102443,9.39,0.68,3.8
1,1544075102506,9.53,0.97,3.75
1,1544075102507,9.6,0.8,3.86
1,1544075102507,10.11,-0.5,4.12
1,1544075102508,9.96,-0.85,3.37
1,1544075102508,10.5,-0.8,4.76
1,1544075102509,4.92,0.99,6.71
1,1544075102510,4.39,-1.95,4.16
1,1544075102510,6.5,-3.43,5.03
1,1544075102589,9.68,-3.75,9.12
1,1544075102590,9.68,-1.62,7.53
1,1544075102590,9.41,-1.13,5.19
1,1544075102591,9.78,-0.54,4.47
1,1544075102591,9.6,-0.6,2.94
1,1544075102592,8.86,-1.89,-0.21
1,1544075102592,7.89,-2.46,-0.8
1,1544075102593,5.91,-2.63,-1.73
1,1544075102655,4.23,-2.87,-2.55
1,1544075102655,3.24,-2.4,-3.33
1,1544075102663,4.6,1.17,-6.4
1,1544075102664,7.5,3.61,-4.58
1,1544075102664,9.53,4.74,-1.73
1,1544075102665,9.82,5.42,2.22
1,1544075102665,9.94,4.02,10.15
1,1544075102666,9.51,2.42,11.38
1,1544075102734,9.6,1.01,10.46
1,1544075102735,10.7,0.85,8.9
1,1544075102737,12.14,2.71,5.87
1,1544075102737,11.93,3.08,5.17
1,1544075102738,10.95,2.12,4.06
1,1544075102739,9.7,0.66,3.75
1,1544075102740,7.91,-1.11,3.47
1,1544075102741,7.59,-1.15,3.02
1,1544075102806,7.63,-0.27,2.69
1,1544075102807,7.85,0.82,2.57
1,1544075102809,7.91,1.73,2.46
1,1544075102810,8.33,1.62,2.89
1,1544075102811,8.86,0.91,3.16
1,1544075102812,9.53,0.58,3.45
1,1544075102813,9.98,0.54,3.76
1,1544075102814,9.7,-0.05,4.16
1,1544075102882,9.43,-0.56,4.31
1,1544075102883,9.23,-0.85,4.51
1,1544075102883,9.29,-0.33,4.72
1,1544075102884,9.12,0.52,3.9
1,1544075102885,8.78,0.33,3.65
1,1544075102885,8.82,0.15,3.69
1,1544075102886,9.1,0.35,3.69
1,1544075102886,9.39,0.58,3.49
1,1544075102954,9.45,0.58,3.47
1,1544075102966,9.33,0.54,3.28
1,1544075102967,9.19,0.56,3.41
1,1544075102968,9.08,0.66,3.61
1,1544075102968,8.88,0.72,3.39
1,1544075102969,8.96,0.62,3.49
1,1544075102970,9.08,0.48,3.55
1,1544075103029,9.12,0.11,3.69
1,1544075103030,9.1,-0.33,3.75
1,1544075103030,9.16,-0.13,3.71
1,1544075103050,9.08,0.09,3.65
1,1544075103051,8.96,0.31,3.49
1,1544075103051,9.02,0.58,3.59
1,1544075103051,9.19,0.56,3.47
1,1544075103052,9.25,0.6,3.3
1,1544075103108,9.19,0.52,3.33
1,1544075103109,9.23,0.46,3.45
1,1544075103110,9.16,0.54,3.33
1,1544075103110,9.06,0.58,3.3
1,1544075103111,9.08,0.87,3.33
1,1544075103112,9.04,1.03,3.28
1,1544075103112,9.14,1.11,3.41
1,1544075103192,9.23,1.15,3.39
1,1544075103193,9.17,1.09,3.37
1,1544075103194,9.14,0.91,3.35
1,1544075103194,9.17,0.7,3.35
1,1544075103195,9.19,0.85,3.26
1,1544075103195,9.25,0.99,3.16
1,1544075103196,9.1,1.01,3.39
1,1544075103196,8.94,0.85,3.14
1,1544075103257,9.02,0.62,2.96
1,1544075103267,9.23,0.58,3.49
1,1544075103267,9.14,0.6,3.32
1,1544075103268,8.94,0.89,3.35
1,1544075103268,8.9,0.89,3.35
1,1544075103268,8.84,0.85,3.0
1,1544075103268,8.98,0.76,3.33
1,1544075103269,8.82,0.82,3.35
1,1544075103331,8.84,1.01,3.28
1,1544075103332,8.94,0.76,3.37
1,1544075103332,9.29,0.85,3.45
1,1544075103333,9.47,1.09,3.61
1,1544075103333,9.08,0.89,3.32
1,1544075103333,9.17,0.58,3.47
1,1544075103333,8.94,0.58,3.26
1,1544075103405,8.88,0.8,3.1
1,1544075103407,9.25,0.99,3.1
1,1544075103408,9.7,1.28,3.18
1,1544075103408,9.64,1.17,3.0
1,1544075103409,9.25,0.83,3.1
1,1544075103409,8.9,0.58,3.39
1,1544075103409,9.14,0.87,3.3
1,1544075103410,9.43,1.46,3.24
1,1544075103484,9.41,1.56,3.02
1,1544075103485,9.29,1.5,3.16
1,1544075103485,9.12,1.23,3.2
1,1544075103486,9.02,1.07,3.14
1,1544075103486,9.06,1.15,3.28
1,1544075103486,9.21,1.44,3.33
1,1544075103486,9.21,1.13,3.53
1,1544075103557,9.31,0.95,3.55
1,1544075103559,9.55,1.01,3.45
1,1544075103560,9.45,1.09,3.49
1,1544075103560,8.96,0.99,3.32
1,1544075103561,9.17,0.99,3.3
1,1544075103562,9.45,0.85,3.3
1,1544075103563,9.43,0.6,3.24
1,1544075103564,9.53,0.54,3.26
1,1544075103634,9.16,0.52,3.06
1,1544075103636,8.32,0.39,3.08
1,1544075103636,7.87,0.56,3.49
1,1544075103637,8.35,1.03,3.47
1,1544075103638,8.76,1.26,3.55
1,1544075103638,8.8,1.09,3.51
1,1544075103639,9.39,1.09,3.45
1,1544075103640,9.72,1.05,3.41
1,1544075103705,9.27,0.72,3.43
1,1544075103724,9.12,0.85,3.41
1,1544075103725,9.12,0.93,3.35
1,1544075103726,9.19,0.99,3.35
1,1544075103726,9.21,0.78,3.22
1,1544075103726,9.16,0.72,3.28
1,1544075103727,9.23,0.8,3.2
1,1544075103798,9.23,0.72,3.04
1,1544075103799,9.08,0.64,3.3
1,1544075103799,9.23,0.58,3.35
1,1544075103800,9.16,0.56,3.43
1,1544075103800,9.16,0.56,3.45
1,1544075103800,9.19,0.56,3.43
1,1544075103801,8.9,0.42,3.49
1,1544075103801,9.0,0.37,3.43
1,1544075103854,9.16,0.41,3.41
1,1544075103854,9.1,0.41,3.43
1,1544075103854,8.94,0.27,3.45
1,1544075103856,8.98,0.31,3.59
1,1544075103856,9.06,0.37,3.49
1,1544075103856,9.04,0.35,3.43
1,1544075103872,9.08,0.37,3.39
1,1544075103928,9.35,0.48,3.65
1,1544075103929,9.39,0.54,3.65
1,1544075103930,9.27,0.46,3.51
1,1544075104006,9.23,0.33,3.59
1,1544075104007,9.27,0.39,3.59
1,1544075104008,9.25,0.33,3.51
1,1544075104008,9.14,0.31,3.45
1,1544075104009,9.06,0.21,3.47
1,1544075104009,9.02,0.41,3.63
1,1544075104010,8.96,0.39,3.59
1,1544075104010,8.9,0.46,3.71
1,1544075104091,8.96,0.52,3.67
1,1544075104093,9.1,0.58,3.67
1,1544075104093,9.0,0.54,3.78
1,1544075104094,8.94,0.56,3.84
1,1544075104095,8.94,0.56,3.9
1,1544075104095,8.94,0.58,3.84
1,1544075104096,8.86,0.54,3.9
1,1544075104097,8.98,0.52,3.92
1,1544075104168,8.92,0.54,3.92
1,1544075104170,8.76,0.5,4.04
1,1544075104171,8.82,0.46,3.94
1,1544075104172,8.82,0.46,4.0
1,1544075104173,8.84,0.39,4.0
1,1544075104174,8.82,0.44,4.1
1,1544075104175,8.8,0.52,4.14
1,1544075104176,8.8,0.56,4.04
1,1544075104232,8.75,0.58,4.1
1,1544075104256,8.75,0.56,4.1
1,1544075104257,8.76,0.56,4.0
1,1544075104257,9.0,0.56,4.0
1,1544075104258,9.02,0.54,4.0
1,1544075104258,8.96,0.54,4.08
1,1544075104258,8.98,0.56,4.1
1,1544075104258,8.9,0.56,4.19
1,1544075104305,8.82,0.54,4.1
1,1544075104305,8.75,0.48,4.1
1,1544075104325,8.82,0.44,4.04
1,1544075104325,8.92,0.46,4.04
1,1544075104326,9.02,0.52,3.96
1,1544075104326,9.12,0.56,4.02
1,1544075104326,9.1,0.56,3.86
1,1544075104326,9.06,0.58,3.75
1,1544075104392,8.96,0.64,3.69
1,1544075104393,8.86,0.56,3.69
1,1544075104394,8.76,0.48,3.82
1,1544075104453,8.84,0.5,3.9
1,1544075104477,8.96,0.54,3.84
1,1544075104477,8.9,0.54,3.96
1,1544075104477,9.02,0.56,3.88
1,1544075104478,8.98,0.56,3.94
1,1544075104478,8.92,0.54,3.86
1,1544075104478,8.84,0.54,3.92
1,1544075104478,8.84,0.56,3.94
1,1544075104526,8.92,0.54,3.92
1,1544075104527,8.94,0.54,3.96
1,1544075104529,8.94,0.52,3.98
1,1544075104529,8.9,0.56,3.94
1,1544075104530,8.94,0.58,3.96
1,1544075104530,8.86,0.6,4.02
1,1544075104530,8.86,0.62,4.06
1,1544075104530,8.8,0.56,3.94
1,1544075104605,8.9,0.58,3.96
1,1544075104607,8.96,0.68,4.04
1,1544075104608,9.08,0.78,3.98
1,1544075104608,9.14,0.89,3.9
1,1544075104609,9.17,1.15,4.31
1,1544075104610,9.39,0.87,3.78
1,1544075104611,9.57,0.83,4.08
1,1544075104612,9.49,0.58,3.51
1,1544075104692,9.33,0.21,3.69
1,1544075104693,9.21,0.13,3.63
1,1544075104693,9.31,0.56,3.8
1,1544075104694,9.35,0.64,3.9
1,1544075104694,9.41,0.64,3.76
1,1544075104694,9.41,0.54,3.8
1,1544075104695,9.35,0.27,3.57
1,1544075104695,9.57,0.07,3.94
1,1544075104754,9.64,-0.13,4.27
1,1544075104754,10.41,0.17,6.89
1,1544075104755,9.62,2.38,8.47
1,1544075104762,7.01,0.97,0.27
1,1544075104762,10.52,-1.05,8.98
1,1544075104762,10.33,-2.16,14.16
1,1544075104763,8.12,-2.98,14.29
1,1544075104763,6.36,-6.58,8.16
1,1544075104828,6.48,-5.99,6.3
1,1544075104853,10.19,-1.69,3.51
1,1544075104854,10.33,-0.23,4.29
1,1544075104855,8.98,-0.42,2.16
1,1544075104855,7.85,-0.82,1.69
1,1544075104856,5.07,-0.97,-2.71
1,1544075104857,4.49,-0.35,-4.08
1,1544075104906,4.41,1.62,-2.92
1,1544075104908,4.43,4.53,-2.79
1,1544075104909,7.67,8.57,2.69
1,1544075104910,6.87,4.21,1.44
1,1544075104911,5.93,0.09,3.3
1,1544075104912,5.72,-0.6,7.32
1,1544075104913,7.94,-0.42,8.16
1,1544075104916,13.47,0.91,7.44
1,1544075104995,13.71,2.65,8.76
1,1544075104996,11.71,2.38,7.87
1,1544075104996,10.29,2.18,7.3
1,1544075104996,10.23,2.24,5.93
1,1544075104996,9.43,1.75,5.31
1,1544075104996,8.14,0.68,4.45
1,1544075104997,7.34,-0.09,4.02
1,1544075105052,7.51,-1.03,3.59
1,1544075105052,7.77,-0.6,3.57
1,1544075105052,7.91,-0.27,3.2
1,1544075105064,7.98,0.31,3.37
1,1544075105065,8.41,2.2,4.08
1,1544075105066,8.49,2.55,4.82
1,1544075105067,8.61,2.07,4.94
1,1544075105068,8.73,0.72,4.94
1,1544075105129,9.51,-0.33,5.8
1,1544075105130,9.76,-0.21,5.46
1,1544075105131,9.41,-0.33,5.11
1,1544075105132,8.96,-0.72,4.58
1,1544075105133,8.49,-1.15,4.37
1,1544075105134,9.23,0.37,4.23
1,1544075105136,9.45,1.15,3.92
1,1544075105137,9.17,1.34,3.63
1,1544075105205,8.71,0.66,3.65
1,1544075105206,9.08,0.13,3.8
1,1544075105206,8.98,0.23,4.16
1,1544075105216,8.96,0.46,4.41
1,1544075105216,9.06,0.58,4.62
1,1544075105216,8.76,0.68,4.8
1,1544075105217,8.69,0.58,5.0
1,1544075105286,8.73,0.54,4.74
1,1544075105287,8.63,0.41,4.51
1,1544075105287,8.43,0.66,4.86
1,1544075105287,8.47,0.93,4.58
1,1544075105288,8.35,1.01,4.49
1,1544075105288,8.43,0.95,4.62
1,1544075105288,8.65,0.8,4.68
1,1544075105288,8.86,0.54,4.49
1,1544075105354,9.02,0.54,4.57
1,1544075105366,9.06,0.52,4.57
1,1544075105367,8.94,0.48,4.68
1,1544075105367,8.69,0.58,4.7
1,1544075105367,8.78,0.66,4.62
1,1544075105367,8.76,0.62,4.51
1,1544075105367,8.61,0.56,4.51
1,1544075105428,8.8,0.56,4.25
1,1544075105429,8.73,0.56,4.23
1,1544075105430,8.65,0.54,4.29
1,1544075105430,8.67,0.48,4.19
1,1544075105431,8.61,0.46,4.35
1,1544075105431,8.61,0.54,4.37
1,1544075105431,8.51,0.56,4.49
1,1544075105432,8.43,0.54,4.55
1,1544075105506,8.71,0.52,4.43
1,1544075105532,8.69,0.21,4.58
1,1544075105535,8.55,0.05,4.66
1,1544075105538,8.59,0.0,4.66
1,1544075105539,8.63,0.09,4.64
1,1544075105540,8.63,0.39,4.6
1,1544075105541,8.71,0.52,4.6
1,1544075105542,8.71,0.5,4.45
1,1544075105577,8.69,0.35,4.51
1,1544075105579,8.73,0.27,4.51
1,1544075105581,8.75,0.41,4.51
1,1544075105582,8.75,0.41,4.51
1,1544075105582,8.67,0.42,4.55
1,1544075105583,8.55,0.46,4.55
1,1544075105583,8.71,0.42,4.47
1,1544075105652,8.78,0.41,4.51
1,1544075105652,8.78,0.44,4.53
1,1544075105729,8.75,0.44,4.53
1,1544075105730,8.67,0.44,4.55
1,1544075105730,8.67,0.44,4.64
1,1544075105731,8.71,0.44,4.55
1,1544075105751,8.69,0.42,4.49
1,1544075105752,8.63,0.46,4.55
1,1544075105752,8.76,0.46,4.57
1,1544075105752,8.71,0.41,4.58
1,1544075105806,8.53,0.37,4.66
1,1544075105807,8.45,0.42,4.64
1,1544075105808,8.59,0.31,4.55
1,1544075105808,8.61,0.35,4.41
1,1544075105809,8.59,0.35,4.51
1,1544075105810,8.61,0.27,4.6
1,1544075105810,8.69,0.21,4.64
1,1544075105811,8.61,0.5,4.72
1,1544075105879,8.59,0.58,4.7
1,1544075105883,8.59,0.6,4.55
1,1544075105885,8.43,0.48,4.66
1,1544075105886,8.69,0.42,4.6
1,1544075105887,8.84,0.5,4.66
1,1544075105888,8.75,0.54,4.6
1,1544075105889,8.53,0.54,4.6
1,1544075105890,8.73,0.54,4.58
1,1544075105956,8.78,0.54,4.45
1,1544075105958,8.67,0.48,4.47
1,1544075105960,8.65,0.39,4.51
1,1544075105961,8.78,0.35,4.45
1,1544075105962,8.71,0.33,4.51
1,1544075105963,8.59,0.44,4.53
1,1544075105964,8.51,0.48,4.53
1,1544075105966,8.67,0.56,4.47
1,1544075106127,8.63,0.58,4.57
1,1544075106129,8.59,0.56,4.58
1,1544075106130,8.65,0.56,4.51
1,1544075106131,8.63,0.44,4.64
1,1544075106132,8.78,0.37,4.6
1,1544075106185,8.86,0.35,4.68
1,1544075106186,8.78,0.42,4.62
1,1544075106187,8.71,0.46,4.53
1,1544075106187,8.59,0.42,4.51
1,1544075106188,8.75,0.41,4.43
1,1544075106188,8.84,0.52,4.37
1,1544075106189,8.76,0.23,4.43
1,1544075106190,8.67,0.01,4.43
1,1544075106341,8.69,-0.03,4.37
1,1544075106343,8.78,0.19,4.55
1,1544075106344,8.88,0.01,4.37
1,1544075106345,8.76,0.03,4.51
1,1544075106347,8.65,0.13,4.39
1,1544075106406,8.63,0.23,4.39
1,1544075106408,8.55,0.27,4.55
1,1544075106410,8.84,0.46,4.39
1,1544075106411,8.76,0.39,4.49
1,1544075106411,8.78,-0.07,4.51
1,1544075106412,8.78,0.03,4.39
1,1544075106413,8.75,0.11,4.43
1,1544075106414,8.67,0.33,4.55
1,1544075106479,8.71,0.42,4.51
1,1544075106480,8.67,0.54,4.43
1,1544075106480,8.63,0.48,4.47
1,1544075106481,8.61,0.42,4.47
1,1544075106481,8.73,0.42,4.49
1,1544075106482,8.8,0.37,4.53
1,1544075106482,8.73,0.35,4.6
1,1544075106483,8.76,0.35,4.55
1,1544075106553,8.75,0.33,4.51
1,1544075106556,8.75,0.37,4.47
1,1544075106557,8.75,0.35,4.35
1,1544075106558,8.71,0.25,4.41
1,1544075106559,8.69,0.25,4.47
1,1544075106560,8.75,0.37,4.47
1,1544075106561,8.65,0.46,4.45
1,1544075106561,8.75,0.5,4.43
1,1544075106631,8.75,0.5,4.49
1,1544075106632,8.69,0.41,4.51
1,1544075106633,8.71,0.33,4.41
1,1544075106633,8.65,0.29,4.49
1,1544075106634,8.71,0.25,4.49
1,1544075106634,8.86,0.37,4.43
1,1544075106635,8.73,0.42,4.47
1,1544075106635,8.71,0.48,4.43
1,1544075106707,8.75,0.46,4.45
1,1544075106710,8.78,0.44,4.35
1,1544075106713,8.63,0.33,4.37
1,1544075106715,8.71,0.33,4.43
1,1544075106716,8.71,0.39,4.43
1,1544075106717,8.75,0.41,4.45
1,1544075106719,8.73,0.42,4.49
1,1544075106857,8.75,0.39,4.41
1,1544075106857,8.73,0.35,4.45
1,1544075106858,8.75,0.31,4.49
1,1544075106858,8.76,0.29,4.45
1,1544075106859,8.69,0.41,4.39
1,1544075106930,8.69,0.48,4.35
1,1544075106931,8.75,0.5,4.35
1,1544075106932,8.73,0.48,4.37
1,1544075106932,8.75,0.5,4.41
1,1544075106933,8.8,0.5,4.35
1,1544075106933,8.78,0.52,4.39
1,1544075106934,8.82,0.48,4.35
1,1544075106934,8.67,0.39,4.47
1,1544075107006,8.71,0.42,4.49
1,1544075107007,8.71,0.48,4.41
1,1544075107008,8.75,0.44,4.37
1,1544075107009,8.78,0.42,4.35
1,1544075107009,8.8,0.39,4.37
1,1544075107010,8.75,0.33,4.39
1,1544075107010,8.71,0.33,4.41
1,1544075107011,8.78,0.27,4.33
1,1544075107081,8.75,0.25,4.43
1,1544075107097,8.71,0.31,4.47
1,1544075107098,8.73,0.31,4.39
1,1544075107099,8.67,0.41,4.43
1,1544075107099,8.78,0.54,4.33
1,1544075107100,8.82,0.54,4.45
1,1544075107101,8.75,0.48,4.51
1,1544075107101,8.65,0.48,4.53
1,1544075107154,8.76,0.56,4.43
1,1544075107155,8.75,0.56,4.39
1,1544075107155,8.76,0.56,4.39
1,1544075107182,8.71,0.54,4.47
1,1544075107183,8.78,0.48,4.49
1,1544075107183,8.76,0.46,4.43
1,1544075107184,8.67,0.39,4.43
1,1544075107185,8.65,0.41,4.47
1,1544075107231,8.82,0.42,4.41
1,1544075107233,8.8,0.44,4.39
1,1544075107234,8.73,0.39,4.47
1,1544075107235,8.76,0.35,4.43
1,1544075107236,8.8,0.27,4.45
1,1544075107237,8.75,0.35,4.39
1,1544075107237,8.69,0.35,4.39
1,1544075107239,8.71,0.29,4.41
1,1544075107307,8.75,0.33,4.39
1,1544075107308,8.71,0.27,4.33
1,1544075107310,8.67,0.27,4.43
1,1544075107312,8.65,0.33,4.53
1,1544075107321,8.69,0.35,4.45
1,1544075107321,8.78,0.42,4.51
1,1544075107322,8.82,0.35,4.43
1,1544075107378,8.8,0.41,4.53
1,1544075107379,8.8,0.39,4.49
1,1544075107381,8.73,0.37,4.53
1,1544075107381,8.57,0.37,4.51
1,1544075107382,8.59,0.44,4.58
1,1544075107382,8.61,0.48,4.58
1,1544075107382,8.63,0.42,4.49
1,1544075107383,8.69,0.39,4.62
