1,1545979321195,-9.35,0.91,4.14
1,1545979321195,-9.47,1.01,4.12
1,1545979321196,-9.39,0.91,4.16
1,1545979321196,-9.43,1.09,4.12
1,1545979321196,-9.45,1.01,4.17
1,1545979321196,-9.33,1.01,4.23
1,1545979321197,-9.25,1.07,4.12
1,1545979321255,-9.33,0.99,4.31
1,1545979321256,-9.37,0.93,4.23
1,1545979321256,-9.33,0.93,4.19
1,1545979321256,-9.04,0.89,4.27
1,1545979321257,-9.08,0.89,4.27
1,1545979321258,-9.16,0.95,4.1
1,1545979321258,-9.25,0.99,4.04
1,1545979321259,-9.02,0.87,4.17
1,1545979321328,-9.0,0.82,4.23
1,1545979321328,-9.04,0.83,4.33
1,1545979321328,-9.1,1.03,4.25
1,1545979321329,-9.1,1.09,4.25
1,1545979321335,-9.25,1.05,4.21
1,1545979321335,-9.47,0.91,4.16
1,1545979321336,-9.66,0.99,4.04
1,1545979321403,-9.43,1.13,4.27
1,1545979321404,-9.33,1.09,4.06
1,1545979321404,-9.53,0.97,4.16
1,1545979321404,-9.74,1.03,4.31
1,1545979321404,-9.12,1.25,4.72
1,1545979321419,-9.0,1.13,4.55
1,1545979321420,-9.41,1.25,4.27
1,1545979321420,-10.11,1.13,4.27
1,1545979321479,-10.72,0.97,4.0
1,1545979321480,-10.76,1.17,4.21
1,1545979321481,-10.72,1.28,4.27
1,1545979321482,-10.6,1.3,4.45
1,1545979321482,-10.41,0.95,4.9
1,1545979321483,-10.66,1.21,4.88
1,1545979321483,-10.95,1.52,4.8
1,1545979321554,-11.13,1.64,4.98
1,1545979321555,-11.6,1.21,4.86
1,1545979321555,-12.4,1.34,4.8
1,1545979321555,-13.3,1.54,4.78
1,1545979321556,-13.65,1.52,5.01
1,1545979321556,-12.89,1.71,5.41
1,1545979321556,-13.18,1.56,5.44
1,1545979321556,-14.04,1.79,5.5
1,1545979321630,-14.64,2.14,5.48
1,1545979321631,-15.07,1.99,5.35
1,1545979321631,-15.25,1.81,5.0
1,1545979321631,-15.8,1.69,4.98
1,1545979321632,-16.4,1.75,4.96
1,1545979321632,-17.22,1.62,5.11
1,1545979321633,-16.97,1.58,5.29
1,1545979321704,-16.42,1.79,5.66
1,1545979321705,-16.03,2.16,6.01
1,1545979321705,-16.67,2.08,5.19
1,1545979321706,-17.28,1.81,5.27
1,1545979321706,-17.18,1.42,5.07
1,1545979321706,-17.12,1.38,5.58
1,1545979321706,-16.64,0.8,5.64
1,1545979321707,-16.85,0.6,5.62
1,1545979321780,-17.08,0.6,4.9
1,1545979321781,-17.1,0.48,4.96
1,1545979321781,-16.15,0.35,4.76
1,1545979321781,-15.44,0.29,4.55
1,1545979321782,-14.84,0.21,4.55
1,1545979321782,-14.72,-0.21,4.02
1,1545979321782,-16.01,-0.56,4.41
1,1545979321855,-15.8,-0.58,4.23
1,1545979321856,-15.07,-0.37,4.55
1,1545979321856,-13.69,-0.35,4.29
1,1545979321856,-12.79,-0.82,3.39
1,1545979321857,-13.14,-0.99,2.89
1,1545979321857,-13.9,-1.17,2.4
1,1545979321857,-14.78,-1.05,3.57
1,1545979321928,-12.32,-0.56,3.76
1,1545979321929,-10.56,-0.82,4.06
1,1545979321930,-9.33,-1.03,3.12
1,1545979321931,-9.17,-1.09,3.14
1,1545979321932,-9.96,-0.93,2.71
1,1545979321932,-10.11,-0.87,2.36
1,1545979321932,-9.55,-0.8,3.49
1,1545979321932,-7.67,-0.99,1.81
1,1545979322005,-6.21,-0.09,3.16
1,1545979322006,-5.17,-0.11,2.26
1,1545979322006,-4.7,-0.56,1.69
1,1545979322006,-4.82,-0.46,2.69
1,1545979322006,-2.81,-0.03,1.13
1,1545979322007,-1.62,-0.11,1.21
1,1545979322007,-0.68,-0.27,1.07
1,1545979322007,-0.5,-0.13,1.09
1,1545979322080,-1.11,0.25,0.83
1,1545979322080,-1.25,0.19,0.5
1,1545979322081,-1.3,-0.44,-0.11
1,1545979322081,-1.42,-1.17,-0.15
1,1545979322081,-1.23,-1.73,-0.11
1,1545979322081,-1.13,-1.69,-0.11
1,1545979322082,-1.19,-1.42,0.87
1,1545979322154,-0.95,-1.03,0.91
1,1545979322155,-0.99,-1.34,-0.95
1,1545979322155,-1.6,-1.44,-1.3
1,1545979322156,-2.69,-0.83,0.03
1,1545979322156,-3.63,-0.05,-0.15
1,1545979322156,-3.92,-0.27,-1.71
1,1545979322157,-4.47,-0.37,-0.42
1,1545979322228,-5.15,0.31,0.83
1,1545979322229,-5.85,0.5,0.78
1,1545979322230,-6.75,-1.19,1.17
1,1545979322230,-6.87,-0.85,1.93
1,1545979322230,-7.42,0.66,2.65
1,1545979322231,-8.35,1.71,1.13
1,1545979322231,-9.0,2.92,0.66
1,1545979322231,-8.67,3.53,1.54
1,1545979322304,-8.65,3.41,1.93
1,1545979322304,-9.25,2.63,1.4
1,1545979322305,-10.56,1.67,2.44
1,1545979322305,-10.56,2.59,3.43
1,1545979322306,-10.41,3.18,3.02
1,1545979322306,-10.46,3.12,1.32
1,1545979322306,-13.14,3.98,1.83
1,1545979322379,-12.36,3.3,0.68
1,1545979322379,-10.6,3.1,1.32
1,1545979322379,-9.02,2.96,2.03
1,1545979322379,-9.19,1.48,2.12
1,1545979322380,-9.78,1.64,-0.33
1,1545979322394,-11.44,2.18,1.66
1,1545979322394,-11.71,2.63,1.01
1,1545979322395,-10.23,3.41,1.44
1,1545979322453,-9.04,2.53,1.17
1,1545979322454,-8.67,1.97,1.21
1,1545979322454,-9.41,1.6,1.23
1,1545979322454,-10.48,1.87,0.44
1,1545979322454,-10.0,2.69,1.46
1,1545979322461,-9.31,2.92,2.85
1,1545979322462,-8.28,2.75,0.8
1,1545979322528,-9.25,2.34,2.5
1,1545979322529,-9.23,1.5,1.28
1,1545979322530,-9.62,1.34,1.13
1,1545979322531,-10.42,2.03,1.25
1,1545979322531,-10.13,3.32,0.74
1,1545979322531,-9.27,3.04,1.11
1,1545979322531,-8.61,2.69,1.23
1,1545979322531,-9.12,2.67,1.62
1,1545979322606,-9.98,2.03,1.52
1,1545979322607,-10.0,1.62,0.6
1,1545979322607,-10.85,2.53,0.82
1,1545979322608,-11.26,3.18,1.64
1,1545979322608,-9.7,3.2,1.17
1,1545979322608,-9.25,2.69,1.25
1,1545979322609,-9.21,2.08,1.3
1,1545979322609,-9.35,1.71,1.26
1,1545979322681,-9.72,1.67,1.13
1,1545979322699,-10.27,2.18,1.23
1,1545979322699,-10.13,2.63,1.13
1,1545979322700,-9.35,2.57,1.07
1,1545979322701,-8.73,2.16,1.19
1,1545979322701,-9.31,1.83,1.07
1,1545979322702,-10.0,1.66,0.56
1,1545979322758,-10.25,1.97,0.54
1,1545979322759,-8.69,2.03,0.97
1,1545979322760,-7.79,2.05,1.26
1,1545979322760,-7.4,2.05,1.5
1,1545979322761,-7.3,1.73,1.26
1,1545979322761,-9.43,1.13,1.21
1,1545979322762,-10.87,1.83,1.17
1,1545979322828,-10.89,2.16,0.8
1,1545979322848,-9.12,1.97,0.89
1,1545979322848,-6.42,1.62,1.21
1,1545979322849,-6.91,1.13,1.23
1,1545979322849,-8.28,0.64,1.48
1,1545979322849,-9.29,0.97,1.3
1,1545979322849,-9.43,1.19,1.25
1,1545979322850,-8.37,1.13,1.38
1,1545979322904,-7.61,1.26,1.93
1,1545979322905,-7.34,1.19,1.67
1,1545979322906,-7.24,0.33,1.13
1,1545979322906,-7.67,-0.44,1.3
1,1545979322906,-8.78,-0.07,1.64
1,1545979322906,-10.11,0.99,1.3
1,1545979322906,-9.39,0.7,0.7
1,1545979322981,-8.57,0.44,1.46
1,1545979322982,-7.73,0.8,2.53
1,1545979322983,-6.56,0.58,2.22
1,1545979323006,-5.52,-0.37,1.4
1,1545979323008,-6.28,-0.54,0.29
1,1545979323008,-8.8,-0.82,-0.33
1,1545979323009,-11.91,-0.27,0.62
1,1545979323010,-10.7,0.91,1.32
1,1545979323058,-6.91,0.39,1.75
1,1545979323060,-4.1,-0.03,1.32
1,1545979323061,-3.47,-0.35,1.3
1,1545979323062,-7.89,-0.66,0.44
1,1545979323063,-11.17,-0.62,0.41
1,1545979323064,-12.36,-0.39,0.13
1,1545979323066,-11.25,-0.82,0.29
1,1545979323131,-7.57,-0.74,2.24
1,1545979323133,-6.3,-0.07,1.99
1,1545979323133,-6.03,0.29,1.3
1,1545979323133,-6.6,-0.17,-0.8
1,1545979323134,-10.68,-1.15,1.69
1,1545979323134,-11.11,-0.31,2.85
1,1545979323134,-9.27,-0.25,2.55
1,1545979323152,-6.93,-0.95,0.82
1,1545979323205,-7.85,-1.28,-1.3
1,1545979323205,-10.99,-1.07,-0.13
1,1545979323206,-12.85,-0.82,0.82
1,1545979323206,-13.02,-0.66,1.19
1,1545979323206,-8.06,-0.33,2.67
1,1545979323206,-5.29,-0.19,1.87
1,1545979323206,-4.76,-0.01,0.29
1,1545979323281,-7.4,-0.37,0.17
1,1545979323304,-11.3,-1.69,-1.99
1,1545979323305,-13.69,-1.81,0.09
1,1545979323305,-14.08,-1.64,1.05
1,1545979323306,-12.22,-1.64,1.23
1,1545979323306,-8.55,-0.37,1.34
1,1545979323306,-7.38,0.05,-0.39
1,1545979323307,-7.65,-0.58,-1.5
1,1545979323361,-9.88,-1.13,0.46
1,1545979323363,-12.48,-1.17,1.23
1,1545979323364,-10.97,-1.77,-0.09
1,1545979323365,-9.76,-2.28,-2.34
1,1545979323367,-11.23,-2.38,-0.68
1,1545979323368,-11.87,-1.15,0.82
1,1545979323369,-10.56,-1.09,1.32
1,1545979323433,-9.19,-1.11,1.36
1,1545979323433,-8.88,-1.11,0.5
1,1545979323434,-11.6,-1.11,0.93
1,1545979323435,-11.67,-1.42,-0.62
1,1545979323437,-11.91,-2.34,0.21
1,1545979323438,-11.97,-2.38,0.66
1,1545979323439,-11.23,-1.28,1.23
1,1545979323441,-10.76,-1.11,0.41
1,1545979323507,-11.42,-0.97,0.52
1,1545979323507,-11.75,-0.91,0.87
1,1545979323507,-10.89,-1.48,0.78
1,1545979323507,-10.89,-1.42,1.73
1,1545979323508,-10.93,-1.28,-0.66
1,1545979323508,-12.1,-1.13,0.74
1,1545979323508,-12.16,-0.97,0.87
1,1545979323581,-11.21,-0.72,1.28
1,1545979323582,-9.84,-0.97,0.74
1,1545979323583,-9.9,-1.19,0.46
1,1545979323613,-12.2,-1.19,-0.37
1,1545979323614,-12.87,-1.34,0.74
1,1545979323615,-12.42,-1.36,1.3
1,1545979323616,-11.3,-1.01,1.23
1,1545979323616,-10.09,-0.07,0.66
1,1545979323666,-10.66,-0.52,0.64
1,1545979323667,-11.75,-0.97,0.76
1,1545979323667,-12.26,-1.13,1.21
1,1545979323667,-11.69,-1.32,1.44
1,1545979323668,-11.17,-1.19,1.05
1,1545979323668,-11.42,-1.09,1.07
1,1545979323668,-11.87,-0.93,1.4
1,1545979323732,-11.95,-0.41,1.91
1,1545979323746,-11.28,-0.8,1.3
1,1545979323746,-11.05,-1.03,1.23
1,1545979323747,-11.26,-0.87,1.54
1,1545979323748,-11.56,-0.66,1.26
1,1545979323749,-11.97,-0.58,1.66
1,1545979323749,-12.01,-0.64,1.34
1,1545979323750,-11.75,-0.7,1.42
1,1545979323805,-10.8,-0.87,2.38
1,1545979323806,-10.6,-0.48,2.48
1,1545979323807,-10.48,-0.37,2.05
1,1545979323808,-10.64,-0.29,1.83
1,1545979323808,-11.23,-0.15,1.5
1,1545979323823,-11.32,-0.52,2.3
1,1545979323824,-11.01,-0.58,2.3
1,1545979323881,-10.82,-0.33,2.22
1,1545979323890,-10.66,0.05,1.89
1,1545979323891,-10.89,0.29,2.2
1,1545979323891,-10.89,0.29,2.03
1,1545979323891,-10.99,0.09,2.08
1,1545979323891,-11.11,-0.25,2.55
1,1545979323892,-11.03,0.11,3.08
1,1545979323907,-10.72,0.46,2.61
1,1545979323954,-10.8,0.74,2.4
1,1545979323990,-11.23,0.37,2.22
1,1545979323992,-11.44,0.13,2.44
1,1545979323993,-11.62,-0.01,3.24
1,1545979323993,-11.5,0.0,2.42
1,1545979323994,-11.75,0.66,2.75
1,1545979323994,-11.62,0.76,2.53
1,1545979324042,-11.58,0.97,2.73
1,1545979324043,-11.62,0.91,2.83
1,1545979324043,-11.62,0.39,2.85
1,1545979324043,-11.83,0.31,2.79
1,1545979324044,-12.44,0.46,3.16
1,1545979324044,-13.14,0.8,3.04
1,1545979324044,-13.92,0.91,3.22
1,1545979324045,-13.47,0.68,3.47
1,1545979324105,-12.96,0.52,3.45
1,1545979324125,-13.02,0.58,4.19
1,1545979324125,-13.86,0.52,3.92
1,1545979324125,-14.82,0.7,3.75
1,1545979324126,-15.7,0.56,3.47
1,1545979324126,-15.93,0.54,3.82
1,1545979324126,-14.47,0.31,4.04
1,1545979324179,-14.41,0.35,4.25
1,1545979324180,-14.9,0.48,4.33
1,1545979324181,-15.35,0.5,4.14
1,1545979324181,-15.01,0.13,4.04
1,1545979324200,-15.17,0.25,4.35
1,1545979324201,-15.42,0.17,3.98
1,1545979324201,-15.54,-0.01,3.84
1,1545979324201,-15.82,0.39,4.37
1,1545979324257,-15.66,0.11,4.25
1,1545979324259,-15.46,0.29,4.29
1,1545979324260,-15.46,0.39,4.41
1,1545979324261,-15.25,0.27,4.72
1,1545979324262,-15.52,0.6,4.55
1,1545979324263,-15.78,0.54,3.92
1,1545979324264,-16.07,0.27,3.49
1,1545979324331,-16.99,0.03,3.63
1,1545979324332,-16.91,-0.07,3.55
1,1545979324333,-16.58,0.09,3.32
1,1545979324371,-16.25,0.35,2.98
1,1545979324372,-16.09,0.42,3.67
1,1545979324373,-15.58,0.37,3.57
1,1545979324373,-14.98,0.33,3.24
1,1545979324374,-14.76,-0.21,2.91
1,1545979324429,-16.13,-0.93,2.36
1,1545979324430,-16.23,-1.03,2.65
1,1545979324430,-15.46,-1.09,2.5
1,1545979324430,-14.66,-0.93,2.75
1,1545979324430,-13.37,-0.44,2.1
1,1545979324430,-13.41,-0.52,2.24
1,1545979324431,-13.32,-0.42,2.24
1,1545979324480,-12.73,-0.64,2.01
1,1545979324481,-12.07,-1.11,1.67
1,1545979324481,-11.91,-0.93,1.75
1,1545979324482,-11.34,-0.54,1.95
1,1545979324495,-10.52,-0.11,2.14
1,1545979324496,-8.14,0.33,2.03
1,1545979324497,-6.91,0.27,1.87
1,1545979324498,-5.99,0.05,2.07
1,1545979324556,-5.44,-0.01,2.12
1,1545979324557,-4.9,0.25,1.01
1,1545979324558,-4.53,0.03,0.6
1,1545979324559,-4.17,-0.23,0.93
1,1545979324561,-3.57,-0.44,0.78
1,1545979324561,-2.71,-0.33,1.71
1,1545979324562,-1.93,0.11,1.85
1,1545979324632,-0.87,0.58,1.23
1,1545979324632,0.15,0.23,0.44
1,1545979324633,-0.76,-1.11,0.58
1,1545979324633,-2.07,-0.89,0.52
1,1545979324634,-2.91,-0.25,0.68
1,1545979324634,-2.83,0.17,0.46
1,1545979324634,-0.35,0.8,1.3
1,1545979324635,0.85,0.01,0.11
1,1545979324704,1.09,-1.11,-0.8
1,1545979324705,0.11,-1.58,0.17
1,1545979324706,-4.17,0.64,0.48
1,1545979324706,-4.68,1.19,-1.52
1,1545979324706,-4.45,0.7,-1.54
1,1545979324706,-3.55,-0.42,-1.38
1,1545979324707,-3.82,-2.12,-0.15
1,1545979324782,-4.82,-1.75,0.19
1,1545979324783,-6.03,-1.28,-0.62
1,1545979324784,-7.32,-1.25,-0.42
1,1545979324784,-8.49,-0.31,0.54
1,1545979324784,-8.14,1.67,1.23
1,1545979324785,-7.5,2.53,-0.03
1,1545979324785,-7.94,2.94,0.44
1,1545979324785,-8.06,2.94,1.62
1,1545979324859,-7.91,2.07,1.36
1,1545979324860,-8.47,1.5,2.2
1,1545979324860,-9.58,1.89,2.34
1,1545979324861,-12.59,3.2,1.5
1,1545979324861,-12.1,3.0,1.3
1,1545979324862,-10.27,2.63,1.77
1,1545979324862,-8.9,2.2,1.91
1,1545979324934,-10.74,1.97,1.66
1,1545979324936,-12.57,3.14,1.79
1,1545979324954,-12.55,3.22,2.57
1,1545979324955,-9.76,2.67,0.64
1,1545979324955,-8.3,2.26,2.65
1,1545979324956,-8.94,1.64,0.97
1,1545979324956,-10.05,1.64,0.09
1,1545979324957,-11.15,1.95,1.19
1,1545979325006,-10.52,2.59,0.62
1,1545979325007,-9.74,2.89,0.58
1,1545979325007,-9.43,2.94,1.4
1,1545979325008,-9.29,2.57,1.19
1,1545979325008,-9.33,2.4,0.97
1,1545979325009,-9.78,2.69,3.43
1,1545979325010,-9.1,2.14,2.03
1,1545979325083,-8.8,2.18,0.99
1,1545979325085,-10.87,2.26,1.71
1,1545979325086,-9.62,2.16,1.64
1,1545979325086,-8.18,2.12,2.03
1,1545979325087,-8.28,2.16,1.64
1,1545979325088,-10.97,3.53,1.19
1,1545979325088,-10.93,3.51,0.95
1,1545979325089,-10.17,3.2,1.26
1,1545979325158,-9.39,2.57,1.66
1,1545979325161,-9.43,2.24,1.77
1,1545979325163,-9.55,2.44,1.28
1,1545979325164,-9.19,2.73,1.19
1,1545979325165,-8.61,2.55,0.78
1,1545979325167,-8.51,2.28,1.21
1,1545979325169,-9.17,1.46,1.26
1,1545979325235,-10.0,2.28,1.48
1,1545979325236,-10.46,2.91,1.23
1,1545979325237,-8.43,2.36,1.64
1,1545979325237,-8.14,1.99,1.69
1,1545979325238,-7.79,1.44,1.4
1,1545979325239,-7.61,0.89,1.38
1,1545979325240,-8.63,1.34,1.71
1,1545979325240,-9.31,1.4,1.03
1,1545979325306,-10.31,1.6,1.13
1,1545979325307,-10.42,2.12,1.3
1,1545979325308,-7.92,1.69,1.21
1,1545979325308,-7.08,1.21,0.85
1,1545979325309,-7.92,0.72,1.15
1,1545979325310,-9.43,1.26,1.15
1,1545979325310,-8.86,1.52,1.56
1,1545979325382,-7.16,1.03,0.87
1,1545979325401,-6.26,1.01,1.99
1,1545979325401,-5.89,0.58,1.69
1,1545979325402,-6.73,-0.11,0.58
1,1545979325402,-12.61,0.6,0.39
1,1545979325403,-15.01,1.93,0.91
1,1545979325403,-13.94,2.34,0.37
1,1545979325404,-10.29,2.05,1.62
1,1545979325456,-3.2,1.09,3.86
1,1545979325457,-1.89,0.17,1.5
1,1545979325458,-3.26,-0.8,0.05
1,1545979325459,-7.75,-1.25,-1.25
1,1545979325459,-19.51,1.99,0.83
1,1545979325460,-16.99,1.75,-0.42
1,1545979325461,-11.05,0.31,2.03
1,1545979325536,-5.78,-0.44,3.3
1,1545979325537,-3.28,0.29,3.08
1,1545979325538,-5.31,-0.13,0.31
1,1545979325539,-9.64,-0.5,-1.21
1,1545979325540,-14.72,0.8,1.42
1,1545979325541,-12.51,-0.44,-0.31
1,1545979325542,-9.72,-1.03,1.83
1,1545979325543,-7.5,-0.39,2.24
1,1545979325606,-6.4,0.56,2.05
1,1545979325607,-7.85,-0.97,-3.35
1,1545979325607,-13.43,0.07,1.05
1,1545979325608,-15.82,1.19,2.34
1,1545979325608,-13.04,0.31,0.89
1,1545979325609,-5.15,-0.8,1.79
1,1545979325609,-4.02,-0.27,1.15
1,1545979325763,-5.82,0.21,-0.13
1,1545979325765,-9.0,-0.27,-2.28
1,1545979325766,-16.19,-0.25,0.48
1,1545979325767,-15.39,0.29,1.38
1,1545979325769,-11.38,-0.33,2.38
1,1545979325842,-6.97,-0.85,3.37
1,1545979325843,-3.8,0.27,1.48
1,1545979325844,-5.68,0.6,0.5
1,1545979325844,-9.14,-0.74,-2.38
1,1545979325845,-13.92,-0.7,-0.5
1,1545979325846,-11.07,-0.5,0.74
1,1545979325846,-12.05,-0.31,0.72
1,1545979325847,-11.69,-0.21,0.7
1,1545979325907,-9.41,-0.83,-1.32
1,1545979325908,-9.23,-0.68,1.23
1,1545979325908,-9.31,-0.42,1.23
1,1545979325908,-9.66,-0.25,1.23
1,1545979325909,-10.11,-0.05,0.87
1,1545979325909,-9.9,-1.01,-0.93
1,1545979325909,-10.17,-1.77,-1.99
1,1545979325910,-11.85,-1.71,0.0
1,1545979325983,-12.79,-1.05,1.4
1,1545979326009,-9.68,-0.52,1.85
1,1545979326010,-7.71,-0.11,1.66
1,1545979326011,-7.16,0.15,0.31
1,1545979326011,-8.3,-0.31,0.29
1,1545979326012,-12.28,-1.17,0.13
1,1545979326013,-13.0,-1.03,0.54
1,1545979326014,-12.2,-1.15,0.58
1,1545979326061,-10.82,-1.46,1.15
1,1545979326086,-8.9,-0.29,1.13
1,1545979326089,-8.98,-0.15,0.97
1,1545979326090,-9.64,-0.5,0.62
1,1545979326092,-10.46,-0.76,0.11
1,1545979326093,-11.26,-0.93,1.23
1,1545979326095,-11.13,-0.7,1.05
1,1545979326096,-11.11,-0.35,1.26
1,1545979326138,-10.42,-0.21,1.13
1,1545979326138,-9.27,-0.13,1.48
1,1545979326139,-9.23,-0.6,1.07
1,1545979326139,-9.7,-0.89,1.15
1,1545979326139,-10.52,-0.82,1.17
1,1545979326139,-11.03,-0.42,0.89
1,1545979326140,-10.87,-0.72,0.7
1,1545979326208,-10.78,-1.05,1.07
1,1545979326210,-10.78,-0.76,1.25
1,1545979326211,-10.41,0.0,1.64
1,1545979326213,-9.86,-0.07,1.58
1,1545979326214,-9.51,-0.35,1.87
1,1545979326215,-9.51,-0.46,1.73
1,1545979326216,-10.5,-0.44,1.28
1,1545979326217,-10.97,-0.52,1.13
1,1545979326283,-11.34,-0.7,1.26
1,1545979326284,-11.42,-0.54,1.73
1,1545979326284,-10.39,-0.19,2.1
1,1545979326285,-9.84,-0.48,2.05
1,1545979326286,-9.8,-0.58,2.07
1,1545979326286,-10.13,-0.39,2.57
1,1545979326287,-10.62,-0.21,2.55
1,1545979326355,-10.58,-0.15,2.26
1,1545979326357,-10.44,-0.17,1.91
1,1545979326357,-10.52,-0.07,2.34
1,1545979326358,-10.44,-0.15,2.08
1,1545979326358,-10.41,-0.23,2.16
1,1545979326376,-10.44,-0.17,2.48
1,1545979326376,-10.41,-0.09,2.67
1,1545979326377,-10.11,0.07,3.24
1,1545979326441,-9.98,0.39,3.45
1,1545979326441,-9.64,0.37,2.91
1,1545979326442,-9.55,0.33,3.0
1,1545979326442,-10.01,0.41,3.39
1,1545979326442,-9.88,0.07,3.06
1,1545979326443,-9.9,0.07,2.65
1,1545979326443,-10.23,0.25,2.65
1,1545979326506,-11.13,0.78,2.61
1,1545979326510,-11.01,0.91,2.83
1,1545979326511,-10.44,0.76,2.77
1,1545979326512,-10.01,0.66,3.1
1,1545979326513,-9.53,0.35,3.2
1,1545979326514,-9.62,0.17,3.02
1,1545979326515,-11.05,0.78,2.77
1,1545979326516,-11.56,0.83,2.42
1,1545979326582,-11.11,0.72,2.63
1,1545979326657,-10.64,0.5,3.18
1,1545979326658,-10.21,0.48,3.08
1,1545979326660,-10.15,0.48,3.28
1,1545979326660,-10.13,0.56,2.96
1,1545979326661,-10.31,0.74,2.92
1,1545979326662,-10.66,0.8,3.0
1,1545979326663,-11.05,0.62,2.92
1,1545979326664,-10.8,0.68,3.2
1,1545979326729,-10.46,0.76,3.49
1,1545979326729,-10.13,0.64,3.61
1,1545979326730,-11.21,0.91,3.55
1,1545979326730,-10.89,0.99,3.65
1,1545979326731,-10.56,1.15,3.65
1,1545979326731,-10.48,1.19,3.92
1,1545979326731,-10.7,1.21,3.96
1,1545979326732,-11.46,1.38,3.78
1,1545979326803,-11.81,1.36,4.1
1,1545979326804,-11.79,1.28,4.51
1,1545979326804,-11.56,1.21,4.45
1,1545979326804,-11.52,1.34,4.43
1,1545979326805,-12.36,1.69,4.58
1,1545979326805,-12.98,1.75,4.41
1,1545979326806,-13.1,1.58,4.82
1,1545979326807,-11.99,1.69,5.15
1,1545979326878,-11.87,1.5,5.37
1,1545979326879,-12.51,1.48,5.17
1,1545979326879,-13.59,1.69,4.92
1,1545979326879,-14.76,1.58,4.94
1,1545979326880,-14.66,1.62,4.94
1,1545979326894,-14.43,1.77,5.27
1,1545979326895,-14.17,1.83,5.25
1,1545979326895,-14.64,1.77,4.72
1,1545979326953,-15.25,1.75,4.31
1,1545979326954,-15.66,1.77,4.51
1,1545979326954,-15.56,1.66,4.68
1,1545979326954,-15.44,1.93,4.8
1,1545979326955,-15.27,2.2,5.23
1,1545979326961,-14.41,2.32,4.88
1,1545979326961,-14.06,2.18,5.15
1,1545979326962,-15.15,1.46,4.16
1,1545979327028,-16.03,1.52,4.49
1,1545979327028,-16.01,1.48,4.02
1,1545979327028,-15.41,1.36,3.92
1,1545979327052,-14.37,1.46,4.88
1,1545979327053,-13.78,1.3,4.47
1,1545979327053,-13.71,1.4,4.53
1,1545979327054,-14.1,1.64,4.64
1,1545979327103,-14.49,0.91,3.78
1,1545979327104,-14.51,0.72,3.82
1,1545979327105,-14.25,0.29,3.59
1,1545979327114,-14.14,0.03,3.59
1,1545979327114,-14.1,0.42,3.18
1,1545979327115,-13.86,0.48,3.12
1,1545979327115,-13.78,0.58,2.53
1,1545979327115,-13.8,0.83,2.94
1,1545979327258,-13.33,0.11,2.61
1,1545979327259,-13.24,-0.01,2.87
1,1545979327261,-12.96,-0.35,2.77
1,1545979327262,-12.71,-0.72,2.34
1,1545979327263,-13.02,-0.54,2.65
1,1545979327347,-13.04,-0.15,2.89
1,1545979327348,-12.51,-0.11,2.16
1,1545979327348,-11.93,-0.46,1.48
1,1545979327349,-12.69,-0.52,1.62
1,1545979327349,-12.67,-0.8,1.36
1,1545979327349,-9.96,-0.64,1.77
1,1545979327349,-10.05,-0.68,1.87
1,1545979327350,-10.29,-0.37,1.89
1,1545979327405,-9.84,-0.29,1.3
1,1545979327416,-7.34,-0.11,1.69
1,1545979327416,-6.67,-0.35,1.46
1,1545979327416,-4.88,-0.5,2.16
1,1545979327416,-4.08,-0.39,1.52
1,1545979327417,-3.78,-0.05,2.01
1,1545979327417,-3.2,0.41,2.16
1,1545979327417,-0.85,0.23,0.72
1,1545979327480,-0.07,0.11,0.97
1,1545979327505,-0.11,0.17,0.76
1,1545979327507,-0.7,0.48,0.48
1,1545979327507,-2.05,1.09,-0.64
1,1545979327508,-1.91,0.89,-1.28
1,1545979327508,-1.79,-0.29,-0.85
1,1545979327509,-1.91,-1.13,-0.15
1,1545979327510,-2.51,-1.15,-0.39
1,1545979327556,-3.08,-1.17,-0.5
1,1545979327582,-3.51,-1.01,-0.6
1,1545979327583,-3.65,-0.83,-0.78
1,1545979327583,-1.85,-0.89,-0.62
1,1545979327584,-1.36,-0.76,-1.01
1,1545979327584,-2.22,-0.7,-0.85
1,1545979327584,-4.16,-0.56,-0.97
1,1545979327585,-7.83,0.78,1.11
1,1545979327629,-7.91,1.15,1.01
1,1545979327630,-7.63,0.72,1.11
1,1545979327630,-7.18,0.33,1.13
1,1545979327630,-7.65,1.77,2.05
1,1545979327631,-8.24,2.46,1.36
1,1545979327631,-8.98,3.2,1.21
1,1545979327631,-9.8,3.71,2.16
1,1545979327703,-8.45,3.08,2.24
1,1545979327717,-9.35,2.96,3.92
1,1545979327718,-10.74,3.1,2.67
1,1545979327718,-11.73,3.78,1.66
1,1545979327718,-10.05,3.49,2.55
1,1545979327718,-8.88,3.53,2.14
1,1545979327719,-10.09,3.47,3.55
1,1545979327719,-11.44,2.73,2.26
1,1545979327779,-11.64,4.02,1.42
1,1545979327780,-11.09,4.04,1.71
1,1545979327781,-9.88,3.33,1.91
1,1545979327781,-8.39,2.5,1.44
1,1545979327782,-9.96,1.52,1.69
1,1545979327783,-11.58,2.24,0.66
1,1545979327783,-12.1,3.55,1.32
1,1545979327858,-10.72,4.08,1.21
1,1545979327859,-8.39,2.89,2.73
1,1545979327859,-8.02,1.89,2.57
1,1545979327859,-8.63,1.38,2.4
1,1545979327871,-9.84,1.58,2.16
1,1545979327871,-9.41,3.59,2.1
1,1545979327872,-8.76,2.92,2.53
1,1545979327872,-8.63,2.24,2.65
1,1545979327937,-9.08,2.01,1.99
1,1545979327938,-9.8,2.63,1.66
1,1545979327938,-9.41,2.79,1.99
1,1545979327939,-9.02,2.92,2.03
1,1545979327939,-9.08,2.75,1.34
1,1545979327940,-9.23,2.92,1.21
1,1545979327940,-8.96,2.89,1.19
1,1545979328003,-8.45,2.55,1.23
1,1545979328006,-7.98,2.18,1.21
1,1545979328006,-7.91,1.91,1.42
1,1545979328007,-7.89,1.34,0.7
1,1545979328007,-8.59,1.25,1.26
1,1545979328008,-9.19,1.64,1.19
1,1545979328008,-9.14,2.71,1.34
1,1545979328008,-8.14,2.63,1.36
1,1545979328086,-7.24,2.3,1.46
1,1545979328087,-6.91,1.73,1.48
1,1545979328088,-7.1,0.82,1.07
1,1545979328089,-7.65,0.42,0.37
1,1545979328090,-9.43,0.5,0.66
1,1545979328090,-11.5,1.95,2.05
1,1545979328091,-10.03,3.1,0.83
1,1545979328163,-7.65,2.14,1.09
1,1545979328167,-5.95,1.38,2.53
1,1545979328168,-4.92,0.68,2.38
1,1545979328169,-5.89,-0.5,1.01
1,1545979328169,-7.94,-1.03,-0.44
1,1545979328170,-12.16,-0.37,0.44
1,1545979328171,-15.74,2.44,1.62
1,1545979328172,-10.5,2.92,0.46
1,1545979328231,-6.44,1.62,1.71
1,1545979328231,-3.61,0.85,3.18
1,1545979328231,-2.46,0.03,3.69
1,1545979328232,-6.15,-1.19,-1.26
1,1545979328232,-11.19,-0.89,-1.46
1,1545979328232,-16.77,0.87,1.15
1,1545979328233,-17.51,2.12,0.8
1,1545979328307,-8.76,0.68,1.79
1,1545979328325,-5.17,0.58,2.92
1,1545979328326,-3.22,0.76,2.79
1,1545979328326,-3.47,0.48,1.07
1,1545979328326,-10.66,-0.52,-0.68
1,1545979328326,-14.7,0.31,-0.13
1,1545979328327,-16.67,0.31,0.13
1,1545979328327,-15.13,-0.31,1.21
1,1545979328380,-6.66,-0.25,3.49
1,1545979328389,-3.51,-0.07,1.62
1,1545979328390,-3.45,-0.66,-1.21
1,1545979328390,-7.63,-0.58,0.7
1,1545979328390,-13.61,0.5,0.66
1,1545979328390,-12.38,-0.37,0.15
1,1545979328390,-10.56,-1.07,0.78
1,1545979328532,-8.8,-0.93,1.17
1,1545979328532,-8.53,-0.46,-1.36
1,1545979328532,-10.93,-0.39,0.6
1,1545979328533,-12.24,0.31,1.48
1,1545979328533,-11.05,0.31,1.25
1,1545979328533,-7.14,-0.95,2.18
1,1545979328533,-6.58,-0.7,1.66
1,1545979328533,-7.34,-0.13,0.72
1,1545979328613,-9.14,0.19,0.17
1,1545979328614,-10.72,-1.17,-1.13
1,1545979328614,-6.71,0.17,1.48
1,1545979328615,-6.71,-0.66,0.91
1,1545979328616,-11.07,-1.25,1.19
1,1545979328616,-12.1,-1.15,0.74
1,1545979328617,-11.42,-1.36,-1.23
1,1545979328617,-10.95,-1.73,-0.11
1,1545979328682,-9.8,-0.39,1.85
1,1545979328683,-8.59,0.07,1.54
1,1545979328683,-7.28,-0.41,-0.68
1,1545979328684,-8.26,-0.97,-0.54
1,1545979328704,-11.48,-0.76,0.95
1,1545979328704,-10.89,-1.01,0.13
1,1545979328704,-10.05,-1.15,0.95
1,1545979328704,-9.04,-1.11,1.17
1,1545979328758,-8.94,-0.41,1.01
1,1545979328776,-9.53,-0.35,-0.23
1,1545979328776,-10.72,-0.35,-0.15
1,1545979328776,-11.46,-0.62,-0.17
1,1545979328777,-11.03,-0.91,1.23
1,1545979328777,-10.11,-1.09,0.99
1,1545979328777,-9.74,-1.09,1.64
1,1545979328777,-9.16,-0.74,1.52
1,1545979328831,-9.82,-0.64,1.26
1,1545979328831,-10.54,-0.42,0.21
1,1545979328832,-11.62,-0.44,-0.05
1,1545979328843,-12.5,-0.29,0.8
1,1545979328843,-11.42,-0.42,1.07
1,1545979328843,-10.17,-0.8,1.25
1,1545979328844,-9.47,-0.99,0.74
1,1545979328844,-10.03,-1.07,1.73
1,1545979328911,-11.56,-0.62,0.5
1,1545979328913,-12.18,-0.25,1.23
1,1545979328914,-12.18,-0.13,1.09
1,1545979328915,-12.08,-0.11,0.83
1,1545979328917,-11.21,-0.62,1.3
1,1545979328919,-10.74,-0.5,1.87
1,1545979328920,-10.27,-0.76,1.5
1,1545979328921,-10.07,-0.85,1.46
1,1545979328981,-11.21,-0.42,1.19
1,1545979328982,-12.07,-0.29,1.26
1,1545979328982,-12.24,-0.21,1.36
1,1545979328982,-11.62,0.15,1.4
1,1545979328983,-10.03,0.05,1.67
1,1545979328983,-10.0,0.15,1.85
1,1545979328983,-10.01,0.37,1.71
1,1545979329059,-10.17,0.44,1.71
1,1545979329059,-10.19,0.25,1.81
1,1545979329060,-10.42,0.31,1.44
1,1545979329060,-10.97,0.62,1.91
1,1545979329060,-11.21,0.5,1.58
1,1545979329060,-11.11,0.62,1.91
1,1545979329061,-10.91,0.74,2.3
1,1545979329061,-10.66,0.74,2.2
1,1545979329135,-10.52,0.6,2.07
1,1545979329137,-10.5,0.46,3.1
1,1545979329139,-10.39,0.72,3.45
1,1545979329141,-10.23,0.97,2.73
1,1545979329142,-10.54,1.28,2.51
1,1545979329144,-10.99,1.07,2.94
1,1545979329145,-10.83,1.01,3.39
1,1545979329209,-10.74,1.03,3.71
1,1545979329210,-10.7,0.68,3.18
1,1545979329210,-10.91,0.66,2.98
1,1545979329211,-11.11,1.3,3.47
1,1545979329212,-10.89,1.42,2.94
1,1545979329212,-10.62,1.36,2.94
1,1545979329213,-10.33,1.05,3.45
1,1545979329213,-10.41,0.95,3.2
1,1545979329285,-10.8,1.21,2.67
1,1545979329286,-11.44,1.54,3.71
1,1545979329286,-10.97,1.17,2.79
1,1545979329287,-10.54,1.38,4.02
1,1545979329288,-10.27,1.17,3.51
1,1545979329288,-10.6,1.32,3.16
1,1545979329289,-11.73,1.97,3.2
1,1545979329361,-11.62,1.75,3.63
1,1545979329363,-10.83,1.38,3.8
1,1545979329364,-10.21,1.4,4.1
1,1545979329365,-10.5,1.81,4.17
1,1545979329365,-10.95,2.01,3.51
1,1545979329366,-11.54,2.07,3.73
1,1545979329367,-12.14,1.93,3.63
1,1545979329367,-12.4,1.62,3.88
1,1545979329435,-11.81,1.64,4.16
1,1545979329437,-11.3,2.14,4.62
1,1545979329439,-11.11,2.51,4.47
1,1545979329441,-11.54,2.71,4.19
1,1545979329444,-12.65,2.42,4.06
1,1545979329445,-12.79,1.93,3.75
1,1545979329446,-12.92,1.95,4.12
1,1545979329508,-12.83,2.07,4.14
1,1545979329509,-12.73,2.28,4.1
1,1545979329510,-12.81,2.69,4.21
1,1545979329511,-13.06,2.71,4.53
1,1545979329511,-12.87,2.1,4.29
1,1545979329512,-13.12,2.26,4.8
1,1545979329512,-13.32,2.26,4.37
1,1545979329513,-13.35,2.34,4.53
1,1545979329583,-12.61,2.16,4.6
1,1545979329584,-12.69,2.14,4.47
1,1545979329585,-13.22,2.4,4.37
1,1545979329586,-13.8,2.55,4.27
1,1545979329587,-14.04,2.53,4.04
1,1545979329587,-13.37,2.2,4.53
1,1545979329588,-13.02,1.83,4.51
1,1545979329657,-13.16,1.89,4.82
1,1545979329658,-13.96,2.16,4.41
1,1545979329659,-13.88,2.51,4.49
1,1545979329659,-13.82,2.42,4.29
1,1545979329660,-14.04,2.22,4.14
1,1545979329661,-14.7,1.97,4.31
1,1545979329661,-14.8,1.81,4.1
1,1545979329661,-14.84,1.83,3.96
1,1545979329734,-14.86,1.87,4.17
1,1545979329736,-14.68,1.67,4.23
1,1545979329737,-14.55,1.83,4.19
1,1545979329738,-14.68,1.71,4.43
1,1545979329739,-14.37,1.5,4.04
1,1545979329739,-14.27,1.58,3.92
1,1545979329740,-14.45,1.36,3.67
1,1545979329808,-14.19,1.05,3.16
1,1545979329808,-13.88,0.85,3.45
1,1545979329809,-13.69,0.85,3.0
1,1545979329809,-13.61,0.99,2.77
1,1545979329810,-13.53,1.03,2.91
1,1545979329810,-13.49,1.13,2.59
1,1545979329810,-13.53,1.13,2.26
1,1545979329834,-13.39,1.17,2.63
1,1545979329881,-12.77,1.23,2.4
1,1545979329882,-12.14,0.74,2.22
1,1545979329882,-12.18,0.15,2.28
1,1545979329883,-12.73,0.0,2.1
1,1545979329900,-12.75,-0.33,2.36
1,1545979329901,-12.57,-0.5,2.83
1,1545979329901,-11.69,-0.25,2.75
1,1545979329962,-11.56,0.11,2.71
1,1545979329963,-11.56,0.5,2.83
1,1545979329963,-11.26,0.52,2.87
1,1545979329964,-10.95,0.25,2.67
1,1545979329965,-10.44,-0.05,2.94
1,1545979329966,-9.94,0.19,2.71
1,1545979329966,-9.29,0.31,2.79
1,1545979329967,-8.61,0.39,2.38
1,1545979330032,-8.37,1.23,2.12
1,1545979330033,-7.77,1.3,2.44
1,1545979330033,-6.4,1.05,2.79
1,1545979330034,-4.7,0.8,2.42
1,1545979330034,-1.6,0.19,2.26
1,1545979330035,-0.37,0.44,1.28
1,1545979330036,0.37,0.85,0.03
1,1545979330109,0.52,1.11,-0.82
1,1545979330110,0.19,0.78,-1.58
1,1545979330110,-0.68,0.39,-0.91
1,1545979330110,-1.5,-0.29,0.19
1,1545979330111,-1.66,-0.74,0.41
1,1545979330111,-0.29,-1.09,0.95
1,1545979330111,0.54,-1.54,1.13
1,1545979330111,0.62,-2.32,0.83
1,1545979330182,0.25,-2.63,-0.11
1,1545979330182,-2.65,-1.99,-0.17
1,1545979330183,-4.04,-1.54,-1.28
1,1545979330184,-4.94,-1.71,-0.87
1,1545979330184,-5.58,-1.93,0.01
1,1545979330184,-6.13,-0.91,-1.07
1,1545979330185,-5.64,-0.11,-2.65
1,1545979330260,-5.82,0.33,-3.98
1,1545979330261,-5.97,1.07,1.01
1,1545979330262,-4.12,4.57,1.71
1,1545979330262,-4.84,3.94,3.33
1,1545979330263,-5.89,2.36,4.29
1,1545979330263,-7.61,1.23,3.3
1,1545979330263,-11.64,3.02,5.17
1,1545979330333,-11.56,3.24,3.37
1,1545979330335,-10.99,2.85,0.35
1,1545979330336,-11.58,3.45,2.59
1,1545979330337,-11.32,4.29,2.08
1,1545979330338,-11.85,5.11,3.0
1,1545979330338,-11.95,4.7,2.61
1,1545979330339,-10.7,3.69,1.23
1,1545979330340,-10.39,3.35,4.6
1,1545979330408,-10.91,3.1,3.57
1,1545979330410,-11.05,2.83,1.64
1,1545979330411,-10.95,2.94,1.17
1,1545979330413,-9.31,2.96,0.48
1,1545979330414,-8.69,3.32,2.44
1,1545979330415,-8.67,2.96,2.42
1,1545979330417,-9.17,2.42,0.5
1,1545979330483,-11.09,2.63,1.91
1,1545979330484,-10.0,3.16,2.26
1,1545979330484,-8.26,3.32,1.91
1,1545979330485,-7.42,3.14,2.12
1,1545979330486,-8.55,2.26,1.32
1,1545979330487,-9.74,2.24,1.73
1,1545979330487,-10.0,2.4,2.73
1,1545979330488,-8.8,2.36,2.01
1,1545979330561,-8.55,3.3,2.71
1,1545979330562,-9.84,3.61,1.25
1,1545979330563,-10.15,3.35,1.32
1,1545979330563,-10.58,2.94,1.32
1,1545979330564,-10.03,3.59,1.97
1,1545979330564,-9.19,3.51,1.5
1,1545979330565,-8.8,3.32,1.38
1,1545979330565,-9.14,3.0,2.1
1,1545979330635,-9.31,2.36,1.26
1,1545979330636,-9.25,2.03,1.6
1,1545979330637,-9.08,1.93,1.66
1,1545979330637,-8.76,2.14,1.23
1,1545979330637,-9.39,2.71,1.34
1,1545979330638,-9.64,2.77,1.17
1,1545979330638,-9.58,2.55,1.21
1,1545979330714,-9.14,2.55,1.23
1,1545979330715,-8.1,2.18,1.21
1,1545979330715,-7.75,1.93,1.56
1,1545979330716,-7.48,1.58,1.52
1,1545979330726,-7.65,1.23,1.38
1,1545979330727,-8.39,0.85,0.15
1,1545979330727,-9.55,1.73,1.13
1,1545979330781,-10.17,2.75,0.97
1,1545979330781,-9.96,2.83,-0.11
1,1545979330782,-7.89,1.62,1.44
1,1545979330790,-6.6,1.01,1.32
1,1545979330791,-5.82,0.42,1.21
1,1545979330791,-6.15,0.29,1.28
1,1545979330791,-8.49,1.75,1.15
1,1545979330791,-8.78,1.81,0.31
1,1545979330855,-8.94,1.38,0.72
1,1545979330874,-8.8,1.09,1.17
1,1545979330874,-9.16,1.6,1.64
1,1545979330874,-9.08,1.89,1.4
1,1545979330875,-8.12,1.71,1.23
1,1545979330875,-6.67,1.36,2.08
1,1545979330875,-4.25,0.5,2.18
1,1545979330931,-4.27,-0.5,-0.35
1,1545979330932,-6.91,-1.44,-2.24
1,1545979330932,-12.36,-0.93,-0.23
1,1545979330932,-16.25,3.28,0.29
1,1545979330932,-11.36,2.48,1.05
1,1545979330933,-6.28,1.42,2.26
1,1545979330933,-2.92,1.15,2.94
1,1545979330933,-2.1,-0.11,1.28
1,1545979331007,-4.88,-0.87,-1.67
1,1545979331008,-9.98,-1.03,-3.24
1,1545979331008,-17.36,0.33,0.21
1,1545979331008,-14.98,1.05,0.25
1,1545979331009,-10.25,0.11,3.41
1,1545979331009,-5.66,-0.05,2.48
1,1545979331009,-3.18,0.44,1.56
1,1545979331080,-5.78,0.91,-1.13
1,1545979331080,-10.56,0.68,-0.11
1,1545979331092,-13.75,0.62,0.29
1,1545979331093,-13.82,-0.09,-0.89
1,1545979331093,-9.49,-1.21,1.36
1,1545979331093,-7.51,-1.13,-0.01
1,1545979331093,-7.75,-0.33,1.62
1,1545979331093,-8.24,0.91,0.31
1,1545979331155,-10.52,0.31,0.41
1,1545979331156,-11.03,-0.15,1.01
1,1545979331156,-10.82,0.15,1.58
1,1545979331157,-9.57,-0.17,1.48
1,1545979331157,-7.65,-0.58,0.56
1,1545979331158,-8.67,-0.15,-0.74
1,1545979331158,-10.56,-0.05,-1.23
1,1545979331308,-12.48,-0.48,-0.41
1,1545979331308,-11.15,0.05,1.13
1,1545979331309,-9.25,0.58,1.42
1,1545979331309,-8.04,1.13,1.64
1,1545979331309,-7.48,1.05,0.37
1,1545979331381,-10.17,-0.13,0.07
1,1545979331382,-11.81,-0.83,0.91
1,1545979331396,-11.85,-0.91,1.19
1,1545979331397,-11.09,-0.58,0.97
1,1545979331397,-11.19,-0.74,1.64
1,1545979331398,-10.8,-0.01,2.16
1,1545979331398,-9.64,0.91,1.17
1,1545979331398,-10.48,1.17,1.26
1,1545979331457,-11.23,0.89,1.21
1,1545979331457,-10.62,0.31,1.21
1,1545979331458,-10.7,0.41,0.97
1,1545979331458,-11.62,0.44,0.66
1,1545979331458,-13.06,1.15,1.95
1,1545979331459,-11.56,0.35,1.79
1,1545979331459,-10.0,-0.15,2.08
1,1545979331460,-9.12,-0.03,2.5
1,1545979331530,-10.58,1.05,1.89
1,1545979331531,-11.6,1.15,1.75
1,1545979331531,-11.77,1.11,2.26
1,1545979331532,-11.11,0.91,2.24
1,1545979331532,-10.03,-0.13,2.63
1,1545979331532,-10.23,0.29,2.2
1,1545979331532,-10.91,1.03,2.18
1,1545979331532,-11.23,1.5,1.67
1,1545979331605,-11.28,1.77,2.4
1,1545979331613,-10.6,1.11,1.77
1,1545979331614,-10.31,0.8,1.81
1,1545979331614,-10.39,0.87,2.38
1,1545979331614,-10.39,1.42,2.63
1,1545979331614,-10.46,1.75,2.18
1,1545979331615,-10.62,1.85,1.99
1,1545979331615,-10.62,1.75,1.64
1,1545979331681,-10.87,1.17,2.44
1,1545979331699,-11.09,1.09,2.5
1,1545979331700,-11.05,1.32,2.53
1,1545979331700,-10.64,1.77,3.18
1,1545979331701,-8.92,1.81,4.04
1,1545979331701,-8.3,1.75,4.57
1,1545979331702,-8.04,1.93,4.45
1,1545979331702,-8.28,1.85,4.14
1,1545979331757,-10.05,1.4,3.63
1,1545979331760,-10.8,1.21,3.51
1,1545979331761,-11.01,1.21,3.41
1,1545979331761,-10.85,1.3,4.02
1,1545979331762,-9.53,1.66,3.57
1,1545979331762,-9.08,1.85,4.06
1,1545979331762,-8.86,1.73,3.39
1,1545979331832,-9.37,1.91,3.76
1,1545979331833,-10.0,1.56,2.96
1,1545979331834,-9.92,1.87,3.47
1,1545979331834,-9.68,2.03,4.25
1,1545979331852,-9.21,1.81,4.16
1,1545979331853,-8.8,1.64,4.12
1,1545979331853,-9.33,1.79,3.41
1,1545979331854,-10.15,2.07,3.73
1,1545979331919,-10.11,1.52,3.65
1,1545979331919,-9.6,1.87,4.19
1,1545979331920,-9.62,1.95,4.02
1,1545979331920,-9.51,2.03,4.27
1,1545979331920,-9.23,1.91,4.49
1,1545979331920,-9.37,1.58,4.19
1,1545979331921,-9.92,1.62,4.19
1,1545979331980,-10.35,1.75,4.23
1,1545979331980,-10.15,2.01,4.51
1,1545979332000,-9.14,2.26,5.0
1,1545979332001,-8.88,2.03,4.62
1,1545979332002,-9.12,1.87,4.78
1,1545979332003,-9.55,1.81,5.05
1,1545979332003,-10.46,2.05,4.45
1,1545979332004,-10.76,2.16,4.57
1,1545979332058,-10.56,2.01,4.49
1,1545979332061,-9.88,1.99,5.03
1,1545979332062,-9.29,1.62,5.27
1,1545979332063,-9.78,1.89,5.07
1,1545979332064,-10.15,2.38,4.08
1,1545979332065,-10.62,2.71,5.13
1,1545979332066,-10.09,2.03,4.62
1,1545979332210,-10.17,2.08,5.03
1,1545979332211,-10.66,2.12,5.15
1,1545979332212,-10.64,2.12,4.68
1,1545979332212,-10.5,2.65,5.6
1,1545979332213,-10.23,2.42,5.07
1,1545979332280,-10.23,2.5,5.19
1,1545979332281,-10.8,2.59,5.13
1,1545979332281,-11.5,2.16,5.48
1,1545979332282,-11.07,2.38,5.83
1,1545979332282,-10.64,2.71,5.66
1,1545979332282,-11.75,2.91,6.26
1,1545979332303,-11.28,2.77,6.44
1,1545979332304,-11.62,3.16,6.44
1,1545979332437,-12.22,3.22,6.36
1,1545979332438,-11.97,3.24,6.25
1,1545979332440,-12.69,2.77,5.83
1,1545979332441,-13.39,3.26,5.93
1,1545979332441,-12.98,3.22,6.15
1,1545979332581,-11.95,2.94,6.26
1,1545979332582,-11.95,2.75,6.23
1,1545979332582,-12.28,2.44,6.01
1,1545979332582,-12.67,2.71,6.26
1,1545979332582,-12.98,3.14,5.97
1,1545979332658,-13.35,3.04,4.76
1,1545979332661,-13.67,3.24,4.9
1,1545979332662,-12.83,3.0,5.09
1,1545979332662,-12.51,2.87,5.07
1,1545979332663,-14.31,1.83,4.29
1,1545979332663,-13.39,0.78,2.98
1,1545979332663,-12.94,0.58,3.08
1,1545979332664,-12.44,0.6,3.06
1,1545979332731,-12.51,0.39,2.36
1,1545979332732,-12.51,0.48,3.26
1,1545979332732,-11.81,0.09,2.83
1,1545979332732,-11.71,0.13,2.4
1,1545979332732,-11.87,0.05,3.65
1,1545979332756,-11.21,-0.25,3.06
1,1545979332756,-10.7,-0.19,2.51
1,1545979332813,-10.66,-0.19,2.85
1,1545979332814,-11.66,-0.31,1.85
1,1545979332815,-12.08,0.5,2.38
1,1545979332817,-11.09,1.07,2.73
1,1545979332818,-9.06,1.13,3.51
1,1545979332819,-5.27,0.72,3.06
1,1545979332819,-4.45,0.44,2.87
1,1545979332820,-4.21,0.13,2.53
1,1545979332882,-4.53,0.09,2.87
1,1545979332883,-3.24,0.97,0.91
1,1545979332884,-2.46,1.17,1.17
1,1545979332885,-1.83,0.93,1.25
1,1545979332887,-1.21,0.41,0.66
1,1545979332887,-0.15,-0.31,-0.07
1,1545979332888,-0.17,-0.25,-0.29
1,1545979332888,-0.66,-0.07,-0.37
1,1545979332954,-1.32,0.01,-0.39
1,1545979332954,-1.64,-0.17,-0.78
1,1545979332974,-1.09,-0.15,-0.64
1,1545979332975,-0.05,-0.56,0.09
1,1545979332975,0.6,-1.25,-0.33
1,1545979332976,-0.82,-2.32,-0.05
1,1545979332976,-2.48,-2.05,0.35
1,1545979332976,-4.14,-1.46,0.17
1,1545979333034,-5.07,-1.42,-2.28
1,1545979333039,-7.34,-0.83,0.68
1,1545979333040,-6.3,-0.03,-1.73
1,1545979333041,-5.8,0.07,-1.6
1,1545979333043,-5.25,-0.23,1.54
1,1545979333044,-4.92,0.39,2.98
1,1545979333045,-6.71,2.01,3.92
1,1545979333046,-8.33,3.45,4.47
1,1545979333108,-8.65,3.06,0.25
1,1545979333111,-11.56,3.92,4.06
1,1545979333112,-12.48,3.71,1.91
1,1545979333113,-12.73,3.35,0.95
1,1545979333114,-11.67,3.35,0.85
1,1545979333136,-9.6,3.88,3.12
1,1545979333138,-9.04,3.96,2.07
1,1545979333185,-9.64,3.69,2.75
1,1545979333186,-10.42,2.89,1.17
1,1545979333187,-10.76,2.53,1.44
1,1545979333187,-9.43,2.32,1.99
1,1545979333188,-8.57,2.55,2.01
1,1545979333189,-8.63,2.92,0.76
1,1545979333189,-10.83,3.12,1.56
1,1545979333190,-9.76,2.63,0.48
1,1545979333255,-8.57,2.46,1.25
1,1545979333256,-8.3,2.16,1.73
1,1545979333257,-9.6,2.67,2.12
1,1545979333258,-8.59,2.91,1.3
1,1545979333259,-8.28,3.0,1.15
1,1545979333260,-8.82,2.81,1.44
1,1545979333260,-9.86,1.5,1.03
1,1545979333331,-10.33,1.66,2.05
1,1545979333332,-10.21,2.59,1.87
1,1545979333332,-10.11,3.53,1.26
1,1545979333332,-8.8,3.63,0.87
1,1545979333332,-8.59,3.06,1.67
1,1545979333333,-8.71,2.24,1.23
1,1545979333333,-9.66,1.89,1.4
1,1545979333333,-10.23,1.87,0.66
1,1545979333406,-10.13,2.5,2.12
1,1545979333407,-9.31,2.71,0.83
1,1545979333408,-8.9,2.94,0.78
1,1545979333409,-8.04,2.53,1.17
1,1545979333410,-7.87,1.85,1.36
1,1545979333413,-7.67,1.25,1.54
1,1545979333414,-8.04,1.13,0.99
1,1545979333486,-9.06,1.97,0.54
1,1545979333487,-9.04,1.77,0.72
1,1545979333489,-9.19,2.26,1.97
1,1545979333490,-8.8,2.55,1.42
1,1545979333491,-7.65,1.97,1.79
1,1545979333492,-6.95,1.44,1.28
1,1545979333493,-6.79,1.15,1.66
1,1545979333494,-7.36,0.85,1.46
1,1545979333556,-10.01,1.95,1.25
1,1545979333558,-10.39,1.89,0.17
1,1545979333558,-10.66,1.81,1.19
1,1545979333559,-10.31,2.38,2.34
1,1545979333559,-7.81,1.75,1.73
1,1545979333560,-6.5,1.21,1.21
1,1545979333561,-5.87,0.87,1.93
1,1545979333640,-6.46,-0.11,1.95
1,1545979333643,-10.52,1.07,1.73
1,1545979333645,-11.34,1.42,1.21
1,1545979333646,-11.34,1.4,1.21
1,1545979333648,-9.84,1.67,1.25
1,1545979333649,-6.95,0.78,1.79
1,1545979333651,-6.99,0.68,1.81
1,1545979333707,-7.32,0.93,1.09
1,1545979333708,-8.26,0.37,0.25
1,1545979333709,-12.53,1.54,1.66
1,1545979333709,-11.97,1.69,0.62
1,1545979333710,-10.23,1.23,1.03
1,1545979333710,-8.24,1.28,2.2
1,1545979333710,-5.82,0.85,1.79
1,1545979333711,-6.56,0.44,2.59
1,1545979333781,-7.53,0.01,-0.25
1,1545979333782,-9.68,-0.27,-0.56
1,1545979333783,-12.08,0.39,0.15
1,1545979333784,-11.46,0.7,1.48
1,1545979333784,-9.62,0.66,1.73
1,1545979333784,-7.71,0.5,1.6
1,1545979333785,-5.13,-0.13,1.87
1,1545979333860,-5.23,-1.07,-1.89
1,1545979333863,-8.96,-1.28,0.03
1,1545979333864,-13.32,-0.25,2.44
1,1545979333865,-12.3,0.76,1.26
1,1545979333866,-8.24,-0.17,1.95
1,1545979333867,-5.19,-0.33,1.66
1,1545979333867,-5.11,-0.17,1.09
1,1545979333868,-11.09,-0.25,0.91
1,1545979333938,-12.59,-0.64,0.17
1,1545979333939,-12.2,-0.6,0.6
1,1545979333940,-10.72,-0.54,1.21
1,1545979333941,-10.46,0.07,1.09
1,1545979333942,-10.7,0.66,1.13
1,1545979333949,-10.31,0.48,1.69
1,1545979333950,-8.98,-0.29,2.08
1,1545979334090,-8.84,-0.6,1.91
1,1545979334091,-10.25,-0.21,1.38
1,1545979334093,-11.48,-0.01,0.56
1,1545979334093,-11.67,-0.17,0.7
1,1545979334094,-10.11,-0.62,0.56
1,1545979334163,-10.66,-0.52,1.67
1,1545979334165,-11.09,-0.27,1.5
1,1545979334167,-11.07,-0.09,1.05
1,1545979334168,-9.19,-0.48,2.91
1,1545979334169,-9.7,-0.46,1.89
1,1545979334171,-8.76,-0.66,0.25
1,1545979334172,-10.29,-0.48,0.82
1,1545979334173,-11.48,0.09,2.16
1,1545979334231,-11.48,0.35,1.13
1,1545979334232,-10.29,0.05,2.85
1,1545979334233,-9.37,0.21,1.85
1,1545979334233,-9.82,0.74,2.1
1,1545979334234,-10.29,1.17,1.52
1,1545979334234,-10.54,0.82,1.44
1,1545979334236,-11.07,0.01,1.11
1,1545979334237,-11.21,0.09,1.89
1,1545979334310,-10.83,0.11,2.71
1,1545979334311,-10.23,0.37,2.44
1,1545979334313,-9.0,1.01,2.79
1,1545979334313,-8.63,1.17,2.42
1,1545979334314,-8.9,1.09,2.75
1,1545979334315,-9.57,0.8,2.51
1,1545979334316,-11.32,0.72,1.87
1,1545979334318,-11.95,0.74,2.48
1,1545979334381,-11.58,0.72,2.38
1,1545979334381,-10.89,0.54,2.2
1,1545979334382,-10.11,1.15,2.83
1,1545979334382,-10.13,1.34,3.14
1,1545979334383,-10.03,1.11,3.82
1,1545979334383,-9.84,0.91,3.8
1,1545979334384,-9.74,1.54,4.33
1,1545979334457,-9.55,1.66,3.8
1,1545979334459,-9.55,1.54,2.94
1,1545979334461,-10.03,1.54,2.67
1,1545979334462,-11.99,1.99,3.35
1,1545979334463,-12.2,1.83,2.53
1,1545979334464,-11.54,2.1,3.04
1,1545979334465,-10.21,2.16,4.21
1,1545979334467,-7.92,1.79,3.94
1,1545979334532,-8.24,2.36,3.82
1,1545979334533,-9.49,2.75,3.47
1,1545979334534,-10.87,2.83,2.92
1,1545979334534,-11.09,1.93,3.2
1,1545979334535,-10.56,1.52,3.75
1,1545979334536,-10.05,1.64,3.96
1,1545979334536,-9.53,1.99,4.23
1,1545979334608,-8.78,2.3,5.01
1,1545979334610,-8.33,2.65,4.35
1,1545979334612,-9.14,2.69,4.8
1,1545979334613,-9.9,2.42,3.94
1,1545979334614,-10.85,2.12,4.14
1,1545979334615,-10.62,1.79,3.96
1,1545979334616,-10.09,1.95,4.21
1,1545979334617,-9.39,2.2,4.82
1,1545979334681,-8.37,2.38,4.41
1,1545979334682,-8.61,2.83,4.16
1,1545979334682,-9.33,3.0,4.0
1,1545979334683,-10.17,2.55,3.69
1,1545979334683,-10.5,2.1,3.63
1,1545979334683,-10.05,2.1,4.04
1,1545979334684,-9.35,2.1,3.86
1,1545979334755,-8.84,2.44,3.88
1,1545979334757,-9.33,2.92,3.9
1,1545979334757,-9.53,2.59,3.8
1,1545979334758,-9.47,2.18,3.76
1,1545979334758,-9.39,2.07,4.06
1,1545979334759,-9.1,2.18,3.78
1,1545979334759,-9.06,2.42,4.1
1,1545979334759,-9.14,2.71,4.16
1,1545979334831,-9.25,2.85,3.98
1,1545979334832,-9.17,2.12,4.0
1,1545979334833,-9.31,1.89,4.21
1,1545979334833,-9.6,1.97,4.35
1,1545979334834,-9.78,2.2,4.62
1,1545979334834,-9.0,2.46,4.96
1,1545979334835,-8.49,2.48,5.13
1,1545979334988,-8.32,2.34,4.96
1,1545979334990,-8.59,2.44,5.03
1,1545979334991,-9.86,2.61,4.53
1,1545979334992,-10.31,2.77,4.43
1,1545979334993,-10.44,2.73,5.01
1,1545979335061,-10.15,2.4,5.29
1,1545979335062,-9.17,2.94,5.46
1,1545979335062,-9.29,3.08,5.62
1,1545979335064,-9.57,3.24,5.27
1,1545979335065,-9.94,3.43,4.9
1,1545979335065,-10.95,3.33,5.82
1,1545979335066,-11.23,3.2,5.76
1,1545979335066,-11.21,3.02,5.76
1,1545979335130,-11.77,3.32,6.79
1,1545979335131,-12.14,3.59,6.71
1,1545979335142,-12.55,3.43,6.54
1,1545979335142,-12.69,3.39,6.81
1,1545979335143,-12.92,3.92,7.2
1,1545979335143,-12.79,4.1,6.77
1,1545979335143,-12.91,4.29,6.79
1,1545979335209,-13.49,4.29,7.3
1,1545979335210,-13.3,3.92,6.91
1,1545979335210,-13.3,4.0,6.93
1,1545979335210,-13.57,4.16,7.16
1,1545979335210,-13.69,4.0,7.18
1,1545979335211,-13.78,4.31,7.1
1,1545979335211,-13.78,4.55,6.91
1,1545979335211,-13.49,4.19,7.2
1,1545979335363,-12.77,3.65,6.6
1,1545979335365,-13.82,3.84,6.66
1,1545979335366,-14.49,3.84,6.58
1,1545979335367,-13.9,3.82,6.15
1,1545979335369,-12.83,3.61,6.71
1,1545979335432,-11.85,3.45,5.95
1,1545979335458,-12.5,3.51,5.82
1,1545979335459,-13.3,3.33,5.21
1,1545979335459,-13.96,3.1,5.01
1,1545979335460,-13.61,2.26,5.42
1,1545979335460,-13.47,1.5,5.03
1,1545979335461,-13.71,1.09,4.58
1,1545979335461,-12.59,1.05,4.23
1,1545979335504,-12.12,0.97,3.92
1,1545979335506,-13.55,1.25,3.08
1,1545979335506,-12.44,1.66,3.84
1,1545979335507,-9.64,1.13,2.91
1,1545979335507,-9.78,1.15,2.91
1,1545979335508,-10.42,1.07,1.87
1,1545979335509,-11.34,0.8,2.18
1,1545979335510,-11.75,0.27,1.87
1,1545979335580,-11.95,0.37,2.55
1,1545979335591,-11.73,0.83,2.5
1,1545979335592,-11.23,1.3,1.83
1,1545979335592,-10.01,1.79,3.0
1,1545979335593,-9.27,1.62,2.98
1,1545979335593,-8.92,1.36,3.82
1,1545979335593,-8.49,1.17,3.1
1,1545979335593,-8.88,1.13,2.73
1,1545979335653,-8.69,1.13,2.4
1,1545979335654,-8.06,1.25,1.36
1,1545979335654,-7.63,1.28,1.91
1,1545979335655,-5.58,1.5,2.12
1,1545979335656,-4.02,1.64,1.81
1,1545979335656,-2.2,1.38,0.7
1,1545979335656,-0.64,0.76,-0.39
1,1545979335657,0.42,-0.6,-1.62
1,1545979335733,-0.17,-0.68,-2.07
1,1545979335734,-1.21,-0.6,-1.4
1,1545979335734,-1.46,-0.33,-0.93
1,1545979335734,0.05,0.09,-1.09
1,1545979335735,0.42,-0.64,-0.35
1,1545979335736,0.6,-0.93,-0.25
1,1545979335736,0.62,-0.68,-0.64
1,1545979335807,0.37,-0.68,-2.22
1,1545979335808,-1.11,-1.03,-1.26
1,1545979335809,-2.69,-1.07,0.7
1,1545979335810,-3.57,-1.15,-0.17
1,1545979335811,-3.86,-2.81,-0.68
1,1545979335812,-4.08,-4.12,-0.8
1,1545979335812,-5.05,-4.74,-0.72
1,1545979335834,-6.48,-4.0,-0.35
1,1545979335881,-9.39,0.64,1.03
1,1545979335882,-8.9,3.61,1.11
1,1545979335883,-6.46,6.26,0.5
1,1545979335894,-5.64,7.98,1.42
1,1545979335894,-5.52,4.53,1.79
1,1545979335894,-6.34,2.89,3.59
1,1545979335894,-8.57,3.45,5.5
1,1545979335956,-11.34,4.53,4.78
1,1545979335956,-13.26,6.07,0.35
1,1545979335979,-12.79,6.38,2.12
1,1545979335980,-10.25,5.76,3.12
1,1545979335981,-9.17,5.27,1.56
1,1545979335982,-10.62,4.19,3.57
1,1545979335982,-10.13,3.84,2.55
1,1545979335983,-9.17,4.31,2.89
1,1545979336039,-8.8,4.51,1.58
1,1545979336041,-11.38,4.47,-0.85
1,1545979336042,-11.11,4.39,0.89
1,1545979336043,-8.92,3.51,1.26
1,1545979336044,-7.03,2.65,1.21
1,1545979336046,-7.71,3.22,0.95
1,1545979336049,-9.12,3.82,0.7
1,1545979336108,-9.72,4.14,0.35
1,1545979336109,-9.45,4.41,0.91
1,1545979336110,-7.53,3.3,1.13
1,1545979336111,-7.16,2.77,1.54
1,1545979336111,-7.73,3.0,3.06
1,1545979336113,-8.43,3.82,1.89
1,1545979336114,-11.13,4.82,1.28
1,1545979336114,-10.7,4.62,1.26
1,1545979336181,-8.98,4.0,1.58
1,1545979336182,-7.4,3.18,1.81
1,1545979336182,-8.63,3.84,1.58
1,1545979336182,-10.21,4.78,1.23
1,1545979336183,-10.78,5.09,0.97
1,1545979336196,-10.05,4.58,0.99
1,1545979336197,-8.43,3.18,1.4
1,1545979336259,-8.32,3.0,1.09
1,1545979336283,-8.67,3.45,0.58
1,1545979336283,-9.14,3.82,1.28
1,1545979336284,-7.65,3.1,0.6
1,1545979336284,-7.12,2.42,1.26
1,1545979336284,-7.46,1.67,1.28
1,1545979336285,-8.14,1.99,1.64
1,1545979336285,-9.21,3.12,0.23
1,1545979336333,-9.35,3.67,1.32
1,1545979336334,-8.28,3.55,1.54
1,1545979336347,-6.64,2.77,1.19
1,1545979336348,-5.39,1.11,1.38
1,1545979336348,-6.54,0.52,1.11
1,1545979336348,-8.84,1.36,1.73
1,1545979336348,-10.72,3.28,1.38
1,1545979336403,-10.15,4.31,0.95
1,1545979336405,-7.36,3.08,1.77
1,1545979336406,-5.01,1.87,2.12
1,1545979336406,-4.02,1.03,1.93
1,1545979336407,-8.14,-0.21,0.21
1,1545979336407,-13.14,2.3,1.66
1,1545979336408,-15.76,5.07,1.11
1,1545979336408,-14.21,4.9,-0.17
1,1545979336482,-5.54,1.97,3.65
1,1545979336483,-2.96,1.17,3.84
1,1545979336484,-2.53,0.91,2.48
1,1545979336485,-4.19,0.76,0.42
1,1545979336486,-12.91,1.46,0.29
1,1545979336487,-15.74,2.67,0.03
1,1545979336488,-15.27,3.1,0.76
1,1545979336561,-11.83,2.48,1.73
1,1545979336562,-4.23,1.69,2.44
1,1545979336563,-2.92,1.5,2.89
1,1545979336563,-3.84,1.15,1.6
1,1545979336564,-6.64,0.7,1.23
1,1545979336564,-12.42,0.42,0.33
1,1545979336565,-13.57,1.09,0.97
1,1545979336566,-12.3,1.58,1.3
1,1545979336631,-9.39,1.42,0.35
1,1545979336631,-6.87,1.66,1.87
1,1545979336633,-7.2,1.36,1.23
1,1545979336634,-8.04,0.64,1.23
1,1545979336635,-8.8,0.03,1.05
1,1545979336636,-10.27,0.44,1.28
1,1545979336638,-10.09,0.7,1.11
1,1545979336707,-9.78,1.09,1.32
1,1545979336708,-9.31,1.38,1.52
1,1545979336710,-8.24,0.37,-0.83
1,1545979336711,-9.08,-0.27,-0.42
1,1545979336711,-10.87,-0.19,0.93
1,1545979336713,-12.03,0.41,1.64
1,1545979336714,-9.29,1.5,2.01
1,1545979336715,-7.14,1.03,1.91
1,1545979336862,-6.01,0.37,1.09
1,1545979336864,-6.81,-0.13,0.27
1,1545979336866,-12.73,-0.76,-0.11
1,1545979336867,-14.78,0.0,1.4
1,1545979336868,-13.24,0.54,0.72
1,1545979337000,-10.46,0.29,1.23
1,1545979337001,-7.03,1.17,2.87
1,1545979337001,-7.2,1.48,2.14
1,1545979337002,-8.32,1.34,1.36
1,1545979337002,-9.74,0.31,0.99
1,1545979337003,-10.91,1.42,1.52
1,1545979337003,-9.08,1.36,2.3
1,1545979337004,-7.32,0.8,2.87
1,1545979337043,-6.73,-0.05,2.51
1,1545979337044,-9.12,0.17,-0.7
1,1545979337044,-9.27,-0.44,0.17
1,1545979337044,-10.27,0.23,2.12
1,1545979337045,-10.41,1.3,3.24
1,1545979337045,-7.69,1.34,2.55
1,1545979337046,-6.99,0.95,1.93
1,1545979337046,-7.87,0.76,1.34
1,1545979337080,-9.98,0.89,1.54
1,1545979337081,-13.28,0.68,0.74
1,1545979337081,-13.43,1.03,0.99
1,1545979337103,-12.24,1.15,1.79
1,1545979337104,-10.19,1.13,2.79
1,1545979337104,-7.81,1.09,2.34
1,1545979337104,-8.96,1.36,3.16
1,1545979337104,-10.41,1.85,2.36
1,1545979337154,-11.44,1.99,2.01
1,1545979337155,-11.36,2.05,2.07
1,1545979337155,-10.95,1.87,2.05
1,1545979337155,-10.31,1.56,2.26
1,1545979337156,-9.92,1.54,2.73
1,1545979337173,-9.74,1.77,2.42
1,1545979337174,-10.05,1.83,2.4
1,1545979337174,-10.52,2.18,2.73
1,1545979337243,-10.64,2.59,2.59
1,1545979337244,-9.58,2.44,2.26
1,1545979337244,-9.55,2.18,3.04
1,1545979337244,-9.68,1.89,3.08
1,1545979337245,-9.76,1.69,2.94
1,1545979337245,-10.15,1.97,3.41
1,1545979337246,-10.39,2.59,3.9
1,1545979337306,-10.09,2.85,4.02
1,1545979337307,-8.39,2.81,4.43
1,1545979337308,-7.91,2.46,4.72
1,1545979337308,-9.06,2.67,4.31
1,1545979337309,-10.56,3.26,3.53
1,1545979337309,-11.87,3.88,3.8
1,1545979337310,-10.6,2.5,3.59
1,1545979337310,-9.37,2.26,4.55
1,1545979337380,-8.84,2.55,6.03
1,1545979337380,-8.73,2.71,5.09
1,1545979337381,-9.92,3.59,5.19
1,1545979337382,-10.23,3.53,4.45
1,1545979337383,-10.19,3.45,3.78
1,1545979337384,-10.05,3.49,4.47
1,1545979337384,-9.92,3.37,4.49
1,1545979337452,-10.07,3.53,5.09
1,1545979337453,-9.86,3.59,4.84
1,1545979337453,-9.66,3.69,4.55
1,1545979337454,-9.74,3.24,4.78
1,1545979337454,-10.15,3.1,4.9
1,1545979337473,-10.31,3.59,5.17
1,1545979337474,-10.03,3.82,4.66
1,1545979337474,-9.02,3.43,5.44
1,1545979337537,-8.32,3.37,5.48
1,1545979337538,-8.24,3.16,5.68
1,1545979337538,-8.45,3.06,4.74
1,1545979337538,-9.17,3.26,5.15
1,1545979337538,-8.92,3.12,5.39
1,1545979337539,-8.32,3.35,5.46
1,1545979337539,-7.94,3.57,4.88
1,1545979337603,-8.75,2.51,4.76
1,1545979337603,-8.69,2.94,4.98
1,1545979337603,-8.51,3.33,5.93
1,1545979337623,-8.47,3.08,5.89
1,1545979337623,-8.14,3.1,5.17
1,1545979337623,-8.33,3.18,5.52
1,1545979337624,-8.57,3.47,6.17
1,1545979337624,-8.63,3.61,6.36
1,1545979337758,-8.59,3.57,5.35
1,1545979337760,-8.82,3.73,5.19
1,1545979337761,-9.21,3.96,5.85
1,1545979337762,-9.33,3.63,5.42
1,1545979337763,-9.78,3.88,5.37
1,1545979337763,-10.05,3.69,5.15
1,1545979337764,-9.33,3.69,4.74
1,1545979337765,-8.41,3.9,6.23
1,1545979337829,-8.08,3.86,5.48
1,1545979337830,-8.16,4.02,5.76
1,1545979337831,-9.19,4.1,6.34
1,1545979337832,-9.08,3.8,6.3
1,1545979337833,-9.04,3.88,7.01
1,1545979337833,-9.04,4.33,6.66
1,1545979337834,-9.62,4.39,6.99
1,1545979337834,-10.09,4.25,6.62
1,1545979337904,-10.58,4.33,7.73
1,1545979337905,-10.35,4.47,7.48
1,1545979337905,-10.56,4.74,7.61
1,1545979337906,-10.76,4.78,7.85
1,1545979337906,-10.33,4.49,7.79
1,1545979337906,-10.5,4.62,7.22
1,1545979337907,-11.26,5.09,7.48
1,1545979337907,-10.99,4.94,7.69
1,1545979337980,-9.94,4.51,7.91
1,1545979337981,-9.94,4.35,7.96
1,1545979337983,-10.76,4.88,7.55
1,1545979337984,-10.99,5.19,8.35
1,1545979337984,-10.17,4.66,8.41
1,1545979337986,-9.88,4.43,8.47
1,1545979337987,-10.41,4.55,8.37
1,1545979337987,-11.11,4.7,8.41
1,1545979338056,-11.38,5.03,8.1
1,1545979338057,-11.38,4.78,8.2
1,1545979338058,-11.25,4.41,8.26
1,1545979338059,-11.17,4.62,8.28
1,1545979338060,-11.42,5.52,8.06
1,1545979338060,-11.25,5.25,7.89
1,1545979338061,-11.01,4.68,7.69
1,1545979338133,-11.36,4.66,7.14
1,1545979338148,-11.93,5.37,7.3
1,1545979338149,-11.79,4.88,7.16
1,1545979338150,-12.01,4.66,6.81
1,1545979338150,-12.32,4.45,6.62
1,1545979338151,-11.56,3.82,6.93
1,1545979338152,-11.15,3.8,6.5
1,1545979338152,-11.52,4.06,6.23
1,1545979338214,-11.75,4.23,5.8
1,1545979338215,-11.28,3.26,5.78
1,1545979338216,-11.25,2.61,5.48
1,1545979338216,-11.38,2.65,4.86
1,1545979338217,-11.75,2.92,5.01
1,1545979338218,-11.71,3.32,4.53
1,1545979338219,-11.15,3.41,4.64
1,1545979338363,-10.58,3.37,4.51
1,1545979338365,-10.25,3.04,4.66
1,1545979338366,-10.48,1.85,3.96
1,1545979338367,-11.19,1.79,4.06
1,1545979338368,-11.66,2.18,4.49
1,1545979338433,-11.26,2.59,4.57
1,1545979338434,-8.9,1.95,4.9
1,1545979338435,-8.41,1.4,3.9
1,1545979338436,-9.25,0.99,4.92
1,1545979338437,-10.41,0.56,4.51
1,1545979338437,-11.97,-0.37,1.77
1,1545979338438,-13.84,0.09,2.89
1,1545979338439,-14.39,1.32,3.92
1,1545979338511,-9.98,2.03,4.6
1,1545979338512,-11.21,0.82,2.55
1,1545979338512,-10.91,1.3,2.85
1,1545979338513,-9.57,1.58,2.26
1,1545979338513,-7.05,1.05,3.16
1,1545979338513,-5.85,0.85,3.08
1,1545979338513,-4.58,0.62,2.48
1,1545979338514,-3.59,0.64,2.77
1,1545979338581,-1.05,1.48,0.97
1,1545979338582,0.13,1.83,-0.87
1,1545979338582,0.64,1.93,-0.97
1,1545979338583,0.64,1.26,-0.5
1,1545979338583,-0.52,-1.73,0.39
1,1545979338583,-1.85,-3.12,1.07
1,1545979338584,-2.46,-3.24,1.07
1,1545979338584,-2.08,-2.55,-0.19
1,1545979338661,0.31,0.82,0.23
1,1545979338663,0.58,0.29,-1.21
1,1545979338664,-0.78,0.35,1.03
1,1545979338665,-1.73,0.05,-0.58
1,1545979338666,-5.03,-1.52,0.15
1,1545979338666,-5.66,-2.46,-0.19
1,1545979338667,-6.26,-1.85,-1.89
1,1545979338731,-6.71,-0.35,-3.61
1,1545979338749,-7.85,1.64,-0.19
1,1545979338750,-7.44,1.19,2.05
1,1545979338750,-5.17,1.99,4.02
1,1545979338751,-3.0,3.45,5.37
1,1545979338751,-4.16,1.54,4.78
1,1545979338752,-5.95,1.34,3.88
1,1545979338753,-8.45,3.61,4.98
1,1545979338806,-11.69,5.54,5.5
1,1545979338822,-13.04,6.48,0.74
1,1545979338823,-12.34,5.89,0.85
1,1545979338824,-11.36,5.33,2.65
1,1545979338824,-10.21,4.82,4.57
1,1545979338824,-10.48,4.55,0.66
1,1545979338825,-12.05,4.74,1.48
1,1545979338881,-11.62,4.45,2.05
1,1545979338882,-9.62,3.9,1.03
1,1545979338883,-9.41,3.49,2.51
1,1545979338883,-9.41,4.06,0.52
1,1545979338883,-9.41,4.35,1.36
1,1545979338883,-9.0,3.67,2.3
1,1545979338884,-7.96,2.16,1.25
1,1545979338884,-9.0,2.59,1.32
1,1545979338957,-10.52,3.61,1.58
1,1545979338959,-10.64,4.41,0.97
1,1545979338961,-7.79,3.55,3.26
1,1545979338963,-6.26,2.26,1.52
1,1545979338964,-6.03,1.54,1.58
1,1545979338965,-7.53,1.05,4.04
1,1545979338966,-10.01,3.3,1.09
1,1545979339032,-11.15,4.78,2.05
1,1545979339033,-10.64,5.21,1.23
1,1545979339038,-9.12,4.43,0.46
1,1545979339039,-7.85,2.51,2.28
1,1545979339040,-8.2,2.77,2.01
1,1545979339041,-9.45,3.43,2.38
1,1545979339041,-10.37,3.84,1.66
1,1545979339042,-9.16,3.47,1.87
1,1545979339106,-8.41,2.53,3.51
1,1545979339107,-7.71,1.83,2.38
1,1545979339108,-7.32,1.93,2.36
1,1545979339108,-7.91,1.89,1.34
1,1545979339109,-8.76,2.57,1.91
1,1545979339109,-9.17,3.16,1.15
1,1545979339110,-10.0,3.35,1.11
1,1545979339180,-9.37,3.78,1.28
1,1545979339181,-8.02,2.85,2.14
1,1545979339182,-6.36,1.99,2.03
1,1545979339182,-5.25,1.66,2.5
1,1545979339183,-4.92,1.03,1.46
1,1545979339183,-6.15,-0.29,0.7
1,1545979339184,-9.33,-0.48,1.54
1,1545979339184,-12.14,2.4,2.42
1,1545979339257,-11.52,4.92,-0.13
1,1545979339258,-8.57,3.65,1.05
1,1545979339259,-5.7,2.38,1.66
1,1545979339260,-4.39,1.38,2.75
1,1545979339260,-5.07,0.93,2.77
1,1545979339260,-6.3,0.39,-0.74
1,1545979339261,-10.17,0.76,1.19
1,1545979339411,-13.63,3.49,1.75
1,1545979339413,-12.94,5.17,1.25
1,1545979339413,-8.78,2.89,2.67
1,1545979339414,-5.13,0.66,3.98
1,1545979339414,-3.45,-0.78,3.82
1,1545979339481,-5.66,-0.66,2.01
1,1545979339481,-8.69,-0.27,-0.68
1,1545979339482,-12.92,0.56,-1.46
1,1545979339483,-16.85,2.36,0.44
1,1545979339484,-10.68,3.02,1.13
1,1545979339484,-16.19,1.44,0.25
1,1545979339484,-15.99,3.06,1.56
1,1545979339485,-6.03,1.3,2.96
1,1545979339555,-3.16,-0.21,2.98
1,1545979339569,-14.06,2.14,-0.01
1,1545979339569,-11.89,1.83,0.87
1,1545979339570,-8.69,1.38,2.48
1,1545979339570,-5.17,0.27,2.3
1,1545979339570,-6.52,0.37,2.12
1,1545979339570,-9.02,1.21,1.62
1,1545979339628,-10.7,1.11,-0.31
1,1545979339629,-11.34,0.13,1.75
1,1545979339629,-9.7,0.7,1.69
1,1545979339640,-8.16,0.78,1.75
1,1545979339642,-7.75,0.97,1.87
1,1545979339643,-9.41,1.25,1.17
1,1545979339644,-10.56,0.8,1.15
1,1545979339645,-11.09,0.19,1.23
1,1545979339720,-10.78,0.17,1.64
1,1545979339721,-8.63,0.66,1.19
1,1545979339721,-9.25,0.21,1.25
1,1545979339723,-10.74,0.19,1.79
1,1545979339724,-10.54,0.62,1.46
1,1545979339725,-10.07,-0.23,0.46
1,1545979339725,-10.82,-0.05,1.36
1,1545979339726,-11.38,0.66,2.07
1,1545979339781,-10.0,0.89,2.44
1,1545979339782,-8.94,0.85,2.67
1,1545979339782,-8.65,0.64,2.51
1,1545979339783,-9.27,0.54,1.19
1,1545979339783,-11.15,-0.07,1.28
1,1545979339783,-11.73,0.07,1.66
1,1545979339784,-11.05,0.5,1.34
1,1545979339784,-10.07,0.76,1.25
1,1545979339859,-10.15,1.15,2.16
1,1545979339874,-9.96,1.28,2.51
1,1545979339874,-9.23,1.07,1.87
1,1545979339875,-9.12,0.35,1.66
1,1545979339875,-9.88,0.56,1.95
1,1545979339876,-10.25,0.83,1.83
1,1545979339876,-10.35,1.11,1.21
1,1545979339930,-10.33,1.36,0.74
1,1545979339932,-10.76,1.48,2.55
1,1545979339933,-10.25,1.52,2.65
1,1545979339933,-9.39,1.6,2.73
1,1545979339934,-8.63,1.4,3.76
1,1545979339935,-10.52,1.46,2.73
1,1545979339936,-11.54,1.87,1.91
1,1545979339936,-11.46,1.66,1.21
1,1545979340011,-10.56,1.11,1.73
1,1545979340012,-8.96,0.89,3.45
1,1545979340013,-8.71,1.13,3.75
1,1545979340014,-9.17,1.34,3.22
1,1545979340015,-10.0,1.75,2.75
1,1545979340016,-10.64,1.83,2.81
1,1545979340017,-10.64,1.58,3.18
1,1545979340081,-10.48,1.52,3.14
1,1545979340101,-10.35,1.77,2.89
1,1545979340102,-10.7,1.81,2.16
1,1545979340103,-10.95,1.83,2.77
1,1545979340103,-10.78,1.93,3.47
1,1545979340104,-10.17,2.12,3.49
1,1545979340104,-9.53,2.38,3.1
1,1545979340105,-9.37,2.63,3.35
1,1545979340153,-9.53,2.5,3.9
1,1545979340154,-9.76,2.32,4.06
1,1545979340174,-10.25,1.99,3.43
1,1545979340174,-10.41,2.01,3.98
1,1545979340174,-10.29,2.01,4.33
1,1545979340175,-9.62,1.91,4.17
1,1545979340175,-9.21,2.5,4.43
1,1545979340232,-9.68,2.44,4.12
1,1545979340233,-10.13,2.75,3.96
1,1545979340233,-10.17,2.92,5.03
1,1545979340234,-8.92,1.89,4.94
1,1545979340234,-8.84,2.24,4.64
1,1545979340234,-9.41,2.55,5.13
1,1545979340235,-9.94,2.44,5.23
1,1545979340235,-10.15,2.83,5.37
1,1545979340309,-10.27,2.59,4.76
1,1545979340310,-10.35,2.75,4.9
1,1545979340310,-10.19,2.92,5.39
1,1545979340337,-9.7,3.3,5.56
1,1545979340338,-9.47,3.14,5.35
1,1545979340338,-9.33,3.12,4.76
1,1545979340338,-9.47,3.22,4.98
1,1545979340383,-9.8,3.16,5.29
1,1545979340384,-9.43,3.2,5.25
1,1545979340384,-9.25,3.2,5.33
1,1545979340384,-9.14,3.3,5.5
1,1545979340384,-9.06,3.35,5.58
1,1545979340385,-9.16,3.28,5.13
1,1545979340385,-9.27,3.59,4.88
1,1545979340385,-9.27,3.71,4.96
1,1545979340458,-9.04,3.16,5.29
1,1545979340460,-9.14,3.08,5.62
1,1545979340461,-9.1,3.12,5.52
1,1545979340462,-8.84,3.18,5.58
1,1545979340463,-8.26,3.45,5.44
1,1545979340464,-8.32,3.63,5.37
1,1545979340465,-8.71,3.78,5.25
1,1545979340535,-9.21,3.8,5.33
1,1545979340536,-9.6,3.28,4.86
1,1545979340536,-9.39,3.37,5.41
1,1545979340536,-9.14,3.43,5.74
1,1545979340537,-8.94,3.57,5.87
1,1545979340537,-8.69,3.63,5.85
1,1545979340538,-8.76,3.49,6.28
1,1545979340562,-8.98,3.63,5.93
1,1545979340617,-9.31,4.02,6.11
1,1545979340617,-9.84,3.76,5.78
1,1545979340618,-9.84,3.67,6.26
1,1545979340618,-9.76,3.57,6.46
1,1545979340618,-9.57,3.88,6.52
1,1545979340619,-9.72,4.06,6.48
1,1545979340619,-10.03,4.1,6.6
1,1545979340763,-10.17,4.27,6.64
1,1545979340765,-10.27,4.31,6.77
1,1545979340766,-10.17,4.49,6.83
1,1545979340767,-10.42,4.58,6.85
1,1545979340768,-10.6,4.49,6.99
1,1545979340836,-10.33,4.53,7.18
1,1545979340837,-10.76,4.82,7.5
1,1545979340838,-10.66,4.78,7.36
1,1545979340839,-10.31,4.66,7.1
1,1545979340840,-10.42,4.7,7.28
1,1545979340840,-11.19,4.86,7.59
1,1545979340841,-11.05,4.7,7.08
1,1545979340911,-10.8,4.72,7.01
1,1545979340912,-11.03,4.9,6.97
1,1545979340912,-11.09,4.8,6.93
1,1545979340912,-10.97,4.86,6.64
1,1545979340912,-10.99,4.82,6.3
1,1545979340913,-11.87,4.68,6.19
1,1545979340913,-12.34,4.49,6.36
1,1545979340913,-11.26,4.7,6.48
1,1545979340980,-10.19,4.8,6.44
1,1545979340998,-12.34,4.27,4.86
1,1545979340998,-13.75,4.08,4.72
1,1545979340999,-13.92,4.14,5.35
1,1545979340999,-12.4,4.21,5.42
1,1545979340999,-9.12,4.14,5.56
1,1545979341000,-9.17,3.98,4.55
1,1545979341000,-10.74,4.02,4.21
1,1545979341055,-12.34,4.1,4.31
1,1545979341064,-12.79,3.75,3.73
1,1545979341064,-11.64,3.06,4.72
1,1545979341065,-10.93,2.87,4.66
1,1545979341065,-10.48,2.69,3.98
1,1545979341065,-10.58,2.69,3.84
1,1545979341066,-11.56,2.57,3.28
1,1545979341131,-11.99,2.79,3.61
1,1545979341154,-11.67,2.57,2.24
1,1545979341155,-11.71,2.16,3.78
1,1545979341156,-11.5,2.03,3.8
1,1545979341157,-11.36,1.89,4.14
1,1545979341157,-11.07,2.07,3.49
1,1545979341158,-11.15,1.64,2.53
1,1545979341158,-12.48,1.17,3.02
1,1545979341228,-12.67,0.82,2.44
1,1545979341229,-12.91,0.78,2.65
1,1545979341229,-12.79,0.93,1.85
1,1545979341229,-12.98,1.5,1.73
1,1545979341229,-13.1,1.97,2.77
1,1545979341230,-12.34,2.01,2.85
1,1545979341230,-10.66,1.73,2.61
1,1545979341230,-10.37,1.77,3.04
1,1545979341281,-10.23,2.03,4.14
1,1545979341300,-8.94,1.67,3.3
1,1545979341300,-8.76,0.6,2.38
1,1545979341300,-8.57,0.78,1.54
1,1545979341301,-8.35,1.52,2.01
1,1545979341301,-7.44,1.93,2.81
1,1545979341301,-4.37,1.62,1.4
1,1545979341301,-3.04,1.5,1.28
1,1545979341354,-1.95,1.46,1.32
1,1545979341366,-1.05,1.23,0.93
1,1545979341366,-0.44,0.46,-0.95
1,1545979341366,-2.28,-1.48,-0.33
1,1545979341367,-3.35,-1.91,0.74
1,1545979341367,-3.47,-1.28,0.8
1,1545979341367,-0.42,0.41,0.7
1,1545979341431,1.23,-0.31,0.15
1,1545979341432,1.54,-1.4,0.82
1,1545979341433,1.11,-2.03,-0.31
1,1545979341454,0.07,-1.4,-1.81
1,1545979341455,-2.92,0.0,0.54
1,1545979341456,-3.76,1.52,-0.89
1,1545979341456,-3.9,1.95,-0.25
1,1545979341457,-3.8,1.05,0.87
1,1545979341530,-3.76,-1.99,-2.77
1,1545979341530,-5.07,-3.78,1.26
1,1545979341531,-6.67,-3.82,1.85
1,1545979341531,-6.56,-0.83,1.52
1,1545979341531,-7.38,3.8,0.01
1,1545979341532,-8.82,4.06,0.83
1,1545979341532,-8.84,4.74,1.05
1,1545979341580,-8.51,5.66,2.3
1,1545979341602,-8.8,4.02,1.62
1,1545979341603,-9.23,3.9,1.85
1,1545979341604,-9.96,4.19,1.77
1,1545979341605,-10.68,5.01,2.63
1,1545979341606,-10.54,4.31,1.81
1,1545979341607,-9.84,3.39,1.21
1,1545979341608,-9.66,3.06,1.46
1,1545979341655,-10.41,3.49,1.64
1,1545979341668,-11.32,5.6,2.34
1,1545979341669,-9.6,5.48,0.97
1,1545979341669,-8.22,4.7,0.39
1,1545979341669,-8.06,3.76,1.28
1,1545979341670,-9.7,2.89,1.64
1,1545979341670,-10.25,3.45,1.15
1,1545979341730,-10.15,4.02,0.35
1,1545979341731,-9.68,4.31,0.35
1,1545979341754,-7.69,3.28,1.32
1,1545979341754,-6.93,2.98,1.25
1,1545979341755,-7.55,2.71,1.36
1,1545979341755,-8.86,2.92,1.34
1,1545979341755,-9.47,4.45,1.93
1,1545979341755,-8.8,3.96,1.42
1,1545979341804,-8.32,3.41,1.13
1,1545979341805,-8.92,3.08,1.13
1,1545979341805,-10.15,3.35,2.01
1,1545979341805,-9.23,4.12,2.2
1,1545979341806,-8.35,4.53,1.99
1,1545979341806,-7.91,4.25,1.46
1,1545979341806,-9.02,3.0,2.01
1,1545979341880,-9.31,2.67,1.75
1,1545979341881,-9.12,2.79,0.89
1,1545979341881,-8.94,2.81,0.54
1,1545979341882,-8.41,2.75,0.95
1,1545979341904,-8.12,2.71,0.8
1,1545979341904,-8.3,3.08,1.01
1,1545979341904,-8.84,3.59,0.27
1,1545979341905,-8.59,3.16,1.11
1,1545979341956,-7.22,2.59,1.19
1,1545979341977,-6.09,2.1,1.42
1,1545979341977,-5.41,1.64,1.67
1,1545979341978,-6.67,0.19,0.23
1,1545979341978,-9.53,0.87,0.82
1,1545979341978,-12.44,3.32,0.97
1,1545979341979,-13.39,5.42,0.23
1,1545979342029,-7.42,3.12,1.44
1,1545979342038,-4.33,1.52,2.85
1,1545979342038,-2.83,0.48,2.69
1,1545979342039,-3.0,-0.01,1.52
1,1545979342039,-8.96,0.31,0.19
1,1545979342039,-13.24,2.77,1.21
1,1545979342039,-14.04,4.53,-0.87
1,1545979342039,-12.05,3.8,-1.21
1,1545979342109,-6.5,2.03,1.52
1,1545979342109,-5.48,1.56,1.34
1,1545979342110,-6.05,0.7,0.82
1,1545979342110,-8.18,0.68,0.68
1,1545979342111,-11.3,3.14,1.13
1,1545979342111,-10.27,2.57,1.44
1,1545979342111,-8.18,1.71,1.36
1,1545979342181,-7.08,1.28,1.83
1,1545979342187,-6.89,0.76,-0.82
1,1545979342188,-9.04,0.41,-1.15
1,1545979342188,-11.93,1.21,0.78
1,1545979342189,-12.24,2.08,-1.32
1,1545979342189,-10.15,2.14,1.5
1,1545979342189,-8.18,2.4,2.32
1,1545979342190,-6.5,1.99,2.75
1,1545979342257,-5.41,1.07,1.21
1,1545979342258,-8.28,0.13,0.78
1,1545979342258,-10.8,0.09,0.66
1,1545979342259,-11.79,0.95,-0.64
1,1545979342260,-11.28,0.99,-1.3
1,1545979342260,-9.68,2.05,1.34
1,1545979342261,-8.24,2.53,1.48
1,1545979342414,-7.12,1.87,1.97
1,1545979342416,-6.69,1.07,1.69
1,1545979342418,-7.92,-0.03,0.8
1,1545979342420,-9.37,-0.56,-0.62
1,1545979342422,-11.64,-0.48,-0.23
1,1545979342484,-13.14,0.91,0.7
1,1545979342485,-10.03,2.07,1.42
1,1545979342486,-7.4,1.67,3.02
1,1545979342486,-5.54,1.3,2.59
1,1545979342487,-5.6,0.8,1.13
1,1545979342488,-6.87,1.38,2.51
1,1545979342488,-7.05,1.21,1.3
1,1545979342489,-8.16,0.7,0.52
1,1545979342556,-11.89,0.21,1.05
1,1545979342576,-7.59,0.39,0.99
1,1545979342577,-8.37,0.41,1.64
1,1545979342578,-9.35,0.87,1.3
1,1545979342579,-10.05,1.07,0.35
1,1545979342580,-10.41,0.89,1.38
1,1545979342580,-9.82,1.36,1.99
1,1545979342581,-8.98,1.42,1.97
1,1545979342631,-8.53,1.07,1.21
1,1545979342632,-10.76,-0.07,0.78
1,1545979342633,-12.5,0.19,1.85
1,1545979342633,-10.68,1.66,1.64
1,1545979342634,-9.02,1.42,2.2
1,1545979342634,-8.96,1.66,2.08
1,1545979342635,-10.33,1.85,1.67
1,1545979342636,-11.69,1.79,1.36
1,1545979342706,-12.55,1.23,1.3
1,1545979342726,-11.44,0.74,2.51
1,1545979342727,-10.15,0.48,2.32
1,1545979342728,-9.9,0.6,2.3
1,1545979342728,-10.78,1.26,2.92
1,1545979342729,-11.17,2.18,2.55
1,1545979342730,-10.19,2.14,3.0
1,1545979342730,-9.37,1.73,2.55
1,1545979342783,-9.57,1.67,2.18
1,1545979342784,-11.79,1.87,1.89
1,1545979342784,-12.3,1.69,1.77
1,1545979342785,-12.22,1.64,2.42
1,1545979342792,-11.36,1.73,2.79
1,1545979342793,-9.41,2.07,3.59
1,1545979342793,-9.1,2.28,2.63
1,1545979342857,-9.68,2.69,2.42
1,1545979342858,-10.66,2.79,2.44
1,1545979342858,-11.48,2.5,2.32
1,1545979342858,-11.38,2.3,3.04
1,1545979342859,-10.99,2.24,3.55
1,1545979342859,-10.5,2.24,3.14
1,1545979342859,-10.78,2.46,2.94
1,1545979342860,-11.05,2.69,3.18
1,1545979342932,-10.78,2.77,2.57
1,1545979342933,-10.6,2.71,3.06
1,1545979342934,-10.41,2.42,3.59
1,1545979342935,-10.37,2.65,3.73
1,1545979342936,-10.19,2.75,3.82
1,1545979342937,-10.05,2.57,3.28
1,1545979342937,-10.44,2.57,3.35
1,1545979343009,-10.58,2.71,3.51
1,1545979343010,-10.39,2.77,3.86
1,1545979343013,-9.74,2.59,3.76
1,1545979343014,-9.25,2.42,3.51
1,1545979343015,-10.17,2.71,3.9
1,1545979343016,-10.8,2.65,3.06
1,1545979343028,-10.97,2.4,2.94
1,1545979343029,-10.48,2.01,4.58
1,1545979343082,-9.7,1.87,4.12
1,1545979343083,-9.23,2.24,3.88
1,1545979343084,-9.57,2.75,4.29
1,1545979343084,-10.87,3.3,3.28
1,1545979343085,-11.05,3.32,3.32
1,1545979343085,-10.95,2.94,3.92
1,1545979343086,-10.48,2.65,4.23
1,1545979343086,-9.41,2.83,4.72
1,1545979343157,-9.27,2.91,4.27
1,1545979343159,-9.78,3.06,4.12
1,1545979343159,-10.46,3.18,4.37
1,1545979343160,-10.17,3.06,4.35
1,1545979343161,-9.62,2.92,5.11
1,1545979343161,-9.21,2.69,4.98
1,1545979343162,-9.17,2.83,4.86
1,1545979343232,-9.16,3.45,4.92
1,1545979343234,-9.0,3.16,4.68
1,1545979343236,-9.06,2.87,4.94
1,1545979343237,-9.31,2.69,4.66
1,1545979343238,-10.11,3.06,4.88
1,1545979343239,-9.94,2.77,4.58
1,1545979343240,-9.31,2.96,4.35
1,1545979343304,-8.8,3.35,4.8
1,1545979343305,-8.51,3.33,5.01
1,1545979343313,-8.39,3.08,4.94
1,1545979343314,-8.76,3.0,4.98
1,1545979343314,-9.53,3.18,5.01
1,1545979343315,-10.15,3.63,4.8
1,1545979343315,-9.94,3.35,5.07
1,1545979343315,-9.58,3.22,5.15
1,1545979343380,-9.55,3.49,5.33
1,1545979343381,-10.33,3.88,5.37
1,1545979343381,-10.39,4.12,5.72
1,1545979343397,-10.0,4.08,5.85
1,1545979343397,-9.74,3.82,6.11
1,1545979343398,-10.99,4.27,5.74
1,1545979343399,-12.28,4.66,5.74
1,1545979343458,-13.08,4.64,5.87
1,1545979343459,-13.0,4.58,6.36
1,1545979343482,-12.1,4.8,6.34
1,1545979343483,-12.22,4.78,6.6
1,1545979343483,-12.48,5.05,6.3
1,1545979343484,-13.02,5.23,7.07
1,1545979343484,-12.44,5.03,5.44
1,1545979343484,-12.92,5.07,7.22
1,1545979343532,-12.87,4.8,5.5
1,1545979343533,-12.69,5.19,5.83
1,1545979343534,-12.83,4.8,5.89
1,1545979343534,-12.59,5.0,6.36
1,1545979343535,-12.73,5.07,6.17
1,1545979343535,-13.63,4.86,6.73
1,1545979343535,-13.22,4.82,5.66
1,1545979343610,-13.12,5.19,7.32
1,1545979343611,-12.98,4.66,7.51
1,1545979343612,-12.55,4.33,6.83
1,1545979343612,-12.71,4.25,7.12
1,1545979343613,-13.06,4.27,6.99
1,1545979343614,-12.94,4.45,7.92
1,1545979343616,-12.07,4.17,6.95
1,1545979343682,-12.38,3.96,6.05
1,1545979343684,-13.28,3.67,6.97
1,1545979343685,-13.14,2.87,5.46
1,1545979343687,-12.92,3.08,6.28
1,1545979343688,-12.18,3.49,5.64
1,1545979343689,-12.05,3.35,4.72
1,1545979343689,-12.16,3.2,3.88
1,1545979343690,-12.42,3.41,5.05
1,1545979343754,-11.67,2.34,4.76
1,1545979343755,-11.21,2.07,4.72
1,1545979343756,-11.13,2.46,4.53
1,1545979343756,-11.38,2.36,4.37
1,1545979343757,-11.69,2.65,4.31
1,1545979343757,-11.01,2.53,3.78
1,1545979343758,-10.85,2.46,4.37
1,1545979343758,-10.89,2.28,4.0
1,1545979343835,-12.05,1.26,2.77
1,1545979343836,-13.2,1.44,3.28
1,1545979343836,-13.82,1.58,2.67
1,1545979343837,-14.08,2.26,3.76
1,1545979343860,-10.31,2.69,4.68
1,1545979343862,-8.59,1.87,3.35
1,1545979343864,-8.96,1.46,2.4
1,1545979343913,-11.11,1.05,2.36
1,1545979343914,-14.68,0.44,1.75
1,1545979343916,-14.58,1.21,2.12
1,1545979343917,-13.08,2.24,3.88
1,1545979343917,-10.5,2.48,2.34
1,1545979343918,-8.37,2.67,3.49
1,1545979343919,-7.81,2.87,3.24
1,1545979343921,-7.14,2.42,2.87
1,1545979343981,-6.3,1.87,2.36
1,1545979343982,-4.41,0.74,2.53
1,1545979343983,-3.04,0.46,2.18
1,1545979343983,-1.32,0.64,1.46
1,1545979343984,1.48,1.03,-0.39
1,1545979343984,0.6,-0.72,-2.1
1,1545979343985,-1.83,-1.99,-1.44
1,1545979344059,-3.9,-2.75,-1.36
1,1545979344059,-4.82,-1.66,-1.34
1,1545979344060,-0.48,1.75,0.17
1,1545979344060,1.3,1.52,1.66
1,1545979344061,2.3,-0.42,-2.16
1,1545979344061,0.25,-1.75,1.75
1,1545979344062,-1.97,-3.51,-0.33
1,1545979344062,-2.03,-3.45,0.5
1,1545979344131,-1.83,-2.81,0.85
1,1545979344132,-1.6,-0.76,0.91
1,1545979344132,-2.16,1.64,-3.82
1,1545979344133,-3.75,1.58,-3.33
1,1545979344133,-4.45,1.11,-0.91
1,1545979344134,-5.41,0.87,2.67
1,1545979344134,-7.24,1.15,1.28
1,1545979344210,-7.77,1.91,3.24
1,1545979344211,-8.55,3.04,2.94
1,1545979344211,-7.63,4.04,3.08
1,1545979344212,-7.2,3.3,2.73
1,1545979344212,-8.04,3.12,3.53
1,1545979344213,-8.94,3.28,1.95
1,1545979344213,-12.08,4.86,4.51
1,1545979344213,-13.14,8.18,1.09
1,1545979344290,-11.87,7.2,3.1
1,1545979344291,-9.25,5.48,3.37
1,1545979344291,-8.32,4.41,3.69
1,1545979344292,-10.93,3.82,1.25
1,1545979344292,-12.63,4.41,2.63
1,1545979344292,-12.5,5.03,2.87
1,1545979344293,-10.82,4.76,2.96
1,1545979344354,-8.33,3.51,2.83
1,1545979344373,-8.84,2.94,1.73
1,1545979344373,-9.82,3.26,1.77
1,1545979344373,-10.5,4.08,2.75
1,1545979344374,-9.25,4.47,1.11
1,1545979344374,-8.37,4.02,1.64
1,1545979344374,-7.81,3.28,1.93
1,1545979344374,-7.69,2.77,2.71
1,1545979344434,-8.33,2.28,1.26
1,1545979344436,-9.12,2.51,1.62
1,1545979344436,-9.57,3.45,1.83
1,1545979344437,-9.6,4.37,1.91
1,1545979344437,-8.47,3.9,1.17
1,1545979344438,-8.33,3.2,1.75
1,1545979344439,-8.65,2.89,2.36
1,1545979344504,-8.84,3.33,1.62
1,1545979344524,-9.1,4.57,1.38
1,1545979344524,-8.86,4.29,1.62
1,1545979344524,-8.39,3.53,1.95
1,1545979344525,-8.1,2.55,1.46
1,1545979344525,-8.73,2.16,1.85
1,1545979344525,-8.57,2.44,1.3
1,1545979344525,-8.28,2.51,1.07
1,1545979344581,-7.83,2.59,0.72
1,1545979344582,-8.67,2.38,1.26
1,1545979344582,-8.92,3.3,1.26
1,1545979344583,-8.61,3.67,1.21
1,1545979344583,-7.59,3.12,1.21
1,1545979344607,-5.5,1.62,1.25
1,1545979344607,-5.58,0.52,0.33
1,1545979344654,-8.08,-0.19,1.34
1,1545979344655,-10.21,1.62,1.71
1,1545979344656,-9.14,3.98,1.3
1,1545979344656,-6.69,3.16,1.25
1,1545979344657,-5.15,1.91,0.64
1,1545979344658,-5.91,0.74,1.21
1,1545979344660,-8.92,2.36,1.91
1,1545979344660,-8.43,2.59,0.37
1,1545979344736,-7.96,1.52,-0.93
1,1545979344759,-9.16,1.23,0.74
1,1545979344759,-11.09,2.48,0.74
1,1545979344760,-11.03,2.38,1.66
1,1545979344760,-9.35,2.79,2.59
1,1545979344760,-6.91,2.83,3.16
1,1545979344760,-3.98,0.99,2.87
1,1545979344808,-4.49,-0.19,-0.21
1,1545979344808,-8.37,-1.13,-0.93
1,1545979344809,-14.16,0.41,2.22
1,1545979344809,-12.63,3.39,0.31
1,1545979344810,-7.63,2.07,0.87
1,1545979344810,-4.86,0.85,0.39
1,1545979344810,-6.26,1.15,1.54
1,1545979344811,-9.92,2.07,1.25
1,1545979344882,-9.19,0.05,0.64
1,1545979344884,-8.47,-0.64,1.28
1,1545979344886,-8.0,0.01,1.85
1,1545979344887,-9.19,0.91,0.29
1,1545979344888,-10.33,1.11,-0.23
1,1545979344888,-10.99,1.69,0.41
1,1545979344890,-10.31,1.83,1.19
1,1545979344956,-7.73,0.27,0.25
1,1545979344957,-8.53,0.5,1.23
1,1545979344957,-9.62,1.11,1.56
1,1545979344957,-9.43,0.78,0.82
1,1545979344957,-9.12,-0.35,1.26
1,1545979344958,-9.41,0.56,1.83
1,1545979344958,-9.23,1.23,0.97
1,1545979344958,-9.53,1.28,0.8
1,1545979345031,-9.19,1.09,1.19
1,1545979345031,-8.63,0.05,0.35
1,1545979345031,-9.49,-0.74,0.89
1,1545979345032,-10.54,-0.31,1.62
1,1545979345032,-10.01,0.44,1.42
1,1545979345032,-9.33,1.03,1.54
1,1545979345032,-9.02,1.87,1.5
1,1545979345107,-9.16,2.16,1.25
1,1545979345107,-9.45,0.37,0.76
1,1545979345108,-10.07,-0.54,0.97
1,1545979345109,-10.72,-0.42,1.01
1,1545979345109,-11.4,-0.13,0.62
1,1545979345109,-11.87,1.6,1.69
1,1545979345110,-10.0,2.22,2.75
1,1545979345182,-7.48,2.05,2.81
1,1545979345184,-6.07,1.17,1.79
1,1545979345184,-9.41,0.46,0.99
1,1545979345185,-12.2,0.87,0.89
1,1545979345186,-13.39,1.01,0.41
1,1545979345186,-12.65,0.8,1.09
1,1545979345187,-8.65,0.46,1.6
1,1545979345187,-7.79,0.62,1.79
1,1545979345255,-8.2,0.95,2.22
1,1545979345281,-9.31,1.42,2.07
1,1545979345282,-10.6,1.6,1.36
1,1545979345282,-10.68,1.38,1.25
1,1545979345282,-10.58,1.34,1.5
1,1545979345283,-10.21,1.03,1.21
1,1545979345283,-10.39,0.74,1.21
1,1545979345283,-10.78,1.87,2.03
1,1545979345353,-9.74,1.71,2.08
1,1545979345354,-8.92,1.13,2.12
1,1545979345354,-10.11,1.42,2.69
1,1545979345354,-10.58,1.48,2.63
1,1545979345355,-10.8,1.56,2.38
1,1545979345355,-10.87,1.67,2.75
1,1545979345355,-10.5,0.95,1.87
1,1545979345405,-10.68,0.99,2.38
1,1545979345406,-10.7,1.66,3.04
1,1545979345414,-10.56,2.24,3.63
1,1545979345414,-9.08,2.3,2.98
1,1545979345415,-9.14,2.32,3.28
1,1545979345416,-9.94,2.12,3.55
1,1545979345416,-10.74,2.26,3.18
1,1545979345416,-10.89,2.69,2.77
1,1545979345481,-10.48,2.79,2.63
1,1545979345481,-10.13,2.79,2.42
1,1545979345482,-10.19,2.81,3.12
1,1545979345482,-10.19,2.32,3.18
1,1545979345482,-10.0,2.38,3.78
1,1545979345482,-9.82,2.51,3.8
1,1545979345483,-9.76,2.55,3.45
1,1545979345555,-9.94,2.51,3.96
1,1545979345556,-9.94,2.94,3.67
1,1545979345564,-9.74,3.14,4.25
1,1545979345564,-9.62,2.94,3.18
1,1545979345565,-10.68,3.02,2.83
1,1545979345565,-11.23,2.89,3.12
1,1545979345565,-11.23,2.92,3.59
1,1545979345565,-10.48,3.14,4.31
1,1545979345630,-8.57,3.04,4.43
1,1545979345631,-8.32,2.92,4.76
1,1545979345651,-8.59,2.83,4.6
1,1545979345653,-9.23,2.96,4.55
1,1545979345653,-10.39,3.33,4.0
1,1545979345654,-10.42,2.91,3.98
1,1545979345655,-10.23,2.67,3.71
1,1545979345718,-10.31,2.94,3.92
1,1545979345719,-10.41,3.35,4.31
1,1545979345719,-9.55,3.88,4.06
1,1545979345719,-9.16,3.8,4.51
1,1545979345720,-9.06,3.47,4.53
1,1545979345720,-9.16,3.39,4.16
1,1545979345720,-10.07,3.39,4.41
1,1545979345721,-10.25,3.47,3.98
1,1545979345780,-9.92,3.63,4.16
1,1545979345781,-9.51,3.49,4.27
1,1545979345781,-9.51,3.41,4.43
1,1545979345781,-9.47,3.63,4.08
1,1545979345781,-9.53,3.82,4.37
1,1545979345782,-9.57,3.84,4.55
1,1545979345782,-9.1,3.92,4.72
1,1545979345856,-9.02,3.76,4.72
1,1545979345856,-9.08,3.63,4.6
1,1545979345857,-9.08,3.47,4.76
1,1545979345857,-8.98,3.35,4.74
1,1545979345857,-9.16,3.49,4.92
1,1545979345857,-9.39,3.55,5.03
1,1545979345857,-9.25,3.47,4.9
1,1545979345857,-9.02,3.63,4.94
1,1545979345930,-9.23,3.9,5.19
1,1545979345931,-9.27,3.73,5.39
1,1545979345933,-8.86,3.45,5.17
1,1545979345934,-8.75,3.33,5.6
1,1545979345934,-9.0,3.33,5.56
1,1545979345935,-9.04,3.3,5.46
1,1545979345935,-9.12,3.43,5.52
1,1545979346005,-9.04,3.61,5.44
1,1545979346017,-8.69,3.73,5.35
1,1545979346017,-8.49,3.96,5.42
1,1545979346018,-8.71,4.04,5.33
1,1545979346018,-9.21,3.92,5.09
1,1545979346018,-9.0,3.8,5.01
1,1545979346018,-8.75,3.75,4.88
1,1545979346082,-8.71,3.82,5.21
1,1545979346111,-8.88,4.19,5.39
1,1545979346112,-8.76,4.06,5.13
1,1545979346112,-8.67,3.94,5.21
1,1545979346112,-8.8,3.75,5.52
1,1545979346112,-8.94,4.16,5.44
1,1545979346113,-8.92,4.33,5.42
1,1545979346113,-8.88,4.23,5.74
1,1545979346157,-8.82,3.8,6.03
1,1545979346158,-8.51,4.08,6.07
1,1545979346169,-8.92,4.23,5.95
1,1545979346169,-9.53,4.19,5.76
1,1545979346170,-10.0,4.33,5.8
1,1545979346170,-10.0,4.64,5.97
1,1545979346170,-9.74,4.49,6.34
1,1545979346170,-9.9,4.41,6.34
1,1545979346232,-10.19,4.74,6.32
1,1545979346234,-10.13,4.82,6.52
1,1545979346235,-9.94,4.58,6.32
1,1545979346236,-10.64,4.78,6.67
1,1545979346236,-11.66,4.66,6.52
1,1545979346237,-11.44,5.09,6.19
1,1545979346238,-11.13,4.98,6.56
1,1545979346309,-10.64,4.84,6.46
1,1545979346311,-10.39,5.15,6.4
1,1545979346312,-11.11,5.54,6.01
1,1545979346313,-11.23,5.39,5.85
1,1545979346314,-11.15,5.33,5.78
1,1545979346315,-11.07,5.37,6.07
1,1545979346316,-11.07,5.09,6.09
1,1545979346317,-10.97,5.25,5.85
1,1545979346382,-10.97,5.41,5.93
1,1545979346383,-11.19,5.39,6.13
1,1545979346383,-10.76,5.37,5.89
1,1545979346384,-10.52,5.41,5.99
1,1545979346385,-10.6,5.37,6.07
1,1545979346386,-10.87,5.35,6.19
1,1545979346387,-10.91,5.09,6.01
1,1545979346458,-10.82,4.86,5.7
1,1545979346460,-10.89,4.68,5.44
1,1545979346472,-11.26,4.82,5.33
1,1545979346473,-11.42,4.94,4.94
1,1545979346474,-10.89,4.57,4.02
1,1545979346475,-11.11,3.98,4.27
1,1545979346476,-11.75,3.76,4.19
1,1545979346477,-12.12,3.9,4.57
1,1545979346532,-11.66,3.8,3.49
1,1545979346534,-11.64,3.28,2.81
1,1545979346534,-12.01,2.92,3.49
1,1545979346535,-12.22,3.04,3.82
1,1545979346535,-12.07,3.24,4.02
1,1545979346536,-11.67,3.26,3.78
1,1545979346537,-11.34,2.79,3.59
1,1545979346607,-11.07,2.59,3.94
1,1545979346609,-11.34,2.53,3.35
1,1545979346610,-12.34,2.5,3.69
1,1545979346611,-12.83,2.44,3.16
1,1545979346611,-12.34,2.22,3.86
1,1545979346612,-11.69,2.07,3.1
1,1545979346613,-11.56,1.83,2.38
1,1545979346614,-12.2,1.69,2.22
1,1545979346680,-12.98,2.1,2.94
1,1545979346681,-12.51,2.16,2.81
1,1545979346688,-12.07,2.36,2.79
1,1545979346689,-11.75,2.16,1.99
1,1545979346689,-13.04,1.64,2.08
1,1545979346690,-13.2,1.46,2.03
1,1545979346690,-12.67,1.01,2.92
1,1545979346758,-12.34,1.3,2.81
1,1545979346759,-11.71,1.54,3.57
1,1545979346760,-11.15,1.67,4.0
1,1545979346760,-10.42,1.4,3.53
1,1545979346761,-10.17,1.17,3.39
1,1545979346762,-11.07,1.05,2.77
1,1545979346762,-11.34,1.83,3.47
1,1545979346834,-10.15,2.32,2.38
1,1545979346835,-8.63,2.16,1.69
1,1545979346836,-6.75,1.87,2.42
1,1545979346837,-5.93,1.62,2.59
1,1545979346838,-4.74,0.95,1.93
1,1545979346839,-3.57,0.27,1.42
1,1545979346839,-1.36,-0.42,1.4
1,1545979346840,-0.25,-0.48,0.95
1,1545979346907,0.35,-0.48,-0.31
1,1545979346908,0.13,-0.42,-0.68
1,1545979346909,-1.89,-0.54,-0.39
1,1545979346910,-2.57,0.11,0.33
1,1545979346910,-2.28,0.93,0.07
1,1545979346911,-1.07,0.97,-1.11
1,1545979346912,0.6,-1.48,0.8
1,1545979346982,0.6,-2.22,0.01
1,1545979346983,0.13,-1.99,-0.6
1,1545979346984,-0.64,-1.48,-1.48
1,1545979346984,-3.88,-0.93,1.23
1,1545979346984,-4.41,-0.78,-1.6
1,1545979346985,-5.42,-1.05,-2.2
1,1545979346985,-6.17,-1.13,-1.34
1,1545979346986,-7.53,1.03,0.66
1,1545979347059,-6.73,1.58,1.97
1,1545979347062,-5.13,1.95,2.91
1,1545979347064,-3.78,1.89,1.56
1,1545979347066,-7.18,2.85,4.51
1,1545979347070,-8.78,3.12,2.91
1,1545979347071,-9.98,3.98,2.73
1,1545979347072,-10.31,4.76,4.25
1,1545979347134,-10.23,4.31,2.28
1,1545979347144,-9.58,4.31,1.81
1,1545979347147,-9.43,4.31,2.61
1,1545979347147,-9.6,3.9,2.57
1,1545979347148,-10.37,3.94,1.79
1,1545979347148,-10.5,4.64,1.77
1,1545979347149,-10.46,4.19,1.83
1,1545979347149,-9.78,3.63,1.26
1,1545979347204,-9.68,4.47,3.16
1,1545979347205,-9.53,4.43,1.83
1,1545979347225,-9.35,4.12,1.17
1,1545979347226,-9.6,3.8,1.95
1,1545979347226,-9.25,3.39,2.2
1,1545979347226,-8.16,3.73,1.93
1,1545979347226,-8.08,3.57,4.1
1,1545979347227,-8.28,2.75,2.48
1,1545979347281,-9.62,2.73,2.91
1,1545979347281,-9.64,3.88,3.06
1,1545979347292,-9.12,4.29,2.36
1,1545979347293,-8.45,3.88,2.69
1,1545979347293,-8.0,2.24,1.73
1,1545979347294,-8.43,1.69,1.77
1,1545979347294,-9.06,1.73,1.81
1,1545979347353,-9.76,2.85,2.28
1,1545979347354,-10.09,4.9,1.17
1,1545979347354,-9.49,4.98,1.38
1,1545979347354,-8.71,3.94,1.97
1,1545979347355,-8.35,2.63,2.22
1,1545979347355,-9.06,2.55,3.1
1,1545979347355,-9.49,3.14,1.99
1,1545979347428,-9.8,3.75,1.95
1,1545979347429,-9.86,3.71,2.2
1,1545979347430,-9.1,3.61,2.98
1,1545979347449,-9.33,3.55,2.92
1,1545979347449,-9.39,3.82,2.51
1,1545979347450,-9.12,4.06,2.55
1,1545979347450,-9.16,3.8,2.16
1,1545979347451,-9.62,3.94,2.18
1,1545979347503,-9.92,3.65,2.05
1,1545979347504,-9.45,3.49,2.34
1,1545979347504,-8.06,2.87,2.46
1,1545979347504,-8.28,2.61,2.65
1,1545979347505,-9.06,3.35,3.0
1,1545979347505,-9.84,4.06,2.59
1,1545979347505,-9.35,3.92,2.2
1,1545979347578,-8.63,3.45,2.55
1,1545979347579,-8.18,3.1,1.79
1,1545979347579,-8.41,3.28,2.63
1,1545979347579,-9.45,3.71,2.65
1,1545979347579,-9.53,3.57,2.4
1,1545979347580,-9.29,3.28,2.46
1,1545979347580,-8.88,3.02,2.12
1,1545979347581,-8.86,3.39,2.94
1,1545979347653,-9.1,3.61,2.42
1,1545979347653,-9.47,3.75,2.69
1,1545979347654,-9.55,3.71,2.75
1,1545979347654,-9.37,3.75,2.34
1,1545979347655,-9.25,3.98,3.22
1,1545979347655,-9.04,3.86,2.22
1,1545979347661,-9.12,3.69,2.2
1,1545979347728,-8.88,3.53,2.3
1,1545979347729,-9.14,3.2,2.36
1,1545979347730,-9.51,3.24,2.73
1,1545979347731,-9.58,3.51,2.44
1,1545979347732,-9.23,4.02,2.44
1,1545979347733,-8.88,3.96,2.36
1,1545979347733,-8.82,3.65,2.2
1,1545979347734,-9.25,3.28,2.71
1,1545979347805,-9.29,3.8,2.4
1,1545979347806,-9.0,4.12,2.57
1,1545979347807,-8.75,4.0,2.4
1,1545979347807,-8.75,3.61,2.67
1,1545979347808,-8.78,3.22,2.18
1,1545979347808,-9.64,3.22,2.89
1,1545979347809,-10.05,3.73,2.46
1,1545979347958,-9.55,4.27,1.91
1,1545979347960,-8.06,3.28,2.61
1,1545979347961,-7.73,3.0,2.01
1,1545979347963,-8.32,3.04,2.67
1,1545979347964,-9.17,3.24,2.26
1,1545979348030,-8.86,3.73,2.1
1,1545979348036,-8.33,3.41,2.46
1,1545979348037,-7.87,3.18,2.42
1,1545979348038,-8.0,2.75,2.34
1,1545979348038,-8.45,2.75,2.08
1,1545979348039,-8.55,2.83,1.03
1,1545979348040,-9.23,3.08,1.81
1,1545979348040,-7.71,3.24,1.5
1,1545979348106,-6.58,2.34,1.46
1,1545979348107,-6.32,0.11,1.4
1,1545979348107,-8.08,0.33,1.52
1,1545979348108,-9.64,1.42,0.42
1,1545979348108,-10.15,2.65,0.7
1,1545979348108,-9.1,3.37,0.95
1,1545979348109,-7.16,3.61,0.35
1,1545979348109,-5.52,1.01,2.67
1,1545979348178,-6.26,1.3,2.16
1,1545979348180,-7.36,1.4,2.94
1,1545979348180,-7.65,1.87,1.09
1,1545979348181,-8.04,1.91,1.09
1,1545979348181,-9.04,1.4,1.03
1,1545979348181,-8.35,0.54,-0.09
1,1545979348182,-9.43,0.0,1.17
1,1545979348182,-10.23,1.25,1.46
1,1545979348258,-7.94,1.44,1.3
1,1545979348260,-7.32,1.25,1.48
1,1545979348262,-7.38,1.42,1.66
1,1545979348263,-7.18,1.07,1.56
1,1545979348264,-7.36,0.85,0.39
1,1545979348265,-9.37,0.68,1.09
1,1545979348267,-11.19,0.95,1.07
1,1545979348269,-10.37,1.54,1.23
1,1545979348332,-6.34,0.19,1.17
1,1545979348333,-6.95,0.29,1.05
1,1545979348352,-8.84,0.78,0.7
1,1545979348353,-10.83,0.99,0.44
1,1545979348353,-10.46,0.82,1.38
1,1545979348354,-8.73,0.46,2.98
1,1545979348354,-7.1,0.82,3.86
1,1545979348355,-6.6,1.19,2.24
1,1545979348404,-9.64,-0.17,-0.39
1,1545979348418,-12.48,-0.68,0.85
1,1545979348418,-13.49,-0.15,2.32
1,1545979348419,-11.34,0.44,2.24
1,1545979348419,-7.51,0.74,1.21
1,1545979348419,-9.35,1.42,2.12
1,1545979348420,-10.74,2.08,2.24
1,1545979348478,-9.96,1.6,1.56
1,1545979348478,-9.17,-0.25,2.42
1,1545979348478,-9.96,0.0,0.7
1,1545979348479,-11.5,0.29,0.66
1,1545979348479,-12.73,0.44,1.77
1,1545979348501,-10.46,1.13,2.42
1,1545979348501,-9.1,1.19,2.91
1,1545979348502,-8.84,1.6,2.55
1,1545979348556,-9.58,2.18,2.2
1,1545979348568,-11.11,1.66,1.73
1,1545979348569,-11.44,1.07,0.93
1,1545979348569,-12.1,-0.11,1.99
1,1545979348569,-12.18,-0.03,3.28
1,1545979348569,-11.36,1.91,3.04
1,1545979348569,-10.82,2.22,3.1
1,1545979348632,-10.58,2.36,3.33
1,1545979348633,-10.66,1.64,3.78
1,1545979348633,-11.5,0.82,4.98
1,1545979348634,-11.79,0.97,4.35
1,1545979348634,-11.93,1.13,4.29
1,1545979348635,-11.97,1.75,3.73
1,1545979348635,-12.26,2.32,3.57
1,1545979348636,-12.55,2.26,4.33
1,1545979348707,-12.38,1.99,3.08
1,1545979348708,-12.22,2.07,4.12
1,1545979348708,-11.21,3.1,4.21
1,1545979348709,-10.93,3.39,3.88
1,1545979348709,-11.3,3.16,2.79
1,1545979348710,-12.28,2.94,3.65
1,1545979348710,-12.87,2.48,4.02
1,1545979348778,-12.36,2.24,4.39
1,1545979348787,-12.03,2.53,5.01
1,1545979348787,-11.54,3.45,4.58
1,1545979348788,-10.31,4.0,4.8
1,1545979348788,-10.41,3.41,5.6
1,1545979348788,-10.66,2.96,5.29
1,1545979348789,-11.28,2.92,5.27
1,1545979348789,-11.93,3.43,4.33
1,1545979348869,-12.12,3.96,5.15
1,1545979348869,-11.26,3.96,5.82
1,1545979348870,-9.78,3.55,6.38
1,1545979348870,-8.59,3.37,5.62
1,1545979348870,-9.62,3.39,5.41
1,1545979348871,-10.74,3.32,5.41
1,1545979348871,-11.36,3.47,5.39
1,1545979348931,-10.23,3.1,4.96
1,1545979348932,-9.49,3.08,5.62
1,1545979348932,-9.06,3.2,5.48
1,1545979348932,-8.78,3.41,4.96
1,1545979348933,-9.27,3.12,5.41
1,1545979348933,-9.41,2.83,4.86
1,1545979348933,-9.21,2.91,5.03
1,1545979348933,-8.92,2.91,5.29
