1,1546931716270,12.63,0.39,-21.64
1,1546931716270,12.26,1.15,-20.33
1,1546931716271,11.62,1.05,-19.14
1,1546931716271,10.37,0.66,-15.82
1,1546931716271,10.23,0.66,-14.12
1,1546931716272,10.35,0.62,-12.83
1,1546931716272,10.46,0.6,-11.56
1,1546931716272,10.74,1.21,-9.35
1,1546931716345,10.91,1.15,-7.77
1,1546931716345,11.01,0.89,-6.21
1,1546931716345,11.23,0.58,-5.25
1,1546931716345,9.78,0.66,-4.35
1,1546931716345,8.65,1.69,-3.88
1,1546931716346,7.55,3.2,-3.61
1,1546931716346,7.01,4.29,-3.22
1,1546931716346,7.24,4.76,-2.24
1,1546931716417,7.94,5.64,0.66
1,1546931716434,8.08,6.42,2.3
1,1546931716435,8.1,7.26,3.8
1,1546931716436,7.89,7.96,5.41
1,1546931716436,6.34,7.94,8.94
1,1546931716436,5.11,7.32,10.5
1,1546931716437,3.78,6.09,12.3
1,1546931716491,2.57,4.43,13.67
1,1546931716491,0.11,4.57,16.44
1,1546931716504,-0.44,6.32,17.5
1,1546931716504,-0.54,8.35,18.47
1,1546931716504,-0.37,9.88,19.04
1,1546931716504,-0.91,9.78,19.49
1,1546931716505,-1.3,8.14,19.8
1,1546931716505,-1.32,6.26,19.64
1,1546931716566,-1.23,5.03,19.25
1,1546931716566,-1.25,4.66,18.33
1,1546931716567,-1.64,5.09,16.38
1,1546931716585,-1.26,4.9,16.07
1,1546931716586,-0.25,4.43,16.13
1,1546931716586,0.42,3.67,15.93
1,1546931716586,0.8,2.26,15.82
1,1546931716641,2.44,3.2,17.16
1,1546931716642,3.04,8.92,20.25
1,1546931716642,2.4,15.64,21.3
1,1546931716643,3.08,7.75,15.0
1,1546931716652,-1.26,-4.04,13.53
1,1546931716652,-4.14,-11.25,15.68
1,1546931716653,-5.97,-11.58,16.28
1,1546931716653,-4.88,-6.09,13.84
1,1546931716716,-0.48,7.96,8.24
1,1546931716716,2.12,11.5,8.1
1,1546931716792,3.12,11.01,8.84
1,1546931716793,1.73,6.89,9.68
1,1546931716794,-1.85,-1.83,12.77
1,1546931716795,-2.1,-3.47,13.82
1,1546931716795,-1.09,-2.77,14.23
1,1546931716796,0.03,-0.76,14.06
1,1546931716796,0.29,1.97,13.43
1,1546931716796,0.01,1.91,13.37
1,1546931716947,-0.48,1.05,13.51
1,1546931716948,-0.68,0.54,13.33
1,1546931716948,-0.48,2.5,12.89
1,1546931716948,-0.15,1.42,12.57
1,1546931716949,-0.23,1.19,12.14
1,1546931717016,-0.27,1.23,11.5
1,1546931717017,-0.01,1.44,10.72
1,1546931717017,0.21,1.81,10.01
1,1546931717017,0.17,2.38,8.69
1,1546931717039,-0.11,2.57,8.06
1,1546931717039,-2.75,-1.64,3.28
1,1546931717039,-2.75,-1.6,2.57
1,1546931717040,-2.53,-1.32,1.95
1,1546931717091,-0.7,-2.07,-0.54
1,1546931717092,2.65,-3.41,-5.13
1,1546931717092,3.02,-2.91,-6.4
1,1546931717106,3.33,-2.44,-7.91
1,1546931717107,3.49,-1.85,-9.04
1,1546931717107,3.37,-0.95,-9.84
1,1546931717108,3.8,-0.52,-10.27
1,1546931717108,4.76,0.46,-12.03
1,1546931717166,5.44,1.83,-13.65
1,1546931717167,5.97,2.73,-15.41
1,1546931717167,6.07,1.52,-16.38
1,1546931717167,5.76,0.03,-16.77
1,1546931717168,5.31,-1.66,-16.93
1,1546931717176,3.63,-2.79,-15.97
1,1546931717176,2.96,-2.2,-15.66
1,1546931717241,3.1,-1.32,-15.66
1,1546931717258,4.1,-0.64,-16.01
1,1546931717259,5.48,-0.64,-16.28
1,1546931717259,9.88,-6.73,-16.21
1,1546931717259,10.83,-9.19,-16.95
1,1546931717260,9.8,-9.53,-18.8
1,1546931717260,8.2,-8.39,-20.23
1,1546931717260,5.89,-6.19,-25.03
1,1546931717316,4.9,-6.09,-23.41
1,1546931717316,5.05,-7.51,-24.35
1,1546931717317,5.35,-8.3,-24.78
1,1546931717317,5.5,-6.42,-25.7
1,1546931717324,5.13,-5.85,-26.3
1,1546931717325,4.98,-6.52,-26.36
1,1546931717325,4.88,-8.39,-26.3
1,1546931717326,5.21,-11.67,-27.24
1,1546931717392,4.94,-11.54,-27.46
1,1546931717392,4.47,-10.93,-27.4
1,1546931717393,3.78,-10.58,-27.1
1,1546931717393,3.33,-10.54,-26.6
1,1546931717393,3.26,-10.58,-24.96
1,1546931717394,3.37,-10.64,-25.05
1,1546931717394,3.39,-10.93,-25.21
1,1546931717394,3.16,-10.93,-24.76
1,1546931717468,2.65,-9.94,-24.8
1,1546931717473,2.77,-9.51,-24.72
1,1546931717474,3.26,-8.98,-24.66
1,1546931717474,3.98,-9.17,-24.86
1,1546931717474,5.21,-9.8,-23.78
1,1546931717474,5.89,-9.41,-23.12
1,1546931717475,6.62,-8.84,-22.96
1,1546931717475,7.16,-8.47,-22.87
1,1546931717541,7.18,-9.49,-20.97
1,1546931717541,7.08,-9.49,-20.19
1,1546931717542,7.32,-9.04,-19.66
1,1546931717557,7.69,-8.12,-19.45
1,1546931717558,8.18,-6.91,-19.35
1,1546931717558,8.78,-4.86,-18.37
1,1546931717559,8.69,-4.16,-17.53
1,1546931717618,8.41,-3.61,-16.77
1,1546931717619,8.22,-3.2,-15.95
1,1546931717619,8.28,-2.4,-14.23
1,1546931717620,8.47,-2.26,-13.0
1,1546931717620,8.67,-1.89,-11.99
1,1546931717620,8.76,-1.42,-11.36
1,1546931717621,8.41,-0.25,-9.7
1,1546931717621,7.69,-0.54,-9.02
1,1546931717693,7.08,-1.21,-8.32
1,1546931717694,6.67,-1.89,-7.48
1,1546931717694,6.69,-2.08,-6.36
1,1546931717694,6.93,-1.11,-6.13
1,1546931717695,6.97,0.39,-5.95
1,1546931717695,6.95,1.01,-5.89
1,1546931717695,6.85,1.23,-5.68
1,1546931717769,6.62,0.7,-4.72
1,1546931717769,6.05,1.19,-3.86
1,1546931717769,6.19,2.4,-2.44
1,1546931717770,6.99,3.71,-1.21
1,1546931717770,8.8,4.43,1.91
1,1546931717770,8.96,3.76,3.02
1,1546931717770,8.55,3.33,4.41
1,1546931717771,7.59,3.96,6.23
1,1546931717846,4.96,7.4,11.09
1,1546931717849,4.27,8.61,13.67
1,1546931717851,3.92,9.33,17.28
1,1546931717853,3.24,10.42,20.62
1,1546931717854,1.23,11.54,22.92
1,1546931717855,0.15,11.89,23.51
1,1546931717856,-0.05,11.95,24.31
1,1546931717857,-0.07,11.79,24.94
1,1546931717923,-0.42,11.75,24.41
1,1546931717925,-0.82,11.36,23.12
1,1546931717927,-1.52,10.5,22.26
1,1546931717927,-1.42,9.21,20.93
1,1546931717929,-0.93,6.3,18.78
1,1546931717930,-1.15,0.74,18.73
1,1546931717930,0.33,2.44,18.59
1,1546931717998,0.97,9.08,17.08
1,1546931718000,0.87,12.89,13.86
1,1546931718001,-3.57,3.73,11.97
1,1546931718002,-3.73,-1.73,12.61
1,1546931718003,-2.75,-2.92,12.69
1,1546931718004,-1.95,0.13,11.87
1,1546931718005,-0.6,6.42,9.98
1,1546931718005,-0.15,6.95,10.44
1,1546931718070,-0.21,5.23,11.25
1,1546931718072,-0.8,2.44,12.65
1,1546931718072,-0.68,0.15,14.66
1,1546931718073,-0.42,1.09,14.68
1,1546931718074,-0.42,2.77,14.25
1,1546931718075,-0.62,3.9,14.04
1,1546931718076,-0.83,4.41,13.96
1,1546931718147,-0.95,5.35,13.78
1,1546931718148,-1.52,5.72,13.8
1,1546931718149,-2.07,5.6,13.82
1,1546931718149,-2.12,5.23,13.92
1,1546931718151,-1.81,4.7,13.43
1,1546931718151,-1.75,4.45,13.06
1,1546931718152,-1.75,4.06,12.83
1,1546931718152,-1.6,3.47,12.36
1,1546931718221,-0.89,2.12,11.93
1,1546931718221,-0.52,1.42,11.85
1,1546931718222,-0.33,1.15,11.69
1,1546931718222,-0.27,1.34,11.3
1,1546931718223,-0.37,2.24,10.29
1,1546931718223,-0.07,2.71,9.68
1,1546931718224,0.23,3.16,8.98
1,1546931718224,0.29,3.39,8.2
1,1546931718295,0.31,3.24,7.61
1,1546931718296,0.29,2.32,6.46
1,1546931718297,0.27,1.58,5.76
1,1546931718299,0.25,0.85,5.35
1,1546931718300,0.29,0.54,5.09
1,1546931718302,0.97,0.5,4.04
1,1546931718303,1.4,0.58,3.37
1,1546931718371,1.56,0.91,2.67
1,1546931718372,1.4,1.07,2.2
1,1546931718372,0.6,0.58,1.13
1,1546931718372,0.19,0.48,0.68
1,1546931718373,-0.11,0.27,0.54
1,1546931718373,-0.35,0.25,0.7
1,1546931718373,-0.39,0.44,0.95
1,1546931718374,0.15,0.39,0.62
1,1546931718448,0.25,0.09,-0.25
1,1546931718451,0.07,-0.01,-0.97
1,1546931718452,-0.19,-0.39,-1.97
1,1546931718453,0.03,-2.57,-3.67
1,1546931718454,0.42,-3.24,-4.37
1,1546931718455,1.15,-2.83,-4.68
1,1546931718456,2.24,-1.79,-5.15
1,1546931718456,3.63,-0.39,-5.93
1,1546931718520,4.64,-0.11,-8.43
1,1546931718521,5.39,0.01,-11.67
1,1546931718521,5.27,0.17,-14.84
1,1546931718521,2.91,1.15,-15.21
1,1546931718523,3.57,0.62,-16.69
1,1546931718523,4.7,-0.23,-17.44
1,1546931718523,5.78,-1.01,-18.67
1,1546931718593,6.6,-2.36,-20.68
1,1546931718594,6.13,-2.98,-22.2
1,1546931718595,5.62,-2.75,-22.73
1,1546931718619,5.48,-1.95,-23.57
1,1546931718620,5.48,-1.09,-24.55
1,1546931718620,7.32,-0.83,-25.07
1,1546931718621,8.67,-1.83,-25.5
1,1546931718621,9.57,-3.12,-26.26
1,1546931718668,9.58,-4.37,-26.91
1,1546931718687,7.22,-7.85,-28.61
1,1546931718688,5.8,-9.9,-28.63
1,1546931718689,5.17,-10.95,-28.92
1,1546931718689,4.62,-11.64,-29.33
1,1546931718690,4.06,-13.55,-29.64
1,1546931718690,3.51,-15.13,-28.37
1,1546931718744,2.48,-17.07,-26.34
1,1546931718745,2.01,-19.12,-23.26
1,1546931718745,2.63,-19.98,-21.07
1,1546931718746,4.16,-16.3,-22.05
1,1546931718746,4.39,-13.16,-22.26
1,1546931718746,4.9,-10.89,-23.06
1,1546931718747,5.07,-9.41,-23.96
1,1546931718747,5.05,-8.71,-24.78
1,1546931718819,4.8,-9.19,-24.88
1,1546931718837,4.47,-9.55,-24.57
1,1546931718838,4.31,-9.41,-24.08
1,1546931718838,5.05,-8.06,-22.96
1,1546931718839,5.6,-7.87,-23.04
1,1546931718839,5.8,-8.39,-22.79
1,1546931718839,5.6,-9.17,-21.93
1,1546931718840,5.64,-9.6,-21.28
1,1546931718898,6.46,-9.17,-21.71
1,1546931718899,7.36,-8.76,-22.08
1,1546931718899,7.89,-8.26,-21.83
1,1546931718900,8.04,-7.48,-21.52
1,1546931718900,8.14,-5.03,-21.21
1,1546931718901,8.26,-3.78,-20.99
1,1546931718901,8.37,-3.24,-20.72
1,1546931718971,8.33,-3.24,-20.15
1,1546931718974,7.77,-3.73,-18.51
1,1546931718974,7.94,-3.53,-18.16
1,1546931718975,8.16,-3.24,-18.24
1,1546931718976,8.32,-2.65,-18.0
1,1546931718976,9.06,-1.25,-17.14
1,1546931718977,9.58,-0.41,-16.36
1,1546931718977,10.27,0.44,-16.01
1,1546931719042,10.85,1.13,-15.64
1,1546931719042,11.87,2.1,-13.96
1,1546931719042,13.08,2.07,-13.02
1,1546931719054,14.6,2.24,-11.99
1,1546931719055,16.3,3.16,-11.26
1,1546931719055,17.63,4.62,-10.74
1,1546931719055,16.4,9.14,-5.29
1,1546931719119,15.64,11.56,-1.69
1,1546931719120,15.42,13.1,0.21
1,1546931719123,15.03,13.24,3.22
1,1546931719124,15.03,9.33,10.48
1,1546931719125,15.07,5.99,13.06
1,1546931719126,14.7,2.91,15.54
1,1546931719127,13.78,1.17,18.12
1,1546931719128,9.47,4.51,21.71
1,1546931719197,6.28,7.89,24.58
1,1546931719198,3.8,12.24,25.7
1,1546931719199,2.57,14.37,26.6
1,1546931719200,0.64,10.95,28.37
1,1546931719200,0.23,8.08,29.45
1,1546931719201,0.46,6.5,29.92
1,1546931719201,0.76,6.09,29.19
1,1546931719202,0.52,6.11,27.57
1,1546931719271,0.25,5.29,26.71
1,1546931719304,0.23,4.25,26.05
1,1546931719305,-0.39,2.83,25.41
1,1546931719305,-1.38,0.85,24.88
1,1546931719305,-2.34,-2.2,22.75
1,1546931719306,-2.65,-2.18,21.13
1,1546931719306,-1.95,1.25,16.89
1,1546931719345,-1.66,3.57,14.49
1,1546931719346,-2.1,5.48,10.21
1,1546931719346,-2.3,4.33,9.21
1,1546931719347,-2.22,2.03,8.14
1,1546931719347,-2.01,0.07,7.24
1,1546931719347,-1.46,-2.53,7.4
1,1546931719348,-0.68,-2.87,7.73
1,1546931719348,-0.11,-2.34,7.38
1,1546931719417,0.19,-0.99,6.23
1,1546931719418,0.27,0.58,5.29
1,1546931719419,0.01,1.52,5.35
1,1546931719419,-0.42,0.76,6.36
1,1546931719419,-0.37,0.31,6.89
1,1546931719419,-0.01,0.0,7.14
1,1546931719420,1.28,-0.03,7.59
1,1546931719493,1.64,0.27,7.71
1,1546931719493,1.34,0.54,7.59
1,1546931719493,0.87,0.72,7.63
1,1546931719493,0.41,0.6,8.82
1,1546931719509,0.6,0.54,9.49
1,1546931719510,0.54,0.56,9.8
1,1546931719511,0.31,0.58,10.05
1,1546931719512,-0.17,0.29,10.7
1,1546931719575,-0.5,0.31,11.05
1,1546931719576,-0.62,0.46,11.36
1,1546931719576,-0.46,0.56,11.4
1,1546931719577,-0.23,0.68,11.42
1,1546931719577,-0.5,0.7,11.89
1,1546931719577,-0.66,0.33,12.28
1,1546931719578,-0.72,-0.17,12.92
1,1546931719578,-0.87,-0.42,13.3
1,1546931719644,-1.69,-0.35,14.17
1,1546931719644,-1.58,-0.07,14.8
1,1546931719659,-1.26,0.25,15.17
1,1546931719660,-0.89,0.52,15.09
1,1546931719660,-0.74,0.62,14.12
1,1546931719660,-0.82,0.66,13.63
1,1546931719661,-0.76,0.66,13.39
1,1546931719720,-0.74,0.58,13.22
1,1546931719720,-0.29,0.68,12.65
1,1546931719734,0.11,1.05,12.16
1,1546931719735,0.25,1.52,11.52
1,1546931719735,0.23,1.95,11.01
1,1546931719735,0.11,1.95,10.58
1,1546931719735,-0.35,0.89,9.96
1,1546931719736,-0.48,0.5,9.74
1,1546931719797,-0.44,0.11,9.47
1,1546931719797,-0.39,-0.09,9.02
1,1546931719797,-0.74,0.58,8.1
1,1546931719798,-0.42,1.15,7.57
1,1546931719812,-0.03,1.85,7.07
1,1546931719813,0.23,2.4,6.62
1,1546931719813,0.25,1.93,5.66
1,1546931719871,0.37,1.32,5.09
1,1546931719872,0.31,0.72,4.55
1,1546931719874,0.15,0.5,4.12
1,1546931719875,0.27,0.99,3.37
1,1546931719875,0.29,1.95,2.75
1,1546931719876,0.01,3.22,2.32
1,1546931719876,-0.68,4.33,1.62
1,1546931719877,-1.54,5.09,-0.41
1,1546931719945,-3.76,4.98,-4.12
1,1546931719945,-3.82,3.65,-5.6
1,1546931719945,-3.3,1.85,-6.44
1,1546931719945,-2.34,0.39,-7.14
1,1546931719946,-0.42,-0.44,-8.24
1,1546931719946,0.27,-0.11,-9.49
1,1546931719946,0.89,0.41,-11.03
1,1546931719946,1.5,0.39,-12.73
1,1546931720022,2.44,-0.25,-14.1
1,1546931720023,2.65,-0.21,-15.23
1,1546931720025,2.79,0.19,-13.14
1,1546931720026,4.88,-0.62,-14.82
1,1546931720027,8.53,-1.38,-17.59
1,1546931720028,9.17,-0.23,-18.61
1,1546931720029,8.69,1.01,-20.52
1,1546931720094,7.38,2.53,-22.3
1,1546931720096,6.26,3.32,-23.18
1,1546931720097,6.07,0.74,-22.91
1,1546931720099,7.07,-1.32,-21.89
1,1546931720100,8.33,-3.06,-21.01
1,1546931720101,9.39,-3.75,-20.82
1,1546931720102,11.3,-2.79,-22.67
1,1546931720102,11.93,-2.5,-24.68
1,1546931720168,11.58,-3.14,-27.18
1,1546931720187,10.35,-4.35,-28.24
1,1546931720187,7.22,-7.73,-29.58
1,1546931720187,5.58,-9.72,-29.84
1,1546931720187,4.27,-12.1,-29.68
1,1546931720188,3.2,-14.12,-28.94
1,1546931720188,1.4,-17.01,-28.33
1,1546931720341,0.99,-17.65,-28.63
1,1546931720343,0.8,-17.81,-28.43
1,1546931720344,1.07,-17.42,-29.0
1,1546931720346,1.46,-16.52,-29.25
1,1546931720347,2.77,-12.48,-26.89
1,1546931720398,3.8,-10.07,-26.44
1,1546931720400,4.58,-8.76,-25.78
1,1546931720401,5.25,-8.98,-25.05
1,1546931720401,5.56,-11.25,-24.08
1,1546931720402,5.33,-11.25,-24.14
1,1546931720450,7.55,-6.17,-20.48
1,1546931720451,7.03,-5.99,-19.06
1,1546931720451,6.56,-6.25,-18.37
1,1546931720475,6.42,-6.38,-17.89
1,1546931720476,7.53,-0.25,-14.98
1,1546931720476,7.69,0.29,-14.04
1,1546931720476,8.06,0.03,-11.95
1,1546931720477,8.37,-0.62,-11.26
1,1546931720477,8.84,-1.32,-10.5
1,1546931720477,9.25,-1.6,-9.76
1,1546931720477,10.09,0.05,-8.78
1,1546931720543,10.6,1.5,-8.16
1,1546931720544,10.95,3.04,-7.38
1,1546931720544,11.19,3.92,-6.5
1,1546931720569,10.41,5.13,-1.28
1,1546931720569,10.17,5.87,0.33
1,1546931720570,9.9,6.28,2.55
1,1546931720570,9.6,6.07,4.45
1,1546931720570,9.31,6.23,6.52
1,1546931720621,9.31,7.53,8.32
1,1546931720623,8.73,7.83,9.31
1,1546931720624,7.3,7.89,10.54
1,1546931720626,5.29,7.63,11.87
1,1546931720627,0.93,7.79,16.11
1,1546931720628,0.27,9.1,18.41
1,1546931720630,0.23,10.6,20.48
1,1546931720632,0.15,11.67,21.09
1,1546931720693,-0.89,9.58,22.63
1,1546931720694,-1.26,7.28,23.28
1,1546931720700,-1.5,5.6,23.32
1,1546931720700,-1.85,5.07,22.89
1,1546931720701,-2.18,5.31,21.95
1,1546931720701,-2.26,5.11,19.92
1,1546931720701,-2.28,4.29,19.76
1,1546931720701,-2.4,2.75,19.37
1,1546931720768,-2.55,1.03,18.12
1,1546931720784,-2.69,-0.52,15.83
1,1546931720785,-2.51,-0.68,14.47
1,1546931720785,-2.36,-0.15,13.28
1,1546931720785,-2.22,0.5,12.32
1,1546931720785,-1.01,0.66,10.42
1,1546931720786,-0.52,0.35,9.9
1,1546931720842,-0.54,-0.29,9.84
1,1546931720866,-0.46,-0.82,9.66
1,1546931720867,0.27,-0.83,9.49
1,1546931720869,0.23,-0.27,9.47
1,1546931720870,0.23,0.29,9.27
1,1546931720871,0.25,0.52,9.02
1,1546931720872,0.39,0.39,8.75
1,1546931720873,1.42,-0.42,9.25
1,1546931720924,1.97,-0.13,10.21
1,1546931720925,1.73,0.09,10.25
1,1546931720925,0.82,0.52,10.48
1,1546931720926,1.07,0.93,11.71
1,1546931720926,1.48,0.7,12.36
1,1546931720926,2.03,0.66,12.91
1,1546931720926,2.38,0.7,13.2
1,1546931720927,2.5,0.37,14.37
1,1546931720994,2.2,0.13,15.33
1,1546931720995,2.03,0.23,15.72
1,1546931720995,1.79,0.64,15.87
1,1546931721003,0.66,2.28,15.41
1,1546931721003,0.21,3.02,15.48
1,1546931721003,0.09,3.35,15.48
1,1546931721003,0.15,3.53,15.54
1,1546931721067,0.23,3.61,15.76
1,1546931721087,0.21,3.04,15.87
1,1546931721087,0.25,2.71,15.89
1,1546931721087,0.35,2.67,15.78
1,1546931721088,0.68,2.85,15.5
1,1546931721088,1.3,3.47,14.62
1,1546931721088,1.48,3.73,14.04
1,1546931721088,1.6,4.14,13.3
1,1546931721142,1.81,4.53,12.51
1,1546931721144,2.79,4.33,10.44
1,1546931721145,3.18,3.96,9.82
1,1546931721146,3.45,3.71,9.08
1,1546931721147,3.57,3.45,8.2
1,1546931721148,3.65,3.06,6.99
1,1546931721149,3.86,2.71,5.19
1,1546931721222,4.04,2.53,3.8
1,1546931721223,3.88,2.18,2.94
1,1546931721225,3.24,1.73,2.38
1,1546931721226,2.3,1.34,1.58
1,1546931721227,2.18,1.62,1.23
1,1546931721229,1.69,2.28,0.7
1,1546931721232,0.91,2.79,-0.19
1,1546931721233,-0.41,3.12,-1.93
1,1546931721297,-1.03,2.69,-2.91
1,1546931721298,-0.74,1.56,-4.0
1,1546931721298,0.03,0.52,-4.84
1,1546931721299,0.8,-0.54,-6.15
1,1546931721299,0.95,-0.56,-6.79
1,1546931721299,1.11,-0.27,-7.38
1,1546931721299,1.81,-0.07,-8.1
1,1546931721300,2.65,-0.07,-9.51
1,1546931721381,2.98,-1.09,-12.96
1,1546931721382,2.65,-1.66,-14.19
1,1546931721382,2.48,-1.93,-16.44
1,1546931721382,1.26,-1.75,-14.92
1,1546931721383,4.27,-1.99,-15.66
1,1546931721383,6.46,-1.05,-16.34
1,1546931721383,8.57,0.82,-17.57
1,1546931721445,9.72,3.04,-19.31
1,1546931721446,10.29,5.13,-21.77
1,1546931721447,10.19,3.96,-23.24
1,1546931721447,9.7,1.58,-24.02
1,1546931721448,9.6,-0.93,-23.43
1,1546931721455,10.05,-3.96,-24.08
1,1546931721456,10.27,-3.35,-25.39
1,1546931721456,10.42,-2.46,-26.91
1,1546931721521,10.07,-2.48,-29.06
1,1546931721522,8.98,-3.57,-30.09
1,1546931721545,6.23,-7.42,-31.42
1,1546931721546,4.76,-9.23,-32.2
1,1546931721546,3.86,-10.91,-32.36
1,1546931721547,2.85,-11.95,-31.67
1,1546931721548,3.3,-14.58,-31.99
1,1546931721599,3.88,-16.23,-30.7
1,1546931721601,4.47,-18.67,-29.76
1,1546931721603,4.55,-19.66,-27.87
1,1546931721604,4.43,-15.7,-27.81
1,1546931721606,4.43,-12.73,-28.16
1,1546931721607,5.07,-11.25,-28.41
1,1546931721608,5.89,-11.19,-28.26
1,1546931721609,6.56,-11.95,-27.79
1,1546931721670,6.77,-11.56,-27.63
1,1546931721672,7.16,-10.97,-26.87
1,1546931721673,7.59,-10.33,-25.72
1,1546931721674,8.1,-9.82,-24.53
1,1546931721690,8.98,-9.49,-22.34
1,1546931721691,9.27,-9.33,-21.58
1,1546931721691,9.68,-8.92,-21.01
1,1546931721692,10.35,-8.28,-20.87
1,1546931721745,11.75,-8.32,-21.15
1,1546931721746,12.12,-8.65,-21.03
1,1546931721747,12.28,-8.49,-21.01
1,1546931721747,12.16,-7.83,-20.91
1,1546931721748,12.07,-4.41,-20.23
1,1546931721749,12.32,-2.61,-20.58
1,1546931721749,12.36,-1.25,-20.74
1,1546931721826,11.81,-0.8,-19.8
1,1546931721828,10.33,-0.62,-17.5
1,1546931721829,10.05,-0.48,-16.28
1,1546931721830,10.48,-0.17,-16.23
1,1546931721831,11.17,0.46,-16.48
1,1546931721893,11.83,1.38,-16.17
1,1546931721911,12.71,3.04,-15.21
1,1546931721913,13.06,3.2,-13.28
1,1546931721914,13.59,3.26,-10.64
1,1546931721915,14.68,3.35,-8.28
1,1546931721915,17.08,7.3,-0.21
1,1546931721916,18.47,11.95,0.29
1,1546931721916,19.37,16.48,1.23
1,1546931721968,18.35,19.88,2.3
1,1546931721969,12.96,21.77,12.46
1,1546931721970,12.03,18.24,16.03
1,1546931721970,11.09,14.37,19.8
1,1546931721971,9.39,11.28,22.38
1,1546931721971,3.51,8.57,23.82
1,1546931721972,0.8,8.8,23.75
1,1546931721972,-0.29,9.92,23.43
1,1546931722046,-0.99,11.42,23.26
1,1546931722049,-1.38,12.08,22.59
1,1546931722050,-0.6,11.07,22.26
1,1546931722051,0.03,9.19,21.46
1,1546931722052,-0.15,6.91,20.19
1,1546931722054,-0.82,1.48,19.53
1,1546931722055,-1.05,0.25,19.25
1,1546931722056,-1.52,0.15,18.43
1,1546931722119,-1.83,0.46,17.01
1,1546931722121,-2.24,1.26,14.72
1,1546931722122,-2.59,2.2,14.21
1,1546931722123,-3.3,2.63,13.57
1,1546931722123,-3.75,2.63,12.51
1,1546931722124,-3.61,2.18,11.58
1,1546931722125,-2.79,-0.35,10.13
1,1546931722126,-2.5,-1.54,9.82
1,1546931722195,-2.07,-2.42,9.27
1,1546931722196,-1.77,-3.45,8.59
1,1546931722198,-1.81,-3.71,8.12
1,1546931722199,-1.89,-3.08,7.92
1,1546931722200,-1.38,-2.3,7.42
1,1546931722201,-0.46,-1.85,7.61
1,1546931722202,1.01,-1.03,8.55
1,1546931722202,2.01,-0.68,9.17
1,1546931722270,2.77,-1.03,9.94
1,1546931722271,3.41,-1.67,10.89
1,1546931722278,4.45,-2.5,12.4
1,1546931722279,4.25,-2.42,12.89
1,1546931722280,4.04,-1.67,13.28
1,1546931722281,3.47,-0.07,13.37
1,1546931722281,2.83,1.21,13.16
1,1546931722281,2.32,3.1,12.75
1,1546931722344,2.34,3.33,12.67
1,1546931722363,2.1,3.06,12.79
1,1546931722364,2.08,2.3,13.24
1,1546931722364,2.12,0.85,14.23
1,1546931722364,1.95,0.54,14.19
1,1546931722365,1.42,0.6,14.04
1,1546931722365,0.6,1.03,14.23
1,1546931722421,-0.21,2.14,14.76
1,1546931722422,0.13,2.77,15.09
1,1546931722422,0.62,3.59,15.37
1,1546931722422,1.36,4.29,15.35
1,1546931722430,1.85,4.62,14.76
1,1546931722430,1.46,4.45,14.57
1,1546931722430,1.11,4.27,14.51
1,1546931722431,1.09,4.23,14.39
1,1546931722494,1.13,4.27,14.04
1,1546931722495,1.73,5.29,12.3
1,1546931722570,2.42,6.32,11.32
1,1546931722570,2.83,7.12,10.83
1,1546931722571,2.94,7.22,10.31
1,1546931722572,2.5,5.23,9.82
1,1546931722572,2.38,3.9,9.62
1,1546931722573,2.12,2.94,8.82
1,1546931722573,1.85,2.69,8.08
1,1546931722574,2.22,4.53,6.19
1,1546931722643,2.28,5.85,5.19
1,1546931722644,2.1,6.6,4.02
1,1546931722644,0.66,2.83,2.16
1,1546931722645,0.56,3.04,1.62
1,1546931722645,0.56,3.55,0.13
1,1546931722645,0.21,4.02,-1.89
1,1546931722645,0.6,3.1,-3.24
1,1546931722646,1.77,1.73,-4.31
1,1546931722722,2.75,0.42,-5.01
1,1546931722723,3.98,-1.79,-5.7
1,1546931722723,4.55,-2.75,-6.07
1,1546931722724,5.0,-2.57,-6.77
1,1546931722724,5.31,-1.73,-7.03
1,1546931722725,5.66,-0.23,-11.21
1,1546931722733,5.64,-0.7,-13.61
1,1546931722734,5.17,-1.77,-14.74
1,1546931722795,4.94,-2.77,-15.91
1,1546931722795,4.37,-4.45,-19.7
1,1546931722796,4.17,-4.8,-21.11
1,1546931722796,3.84,-4.29,-18.98
1,1546931722797,4.78,-3.51,-19.74
1,1546931722797,6.4,-2.28,-20.74
1,1546931722819,9.27,0.64,-22.75
1,1546931722820,9.8,0.93,-24.06
1,1546931722871,10.37,0.66,-24.78
1,1546931722872,11.05,-0.29,-25.48
1,1546931722872,12.44,-3.69,-27.2
1,1546931722872,12.51,-4.82,-27.94
1,1546931722872,11.97,-5.11,-29.0
1,1546931722891,11.05,-5.05,-30.52
1,1546931722891,8.06,-5.72,-32.5
1,1546931722942,6.67,-6.81,-32.42
1,1546931722942,5.44,-8.45,-32.28
1,1546931722953,4.27,-10.46,-31.97
1,1546931722954,3.16,-12.59,-31.19
1,1546931722954,1.93,-16.03,-30.99
1,1546931722955,2.42,-17.12,-31.32
1,1546931722955,2.24,-17.05,-29.57
1,1546931722956,2.3,-20.97,-26.79
1,1546931723016,5.13,-15.25,-20.87
1,1546931723017,5.44,-8.33,-23.16
1,1546931723017,6.13,-4.31,-24.82
1,1546931723018,6.66,-4.96,-25.0
1,1546931723019,6.32,-12.2,-23.96
1,1546931723019,5.56,-12.53,-23.57
1,1546931723019,5.44,-10.58,-23.67
1,1546931723020,6.42,-7.36,-24.31
1,1546931723093,8.08,-4.04,-25.33
1,1546931723095,8.06,-5.99,-24.8
1,1546931723095,7.65,-8.75,-23.63
1,1546931723096,7.34,-10.15,-22.92
1,1546931723103,7.34,-9.66,-22.81
1,1546931723104,8.67,-6.99,-22.85
1,1546931723105,9.74,-6.54,-22.36
1,1546931723105,10.74,-6.75,-22.07
1,1546931723176,11.23,-6.91,-21.62
1,1546931723176,11.67,-4.82,-19.27
1,1546931723177,12.12,-2.18,-18.26
1,1546931723177,12.96,0.78,-18.43
1,1546931723177,13.84,4.0,-16.95
1,1546931723177,15.33,6.66,-13.35
1,1546931723178,15.78,6.21,-11.83
1,1546931723178,15.87,5.37,-10.37
1,1546931723244,15.52,4.43,-9.02
1,1546931723252,14.9,3.0,-7.65
1,1546931723253,14.31,2.77,-6.07
1,1546931723253,13.76,3.1,-3.59
1,1546931723253,13.16,4.21,-1.62
1,1546931723253,12.57,6.11,0.03
1,1546931723253,11.81,9.23,4.6
1,1546931723253,12.24,9.86,6.97
1,1546931723320,13.04,9.98,9.16
1,1546931723322,14.02,9.53,12.18
1,1546931723323,15.33,8.82,17.34
1,1546931723324,14.25,10.11,21.11
1,1546931723325,12.1,13.16,21.89
1,1546931723326,8.82,15.56,22.51
1,1546931723327,1.69,16.62,23.26
1,1546931723395,0.52,14.68,24.08
1,1546931723396,0.64,12.51,25.46
1,1546931723396,0.72,11.05,26.28
1,1546931723397,0.35,10.09,24.62
1,1546931723397,0.35,9.19,22.81
1,1546931723397,0.27,7.55,21.05
1,1546931723398,-0.25,5.35,20.17
1,1546931723398,-1.01,3.1,20.21
1,1546931723470,-0.31,-0.01,20.74
1,1546931723472,0.0,-0.33,20.48
1,1546931723473,-0.07,-0.13,19.92
1,1546931723474,-0.62,0.39,18.39
1,1546931723476,-2.28,3.12,14.1
1,1546931723476,-2.51,4.53,12.32
1,1546931723477,-2.32,4.98,10.99
1,1546931723546,-2.08,4.21,9.9
1,1546931723555,-2.05,0.8,8.86
1,1546931723556,-1.62,-0.64,8.35
1,1546931723556,-0.97,-1.62,8.24
1,1546931723557,-0.8,-1.97,8.32
1,1546931723557,-1.11,-1.93,8.28
1,1546931723558,-1.11,-0.82,9.0
1,1546931723558,-0.27,-0.42,8.73
1,1546931723618,0.27,-0.78,8.94
1,1546931723697,0.56,-1.05,9.62
1,1546931723698,1.89,0.48,10.09
1,1546931723698,2.59,1.95,9.86
1,1546931723699,2.96,3.32,9.51
1,1546931723700,2.91,3.76,9.33
1,1546931723700,1.77,1.91,10.19
1,1546931723709,1.09,0.58,11.25
1,1546931723709,1.21,0.23,12.24
1,1546931723770,1.87,0.27,12.91
1,1546931723771,2.16,0.8,13.33
1,1546931723771,1.85,1.85,12.83
1,1546931723771,1.52,2.01,12.83
1,1546931723789,1.25,2.05,12.85
1,1546931723790,1.17,2.08,12.75
1,1546931723790,1.36,2.63,12.94
1,1546931723790,1.67,2.94,13.1
1,1546931723844,1.54,3.22,13.39
1,1546931723845,0.09,3.35,13.84
1,1546931723857,-0.13,3.33,13.75
1,1546931723858,0.0,3.18,13.39
1,1546931723858,0.21,2.98,12.89
1,1546931723858,0.64,2.75,11.93
1,1546931723859,0.89,2.83,11.52
1,1546931723859,0.95,2.89,11.26
1,1546931723917,1.01,2.71,10.97
1,1546931723924,1.19,2.4,10.83
1,1546931723924,1.89,2.3,10.5
1,1546931723924,1.87,2.28,9.9
1,1546931723925,1.73,2.18,9.16
1,1546931723925,1.67,2.34,8.16
1,1546931723925,0.35,2.38,5.7
1,1546931723925,0.13,2.34,5.11
1,1546931723993,-0.27,2.18,4.64
1,1546931724016,-0.97,2.01,4.02
1,1546931724017,-1.69,1.5,3.1
1,1546931724018,-1.71,0.93,2.79
1,1546931724018,-1.32,0.37,1.54
1,1546931724019,-1.05,-0.33,-0.83
1,1546931724019,-0.19,-4.25,-2.77
1,1546931724020,-0.09,-6.93,-3.02
1,1546931724088,-0.15,-8.55,-2.94
1,1546931724089,0.11,-8.1,-2.57
1,1546931724089,0.66,-6.4,-2.67
1,1546931724089,2.53,-2.71,-3.92
1,1546931724089,3.28,-0.95,-4.68
1,1546931724090,4.14,0.91,-6.03
1,1546931724090,4.29,2.87,-8.35
1,1546931724145,3.22,6.34,-12.98
1,1546931724145,3.02,8.32,-15.23
1,1546931724159,3.26,9.21,-17.32
1,1546931724160,3.67,8.26,-17.89
1,1546931724160,6.19,3.2,-18.49
1,1546931724160,6.42,1.97,-19.53
1,1546931724161,6.09,2.1,-17.92
1,1546931724161,6.07,2.1,-19.31
1,1546931724217,5.99,1.3,-20.85
1,1546931724227,7.63,-0.39,-23.22
1,1546931724227,8.37,-2.3,-25.39
1,1546931724227,8.37,-4.39,-27.44
1,1546931724227,7.85,-6.48,-29.31
1,1546931724228,4.62,-9.02,-33.96
1,1546931724228,2.42,-9.25,-34.39
1,1546931724228,0.89,-9.33,-34.41
1,1546931724294,0.8,-9.88,-34.86
1,1546931724311,3.28,-11.44,-34.78
1,1546931724312,4.37,-11.95,-34.9
1,1546931724312,4.68,-12.34,-34.86
1,1546931724312,4.58,-12.94,-34.16
1,1546931724313,4.84,-15.17,-32.94
1,1546931724313,4.94,-16.28,-31.79
1,1546931724369,5.27,-17.63,-30.58
1,1546931724372,5.5,-18.43,-30.37
1,1546931724374,5.54,-18.32,-29.55
1,1546931724376,4.86,-16.23,-28.67
1,1546931724377,5.23,-14.74,-28.39
1,1546931724379,6.46,-12.92,-28.18
1,1546931724383,7.83,-11.11,-27.89
1,1546931724384,10.87,-9.76,-27.44
1,1546931724444,11.75,-10.35,-27.1
1,1546931724444,11.71,-11.46,-26.83
1,1546931724462,11.11,-12.77,-25.95
1,1546931724463,10.46,-10.89,-25.44
1,1546931724463,11.05,-8.73,-25.07
1,1546931724463,12.1,-6.52,-23.86
1,1546931724464,13.61,-3.76,-23.39
1,1546931724518,16.32,1.28,-23.18
1,1546931724529,16.6,2.71,-22.28
1,1546931724529,16.28,3.22,-20.91
1,1546931724529,16.46,3.26,-18.55
1,1546931724530,17.03,3.9,-14.84
1,1546931724530,18.1,8.41,-8.49
1,1546931724530,16.75,10.85,-6.79
1,1546931724530,14.57,12.03,-3.84
1,1546931724593,13.04,12.55,-0.85
1,1546931724616,11.69,14.16,2.96
1,1546931724617,11.48,14.43,5.99
1,1546931724617,10.95,14.49,9.23
1,1546931724618,10.44,14.66,12.26
1,1546931724618,8.65,14.31,17.28
1,1546931724618,7.87,13.69,19.51
1,1546931724619,7.01,12.59,20.41
1,1546931724684,5.97,12.12,21.03
1,1546931724685,3.2,12.14,22.89
1,1546931724685,2.32,11.79,22.69
1,1546931724685,0.93,10.93,21.73
1,1546931724685,-1.3,10.29,21.99
1,1546931724686,-3.1,9.98,22.24
1,1546931724686,-4.25,9.55,21.19
1,1546931724742,-3.82,8.88,20.97
1,1546931724742,-3.04,7.32,19.74
1,1546931724771,-2.85,5.6,18.16
1,1546931724772,-3.71,2.12,16.19
1,1546931724773,-3.9,0.48,14.82
1,1546931724773,-4.02,-0.25,13.73
1,1546931724774,-4.14,-0.29,12.63
1,1546931724774,-5.0,1.75,12.59
1,1546931724826,-3.75,2.3,11.91
1,1546931724827,-3.32,1.46,11.64
1,1546931724827,-3.2,0.6,10.91
1,1546931724827,-2.59,0.01,9.78
1,1546931724827,-2.53,-0.46,8.88
1,1546931724828,-2.89,-0.56,8.39
1,1546931724828,-3.26,-0.19,8.12
1,1546931724894,-3.04,0.33,7.94
1,1546931724894,-1.81,0.48,7.55
1,1546931724916,-2.03,-0.15,7.98
1,1546931724917,-2.1,-1.36,8.59
1,1546931724918,-2.03,-2.28,9.31
1,1546931724919,-1.64,-1.67,9.7
1,1546931724920,-0.25,0.07,9.33
1,1546931724920,0.44,1.15,8.45
1,1546931725000,0.33,1.36,7.3
1,1546931725001,0.25,-0.35,6.89
1,1546931725001,0.5,-1.38,7.36
1,1546931725001,1.23,-2.42,7.94
1,1546931725001,2.14,-3.37,8.47
1,1546931725002,3.32,-2.98,9.39
1,1546931725002,3.8,-2.08,9.53
1,1546931725002,4.49,-1.19,10.01
1,1546931725045,5.07,-0.56,10.37
1,1546931725045,5.35,-0.39,10.83
1,1546931725045,5.21,-0.29,12.89
1,1546931725046,5.03,0.07,13.94
1,1546931725047,5.15,0.27,14.72
1,1546931725066,5.37,0.46,15.23
1,1546931725067,4.8,0.58,16.07
1,1546931725122,3.78,0.7,16.38
1,1546931725122,2.83,0.99,16.26
1,1546931725133,1.97,1.38,15.83
1,1546931725134,0.83,3.16,14.82
1,1546931725134,0.33,4.1,14.47
1,1546931725134,0.35,4.72,14.47
1,1546931725134,0.74,4.9,14.88
1,1546931725135,1.19,4.27,15.5
1,1546931725191,1.36,3.88,15.8
1,1546931725200,1.54,3.45,15.85
1,1546931725201,1.75,3.16,15.56
1,1546931725201,2.14,2.91,14.9
1,1546931725201,2.57,3.28,13.51
1,1546931725201,2.55,3.71,12.81
1,1546931725202,2.36,4.21,12.18
1,1546931725202,2.3,4.55,11.28
1,1546931725269,2.67,4.8,10.33
1,1546931725269,2.92,4.64,9.92
1,1546931725270,3.0,4.02,9.45
1,1546931725285,3.2,3.24,9.02
1,1546931725285,3.55,2.07,8.02
1,1546931725285,3.32,1.71,7.07
1,1546931725286,2.81,1.67,6.23
1,1546931725344,2.32,1.44,5.0
1,1546931725353,0.7,1.01,3.71
1,1546931725354,0.29,1.21,3.49
1,1546931725356,-0.15,1.66,2.98
1,1546931725357,-0.82,2.4,2.3
1,1546931725358,-0.99,2.53,0.95
1,1546931725359,-1.11,0.8,-0.72
1,1546931725360,-0.11,-0.54,-1.85
1,1546931725422,0.37,-2.34,-3.0
1,1546931725424,0.52,-3.82,-3.49
1,1546931725425,1.48,-5.35,-3.51
1,1546931725427,2.87,-5.39,-3.76
1,1546931725428,3.92,-4.74,-4.25
1,1546931725429,4.66,-3.63,-5.03
1,1546931725430,5.52,-1.83,-7.4
1,1546931725495,5.62,-1.56,-9.47
1,1546931725505,5.15,-1.36,-11.32
1,1546931725505,4.86,-1.38,-12.92
1,1546931725506,4.72,-1.97,-14.23
1,1546931725506,5.15,-4.6,-15.46
1,1546931725507,5.97,-5.44,-16.56
1,1546931725507,6.38,-5.5,-17.5
1,1546931725507,6.81,-5.25,-18.0
1,1546931725570,7.67,-4.86,-21.11
1,1546931725587,8.35,-4.17,-22.69
1,1546931725588,8.92,-3.57,-24.62
1,1546931725588,9.06,-3.28,-25.87
1,1546931725589,7.73,-4.7,-26.44
1,1546931725589,6.97,-5.97,-25.91
1,1546931725590,6.79,-7.05,-25.83
1,1546931725590,7.42,-7.77,-25.82
1,1546931725648,8.26,-8.51,-26.21
1,1546931725673,7.59,-8.59,-26.03
1,1546931725675,6.42,-8.65,-25.82
1,1546931725675,5.37,-8.37,-25.11
1,1546931725676,4.58,-8.14,-24.23
1,1546931725677,3.76,-9.47,-23.76
1,1546931725678,3.32,-11.05,-23.45
1,1546931725721,2.73,-13.06,-22.63
1,1546931725722,2.12,-15.0,-21.75
1,1546931725738,0.95,-16.54,-21.21
1,1546931725739,0.74,-16.38,-21.6
1,1546931725739,0.76,-15.76,-21.81
1,1546931725739,1.03,-14.72,-21.85
1,1546931725740,1.79,-12.38,-21.71
1,1546931725740,1.95,-11.73,-21.93
1,1546931725796,1.91,-11.73,-22.28
1,1546931725798,1.89,-12.5,-22.03
1,1546931725799,2.73,-15.37,-21.5
1,1546931725800,3.06,-15.99,-21.48
1,1546931725808,3.43,-15.54,-21.93
1,1546931725809,3.94,-14.84,-22.59
1,1546931725810,4.7,-14.39,-23.16
1,1546931725870,5.35,-14.33,-24.02
1,1546931725872,5.17,-14.58,-24.43
1,1546931725872,5.03,-14.33,-24.17
1,1546931725873,5.82,-12.89,-23.67
1,1546931725874,10.41,-8.73,-24.14
1,1546931725875,12.65,-8.45,-24.98
1,1546931725876,13.9,-9.57,-24.82
1,1546931725877,14.12,-11.01,-23.47
1,1546931725948,12.96,-9.35,-22.24
1,1546931725949,12.69,-7.1,-22.3
1,1546931725949,13.28,-4.41,-21.91
1,1546931725950,14.31,-1.77,-22.18
1,1546931725952,15.13,0.64,-22.24
1,1546931725953,15.68,4.9,-20.82
1,1546931725954,15.42,5.58,-20.01
1,1546931725955,15.46,5.46,-17.65
1,1546931726019,15.7,5.13,-14.02
1,1546931726020,16.42,5.29,-8.61
1,1546931726022,15.52,6.25,-6.44
1,1546931726022,13.41,7.63,-2.92
1,1546931726023,11.62,9.0,-0.42
1,1546931726024,10.82,9.33,2.92
1,1546931726026,10.87,8.9,5.78
1,1546931726096,11.81,9.1,8.49
1,1546931726098,12.89,10.05,9.68
1,1546931726099,13.51,11.91,11.3
1,1546931726100,13.22,13.88,14.39
1,1546931726102,13.16,13.49,15.27
1,1546931726103,11.91,13.37,16.4
1,1546931726104,9.8,13.71,17.38
1,1546931726168,6.46,14.92,19.25
1,1546931726169,5.29,14.27,18.51
1,1546931726170,3.98,12.77,18.18
1,1546931726170,2.34,10.74,19.41
1,1546931726172,0.23,6.73,19.96
1,1546931726172,0.25,5.83,20.33
1,1546931726172,0.66,5.17,20.37
1,1546931726173,1.17,4.21,19.86
1,1546931726241,0.93,1.95,20.11
1,1546931726257,0.74,0.48,20.11
1,1546931726258,1.05,-1.21,20.99
1,1546931726258,1.67,-3.06,21.83
1,1546931726259,1.34,-2.79,20.7
1,1546931726259,0.23,0.09,18.55
1,1546931726259,-0.64,3.69,16.42
1,1546931726259,-0.62,5.99,14.74
1,1546931726407,-0.17,5.97,13.57
1,1546931726431,-1.66,0.33,12.67
1,1546931726432,-2.46,-2.44,12.5
1,1546931726433,-2.32,-3.9,12.32
1,1546931726434,-1.52,-4.08,11.69
1,1546931726481,-0.17,-3.04,10.5
1,1546931726482,0.03,-2.14,10.07
1,1546931726483,0.0,-1.25,9.72
1,1546931726484,0.03,-0.25,9.55
1,1546931726484,0.27,0.64,9.37
1,1546931726485,1.15,1.46,13.14
1,1546931726486,1.26,2.26,13.45
1,1546931726487,1.5,2.67,13.75
1,1546931726544,1.85,2.71,14.86
1,1546931726560,1.95,2.94,15.44
1,1546931726569,1.58,3.2,15.31
1,1546931726569,1.44,3.61,14.9
1,1546931726570,1.89,4.88,13.94
1,1546931726570,2.22,6.19,13.43
1,1546931726570,2.4,6.13,13.18
1,1546931726571,2.61,5.62,13.14
1,1546931726619,3.22,4.51,12.85
1,1546931726619,3.63,4.27,12.34
1,1546931726620,3.94,4.41,11.89
1,1546931726620,4.14,4.84,11.34
1,1546931726620,4.35,5.19,10.62
1,1546931726621,4.58,5.68,9.16
1,1546931726621,4.45,5.74,8.43
1,1546931726621,4.27,5.6,7.91
1,1546931726695,3.96,5.23,7.28
1,1546931726698,3.3,4.19,6.01
1,1546931726699,3.33,3.65,5.83
1,1546931726700,3.55,3.33,5.64
1,1546931726702,3.51,3.32,5.07
1,1546931726703,2.2,3.47,3.69
1,1546931726703,1.09,3.71,2.98
1,1546931726705,0.29,4.0,1.52
1,1546931726771,-0.54,4.04,-0.21
1,1546931726774,-2.83,3.32,-2.71
1,1546931726776,-3.73,2.34,-3.53
1,1546931726777,-4.29,0.85,-4.19
1,1546931726777,-4.51,-0.37,-4.39
1,1546931726779,-4.23,-1.83,-4.25
1,1546931726781,-1.48,-3.28,-4.37
1,1546931726847,0.01,-3.2,-4.92
1,1546931726848,1.25,-2.55,-5.74
1,1546931726849,2.91,-1.91,-7.83
1,1546931726850,4.72,0.56,-13.8
1,1546931726851,3.3,1.5,-14.27
1,1546931726852,2.01,2.28,-14.25
1,1546931726852,1.54,1.85,-15.6
1,1546931726853,3.61,0.56,-18.28
1,1546931726921,5.03,0.54,-16.23
1,1546931726922,6.62,0.52,-16.77
1,1546931726932,7.89,0.52,-17.34
1,1546931726932,8.84,1.07,-18.8
1,1546931726933,9.04,0.62,-23.28
1,1546931726933,8.75,-0.33,-23.78
1,1546931726934,8.41,-2.1,-23.88
1,1546931726934,8.0,-3.69,-24.31
1,1546931726993,7.85,-5.58,-27.14
1,1546931726996,8.08,-6.3,-29.35
1,1546931726997,8.43,-7.4,-31.4
1,1546931726999,8.51,-8.96,-32.83
1,1546931727000,6.34,-11.75,-33.59
1,1546931727001,4.17,-12.42,-33.71
1,1546931727002,2.07,-13.47,-34.12
1,1546931727071,0.74,-15.54,-33.06
1,1546931727072,3.16,-20.41,-28.32
1,1546931727073,6.11,-22.12,-29.35
1,1546931727075,5.82,-22.26,-27.85
1,1546931727076,4.49,-21.23,-28.28
1,1546931727077,3.65,-19.82,-29.53
1,1546931727078,4.74,-16.17,-26.79
1,1546931727079,6.07,-15.01,-26.3
1,1546931727142,7.14,-14.23,-26.01
1,1546931727142,7.61,-13.02,-25.5
1,1546931727143,7.03,-11.17,-24.92
1,1546931727144,7.2,-11.38,-24.51
1,1546931727144,8.06,-12.48,-23.63
1,1546931727144,9.29,-14.02,-22.59
1,1546931727145,10.15,-14.23,-20.56
1,1546931727220,9.88,-12.77,-20.17
1,1546931727298,9.74,-10.99,-20.15
1,1546931727299,10.01,-9.41,-20.46
1,1546931727300,10.72,-8.18,-19.78
1,1546931727301,10.87,-7.69,-19.49
1,1546931727301,11.38,-5.56,-19.9
1,1546931727302,11.81,-4.29,-20.29
1,1546931727303,11.87,-4.04,-20.11
1,1546931727303,12.53,-3.76,-17.12
1,1546931727371,13.35,-2.59,-15.95
1,1546931727392,14.74,-1.17,-15.0
1,1546931727393,19.31,6.38,-10.66
1,1546931727393,17.85,10.85,-6.17
1,1546931727393,17.38,13.32,-3.14
1,1546931727394,17.91,15.89,0.05
1,1546931727394,18.37,18.02,4.06
1,1546931727394,17.42,18.98,11.75
1,1546931727444,16.83,16.91,14.62
1,1546931727450,15.03,15.01,20.52
1,1546931727451,12.38,15.72,22.4
1,1546931727451,5.11,16.09,24.12
1,1546931727451,2.07,14.47,25.85
1,1546931727451,-0.05,12.71,27.94
1,1546931727452,-1.54,11.26,28.84
1,1546931727452,-1.5,10.21,26.19
1,1546931727518,-1.77,10.39,24.82
1,1546931727534,-2.03,9.88,23.69
1,1546931727535,-1.64,8.53,22.67
1,1546931727535,-0.89,3.69,20.35
1,1546931727535,-0.76,1.34,19.37
1,1546931727535,-0.72,0.44,18.69
1,1546931727536,-1.09,0.83,18.2
1,1546931727536,-2.28,1.97,17.69
1,1546931727593,-2.08,2.79,15.56
1,1546931727603,-1.34,2.77,13.73
1,1546931727603,-1.4,2.48,11.75
1,1546931727603,-1.89,1.71,10.76
1,1546931727604,-2.79,-1.09,9.23
1,1546931727604,-2.96,-2.14,8.73
1,1546931727604,-2.87,-2.12,8.18
1,1546931727605,-2.53,-0.97,7.34
1,1546931727668,-0.54,1.83,5.66
1,1546931727689,0.33,1.97,5.76
1,1546931727690,0.93,0.8,6.32
1,1546931727690,1.3,-0.82,7.07
1,1546931727690,0.83,-2.44,9.66
1,1546931727690,0.54,-1.73,9.8
1,1546931727691,0.64,-0.15,9.17
1,1546931727691,0.8,1.3,8.78
1,1546931727744,1.01,2.42,8.65
1,1546931727744,1.62,2.53,9.45
1,1546931727744,1.75,2.16,9.74
1,1546931727755,1.87,1.58,9.9
1,1546931727755,2.05,0.99,10.17
1,1546931727755,2.34,0.42,11.23
1,1546931727756,2.42,0.35,12.1
1,1546931727827,2.57,0.58,13.18
1,1546931727828,2.67,0.85,13.82
1,1546931727828,2.14,1.6,14.17
1,1546931727829,1.32,1.97,14.37
1,1546931727829,0.46,2.42,14.58
1,1546931727830,0.17,2.87,14.8
1,1546931727830,0.21,3.3,14.66
1,1546931727831,0.25,3.47,14.76
1,1546931727894,0.31,3.55,15.01
1,1546931727894,0.5,3.53,15.37
1,1546931727895,0.66,3.43,15.8
1,1546931727895,0.72,4.08,15.27
1,1546931727895,0.68,4.82,14.62
1,1546931727895,0.74,5.5,13.86
1,1546931727896,0.91,5.85,13.2
1,1546931727896,0.83,5.29,12.55
1,1546931727969,0.42,4.76,12.63
1,1546931727989,0.21,4.21,12.5
1,1546931727990,-0.09,3.86,12.3
1,1546931727990,-1.38,4.0,11.62
1,1546931727990,-1.77,3.84,11.01
1,1546931727990,-1.54,3.35,10.15
1,1546931727990,-0.7,2.73,8.84
1,1546931728042,-0.27,1.15,5.09
1,1546931728043,-0.56,0.74,3.32
1,1546931728043,-0.8,0.48,2.01
1,1546931728056,-0.82,0.15,0.6
1,1546931728119,-0.76,-0.11,-0.23
1,1546931728120,0.15,-0.78,-0.68
1,1546931728120,0.01,-1.25,-1.01
1,1546931728120,0.09,-1.71,-1.48
1,1546931728121,0.29,-2.18,-1.83
1,1546931728121,0.54,-3.02,-2.83
1,1546931728121,0.8,-3.18,-3.73
1,1546931728139,0.78,-3.06,-4.76
1,1546931728199,0.33,-2.92,-5.29
1,1546931728200,0.31,-2.83,-10.78
1,1546931728203,0.23,-1.95,-12.26
1,1546931728204,0.33,-0.91,-13.59
1,1546931728205,0.23,1.62,-11.97
1,1546931728207,1.42,1.79,-12.65
1,1546931728208,2.94,1.6,-12.94
1,1546931728209,3.94,1.23,-13.96
1,1546931728280,4.0,-0.6,-15.95
1,1546931728281,3.33,-1.93,-16.93
1,1546931728282,2.71,-2.94,-17.32
1,1546931728282,2.69,-3.53,-17.67
1,1546931728282,3.67,-3.67,-18.1
1,1546931728283,4.39,-3.65,-18.86
1,1546931728283,4.94,-3.43,-19.6
1,1546931728284,4.88,-2.61,-20.46
1,1546931728344,4.31,-1.6,-20.99
1,1546931728345,2.05,0.25,-21.85
1,1546931728345,0.8,0.56,-22.28
1,1546931728345,0.48,0.52,-21.69
1,1546931728345,0.82,-0.01,-21.21
1,1546931728346,1.38,-1.64,-20.23
1,1546931728346,1.6,-1.83,-19.6
1,1546931728419,2.07,-1.97,-19.37
1,1546931728427,2.51,-2.2,-19.49
1,1546931728428,3.22,-3.43,-19.49
1,1546931728428,3.26,-4.47,-19.62
1,1546931728428,3.14,-5.68,-19.78
1,1546931728429,2.98,-6.89,-19.96
1,1546931728429,1.64,-8.55,-20.66
1,1546931728429,0.74,-9.0,-20.8
1,1546931728496,0.31,-9.12,-21.03
1,1546931728509,0.23,-9.0,-21.21
1,1546931728510,0.23,-8.45,-21.15
1,1546931728510,0.25,-8.39,-20.99
1,1546931728510,0.37,-8.39,-20.8
1,1546931728511,0.6,-8.37,-20.25
1,1546931728511,1.17,-8.24,-19.68
1,1546931728511,2.98,-8.73,-18.71
1,1546931728575,3.16,-9.64,-18.41
1,1546931728576,2.85,-10.44,-17.79
1,1546931728576,2.51,-10.66,-17.48
1,1546931728576,2.77,-11.95,-17.69
1,1546931728576,3.55,-13.1,-17.83
1,1546931728576,3.98,-14.35,-18.37
1,1546931728576,3.92,-14.88,-19.14
1,1546931728577,3.24,-15.33,-21.28
1,1546931728643,3.51,-15.07,-21.69
1,1546931728662,4.47,-14.6,-22.61
1,1546931728663,5.62,-14.14,-23.51
1,1546931728664,8.63,-12.4,-24.41
1,1546931728664,10.29,-11.58,-24.7
1,1546931728665,11.36,-10.62,-24.98
1,1546931728666,12.01,-9.49,-25.03
1,1546931728721,12.5,-8.82,-25.23
1,1546931728723,14.16,-8.84,-25.0
1,1546931728723,14.72,-7.92,-25.35
1,1546931728724,14.47,-5.58,-26.71
1,1546931728724,13.8,-2.59,-27.08
1,1546931728725,13.32,1.09,-24.72
1,1546931728725,14.25,1.54,-24.0
1,1546931728725,15.76,1.95,-23.0
1,1546931728794,17.01,2.83,-21.67
1,1546931728812,18.0,4.86,-18.35
1,1546931728812,18.3,6.34,-15.89
1,1546931728812,18.16,7.81,-12.85
1,1546931728813,17.79,8.75,-9.92
1,1546931728813,17.61,8.92,-6.81
1,1546931728813,19.06,11.11,0.31
1,1546931728813,19.62,14.19,1.26
1,1546931728877,19.57,16.66,1.75
1,1546931728878,19.58,18.45,2.69
1,1546931728878,18.71,19.62,9.49
1,1546931728878,17.85,19.12,12.12
1,1546931728878,16.54,18.61,15.03
1,1546931728879,14.57,18.45,18.35
1,1546931728879,9.76,18.96,20.33
1,1546931728943,6.77,19.94,22.44
1,1546931728944,4.14,20.29,23.57
1,1546931728962,3.22,18.71,23.78
1,1546931728962,3.0,13.88,25.74
1,1546931728963,1.81,11.42,25.95
1,1546931728963,0.33,8.84,26.25
1,1546931728963,-0.58,5.99,26.01
1,1546931728963,-1.42,3.98,25.78
1,1546931729020,-2.3,2.94,23.84
1,1546931729022,-2.42,3.76,22.69
1,1546931729023,-1.87,4.86,21.26
1,1546931729024,-1.03,5.17,19.62
1,1546931729027,-0.48,2.24,17.07
1,1546931729028,-0.37,0.5,16.07
1,1546931729030,-0.5,-0.52,15.01
1,1546931729032,-0.95,-1.3,13.61
1,1546931729094,-2.18,-1.01,10.48
1,1546931729095,-2.55,-0.13,9.58
1,1546931729095,-2.5,0.56,8.75
1,1546931729096,-2.55,1.21,8.06
1,1546931729096,-4.02,1.26,6.56
1,1546931729096,-3.75,0.89,6.05
1,1546931729127,-2.38,0.48,5.89
1,1546931729199,-0.83,-0.13,6.26
1,1546931729200,-0.09,-0.78,6.77
1,1546931729201,0.15,-1.69,7.42
1,1546931729201,0.25,-1.66,7.46
1,1546931729202,0.35,-1.26,7.51
1,1546931729203,0.68,-0.37,7.83
1,1546931729203,0.85,0.62,8.75
1,1546931729203,0.87,0.62,8.94
1,1546931729262,1.01,0.68,9.25
1,1546931729263,1.01,0.76,9.53
1,1546931729263,1.07,0.58,9.62
1,1546931729263,1.15,0.58,9.88
1,1546931729264,1.09,0.82,9.98
1,1546931729264,0.99,1.11,10.0
1,1546931729264,1.81,1.13,10.29
1,1546931729264,2.57,0.93,10.44
1,1546931729320,3.24,0.74,10.6
1,1546931729320,3.47,0.56,10.54
1,1546931729332,3.32,0.46,10.66
1,1546931729333,2.14,-0.05,11.44
1,1546931729334,2.05,0.23,11.62
1,1546931729334,2.12,0.7,11.52
1,1546931729335,1.85,1.48,11.32
1,1546931729397,0.29,2.73,10.91
1,1546931729399,-0.15,2.92,10.64
1,1546931729400,-0.6,3.08,10.56
1,1546931729402,-0.62,3.16,10.62
1,1546931729403,0.17,3.02,11.81
1,1546931729404,0.44,2.87,12.3
1,1546931729405,0.44,3.12,12.5
1,1546931729406,0.25,3.65,12.5
1,1546931729483,0.23,4.08,12.5
1,1546931729485,0.58,4.21,12.3
1,1546931729486,0.93,4.14,12.14
1,1546931729486,1.17,3.94,11.91
1,1546931729487,0.91,3.73,11.56
1,1546931729488,-0.25,3.69,10.74
1,1546931729489,-0.64,3.76,10.39
1,1546931729544,-0.19,3.88,10.09
1,1546931729547,0.39,4.06,9.74
1,1546931729547,1.46,4.58,7.91
1,1546931729548,1.54,4.78,6.79
1,1546931729548,1.36,4.7,5.97
1,1546931729548,1.4,4.25,4.02
1,1546931729549,-0.78,3.2,2.05
1,1546931729550,-2.03,3.08,1.38
1,1546931729620,-2.94,3.33,1.5
1,1546931729636,-3.8,4.04,1.99
1,1546931729637,-3.65,5.03,1.85
1,1546931729638,-2.92,4.53,1.99
1,1546931729639,-2.4,3.88,2.05
1,1546931729640,-2.07,3.33,1.58
1,1546931729641,-1.97,2.79,0.29
1,1546931729641,-3.06,1.67,-2.18
1,1546931729694,-4.29,1.03,-3.26
1,1546931729700,-5.6,0.54,-4.23
1,1546931729701,-6.25,0.44,-4.86
1,1546931729701,-5.8,-1.64,-5.97
1,1546931729702,-5.87,-3.8,-5.7
1,1546931729702,-6.64,-5.52,-4.51
1,1546931729702,-7.98,-6.4,-3.59
1,1546931729769,-10.35,-9.51,-3.24
1,1546931729770,-11.23,-13.06,-3.14
1,1546931729770,-11.52,-16.66,-2.05
1,1546931729770,-12.16,-18.76,-0.13
1,1546931729770,-13.59,-15.78,1.46
1,1546931729771,-12.38,-13.0,1.03
1,1546931729771,-9.74,-10.64,0.91
1,1546931729771,-6.73,-8.69,1.69
1,1546931729848,-4.25,-7.48,2.38
1,1546931729849,-3.12,-12.98,2.83
1,1546931729850,-4.12,-16.85,3.76
1,1546931729851,-4.9,-19.14,5.23
1,1546931729851,-5.91,-20.5,6.17
1,1546931729921,-5.8,-19.19,6.89
1,1546931729922,-4.37,-17.44,7.28
1,1546931729923,-3.02,-16.75,7.75
1,1546931729923,-2.22,-17.22,8.43
1,1546931729924,-2.36,-19.23,9.37
1,1546931729924,-3.1,-19.31,9.72
1,1546931729925,-3.96,-18.67,9.76
1,1546931729925,-4.62,-17.24,9.57
1,1546931729996,-4.74,-15.62,9.45
1,1546931730023,-3.49,-13.06,13.1
1,1546931730024,-2.12,-15.8,18.45
1,1546931730025,-3.02,-15.64,14.55
1,1546931730026,0.41,-9.17,12.96
1,1546931730026,0.41,-5.48,9.92
1,1546931730027,0.87,-0.48,7.34
1,1546931730028,2.34,5.31,4.8
1,1546931730069,-1.48,12.73,3.0
1,1546931730086,16.03,-3.3,5.05
1,1546931730087,-9.82,11.99,14.82
1,1546931730087,-11.52,4.74,5.42
1,1546931730087,-11.11,4.51,7.51
1,1546931730088,-8.57,-1.89,9.1
1,1546931730088,-8.82,-2.61,8.82
1,1546931730088,-7.12,-1.36,9.04
1,1546931730142,-6.3,-4.04,10.31
1,1546931730152,2.51,-0.5,10.95
1,1546931730152,3.8,1.85,10.35
1,1546931730152,2.51,4.37,10.66
1,1546931730153,2.01,12.2,8.2
1,1546931730153,-11.62,-1.15,10.52
1,1546931730153,-11.75,-6.85,12.92
1,1546931730153,-5.42,-6.25,14.21
