1,1546928659683,9.88,2.61,-0.99
1,1546928659683,9.66,2.85,-1.28
1,1546928659684,9.53,3.14,-1.26
1,1546928659684,9.53,3.18,-1.17
1,1546928659684,9.76,2.18,-0.56
1,1546928659684,9.74,1.54,-0.48
1,1546928659685,9.68,1.4,-0.52
1,1546928659754,9.51,1.87,-0.93
1,1546928659755,9.58,3.3,-2.38
1,1546928659755,9.72,3.67,-2.71
1,1546928659756,9.76,3.57,-2.75
1,1546928659756,9.7,3.14,-2.48
1,1546928659756,9.49,2.65,-1.93
1,1546928659757,8.96,1.66,-0.6
1,1546928659757,9.12,1.42,-0.62
1,1546928659829,9.37,2.46,-1.23
1,1546928659830,9.35,3.14,-1.87
1,1546928659831,9.31,3.63,-2.69
1,1546928659832,9.19,3.43,-2.65
1,1546928659832,8.98,3.06,-2.48
1,1546928659832,8.82,2.75,-2.12
1,1546928659833,8.57,2.05,-0.99
1,1546928659833,8.49,2.12,-0.83
1,1546928659904,8.47,2.48,-0.8
1,1546928659905,8.61,2.83,-0.91
1,1546928659905,9.06,3.3,-1.09
1,1546928659905,8.96,3.35,-1.05
1,1546928659906,8.75,3.12,-1.05
1,1546928659906,8.57,2.44,-0.95
1,1546928659906,8.32,1.56,-0.6
1,1546928659977,8.26,1.19,-0.33
1,1546928659978,8.43,1.69,-0.41
1,1546928659978,8.59,2.34,-0.52
1,1546928659978,8.63,2.79,-0.72
1,1546928659979,8.71,2.81,-0.72
1,1546928659984,8.76,2.85,-0.52
1,1546928659984,8.78,2.85,-0.35
1,1546928659985,8.75,2.67,-0.39
1,1546928660053,8.49,1.89,-0.17
1,1546928660053,8.39,1.56,-0.23
1,1546928660068,8.47,1.28,-0.27
1,1546928660068,8.51,1.03,-0.27
1,1546928660068,8.51,1.73,-0.44
1,1546928660069,8.55,2.18,-0.5
1,1546928660069,8.65,2.3,-0.58
1,1546928660128,8.67,2.1,-0.52
1,1546928660130,8.67,1.69,-0.41
1,1546928660130,8.53,0.62,-0.27
1,1546928660131,8.39,0.7,-0.37
1,1546928660131,8.33,1.13,-0.42
1,1546928660132,8.28,1.52,-0.52
1,1546928660132,8.3,1.17,-0.23
1,1546928660133,8.39,0.72,-0.19
1,1546928660204,8.55,0.62,-0.03
1,1546928660205,8.69,0.68,-0.07
1,1546928660205,8.67,0.76,-0.09
1,1546928660205,8.65,0.66,-0.07
1,1546928660206,8.55,0.58,-0.17
1,1546928660278,8.35,0.56,-0.19
1,1546928660287,8.2,0.62,-0.27
1,1546928660288,8.35,0.6,-0.31
1,1546928660288,8.51,0.58,-0.21
1,1546928660288,8.67,0.54,-0.17
1,1546928660288,8.9,0.54,0.0
1,1546928660289,9.16,0.56,0.05
1,1546928660289,9.31,0.62,0.03
1,1546928660352,9.55,0.85,-0.11
1,1546928660370,9.72,1.07,-0.33
1,1546928660371,9.53,1.01,-0.8
1,1546928660371,9.47,0.66,-0.91
1,1546928660371,9.6,0.52,-0.7
1,1546928660371,9.96,0.39,-0.35
1,1546928660371,10.17,0.35,0.15
1,1546928660372,10.05,0.37,0.19
1,1546928660430,9.98,0.35,0.23
1,1546928660430,9.41,0.52,0.05
1,1546928660432,9.43,0.58,-0.17
1,1546928660432,9.47,0.56,-0.44
1,1546928660432,9.45,0.54,-0.62
1,1546928660433,9.47,0.48,-0.68
1,1546928660433,9.8,0.39,-0.78
1,1546928660433,10.19,0.31,-0.91
1,1546928660508,10.44,0.46,-0.93
1,1546928660508,10.6,0.54,-1.17
1,1546928660509,11.09,0.56,-1.3
1,1546928660509,11.13,0.56,-1.46
1,1546928660509,11.26,0.58,-1.6
1,1546928660509,11.48,0.62,-1.38
1,1546928660509,11.73,0.23,-0.87
1,1546928660510,11.75,-0.05,-0.8
1,1546928660578,11.71,-0.01,-0.66
1,1546928660579,11.67,0.05,-0.46
1,1546928660579,11.64,-0.05,-0.19
1,1546928660580,11.58,-0.97,-0.23
1,1546928660580,11.38,-1.05,-0.27
1,1546928660581,11.19,-0.5,-0.41
1,1546928660581,11.17,0.27,-0.46
1,1546928660581,11.23,1.13,-0.52
1,1546928660654,11.32,0.91,-0.29
1,1546928660654,11.3,0.42,-0.37
1,1546928660655,11.03,-0.03,-0.35
1,1546928660655,10.48,0.72,-0.44
1,1546928660656,10.58,1.62,-0.83
1,1546928660656,10.76,2.4,-1.15
1,1546928660657,10.85,2.61,-1.5
1,1546928660728,10.87,2.44,-1.46
1,1546928660740,11.23,2.85,-1.36
1,1546928660741,11.11,2.85,-1.34
1,1546928660741,10.54,2.48,-1.3
1,1546928660742,10.66,2.05,-1.13
1,1546928660743,10.25,1.5,-1.17
1,1546928660743,10.23,1.69,-0.93
1,1546928660743,10.31,1.87,-0.52
1,1546928660803,10.48,1.81,-0.01
1,1546928660803,10.64,1.5,0.39
1,1546928660805,10.52,1.66,0.25
1,1546928660806,10.25,2.01,0.11
1,1546928660806,10.0,2.61,0.05
1,1546928660807,9.9,3.2,-0.37
1,1546928660807,10.03,3.06,-0.31
1,1546928660808,10.19,2.87,-0.21
1,1546928660879,10.25,2.63,-0.33
1,1546928660879,10.31,2.38,-0.5
1,1546928660880,10.19,2.28,-0.48
1,1546928660880,10.17,2.14,-0.42
1,1546928660880,10.21,1.87,-0.25
1,1546928660881,10.35,1.5,-0.07
1,1546928660881,10.52,1.05,0.17
1,1546928660953,10.54,1.13,0.11
1,1546928660953,10.5,1.56,-0.01
1,1546928660959,10.46,1.97,-0.23
1,1546928660961,10.58,2.18,-0.37
1,1546928660961,10.68,2.05,-0.35
1,1546928660961,10.74,1.69,-0.27
1,1546928660962,10.85,1.03,-0.11
1,1546928660962,10.76,0.39,-0.11
1,1546928661029,10.74,0.25,-0.27
1,1546928661030,11.07,0.15,-0.46
1,1546928661046,11.5,-0.03,-0.48
1,1546928661047,11.83,0.01,-0.05
1,1546928661047,12.44,-0.07,0.21
1,1546928661047,12.77,-0.15,0.37
1,1546928661047,12.48,0.62,0.21
1,1546928661047,11.46,2.18,-0.29
1,1546928661103,11.95,3.18,-0.03
1,1546928661104,13.28,2.38,0.68
1,1546928661105,14.17,1.67,1.01
1,1546928661105,14.43,1.5,1.73
1,1546928661105,14.0,2.67,2.55
1,1546928661106,13.63,3.12,2.89
1,1546928661106,13.82,3.18,2.73
1,1546928661177,14.06,3.45,2.71
1,1546928661178,12.46,1.5,2.26
1,1546928661194,12.07,-0.31,1.3
1,1546928661194,11.77,-1.42,1.21
1,1546928661194,11.38,-0.09,1.07
1,1546928661194,10.91,1.6,0.83
1,1546928661195,9.45,2.91,0.72
1,1546928661195,8.76,2.55,0.07
1,1546928661253,8.22,2.12,-0.66
1,1546928661254,7.67,1.87,-1.36
1,1546928661255,6.26,2.18,-2.34
1,1546928661255,5.6,2.53,-2.26
1,1546928661256,5.17,2.73,-2.03
1,1546928661256,4.94,2.65,-1.77
1,1546928661256,4.33,2.14,-1.6
1,1546928661327,3.69,1.99,-1.5
1,1546928661328,3.12,2.01,-1.42
1,1546928661346,2.75,2.1,-1.34
1,1546928661346,2.61,2.24,-1.23
1,1546928661347,2.55,2.16,-0.87
1,1546928661347,2.46,1.93,-0.76
1,1546928661348,2.22,1.67,-0.56
1,1546928661348,2.12,1.42,-0.44
1,1546928661403,2.98,0.89,-0.41
1,1546928661403,3.86,0.7,-0.42
1,1546928661404,4.78,0.6,-0.25
1,1546928661405,5.52,0.74,-0.11
1,1546928661405,6.85,2.03,-0.56
1,1546928661406,7.63,2.85,-1.05
1,1546928661406,8.86,3.22,-1.69
1,1546928661406,10.46,3.43,-2.85
1,1546928661477,15.09,4.06,-3.55
1,1546928661497,19.23,3.67,-0.95
1,1546928661498,20.15,1.73,0.27
1,1546928661498,20.09,-1.23,0.78
1,1546928661498,19.94,-4.68,0.01
1,1546928661499,20.13,-5.5,-0.99
1,1546928661499,19.66,-2.89,-1.71
1,1546928661553,18.71,-0.83,-2.24
1,1546928661554,17.73,0.0,-1.75
1,1546928661555,17.67,2.26,0.21
1,1546928661556,16.6,2.77,-0.21
1,1546928661556,14.55,-0.33,-0.27
1,1546928661557,11.69,-3.92,0.29
1,1546928661557,3.53,-4.88,1.36
1,1546928661558,36.81,-4.39,-3.24
1,1546928661629,15.56,3.94,-1.62
1,1546928661629,1.05,4.31,0.93
1,1546928661649,5.93,1.73,-0.46
1,1546928661649,6.07,2.85,-0.29
1,1546928661650,5.68,3.73,-0.15
1,1546928661650,5.05,3.28,0.05
1,1546928661650,4.0,2.48,0.37
1,1546928661703,2.4,2.03,1.03
1,1546928661703,2.01,3.02,0.97
1,1546928661715,1.97,3.96,0.64
1,1546928661715,2.01,4.39,0.25
1,1546928661715,1.77,4.21,-0.37
1,1546928661716,1.32,3.8,-0.44
1,1546928661716,0.87,3.32,-0.42
1,1546928661716,0.41,2.87,-0.35
1,1546928661778,0.19,2.05,-0.07
1,1546928661779,0.29,2.16,0.19
1,1546928661800,0.87,2.63,0.46
1,1546928661800,1.75,2.98,0.64
1,1546928661801,2.67,3.3,0.41
1,1546928661801,4.49,3.59,-0.41
1,1546928661801,5.54,3.65,-0.68
1,1546928661801,6.46,3.18,-0.78
1,1546928661853,7.3,2.46,-0.58
1,1546928661853,9.55,1.07,0.09
1,1546928661853,11.54,0.91,0.25
1,1546928661854,13.88,0.91,-0.13
1,1546928661866,16.21,1.07,-0.76
1,1546928661866,19.64,1.36,-2.5
1,1546928661866,20.6,0.97,-2.63
1,1546928661927,21.07,0.37,-2.67
1,1546928661928,21.44,-1.01,-2.53
1,1546928661928,21.54,-2.46,-1.66
1,1546928661929,19.31,-4.1,2.26
1,1546928661934,18.08,-5.05,4.27
1,1546928661934,16.95,-5.62,5.64
1,1546928661934,16.25,-5.89,5.68
1,1546928661934,15.19,-3.32,3.22
1,1546928662003,13.96,-2.24,1.71
1,1546928662004,12.87,-2.69,0.07
1,1546928662004,12.28,-2.38,-1.09
1,1546928662017,11.81,-0.54,-1.32
1,1546928662017,11.17,0.11,-1.13
1,1546928662018,10.44,0.58,-0.82
1,1546928662018,9.6,0.97,-0.19
1,1546928662018,7.77,1.4,0.72
1,1546928662078,6.91,1.3,0.74
1,1546928662079,5.91,1.23,0.93
1,1546928662085,5.33,1.56,0.93
1,1546928662086,4.88,1.83,0.66
1,1546928662086,4.17,1.54,0.15
1,1546928662086,3.84,1.77,-0.25
1,1546928662087,3.61,2.32,-0.31
1,1546928662155,3.61,2.67,0.01
1,1546928662168,3.37,2.53,-0.01
1,1546928662168,3.1,2.07,-0.21
1,1546928662169,2.73,1.48,-0.37
1,1546928662169,2.63,0.93,-0.52
1,1546928662169,4.29,1.64,0.09
1,1546928662169,4.43,2.91,-0.05
1,1546928662169,4.55,3.61,-0.29
1,1546928662228,4.92,3.9,-0.27
1,1546928662229,5.89,3.8,-0.54
1,1546928662236,6.4,3.55,-0.95
1,1546928662236,6.91,3.41,-1.19
1,1546928662236,7.67,3.28,-1.44
1,1546928662237,8.61,3.1,-1.54
1,1546928662237,10.0,1.3,-0.46
1,1546928662305,10.83,1.17,0.0
1,1546928662306,12.16,1.97,0.37
1,1546928662306,13.71,2.59,0.72
1,1546928662307,17.48,2.36,-0.39
1,1546928662307,17.83,0.6,-1.54
1,1546928662307,17.46,-1.11,-1.48
1,1546928662308,16.93,-1.26,-1.09
1,1546928662308,16.93,0.83,0.23
1,1546928662378,16.73,0.25,1.17
1,1546928662379,16.46,-1.42,1.81
1,1546928662379,16.34,-1.71,2.1
1,1546928662379,16.19,-0.23,1.97
1,1546928662379,15.76,3.55,0.66
1,1546928662452,15.0,3.32,-0.07
1,1546928662453,13.96,1.4,-0.6
1,1546928662453,13.18,0.07,-0.72
1,1546928662470,12.3,0.85,-0.66
1,1546928662471,11.89,1.91,-0.64
1,1546928662471,11.28,2.59,-0.56
1,1546928662472,10.42,2.51,-0.41
1,1546928662472,10.07,3.26,-0.52
1,1546928662532,9.47,4.1,-0.97
1,1546928662556,8.61,4.02,-1.28
1,1546928662557,7.77,3.53,-1.36
1,1546928662558,6.77,3.02,-1.01
1,1546928662559,6.17,2.75,-0.64
1,1546928662559,5.52,2.55,-0.46
1,1546928662560,4.98,2.44,-0.5
1,1546928662561,4.64,2.75,-0.54
1,1546928662607,4.51,3.71,-0.29
1,1546928662608,4.49,3.55,-0.21
1,1546928662609,4.41,3.02,-0.01
1,1546928662609,4.16,2.67,0.0
1,1546928662609,3.57,2.48,-0.17
1,1546928662610,4.08,3.49,-0.35
1,1546928662610,5.23,5.07,-0.7
1,1546928662611,6.67,5.7,-0.87
1,1546928662686,8.71,5.17,-2.14
1,1546928662688,9.98,5.95,-2.61
1,1546928662690,12.03,7.1,-2.2
1,1546928662691,14.57,7.16,-1.77
1,1546928662692,16.5,1.52,-2.1
1,1546928662758,15.68,-1.23,-1.54
1,1546928662759,15.09,-0.72,-1.05
1,1546928662759,14.86,2.48,-0.64
1,1546928662774,15.03,6.54,0.03
1,1546928662775,9.19,1.13,0.44
1,1546928662775,6.28,-5.62,-1.56
1,1546928662776,6.19,-6.15,-5.97
1,1546928662776,8.71,-1.71,-9.51
1,1546928662831,11.56,4.49,-7.44
1,1546928662840,8.61,5.52,-4.8
1,1546928662841,6.83,6.36,-6.3
1,1546928662841,5.83,4.57,-6.93
1,1546928662841,6.32,3.69,-7.18
1,1546928662842,6.52,4.27,-5.83
1,1546928662842,7.32,4.9,-4.21
1,1546928662843,6.11,5.31,-1.05
1,1546928662907,5.07,4.57,-0.25
1,1546928662910,4.76,3.69,0.03
1,1546928662911,4.64,3.59,-0.35
1,1546928662912,4.92,4.55,0.17
1,1546928662913,5.25,5.72,0.33
1,1546928662913,5.56,6.87,0.31
1,1546928662915,5.11,7.5,0.64
1,1546928662916,4.58,8.12,1.15
1,1546928662984,5.09,9.29,0.6
1,1546928662986,5.03,9.53,-0.83
1,1546928662988,5.09,8.63,-0.91
1,1546928662988,4.51,6.85,1.85
1,1546928662989,4.55,7.71,2.36
1,1546928662990,3.86,7.38,3.0
1,1546928662992,3.84,8.71,3.69
1,1546928662993,3.9,9.1,4.12
1,1546928663057,4.45,9.92,4.68
1,1546928663058,4.78,9.25,5.03
1,1546928663058,4.68,8.04,4.55
1,1546928663059,4.39,6.95,3.9
1,1546928663059,4.17,5.8,3.84
1,1546928663060,4.06,5.52,3.78
1,1546928663076,4.19,4.47,2.67
1,1546928663077,4.47,3.53,1.85
1,1546928663131,4.68,4.08,0.15
1,1546928663132,4.8,4.78,-0.97
1,1546928663133,4.74,4.66,-2.24
1,1546928663133,4.82,4.25,-3.22
1,1546928663135,4.84,5.0,-5.17
1,1546928663136,5.09,5.54,-6.99
1,1546928663138,5.44,6.26,-7.28
1,1546928663138,5.8,7.4,-6.83
1,1546928663204,5.5,10.37,-5.37
1,1546928663212,5.17,9.92,-3.84
1,1546928663212,5.05,8.41,-3.43
1,1546928663212,5.03,8.22,-3.59
1,1546928663212,4.86,7.98,-5.42
1,1546928663213,3.61,6.58,-6.36
1,1546928663213,3.65,6.6,-4.1
1,1546928663281,3.55,6.75,-1.87
1,1546928663282,3.3,7.18,-0.8
1,1546928663282,2.73,7.08,-1.48
1,1546928663283,2.4,6.28,-2.51
1,1546928663283,1.91,5.13,-4.17
1,1546928663294,1.52,3.8,-6.11
1,1546928663295,2.91,4.23,-5.76
1,1546928663295,3.88,6.36,-4.64
1,1546928663353,4.33,7.51,-3.53
1,1546928663353,3.98,7.22,-3.2
1,1546928663359,3.41,6.15,-3.45
1,1546928663360,3.0,4.55,-3.92
1,1546928663360,2.53,3.45,-4.29
1,1546928663360,2.16,2.63,-4.62
1,1546928663361,2.44,3.06,-4.23
1,1546928663430,3.75,6.01,-4.27
1,1546928663431,4.17,6.48,-4.12
1,1546928663431,4.37,6.64,-3.92
1,1546928663432,4.51,6.58,-3.8
1,1546928663432,4.57,6.32,-3.69
1,1546928663433,4.55,5.83,-3.3
1,1546928663433,4.47,5.42,-3.32
1,1546928663433,4.66,5.09,-3.39
1,1546928663504,4.94,5.48,-3.16
1,1546928663505,5.19,6.4,-3.3
1,1546928663512,5.82,6.83,-3.24
1,1546928663512,6.6,6.36,-2.67
1,1546928663513,5.54,7.08,-2.91
1,1546928663513,5.89,5.44,-3.41
1,1546928663513,5.31,4.96,-3.45
1,1546928663514,5.0,5.41,-3.73
1,1546928663579,4.9,5.52,-4.21
1,1546928663595,5.66,5.85,-4.86
1,1546928663596,6.07,5.76,-4.7
1,1546928663596,6.89,6.81,-4.06
1,1546928663596,6.87,7.12,-3.45
1,1546928663597,6.19,5.76,-3.1
1,1546928663597,6.26,5.27,-3.0
1,1546928663653,6.28,4.51,-2.69
1,1546928663653,5.89,3.86,-3.24
1,1546928663653,6.56,4.12,-3.47
1,1546928663653,6.54,4.62,-3.24
1,1546928663662,6.46,5.6,-3.24
1,1546928663662,6.4,6.38,-3.22
1,1546928663662,6.62,6.95,-3.39
1,1546928663663,6.73,6.36,-3.76
1,1546928663729,6.58,5.66,-3.59
1,1546928663729,6.83,4.84,-3.0
1,1546928663729,7.01,4.1,-2.57
1,1546928663730,6.85,3.9,-2.63
1,1546928663730,6.48,4.25,-3.16
1,1546928663730,6.17,4.88,-3.2
1,1546928663731,5.8,5.42,-3.16
1,1546928663731,5.83,7.77,-3.43
1,1546928663804,6.34,8.1,-3.02
1,1546928663804,7.18,7.16,-2.53
1,1546928663804,7.85,5.42,-1.99
1,1546928663805,8.18,4.0,-1.99
1,1546928663805,8.61,5.29,-2.94
1,1546928663805,8.8,6.17,-2.36
1,1546928663805,8.55,7.14,-2.1
1,1546928663880,8.35,8.75,-2.2
1,1546928663881,9.72,9.12,-2.12
1,1546928663881,9.78,7.83,-1.89
1,1546928663882,9.84,6.83,-3.28
1,1546928663882,9.88,5.76,-3.08
1,1546928663882,9.96,8.08,-2.89
1,1546928663882,10.37,9.96,-2.2
1,1546928663882,10.41,8.02,-0.91
1,1546928663953,9.49,5.29,-0.17
1,1546928663954,8.82,8.26,-2.34
1,1546928663964,9.25,8.73,-2.57
1,1546928663964,9.37,8.02,-1.89
1,1546928663964,9.31,6.62,-1.56
1,1546928663965,9.0,5.42,-0.83
1,1546928663965,8.51,5.62,-0.7
1,1546928664029,8.14,6.23,-0.52
1,1546928664029,7.96,6.4,-0.5
1,1546928664030,8.04,6.46,-0.58
1,1546928664030,8.65,6.69,-0.85
1,1546928664030,8.84,6.44,-0.83
1,1546928664030,8.84,6.38,-0.99
1,1546928664031,8.63,6.09,-0.95
1,1546928664031,8.1,5.72,-0.17
1,1546928664103,8.16,5.33,0.03
1,1546928664177,8.24,5.29,-0.13
1,1546928664254,8.51,5.48,-0.27
1,1546928664254,9.86,3.82,0.7
1,1546928664255,9.98,5.42,-1.17
1,1546928664255,9.68,8.02,-2.14
1,1546928664256,8.75,9.41,-2.01
1,1546928664267,9.0,8.8,2.24
1,1546928664267,8.75,6.95,2.4
1,1546928664267,8.71,4.14,2.07
1,1546928664327,7.22,8.1,-0.13
1,1546928664328,7.1,7.24,-0.93
1,1546928664328,6.91,8.04,-0.68
1,1546928664328,6.62,6.97,0.23
1,1546928664329,6.6,5.97,0.09
1,1546928664334,6.71,5.72,-0.15
1,1546928664334,6.85,5.89,-0.6
1,1546928664334,7.1,6.01,-0.68
1,1546928664480,7.28,6.28,-0.54
1,1546928664481,7.3,6.46,-0.41
1,1546928664481,7.01,6.81,-0.39
1,1546928664481,6.69,7.08,-0.31
1,1546928664482,7.03,6.42,0.11
1,1546928664554,7.36,5.56,0.27
1,1546928664555,7.32,4.6,0.52
1,1546928664556,7.26,4.19,0.66
1,1546928664556,7.5,5.48,0.33
1,1546928664556,7.3,6.56,0.23
1,1546928664556,7.94,5.74,1.38
1,1546928664557,9.96,9.25,1.73
1,1546928664557,11.28,11.42,1.23
1,1546928664629,10.37,5.8,0.64
1,1546928664629,7.55,5.64,0.05
1,1546928664630,7.89,5.27,0.11
1,1546928664630,8.49,5.95,-0.13
1,1546928664631,8.71,6.21,-0.54
1,1546928664631,8.43,5.97,-1.25
1,1546928664631,7.57,6.11,-1.52
1,1546928664632,6.58,7.2,-1.48
1,1546928664704,7.07,7.63,-1.15
1,1546928664705,7.32,7.34,-1.05
1,1546928664705,8.02,6.97,0.83
1,1546928664705,7.67,7.14,0.11
1,1546928664706,7.4,6.91,0.72
1,1546928664706,7.42,6.77,0.99
1,1546928664706,7.96,6.4,0.99
1,1546928664707,9.23,4.08,2.85
1,1546928664780,9.6,4.84,2.32
1,1546928664781,9.41,5.8,2.63
1,1546928664781,8.55,5.03,2.3
1,1546928664782,8.06,3.71,2.16
1,1546928664782,7.61,3.04,1.58
1,1546928664782,7.59,3.26,1.54
1,1546928664783,8.35,3.8,1.09
1,1546928664783,8.67,3.98,0.87
1,1546928664852,8.8,2.73,1.34
1,1546928664853,9.17,2.16,1.52
1,1546928664854,9.62,1.83,1.46
1,1546928664854,9.84,1.95,0.89
1,1546928664854,10.41,3.39,0.21
1,1546928664871,11.03,3.49,0.01
1,1546928664871,10.54,3.94,-0.89
1,1546928664872,9.96,4.31,-0.68
1,1546928664928,10.29,3.14,0.89
1,1546928664939,10.23,3.22,1.26
1,1546928664939,10.37,3.41,1.46
1,1546928664940,10.89,3.8,1.6
1,1546928664940,11.03,3.88,0.62
1,1546928664940,9.49,5.03,0.66
1,1546928664940,10.44,5.62,1.46
1,1546928665003,11.3,5.5,2.14
1,1546928665004,11.28,4.57,2.57
1,1546928665004,9.74,3.55,0.48
1,1546928665024,9.21,4.39,-0.78
1,1546928665025,9.51,4.62,-0.87
1,1546928665025,10.01,4.0,0.09
1,1546928665025,10.33,3.06,2.36
1,1546928665025,10.21,3.08,2.65
1,1546928665077,10.21,3.14,2.73
1,1546928665078,9.74,3.47,2.5
1,1546928665078,9.19,4.12,1.85
1,1546928665090,9.41,4.1,1.5
1,1546928665091,9.74,3.84,1.38
1,1546928665091,10.0,3.43,1.48
1,1546928665091,10.33,2.91,1.4
1,1546928665152,9.82,2.67,0.13
1,1546928665152,9.94,2.5,-0.31
1,1546928665153,10.01,2.38,-0.48
1,1546928665174,10.03,2.71,-0.44
1,1546928665174,11.54,3.26,-0.85
1,1546928665175,10.23,2.79,-1.95
1,1546928665175,9.55,2.71,-2.48
1,1546928665175,9.8,2.51,-2.42
1,1546928665228,11.19,1.87,-1.67
1,1546928665228,11.36,1.62,-1.09
1,1546928665230,11.42,1.66,-0.68
1,1546928665230,11.69,1.62,-0.46
1,1546928665231,11.69,1.56,-1.19
1,1546928665231,11.54,1.3,-1.85
1,1546928665232,11.56,1.17,-2.55
1,1546928665232,12.24,1.15,-3.1
1,1546928665303,12.5,1.09,-3.73
1,1546928665304,12.01,0.5,-4.02
1,1546928665304,12.71,0.5,-4.29
1,1546928665326,13.76,0.56,-4.82
1,1546928665326,14.04,0.58,-5.13
1,1546928665327,13.2,0.85,-5.27
1,1546928665327,13.0,0.6,-5.0
1,1546928665378,12.91,0.44,-4.6
1,1546928665379,12.71,0.17,-4.17
1,1546928665379,12.36,0.23,-3.9
1,1546928665379,12.53,0.56,-4.29
1,1546928665380,12.24,0.64,-5.01
1,1546928665392,11.42,1.05,-5.6
1,1546928665392,10.03,1.4,-5.19
1,1546928665392,9.98,1.28,-4.7
1,1546928665452,10.03,1.25,-4.27
1,1546928665459,10.0,1.4,-3.82
1,1546928665459,9.74,1.46,-3.41
1,1546928665460,9.14,1.48,-2.81
1,1546928665460,8.98,1.17,-2.61
1,1546928665460,8.94,1.05,-2.5
1,1546928665460,8.8,1.26,-2.4
1,1546928665460,8.45,1.5,-2.28
1,1546928665528,8.3,1.48,-2.1
1,1546928665545,8.22,1.52,-2.01
1,1546928665545,8.24,1.52,-2.03
1,1546928665545,8.35,1.32,-2.4
1,1546928665546,8.39,1.15,-2.53
1,1546928665546,8.41,1.07,-2.59
1,1546928665546,8.51,1.19,-2.59
1,1546928665603,8.57,1.36,-2.59
1,1546928665603,8.53,1.42,-2.5
1,1546928665603,8.49,1.21,-2.34
1,1546928665610,8.61,1.07,-2.22
1,1546928665610,8.67,0.99,-2.12
1,1546928665611,8.65,0.62,-1.91
1,1546928665611,8.65,0.54,-1.79
1,1546928665611,8.59,0.52,-1.77
1,1546928665679,8.51,0.5,-1.75
1,1546928665680,8.55,0.37,-1.64
1,1546928665681,8.73,0.35,-1.54
1,1546928665681,8.78,0.46,-1.5
1,1546928665682,8.9,0.56,-1.21
1,1546928665682,9.23,0.48,-0.97
1,1546928665683,9.31,0.54,-0.83
1,1546928665753,9.35,0.52,-0.54
1,1546928665754,9.49,0.37,-0.25
1,1546928665761,9.74,0.44,0.5
1,1546928665762,9.45,0.29,0.7
1,1546928665762,10.11,-0.7,1.19
1,1546928665762,11.48,-1.66,3.73
1,1546928665762,11.81,-2.01,6.44
1,1546928665762,11.97,-5.01,10.74
1,1546928665831,10.99,-8.45,10.35
1,1546928665832,8.18,-10.09,8.98
1,1546928665832,6.38,-9.49,7.77
1,1546928665833,9.27,-7.3,5.03
1,1546928665833,10.03,-5.74,3.59
1,1546928665833,10.46,-3.63,2.34
1,1546928665834,11.03,-2.05,1.28
1,1546928665834,11.01,-0.54,-0.7
1,1546928665904,10.89,-0.19,-1.15
1,1546928665906,10.74,-0.23,-1.52
1,1546928665907,10.7,-0.41,-1.66
1,1546928665908,10.7,-0.6,-1.95
1,1546928665909,10.11,-1.32,-2.16
1,1546928665910,9.72,-1.66,-2.3
1,1546928665911,9.41,-1.56,-2.4
1,1546928665984,9.08,-1.67,-2.46
1,1546928665985,8.51,-2.34,-2.53
1,1546928665985,8.63,-2.34,-2.61
1,1546928665985,8.73,-2.32,-2.44
1,1546928665986,8.75,-2.2,-2.61
1,1546928665986,9.31,-1.62,-2.63
1,1546928665986,9.55,-1.4,-2.75
1,1546928665987,9.64,-1.15,-2.55
1,1546928666135,9.6,-0.91,-2.55
1,1546928666136,9.57,-0.85,-2.44
1,1546928666136,9.84,-1.17,-2.3
1,1546928666137,9.72,-1.15,-2.18
1,1546928666137,9.62,-1.17,-2.1
1,1546928666209,9.53,-1.25,-1.95
1,1546928666209,9.51,-1.81,-1.5
1,1546928666210,9.7,-1.77,-1.32
1,1546928666212,9.86,-1.48,-1.15
1,1546928666212,9.9,-1.17,-0.91
1,1546928666213,10.93,-0.95,0.97
1,1546928666213,11.03,-0.89,0.82
1,1546928666214,11.05,-0.7,0.66
1,1546928666282,10.8,-0.46,0.42
1,1546928666300,10.11,0.0,-0.85
1,1546928666300,10.54,-0.33,-1.19
1,1546928666300,11.07,-0.78,-1.32
1,1546928666300,11.54,-1.13,-1.54
1,1546928666301,12.01,-1.26,-1.75
1,1546928666301,12.3,-0.99,-2.07
1,1546928666301,12.14,-0.72,-2.16
1,1546928666354,11.95,-0.39,-2.2
1,1546928666380,11.75,-0.19,-2.2
1,1546928666380,11.71,-0.11,-2.2
1,1546928666380,11.79,0.21,-2.28
1,1546928666381,11.67,0.41,-2.28
1,1546928666381,11.44,0.54,-2.3
1,1546928666381,11.21,0.64,-2.22
1,1546928666381,10.44,0.95,-2.05
1,1546928666430,10.0,0.93,-1.87
1,1546928666430,9.6,0.87,-1.66
1,1546928666453,9.21,0.95,-1.4
1,1546928666454,8.84,0.83,-1.34
1,1546928666454,8.73,0.58,-1.4
1,1546928666455,8.32,0.52,-1.32
1,1546928666455,8.47,0.58,-1.54
1,1546928666455,9.08,0.62,-1.52
1,1546928666507,9.02,0.56,-1.75
1,1546928666508,8.73,0.56,-1.93
1,1546928666518,8.63,0.56,-2.05
1,1546928666518,8.67,0.54,-2.14
1,1546928666518,8.69,0.35,-2.12
1,1546928666518,8.57,0.23,-2.01
1,1546928666519,8.59,0.09,-2.08
1,1546928666519,8.63,0.17,-2.14
1,1546928666582,8.8,0.42,-2.18
1,1546928666582,8.82,0.48,-2.22
1,1546928666583,8.78,0.5,-2.24
1,1546928666583,8.69,0.52,-2.3
1,1546928666583,8.71,0.54,-2.4
1,1546928666584,8.84,0.6,-2.63
1,1546928666584,9.02,0.68,-2.71
1,1546928666584,9.17,0.78,-2.94
1,1546928666657,9.47,0.82,-3.16
1,1546928666657,10.31,0.95,-3.59
1,1546928666658,10.91,0.89,-3.76
1,1546928666658,11.48,0.89,-3.86
1,1546928666659,12.01,0.95,-4.0
1,1546928666659,12.05,1.34,-3.9
1,1546928666659,11.36,1.58,-3.61
1,1546928666728,10.52,1.77,-3.18
1,1546928666728,9.66,1.91,-2.77
1,1546928666729,8.39,2.14,-1.81
1,1546928666734,7.98,2.22,-1.36
1,1546928666735,7.85,2.1,-0.95
1,1546928666736,7.81,1.81,-0.66
1,1546928666737,7.98,1.6,-0.39
1,1546928666738,8.96,1.97,0.11
1,1546928666808,9.49,2.03,0.37
1,1546928666809,9.88,1.91,0.62
1,1546928666820,10.17,1.75,0.78
1,1546928666821,10.78,1.25,0.87
1,1546928666821,11.26,1.4,0.74
1,1546928666822,11.66,1.4,1.09
1,1546928666822,11.93,0.99,0.89
1,1546928666823,13.63,1.56,1.36
1,1546928666886,13.86,1.5,2.26
1,1546928666887,14.1,-0.46,3.86
1,1546928666888,13.37,-3.92,5.39
1,1546928666888,12.22,-5.19,5.39
1,1546928666889,10.66,-2.59,3.71
1,1546928666890,10.23,-2.34,2.87
1,1546928666890,9.92,-2.48,2.28
1,1546928666959,9.64,-2.28,1.87
1,1546928666960,9.27,-1.46,0.91
1,1546928666970,9.08,-1.25,0.93
1,1546928666971,9.25,-1.23,0.78
1,1546928666971,9.27,-1.23,0.95
1,1546928666972,9.43,-1.46,0.76
1,1546928666972,9.17,-1.26,0.58
1,1546928666972,9.31,-1.01,0.19
1,1546928667033,9.55,-0.52,-0.54
1,1546928667056,9.66,-0.19,-0.85
1,1546928667057,9.19,-0.39,-1.19
1,1546928667057,8.92,-0.41,-1.21
1,1546928667058,8.75,-0.29,-1.23
1,1546928667058,8.75,0.19,-1.44
1,1546928667059,9.23,0.99,-1.66
1,1546928667060,9.43,0.72,-1.5
1,1546928667109,9.55,0.54,-1.34
1,1546928667122,9.47,0.7,-1.09
1,1546928667123,9.12,1.13,-0.7
1,1546928667124,9.27,0.97,-0.37
1,1546928667124,9.47,0.85,-0.19
1,1546928667125,9.49,0.76,-0.13
1,1546928667125,9.49,0.72,-0.01
1,1546928667182,9.51,0.82,0.05
1,1546928667183,9.57,0.82,0.13
1,1546928667183,9.66,0.83,0.25
1,1546928667184,9.68,0.87,0.46
1,1546928667207,9.8,0.87,0.66
1,1546928667208,9.9,0.85,0.8
1,1546928667209,9.98,0.83,0.89
1,1546928667209,10.09,0.72,1.01
1,1546928667255,10.17,0.56,1.32
1,1546928667256,10.27,0.52,1.4
1,1546928667256,10.33,0.48,1.42
1,1546928667257,10.41,0.37,1.52
1,1546928667273,10.42,0.11,1.56
1,1546928667273,10.37,-0.05,1.64
1,1546928667273,10.42,-0.03,1.44
1,1546928667331,10.42,-0.09,1.38
1,1546928667333,10.6,0.01,1.26
1,1546928667334,11.03,0.05,1.26
1,1546928667336,11.42,0.11,1.26
1,1546928667337,11.75,0.09,1.32
1,1546928667339,12.05,0.05,1.36
1,1546928667340,12.16,0.19,1.36
1,1546928667341,11.67,0.44,1.4
1,1546928667407,11.07,0.66,1.28
1,1546928667425,10.42,0.91,1.25
1,1546928667426,9.33,0.93,0.83
1,1546928667427,9.12,0.89,0.68
1,1546928667427,8.8,1.05,0.52
1,1546928667428,8.51,1.26,0.37
1,1546928667428,8.1,1.44,0.01
1,1546928667428,8.16,1.42,-0.11
1,1546928667482,8.33,1.44,-0.23
1,1546928667483,8.61,1.56,-0.33
1,1546928667483,8.98,1.73,-0.42
1,1546928667484,9.66,1.77,-0.64
1,1546928667484,9.98,1.79,-0.78
1,1546928667484,10.21,1.85,-1.07
1,1546928667485,10.39,2.01,-1.25
1,1546928667558,10.58,2.05,-1.62
1,1546928667575,10.5,2.12,-1.73
1,1546928667575,10.54,2.3,-1.75
1,1546928667576,10.48,2.51,-1.81
1,1546928667576,10.37,2.36,-1.66
1,1546928667577,10.33,2.34,-1.58
1,1546928667577,10.33,2.36,-1.48
1,1546928667577,10.23,2.32,-1.44
1,1546928667630,10.17,2.3,-1.38
1,1546928667631,9.86,1.97,-1.28
1,1546928667632,9.78,2.07,-1.42
1,1546928667632,9.7,2.24,-1.5
1,1546928667633,9.6,2.32,-1.56
1,1546928667633,9.55,2.63,-1.81
1,1546928667634,9.51,2.73,-1.89
1,1546928667634,9.45,2.75,-1.85
1,1546928667707,9.39,2.71,-1.85
1,1546928667709,9.35,2.83,-1.71
1,1546928667709,9.29,2.87,-1.66
1,1546928667782,9.19,2.73,-1.58
1,1546928667797,9.1,2.55,-1.5
1,1546928667798,8.82,2.22,-1.3
1,1546928667798,8.71,2.01,-1.26
1,1546928667799,8.67,1.89,-1.13
1,1546928667799,8.78,1.77,-1.13
1,1546928667800,9.0,1.67,-1.25
1,1546928667800,9.51,1.54,-1.42
1,1546928667854,9.8,1.54,-1.54
1,1546928667855,10.15,1.52,-1.62
1,1546928667856,10.95,1.64,-1.87
1,1546928667857,10.8,1.71,-1.87
1,1546928667858,10.44,1.81,-1.85
1,1546928667858,9.45,1.89,-1.58
1,1546928667859,8.96,2.03,-1.48
1,1546928667859,8.57,2.24,-1.32
1,1546928667932,8.26,2.26,-1.19
1,1546928667933,8.12,2.32,-0.95
1,1546928667935,8.1,2.22,-0.8
1,1546928667935,8.3,1.95,-0.8
1,1546928667936,8.67,1.95,-0.85
1,1546928667937,9.04,2.14,-0.87
1,1546928667938,9.66,2.22,-0.82
1,1546928667939,9.88,1.85,-0.66
1,1546928668013,10.31,1.67,-0.56
1,1546928668016,10.6,1.5,-0.27
1,1546928668019,10.78,1.09,0.15
1,1546928668020,10.82,0.91,0.46
1,1546928668021,10.89,0.83,0.78
1,1546928668022,11.11,0.91,1.15
1,1546928668023,11.17,0.97,1.97
1,1546928668024,12.77,0.89,4.33
1,1546928668084,12.61,2.79,5.05
1,1546928668101,13.14,2.22,6.17
1,1546928668103,14.17,0.54,7.73
1,1546928668103,12.73,-0.62,8.28
1,1546928668104,11.19,-1.25,6.87
1,1546928668105,9.92,-0.58,3.71
1,1546928668105,9.94,-0.25,2.75
1,1546928668106,9.16,-0.31,1.95
1,1546928668159,8.82,-0.15,1.3
1,1546928668160,8.61,0.13,0.64
1,1546928668161,8.63,0.44,0.23
1,1546928668162,8.8,0.83,-0.11
1,1546928668163,8.94,1.26,-0.23
1,1546928668164,8.84,1.42,-0.37
1,1546928668165,8.67,1.42,-0.46
1,1546928668165,8.55,1.28,-0.58
1,1546928668232,8.78,1.09,-0.66
1,1546928668233,8.98,1.21,-0.62
1,1546928668233,9.16,1.36,-0.56
1,1546928668234,9.39,1.6,-0.46
1,1546928668234,9.8,1.85,-0.29
1,1546928668235,10.09,1.89,-0.23
1,1546928668235,10.39,1.93,-0.13
1,1546928668236,10.64,2.03,-0.09
1,1546928668306,10.93,2.14,-0.03
1,1546928668314,11.07,2.26,-0.07
1,1546928668314,11.07,2.34,-0.07
1,1546928668315,10.91,2.4,-0.03
1,1546928668315,10.68,2.46,0.01
1,1546928668315,10.07,2.34,0.11
1,1546928668316,9.84,2.28,0.17
1,1546928668382,9.66,2.12,0.11
1,1546928668382,9.51,1.87,0.09
1,1546928668383,9.31,1.54,0.21
1,1546928668383,9.29,1.52,0.23
1,1546928668383,9.31,1.44,0.23
1,1546928668384,9.37,1.3,0.29
1,1546928668384,9.49,1.19,0.33
1,1546928668384,9.45,1.11,0.31
1,1546928668468,9.37,1.07,0.25
1,1546928668470,9.35,1.15,0.21
1,1546928668471,9.37,1.21,0.13
1,1546928668472,9.39,1.28,0.05
1,1546928668472,9.49,1.34,-0.05
1,1546928668473,9.53,1.36,-0.11
1,1546928668474,9.55,1.4,-0.19
1,1546928668530,9.58,1.4,-0.33
1,1546928668531,9.51,1.44,-0.37
1,1546928668531,9.49,1.5,-0.41
1,1546928668531,9.49,1.58,-0.46
1,1546928668532,9.62,1.73,-0.56
1,1546928668532,9.76,1.75,-0.6
1,1546928668532,9.84,1.79,-0.58
1,1546928668533,9.92,1.81,-0.68
1,1546928668606,9.92,1.73,-0.87
1,1546928668628,9.94,1.67,-0.95
1,1546928668629,9.94,1.6,-1.01
1,1546928668630,9.92,1.56,-1.11
1,1546928668631,9.78,1.5,-1.09
1,1546928668632,9.68,1.56,-1.11
1,1546928668633,9.51,1.48,-1.01
1,1546928668634,9.39,1.46,-0.97
1,1546928668686,9.33,1.56,-0.99
1,1546928668689,9.04,1.6,-0.83
1,1546928668690,8.96,1.62,-0.87
1,1546928668691,8.82,1.71,-0.89
1,1546928668692,8.71,1.73,-0.91
1,1546928668693,8.69,1.77,-0.95
1,1546928668694,8.75,1.81,-1.05
1,1546928668756,8.86,1.79,-1.21
1,1546928668769,9.1,1.73,-1.34
1,1546928668769,9.88,1.66,-1.48
1,1546928668770,10.21,1.67,-1.48
1,1546928668770,10.44,1.81,-1.5
1,1546928668770,10.44,1.89,-1.5
1,1546928668770,9.96,1.91,-1.54
1,1546928668771,9.66,1.87,-1.48
1,1546928668829,9.39,1.87,-1.36
1,1546928668851,9.14,1.89,-1.19
1,1546928668851,8.9,1.95,-1.07
1,1546928668851,8.86,2.05,-0.95
1,1546928668852,8.96,2.1,-0.85
1,1546928668852,8.96,2.12,-0.78
1,1546928668852,8.98,2.16,-0.74
1,1546928668908,9.06,2.3,-0.8
1,1546928668911,9.19,2.34,-0.76
1,1546928668912,9.41,2.4,-0.72
1,1546928668913,9.55,2.34,-0.66
1,1546928668915,9.9,2.12,-0.25
1,1546928668916,10.03,1.93,-0.17
1,1546928668917,10.09,1.77,-0.15
1,1546928668919,10.17,1.62,-0.07
1,1546928668982,10.23,1.5,-0.05
1,1546928668985,10.17,1.66,-0.03
1,1546928668986,10.17,1.81,-0.03
1,1546928669065,10.23,1.91,0.13
1,1546928669066,10.35,2.01,0.27
1,1546928669066,10.44,2.2,0.37
1,1546928669066,10.39,2.34,0.37
1,1546928669067,10.39,2.34,0.33
1,1546928669067,10.33,2.34,0.33
1,1546928669068,10.35,2.12,0.35
1,1546928669068,10.33,2.07,0.35
1,1546928669131,10.39,1.95,0.37
1,1546928669134,10.42,1.81,0.48
1,1546928669135,10.6,1.32,0.5
1,1546928669135,10.54,1.13,0.46
1,1546928669136,10.44,0.95,0.42
1,1546928669137,10.25,0.74,0.31
1,1546928669137,10.19,0.66,0.31
1,1546928669138,10.17,0.66,0.29
1,1546928669210,10.09,0.64,0.23
1,1546928669211,9.8,0.76,0.03
1,1546928669211,9.76,0.83,-0.05
1,1546928669212,9.68,0.91,-0.11
1,1546928669212,9.6,1.01,-0.27
1,1546928669212,9.58,1.15,-0.37
1,1546928669213,9.57,1.21,-0.37
1,1546928669213,9.53,1.26,-0.46
1,1546928669282,9.62,1.34,-0.52
1,1546928669287,9.64,1.36,-0.54
1,1546928669289,9.66,1.46,-0.64
1,1546928669290,9.7,1.38,-0.7
1,1546928669291,9.74,1.38,-0.72
1,1546928669292,9.76,1.42,-0.76
1,1546928669293,9.8,1.38,-0.82
1,1546928669296,9.78,1.4,-0.83
1,1546928669376,9.8,1.36,-0.82
1,1546928669377,9.78,1.42,-0.89
1,1546928669377,9.68,1.38,-0.87
1,1546928669377,9.66,1.32,-0.91
1,1546928669377,9.72,1.36,-0.91
1,1546928669378,9.78,1.3,-0.95
1,1546928669378,9.8,1.3,-0.97
1,1546928669378,9.68,1.34,-0.93
1,1546928669430,9.62,1.36,-0.97
1,1546928669431,9.39,1.32,-0.91
1,1546928669431,9.31,1.34,-0.93
1,1546928669439,9.23,1.32,-0.89
1,1546928669439,9.21,1.42,-0.87
1,1546928669439,9.14,1.44,-0.85
1,1546928669440,9.12,1.48,-0.82
1,1546928669505,9.08,1.54,-0.82
1,1546928669529,9.12,1.58,-0.82
1,1546928669530,9.19,1.62,-0.78
1,1546928669530,9.25,1.66,-0.8
1,1546928669531,9.23,1.66,-0.8
1,1546928669531,9.25,1.69,-0.76
1,1546928669532,9.23,1.75,-0.82
1,1546928669532,9.35,1.77,-0.76
1,1546928669581,9.47,1.81,-0.72
1,1546928669600,9.58,1.87,-0.74
1,1546928669601,9.68,1.85,-0.76
1,1546928669601,9.82,1.85,-0.8
1,1546928669601,9.92,1.87,-0.82
1,1546928669602,9.96,1.91,-0.83
1,1546928669602,10.0,1.99,-0.83
1,1546928669602,10.01,2.03,-0.87
1,1546928669655,10.0,2.1,-0.85
1,1546928669656,10.0,2.14,-0.87
1,1546928669657,9.98,2.22,-0.87
1,1546928669660,9.9,2.26,-0.87
1,1546928669660,9.9,2.3,-0.91
1,1546928669662,9.94,2.36,-0.93
1,1546928669662,9.94,2.38,-0.89
1,1546928669730,9.94,2.46,-0.91
1,1546928669731,9.82,2.46,-0.85
1,1546928669732,9.76,2.44,-0.82
1,1546928669732,9.72,2.42,-0.78
1,1546928669733,9.64,2.38,-0.74
1,1546928669733,9.6,2.3,-0.64
1,1546928669734,9.62,2.3,-0.58
1,1546928669735,9.58,2.26,-0.54
1,1546928669807,9.53,2.16,-0.52
1,1546928669808,9.55,2.14,-0.46
1,1546928669827,9.57,2.12,-0.44
1,1546928669828,9.55,2.14,-0.39
1,1546928669828,9.51,2.18,-0.39
1,1546928669828,9.55,2.2,-0.39
1,1546928669828,9.7,2.28,-0.41
1,1546928669888,9.76,2.26,-0.44
1,1546928669889,9.8,2.26,-0.48
1,1546928669890,9.82,2.24,-0.52
1,1546928669890,9.88,2.2,-0.52
1,1546928669890,9.9,2.2,-0.52
1,1546928669891,9.9,2.14,-0.56
1,1546928669891,9.96,2.2,-0.62
1,1546928669891,10.03,2.22,-0.66
1,1546928669954,10.23,2.12,-0.7
1,1546928669976,10.23,2.05,-0.78
1,1546928669977,10.27,1.99,-0.87
1,1546928669977,10.25,1.91,-0.95
1,1546928669977,10.42,1.79,-1.15
1,1546928669978,10.56,1.75,-1.21
1,1546928669978,10.74,1.69,-1.28
1,1546928669978,10.95,1.58,-1.36
1,1546928670030,11.01,1.23,-1.54
1,1546928670030,10.83,0.97,-1.66
1,1546928670030,10.56,0.82,-1.64
1,1546928670108,10.29,0.62,-1.77
1,1546928670109,10.21,0.15,-2.14
1,1546928670109,10.62,-0.01,-2.28
1,1546928670109,11.05,-0.09,-2.4
1,1546928670110,11.4,-0.23,-2.55
1,1546928670110,11.56,-0.44,-2.61
1,1546928670111,11.5,-0.7,-2.85
1,1546928670132,11.4,-0.62,-2.94
1,1546928670198,11.32,-0.5,-2.92
1,1546928670198,10.97,-0.35,-2.94
1,1546928670199,9.64,-0.13,-2.53
1,1546928670199,9.29,-0.19,-2.4
1,1546928670199,8.92,-0.33,-2.01
1,1546928670199,8.86,-0.44,-1.85
1,1546928670200,8.84,-0.42,-1.75
1,1546928670200,8.98,-0.21,-1.71
1,1546928670257,9.31,-0.01,-1.62
1,1546928670258,9.39,-0.19,-1.52
1,1546928670258,9.47,-0.44,-1.42
1,1546928670280,9.57,-0.62,-1.34
1,1546928670282,9.53,-0.76,-1.11
1,1546928670283,9.72,-0.68,-0.58
1,1546928670284,9.82,-0.72,-0.41
1,1546928670284,9.68,-0.83,-0.76
1,1546928670334,10.83,-0.37,0.25
1,1546928670335,12.05,-0.8,3.0
1,1546928670335,11.75,0.21,4.43
1,1546928670335,12.38,0.97,5.76
1,1546928670335,12.83,0.99,6.69
1,1546928670335,11.5,0.21,7.48
1,1546928670335,11.26,0.6,6.34
1,1546928670336,10.82,1.03,5.21
1,1546928670409,9.96,0.89,3.96
1,1546928670416,9.17,0.56,2.71
1,1546928670419,8.18,0.01,1.3
1,1546928670420,8.2,-0.27,0.76
1,1546928670422,8.39,-0.33,0.41
1,1546928670424,8.43,-0.44,0.07
1,1546928670425,8.55,-0.29,-0.23
1,1546928670426,8.61,-0.09,-0.39
1,1546928670519,8.61,0.07,-0.58
1,1546928670519,8.55,0.19,-0.72
1,1546928670520,8.43,0.37,-1.01
1,1546928670520,8.35,0.5,-1.26
1,1546928670520,8.22,0.54,-1.36
1,1546928670520,8.14,0.54,-1.44
1,1546928670521,7.89,0.54,-1.4
1,1546928670521,7.89,0.56,-1.26
1,1546928670574,8.06,0.62,-1.25
1,1546928670574,8.39,0.68,-1.13
1,1546928670575,8.78,0.89,-0.99
1,1546928670575,9.35,1.44,-0.76
1,1546928670576,9.41,1.62,-0.6
1,1546928670576,9.53,1.81,-0.56
1,1546928670577,9.82,1.99,-0.48
1,1546928670577,11.01,2.32,-0.68
