1,1545963665736,10.95,-1.11,-1.58
1,1545963665737,11.15,-1.38,-1.23
1,1545963665738,12.46,-2.75,-0.48
1,1545963665738,12.94,-2.36,-0.8
1,1545963665738,13.51,-2.14,-0.76
1,1545963665739,14.08,-2.61,-1.01
1,1545963665739,14.7,-2.81,-1.64
1,1545963665814,14.7,-2.22,-1.64
1,1545963665815,14.8,-1.97,-1.85
1,1545963665815,15.15,-2.38,-1.71
1,1545963665815,15.31,-2.55,-0.82
1,1545963665816,15.11,-2.42,-1.21
1,1545963665816,15.6,-2.51,-1.6
1,1545963665816,15.83,-2.22,-1.79
1,1545963665817,14.98,-1.85,-1.36
1,1545963665886,15.0,-2.3,-1.58
1,1545963665886,14.88,-2.3,-1.75
1,1545963665886,14.49,-2.12,-1.64
1,1545963665887,13.98,-1.83,-1.13
1,1545963665889,13.69,-1.97,-1.5
1,1545963665890,13.33,-2.24,-1.93
1,1545963665890,12.98,-2.34,-1.93
1,1545963665962,12.73,-1.97,-1.66
1,1545963665962,12.28,-1.87,-1.64
1,1545963665962,11.91,-1.77,-1.46
1,1545963665962,11.91,-1.77,-0.91
1,1545963665963,11.93,-1.58,-0.42
1,1545963666037,11.83,-1.5,-0.74
1,1545963666037,11.6,-1.23,-0.89
1,1545963666059,10.99,-1.25,-0.85
1,1545963666059,10.85,-1.71,-1.52
1,1545963666059,10.97,-2.22,-1.79
1,1545963666060,10.91,-1.97,-1.75
1,1545963666060,10.62,-1.62,-1.79
1,1545963666060,9.66,-2.03,-1.85
1,1545963666112,9.51,-1.93,-1.56
1,1545963666112,9.66,-1.77,-1.17
1,1545963666125,9.8,-1.46,-0.83
1,1545963666125,9.27,-1.46,-0.56
1,1545963666125,8.92,-1.36,-0.5
1,1545963666126,8.41,-1.17,-0.56
1,1545963666126,8.24,-1.19,-0.48
1,1545963666126,8.2,-1.36,-0.76
1,1545963666186,7.94,-1.66,-0.74
1,1545963666188,7.63,-1.6,-0.74
1,1545963666188,7.36,-1.44,-0.87
1,1545963666189,6.83,-1.19,-0.87
1,1545963666189,6.5,-1.11,-0.66
1,1545963666190,6.3,-1.09,-0.31
1,1545963666190,6.19,-1.13,-0.11
1,1545963666191,5.87,-1.11,0.29
1,1545963666262,5.72,-1.09,0.39
1,1545963666275,5.62,-1.19,0.37
1,1545963666275,5.33,-1.23,0.21
1,1545963666275,4.9,-0.8,-0.21
1,1545963666276,5.0,-0.52,-0.19
1,1545963666276,5.07,-0.56,0.0
1,1545963666276,4.92,-0.46,-0.05
1,1545963666276,4.66,-0.62,-0.17
1,1545963666336,4.76,-0.62,0.0
1,1545963666337,4.78,-0.76,0.35
1,1545963666337,4.84,-0.58,0.54
1,1545963666343,5.37,-1.03,0.58
1,1545963666344,5.42,-1.21,0.56
1,1545963666344,5.31,-1.25,0.48
1,1545963666344,5.52,-1.3,0.33
1,1545963666344,6.09,-1.03,0.17
1,1545963666411,6.44,-0.58,0.37
1,1545963666411,6.83,-0.25,0.48
1,1545963666412,7.34,-0.33,0.6
1,1545963666412,7.77,-0.52,0.7
1,1545963666427,8.3,-0.58,1.11
1,1545963666427,8.94,-0.31,1.38
1,1545963666428,9.6,-0.31,2.08
1,1545963666428,10.37,-0.52,4.29
1,1545963666488,10.52,-0.29,5.29
1,1545963666488,10.74,0.13,6.46
1,1545963666489,10.42,0.5,6.79
1,1545963666489,10.76,0.31,5.23
1,1545963666490,11.17,0.44,3.88
1,1545963666490,11.44,0.97,2.59
1,1545963666491,11.71,0.85,2.36
1,1545963666561,10.13,-0.48,1.17
1,1545963666562,9.82,-1.25,0.72
1,1545963666562,9.47,-1.36,0.41
1,1545963666562,9.45,-1.62,1.71
1,1545963666563,8.76,-1.28,1.99
1,1545963666579,9.33,-1.4,1.25
1,1545963666579,9.6,-1.36,1.44
1,1545963666579,8.53,-0.31,1.23
1,1545963666636,9.1,-0.21,0.56
1,1545963666637,9.37,-0.7,0.46
1,1545963666637,8.45,-0.66,-0.01
1,1545963666637,8.14,-0.89,0.19
1,1545963666646,8.65,-1.23,-0.23
1,1545963666646,9.0,-1.34,-0.58
1,1545963666646,9.47,-1.5,0.21
1,1545963666711,9.47,-1.07,0.62
1,1545963666712,9.82,-0.42,1.09
1,1545963666712,10.07,-0.21,1.71
1,1545963666713,9.78,0.19,2.42
1,1545963666730,9.62,0.19,2.94
1,1545963666730,10.21,-0.07,3.51
1,1545963666731,10.52,0.48,3.76
1,1545963666731,10.85,0.72,3.82
1,1545963666786,11.13,0.52,3.69
1,1545963666787,10.76,-0.27,2.36
1,1545963666787,10.62,-0.54,2.07
1,1545963666787,10.66,-0.74,2.3
1,1545963666787,10.39,-0.91,2.05
1,1545963666796,10.31,-1.4,1.17
1,1545963666797,10.31,-1.38,1.4
1,1545963666861,9.6,-0.95,1.52
1,1545963666862,9.33,-0.5,1.32
1,1545963666862,9.23,-0.54,2.46
1,1545963666862,8.47,-0.05,2.16
1,1545963666862,8.76,-0.56,2.1
1,1545963666880,8.59,-0.46,1.91
1,1545963666881,8.24,-0.42,1.93
1,1545963666881,8.35,-0.44,1.36
1,1545963666937,8.3,-0.33,1.01
1,1545963666938,8.26,-0.09,0.66
1,1545963666938,8.51,0.15,0.07
1,1545963666938,8.55,0.03,0.03
1,1545963666938,8.33,-0.8,0.42
1,1545963666938,8.1,-0.8,0.66
1,1545963666939,8.61,-1.07,0.76
1,1545963667013,8.61,-1.15,0.66
1,1545963667014,8.28,-1.09,0.62
1,1545963667015,8.3,-1.05,0.78
1,1545963667015,8.57,-1.07,1.26
1,1545963667016,8.14,-0.82,1.17
1,1545963667016,7.89,-0.82,0.93
1,1545963667016,7.85,-0.72,0.72
1,1545963667017,7.42,-0.6,1.03
1,1545963667086,7.42,-0.82,1.09
1,1545963667087,7.36,-0.95,0.85
1,1545963667088,7.26,-1.05,0.64
1,1545963667088,7.3,-0.89,0.31
1,1545963667089,7.51,-0.93,0.25
1,1545963667089,7.71,-0.87,0.09
1,1545963667089,7.77,-1.01,-0.13
1,1545963667167,7.48,-0.85,-0.41
1,1545963667169,7.63,-0.7,-0.35
1,1545963667171,7.85,-0.78,-0.33
1,1545963667171,8.0,-1.03,-0.35
1,1545963667172,8.04,-1.05,-0.25
1,1545963667173,8.3,-1.07,-0.11
1,1545963667175,8.63,-1.42,0.44
1,1545963667176,8.22,-1.23,-0.13
1,1545963667238,8.78,-1.3,-0.29
1,1545963667239,8.67,-1.52,-0.31
1,1545963667239,8.73,-1.62,-0.17
1,1545963667240,8.86,-1.32,-0.39
1,1545963667313,9.06,-1.21,-0.93
1,1545963667314,9.02,-1.58,-0.93
1,1545963667333,9.02,-1.38,-0.64
1,1545963667333,8.98,-1.09,-0.6
1,1545963667334,8.71,-1.11,-1.17
1,1545963667335,8.92,-1.26,-1.19
1,1545963667337,9.21,-1.36,-1.21
1,1545963667338,9.53,-1.26,-1.26
1,1545963667393,9.41,-1.56,-1.42
1,1545963667393,9.39,-1.81,-1.4
1,1545963667394,9.53,-1.93,-1.28
1,1545963667395,9.74,-1.71,-1.05
1,1545963667395,9.78,-1.19,-1.17
1,1545963667395,9.64,-1.11,-1.13
1,1545963667396,9.64,-1.13,-1.01
1,1545963667396,9.7,-1.32,-0.99
1,1545963667462,10.17,-1.28,-1.21
1,1545963667463,10.27,-1.6,-1.32
1,1545963667464,10.09,-1.71,-1.48
1,1545963667465,10.27,-1.42,-1.58
1,1545963667465,10.54,-1.42,-1.58
1,1545963667466,10.82,-1.5,-1.4
1,1545963667466,11.03,-1.75,-1.26
1,1545963667467,10.91,-1.52,-1.44
1,1545963667540,10.78,-1.44,-1.48
1,1545963667540,10.8,-1.71,-1.58
1,1545963667541,10.85,-2.03,-1.6
1,1545963667541,10.54,-2.28,-1.48
1,1545963667541,10.37,-1.42,-1.85
1,1545963667541,10.52,-1.28,-1.73
1,1545963667542,10.78,-1.66,-1.48
1,1545963667542,10.91,-1.85,-1.5
1,1545963667613,10.72,-1.4,-1.62
1,1545963667613,10.83,-1.19,-1.54
1,1545963667690,11.17,-1.17,-1.44
1,1545963667690,11.15,-1.23,-1.64
1,1545963667691,10.89,-1.69,-1.79
1,1545963667691,10.8,-2.18,-1.64
1,1545963667691,10.7,-2.2,-1.58
1,1545963667692,11.03,-2.3,-1.56
1,1545963667692,11.38,-2.38,-1.58
1,1545963667692,11.32,-1.83,-1.75
1,1545963667766,11.09,-1.44,-1.69
1,1545963667768,10.7,-1.52,-1.85
1,1545963667770,10.89,-1.91,-2.2
1,1545963667771,10.76,-1.93,-2.05
1,1545963667772,10.42,-2.12,-2.01
1,1545963667773,10.41,-2.18,-1.83
1,1545963667774,11.32,-1.89,-1.25
1,1545963667775,11.34,-1.54,-1.03
1,1545963667839,10.8,-1.25,-0.85
1,1545963667867,10.44,-1.11,-0.99
1,1545963667869,11.19,-1.62,-1.69
1,1545963667869,11.3,-1.93,-1.83
1,1545963667870,11.05,-1.67,-2.08
1,1545963667871,10.99,-1.79,-2.32
1,1545963667871,11.03,-3.0,-2.44
1,1545963667872,10.87,-2.75,-2.3
1,1545963667923,11.03,-2.38,-2.01
1,1545963667925,11.25,-2.16,-1.73
1,1545963667928,11.03,-1.44,-1.28
1,1545963667929,10.97,-1.07,-1.17
1,1545963667954,10.91,-1.01,-1.17
1,1545963667954,11.05,-1.17,-1.36
1,1545963667991,11.36,-2.12,-1.58
1,1545963667993,11.4,-1.97,-1.93
1,1545963667994,11.56,-2.16,-2.05
1,1545963667995,11.93,-2.5,-2.26
1,1545963667996,11.75,-2.57,-2.42
1,1545963667997,11.34,-2.24,-2.05
1,1545963667997,11.44,-1.79,-1.85
1,1545963667998,11.83,-1.6,-1.83
1,1545963668064,11.81,-1.32,-1.07
1,1545963668076,11.85,-1.21,-0.99
1,1545963668077,12.28,-1.56,-1.32
1,1545963668078,12.48,-2.01,-1.73
1,1545963668079,12.42,-2.32,-1.99
1,1545963668079,12.92,-2.34,-2.08
1,1545963668080,13.1,-2.48,-2.08
1,1545963668081,13.04,-2.46,-1.97
1,1545963668143,13.32,-2.12,-1.91
1,1545963668144,13.45,-1.69,-1.95
1,1545963668144,13.47,-1.95,-2.01
1,1545963668145,13.49,-2.05,-2.12
1,1545963668145,14.0,-1.5,-2.26
1,1545963668145,13.86,-1.62,-2.07
1,1545963668145,13.59,-1.75,-1.95
1,1545963668146,13.9,-2.07,-1.85
1,1545963668213,14.21,-2.4,-1.79
1,1545963668213,14.16,-2.3,-1.66
1,1545963668213,14.37,-2.44,-1.71
1,1545963668214,14.47,-2.53,-1.73
1,1545963668214,13.94,-2.63,-1.99
1,1545963668214,13.61,-2.65,-1.95
1,1545963668225,13.37,-2.51,-1.99
1,1545963668226,13.26,-2.26,-2.01
1,1545963668287,13.14,-1.75,-1.89
1,1545963668288,12.79,-1.52,-1.77
1,1545963668289,12.73,-1.4,-1.77
1,1545963668289,12.81,-1.4,-1.73
1,1545963668289,12.65,-1.34,-1.58
1,1545963668289,12.61,-1.58,-1.5
1,1545963668317,12.5,-1.91,-1.58
1,1545963668318,12.36,-2.12,-1.54
1,1545963668442,12.12,-2.01,-1.52
1,1545963668442,12.24,-1.95,-1.52
1,1545963668442,12.28,-1.91,-1.54
1,1545963668442,11.91,-1.73,-1.48
1,1545963668443,11.66,-1.89,-1.36
1,1545963668518,11.73,-1.97,-1.19
1,1545963668520,11.71,-1.69,-1.32
1,1545963668521,11.32,-1.42,-1.38
1,1545963668521,11.11,-1.75,-1.3
1,1545963668522,9.02,-1.09,-1.4
1,1545963668523,8.43,-1.42,-1.17
1,1545963668524,8.45,-1.58,-1.17
1,1545963668525,8.37,-1.91,-1.42
1,1545963668590,7.96,-1.58,-1.44
1,1545963668591,6.5,-1.09,-0.99
1,1545963668591,6.15,-1.11,-1.01
1,1545963668592,5.68,-0.99,-0.7
1,1545963668592,5.41,-0.85,-0.56
1,1545963668593,5.13,-1.13,-0.21
1,1545963668594,5.0,-1.15,0.01
1,1545963668594,5.07,-0.78,0.11
1,1545963668665,4.94,-0.83,0.13
1,1545963668666,4.7,-0.54,-0.27
1,1545963668668,4.37,-0.6,-0.25
1,1545963668669,4.6,-0.44,-0.03
1,1545963668670,4.78,-0.46,0.11
1,1545963668671,4.76,-1.03,0.23
1,1545963668672,4.76,-1.34,0.58
1,1545963668672,4.64,-1.81,1.07
1,1545963668743,4.94,-1.71,1.15
1,1545963668745,5.11,-1.54,0.91
1,1545963668745,4.98,-1.56,0.68
1,1545963668746,5.54,-1.07,0.41
1,1545963668746,5.66,-0.83,0.46
1,1545963668747,5.72,-0.93,0.35
1,1545963668747,5.95,-1.07,0.37
1,1545963668748,6.62,-1.19,0.97
1,1545963668818,6.99,-1.38,1.05
1,1545963668820,7.26,-1.38,0.8
1,1545963668821,7.63,-1.05,0.85
1,1545963668822,8.76,-0.72,0.7
1,1545963668822,9.31,-0.66,0.48
1,1545963668823,9.76,-0.6,0.87
1,1545963668824,10.33,-0.13,1.32
1,1545963668892,10.85,0.05,3.08
1,1545963668894,10.82,-0.05,4.45
1,1545963668896,10.83,-0.31,6.48
1,1545963668897,10.48,-0.35,7.1
1,1545963668898,10.93,0.03,5.21
1,1545963668900,11.79,0.68,4.47
1,1545963668901,12.5,1.28,3.51
1,1545963668902,12.16,1.48,2.26
1,1545963668964,9.62,0.78,1.28
1,1545963668965,9.78,0.0,1.25
1,1545963668966,9.39,-0.29,1.19
1,1545963668967,8.96,-0.31,0.66
1,1545963668968,9.39,-1.69,1.73
1,1545963668968,9.14,-1.21,1.19
1,1545963668969,9.25,-1.17,0.82
1,1545963669039,9.47,-1.19,1.17
1,1545963669040,9.0,-0.7,1.17
1,1545963669040,8.69,-0.66,0.19
1,1545963669041,8.88,-0.37,-0.37
1,1545963669041,9.17,-0.52,-0.33
1,1545963669042,8.32,-1.11,-0.25
1,1545963669042,8.53,-1.19,-0.66
1,1545963669044,9.35,-1.5,-0.25
1,1545963669115,9.86,-1.34,0.46
1,1545963669116,9.51,-1.11,1.19
1,1545963669116,9.49,-1.07,1.25
1,1545963669117,9.62,-0.78,1.95
1,1545963669118,9.64,-0.09,3.04
1,1545963669118,9.64,0.8,3.78
1,1545963669118,10.05,0.31,4.31
1,1545963669192,9.98,0.21,4.14
1,1545963669194,10.29,0.44,3.71
1,1545963669196,10.91,-0.35,3.33
1,1545963669197,10.25,-0.54,2.46
1,1545963669198,10.31,-0.99,1.99
1,1545963669200,10.48,-1.09,1.58
1,1545963669201,10.15,-1.11,1.42
1,1545963669202,9.84,-1.34,1.77
1,1545963669265,9.43,-1.6,1.95
1,1545963669267,9.14,-1.25,2.18
1,1545963669268,9.19,-0.11,1.73
1,1545963669283,9.12,0.07,2.46
1,1545963669284,8.67,0.27,2.91
1,1545963669285,8.28,0.72,1.58
1,1545963669285,8.57,-0.39,1.19
1,1545963669339,7.71,-0.09,0.87
1,1545963669340,7.57,-0.05,0.01
1,1545963669340,8.43,-1.05,0.39
1,1545963669340,7.92,-0.83,0.37
1,1545963669340,7.81,-0.97,0.05
1,1545963669341,8.16,-1.11,0.42
1,1545963669341,7.83,-1.01,0.82
1,1545963669341,7.57,-0.89,0.83
1,1545963669416,7.57,-0.78,0.72
1,1545963669418,7.34,-1.05,0.93
1,1545963669419,7.07,-0.85,0.6
1,1545963669420,7.51,-0.72,0.76
1,1545963669421,7.81,-0.91,1.26
1,1545963669422,7.55,-0.56,1.19
1,1545963669423,7.42,-0.5,1.05
1,1545963669492,7.18,-1.05,1.15
1,1545963669493,7.05,-0.66,0.93
1,1545963669494,7.2,-1.05,0.46
1,1545963669495,7.34,-1.13,0.07
1,1545963669495,7.01,-1.07,0.15
1,1545963669496,7.08,-1.09,-0.05
1,1545963669496,7.59,-1.13,-0.17
1,1545963669497,7.98,-1.13,0.13
1,1545963669568,8.2,-0.58,0.19
1,1545963669571,8.22,-0.52,0.17
1,1545963669572,8.3,-0.52,0.37
1,1545963669573,8.14,-0.58,0.09
1,1545963669574,8.35,-1.05,0.03
1,1545963669575,8.61,-1.26,0.23
1,1545963669576,8.78,-1.26,0.11
1,1545963669638,9.17,-1.17,-0.09
1,1545963669639,9.21,-1.79,-1.05
1,1545963669640,8.76,-1.91,-1.15
1,1545963669640,8.78,-1.6,-1.26
1,1545963669717,9.57,-1.19,-0.87
1,1545963669718,10.13,-1.13,-0.21
1,1545963669718,9.8,-1.09,-0.25
1,1545963669719,9.49,-1.11,-0.21
1,1545963669719,9.29,-1.13,-0.58
1,1545963669720,9.57,-1.11,-1.11
1,1545963669720,9.7,-1.13,-0.87
1,1545963669720,9.82,-1.17,-0.87
1,1545963669789,9.9,-1.21,-1.15
1,1545963669864,9.96,-1.85,-1.21
1,1545963669865,9.57,-1.79,-1.13
1,1545963669865,9.55,-1.75,-1.13
1,1545963669865,9.82,-1.67,-1.28
1,1545963669866,9.94,-1.79,-1.28
1,1545963669866,9.94,-1.66,-1.03
1,1545963669867,9.94,-1.44,-0.95
1,1545963669867,10.27,-1.11,-1.25
1,1545963669941,10.23,-1.11,-1.64
1,1545963669941,10.09,-1.36,-1.69
1,1545963669942,11.11,-2.2,-1.48
1,1545963669942,11.19,-1.99,-1.44
1,1545963669943,10.8,-1.58,-1.54
1,1545963669943,10.27,-1.19,-1.83
1,1545963669943,10.35,-1.36,-1.71
1,1545963669944,10.66,-1.46,-1.52
1,1545963670016,11.28,-1.64,-1.46
1,1545963670017,10.7,-1.79,-1.62
1,1545963670018,10.83,-2.2,-1.67
1,1545963670019,11.25,-2.32,-1.73
1,1545963670020,11.07,-1.91,-1.73
1,1545963670021,10.83,-1.42,-1.85
1,1545963670021,11.38,-1.62,-1.95
1,1545963670022,11.19,-1.71,-1.79
1,1545963670091,11.05,-1.54,-1.66
1,1545963670095,11.62,-2.3,-1.69
1,1545963670096,11.6,-2.08,-1.87
1,1545963670097,11.21,-1.85,-2.3
1,1545963670098,11.01,-1.66,-2.32
1,1545963670099,11.36,-1.26,-1.89
1,1545963670099,11.5,-1.42,-1.99
1,1545963670100,11.6,-1.67,-1.69
1,1545963670168,11.73,-2.01,-1.42
1,1545963670169,11.64,-2.32,-1.81
1,1545963670170,11.73,-2.28,-1.85
1,1545963670170,12.01,-2.42,-1.97
1,1545963670171,12.07,-2.61,-2.1
1,1545963670172,11.79,-1.99,-2.34
1,1545963670173,11.79,-1.83,-2.5
1,1545963670174,11.5,-1.81,-2.46
1,1545963670241,11.15,-1.62,-2.26
1,1545963670243,11.48,-1.28,-1.95
1,1545963670244,11.71,-1.83,-1.97
1,1545963670245,11.77,-2.36,-2.14
1,1545963670246,11.79,-2.53,-2.42
1,1545963670246,11.44,-2.63,-2.24
1,1545963670247,11.38,-2.63,-1.87
1,1545963670247,11.62,-2.53,-1.81
1,1545963670317,11.64,-2.48,-1.95
1,1545963670318,11.11,-1.77,-1.58
1,1545963670389,11.17,-1.81,-1.58
1,1545963670389,11.28,-2.3,-1.91
1,1545963670465,10.97,-2.16,-2.22
1,1545963670466,10.37,-1.23,-2.03
1,1545963670467,11.01,-1.4,-1.87
1,1545963670539,11.42,-1.87,-1.73
1,1545963670539,11.15,-2.03,-1.42
1,1545963670540,10.66,-1.73,-1.21
1,1545963670540,10.76,-1.95,-1.46
1,1545963670569,10.83,-2.16,-1.6
1,1545963670571,10.95,-2.05,-2.1
1,1545963670572,11.01,-1.71,-1.91
1,1545963670625,12.89,-1.89,-2.3
1,1545963670626,13.14,-1.73,-1.81
1,1545963670627,13.61,-1.79,-1.79
1,1545963670627,13.82,-3.08,-2.32
1,1545963670628,14.12,-2.34,-2.2
1,1545963670629,14.35,-2.24,-2.3
1,1545963670631,14.02,-2.05,-2.18
1,1545963670631,13.96,-1.64,-1.62
1,1545963670688,14.08,-1.73,-1.5
1,1545963670689,13.69,-1.62,-1.3
1,1545963670689,13.26,-1.4,-1.62
1,1545963670689,13.32,-1.34,-1.6
1,1545963670769,13.26,-1.75,-1.54
1,1545963670770,12.94,-2.05,-1.58
1,1545963670771,12.12,-2.36,-2.01
1,1545963670772,12.1,-2.1,-2.03
1,1545963670773,12.01,-1.44,-2.07
1,1545963670773,12.01,-1.09,-1.95
1,1545963670774,11.95,-1.93,-1.48
1,1545963670775,11.89,-1.71,-1.21
1,1545963670838,11.69,-1.32,-1.05
1,1545963670840,11.56,-1.26,-1.11
1,1545963670840,10.8,-1.95,-1.71
1,1545963670841,10.44,-2.12,-1.64
1,1545963670841,10.23,-2.14,-1.36
1,1545963670842,9.88,-1.32,-1.11
1,1545963670842,9.72,-0.89,-0.89
1,1545963670842,9.76,-1.73,-0.74
1,1545963670913,9.35,-1.87,-0.89
1,1545963670914,8.84,-1.87,-1.09
1,1545963670914,8.65,-2.22,-1.26
1,1545963670915,7.91,-2.2,-1.6
1,1545963670915,7.51,-1.56,-1.54
1,1545963670915,7.14,-1.28,-1.34
1,1545963670915,6.67,-1.19,-0.95
1,1545963670915,6.11,-1.3,-0.15
1,1545963670990,6.03,-1.11,-0.05
1,1545963670991,5.93,-1.07,-0.05
1,1545963670991,5.62,-1.09,-0.13
1,1545963670991,4.84,-0.97,-0.29
1,1545963670992,4.82,-0.89,0.07
1,1545963670992,4.78,-1.03,0.05
1,1545963670992,4.41,-1.11,0.13
1,1545963670993,4.35,-0.78,0.19
1,1545963671089,4.14,-0.58,0.54
1,1545963671090,4.02,-0.6,0.87
1,1545963671091,4.06,-0.89,0.87
1,1545963671092,3.9,-1.13,0.74
1,1545963671092,4.23,-1.15,1.01
1,1545963671093,4.51,-1.05,1.17
1,1545963671094,4.6,-0.83,1.05
1,1545963671095,5.21,-1.11,1.19
1,1545963671216,5.41,-0.99,1.21
1,1545963671216,5.48,-0.82,1.13
1,1545963671217,5.56,-0.95,0.56
1,1545963671217,5.85,-1.11,-0.37
1,1545963671217,6.13,-0.89,-0.23
1,1545963671290,6.4,-0.56,-0.23
1,1545963671291,6.89,-0.72,0.11
1,1545963671291,8.28,-0.87,0.72
1,1545963671292,9.29,-0.89,0.82
1,1545963671292,10.19,-1.11,0.76
1,1545963671292,10.56,-0.17,3.92
1,1545963671293,10.83,0.21,4.86
1,1545963671293,10.7,0.37,6.26
1,1545963671362,10.58,1.25,7.69
1,1545963671363,11.77,2.67,2.16
1,1545963671381,11.28,1.69,4.04
1,1545963671382,9.51,-0.01,3.16
1,1545963671382,7.92,-0.89,1.3
1,1545963671382,8.0,-1.3,-0.29
1,1545963671382,10.76,-2.05,1.03
1,1545963671383,10.29,-1.62,1.28
1,1545963671442,9.6,-1.03,1.42
1,1545963671445,9.06,-0.91,1.13
1,1545963671446,8.32,-1.03,0.21
1,1545963671447,8.71,-1.09,0.33
1,1545963671448,9.06,-1.01,0.35
1,1545963671449,9.21,-0.46,0.31
1,1545963671450,8.76,-1.07,0.21
1,1545963671452,8.71,-1.34,-0.29
1,1545963671516,9.1,-1.77,0.21
1,1545963671517,9.25,-1.6,1.13
1,1545963671536,8.45,-1.09,1.17
1,1545963671538,8.88,-1.11,1.4
1,1545963671538,9.14,-0.48,2.14
1,1545963671538,9.31,0.48,2.51
1,1545963671539,9.49,0.11,2.3
1,1545963671539,9.45,-0.21,2.51
1,1545963671589,9.74,-0.25,3.35
1,1545963671591,10.35,0.13,3.86
1,1545963671592,10.7,-0.8,3.84
1,1545963671592,10.35,-1.13,4.14
1,1545963671593,10.19,-1.09,4.35
1,1545963671594,10.05,-1.07,3.67
1,1545963671595,10.52,-0.68,1.89
1,1545963671668,10.05,-0.19,1.3
1,1545963671669,9.57,0.11,1.21
1,1545963671706,9.49,0.23,1.19
1,1545963671707,9.19,-0.58,0.89
1,1545963671707,8.94,-0.44,1.07
1,1545963671708,9.16,-0.72,1.13
1,1545963671708,9.23,-0.6,1.25
1,1545963671708,8.51,-0.19,1.66
1,1545963671740,8.53,-0.39,1.15
1,1545963671741,8.57,-0.83,1.09
1,1545963671743,8.1,-0.66,0.99
1,1545963671757,7.81,-0.85,0.7
1,1545963671757,7.94,-0.7,0.11
1,1545963671757,7.89,-1.05,0.05
1,1545963671757,7.5,-1.01,0.64
1,1545963671816,7.2,-1.11,0.68
1,1545963671818,7.4,-1.25,0.66
1,1545963671819,7.3,-1.3,0.6
1,1545963671820,7.3,-0.78,0.25
1,1545963671822,7.67,-0.39,1.25
1,1545963671823,7.36,-0.25,1.15
1,1545963671824,7.36,-0.33,0.95
1,1545963671825,7.48,-0.33,1.17
1,1545963671892,7.34,-0.42,0.85
1,1545963671895,7.46,-1.03,0.17
1,1545963671896,7.67,-1.19,-0.15
1,1545963671897,7.92,-1.07,-0.21
1,1545963671898,8.45,-1.07,0.37
1,1545963671899,8.22,-1.13,-0.07
1,1545963671900,8.1,-1.56,-0.68
1,1545963671964,8.24,-1.97,-0.76
1,1545963671987,8.51,-1.21,0.31
1,1545963671987,8.3,-1.09,-0.19
1,1545963671987,8.1,-1.17,-0.62
1,1545963671987,7.81,-1.26,-0.66
1,1545963671988,7.96,-1.11,-0.17
1,1545963671988,8.3,-0.95,0.11
1,1545963671988,8.59,-1.07,-0.13
1,1545963672041,9.06,-1.36,-0.27
1,1545963672055,8.59,-1.38,0.01
1,1545963672056,8.76,-1.19,0.29
1,1545963672056,9.0,-1.32,0.11
1,1545963672056,9.08,-1.62,-0.33
1,1545963672057,9.14,-1.17,-0.35
1,1545963672057,9.1,-1.09,0.01
1,1545963672116,9.23,-1.05,0.21
1,1545963672116,9.47,-1.17,-0.05
1,1545963672117,9.66,-1.87,0.42
1,1545963672117,9.78,-1.66,0.13
1,1545963672117,10.17,-1.85,-0.15
1,1545963672139,10.41,-1.75,-0.33
1,1545963672139,10.23,-1.01,-1.09
1,1545963672140,10.11,-1.13,-0.83
1,1545963672200,9.9,-1.11,-0.97
1,1545963672201,9.78,-1.21,-1.25
1,1545963672202,10.56,-1.66,-0.17
1,1545963672202,10.7,-1.32,-0.29
1,1545963672203,11.01,-1.32,-0.17
1,1545963672203,11.36,-1.71,-0.21
1,1545963672203,11.38,-1.81,-0.29
1,1545963672266,11.48,-1.81,-0.33
1,1545963672286,11.36,-1.81,-0.89
1,1545963672286,10.83,-1.62,-1.54
1,1545963672286,10.76,-1.56,-1.11
1,1545963672287,11.03,-1.3,-1.19
1,1545963672287,11.19,-1.13,-1.4
1,1545963672287,10.85,-1.25,-1.62
1,1545963672338,11.28,-1.4,-1.44
1,1545963672339,11.85,-2.16,-1.21
1,1545963672357,11.38,-2.2,-1.34
1,1545963672358,10.95,-2.03,-1.42
1,1545963672358,11.26,-2.16,-0.99
1,1545963672358,11.42,-1.89,-0.91
1,1545963672358,11.25,-1.64,-0.82
1,1545963672359,11.13,-1.26,-0.91
1,1545963672415,11.85,-1.5,-1.21
1,1545963672416,11.66,-1.64,-1.64
1,1545963672416,11.38,-2.14,-1.89
1,1545963672430,11.17,-2.61,-2.1
1,1545963672430,10.99,-2.26,-2.12
1,1545963672431,11.62,-1.87,0.7
1,1545963672431,11.6,-0.95,2.59
1,1545963672431,9.84,-0.25,-0.23
1,1545963672490,11.46,-2.24,2.92
1,1545963672490,10.25,-0.66,0.87
1,1545963672491,10.56,-0.52,-1.23
1,1545963672491,12.32,-2.32,-0.03
1,1545963672509,11.13,-2.48,-2.53
1,1545963672511,10.66,-2.98,-2.65
1,1545963672513,10.42,-2.3,-2.55
1,1545963672571,10.42,-0.99,-1.21
1,1545963672572,10.03,-0.39,-0.6
1,1545963672572,10.09,-1.71,-2.07
1,1545963672573,10.85,-1.89,-1.15
1,1545963672573,10.76,-1.56,-0.37
1,1545963672573,10.74,-1.4,-0.19
1,1545963672574,11.07,-3.02,-2.48
1,1545963672640,11.11,-2.92,-2.69
1,1545963672640,11.36,-2.55,-1.85
1,1545963672640,11.19,-1.95,-1.11
1,1545963672661,10.58,-1.13,-1.95
1,1545963672662,11.01,-1.69,-2.24
1,1545963672662,11.93,-2.4,-1.89
1,1545963672662,12.32,-2.65,-1.28
1,1545963672662,11.38,-2.28,-1.95
1,1545963672792,11.75,-2.85,-2.67
1,1545963672793,12.1,-3.16,-2.3
1,1545963672793,12.1,-2.79,-0.5
1,1545963672793,11.11,-0.52,-0.03
1,1545963672793,11.23,-0.87,-1.25
1,1545963672866,11.77,-2.08,0.29
1,1545963672868,11.64,-1.75,1.09
1,1545963672869,12.67,-1.42,-1.48
1,1545963672870,13.22,-3.35,-1.83
1,1545963672872,12.5,-3.67,-2.3
1,1545963672873,12.69,-1.38,-0.46
1,1545963672874,12.73,-1.13,-0.03
1,1545963672875,13.0,-1.32,-0.19
1,1545963672936,13.43,-2.24,-0.15
1,1545963672937,13.78,-2.51,-2.2
1,1545963672937,14.31,-3.28,-2.07
1,1545963672937,14.53,-2.79,-2.48
1,1545963672942,13.84,-1.26,-2.85
1,1545963672942,14.16,-1.83,-1.67
1,1545963672942,14.33,-1.81,-1.89
1,1545963672945,13.78,-1.95,-1.87
1,1545963673012,13.96,-2.44,-0.31
1,1545963673013,13.84,-2.36,-0.05
1,1545963673014,13.3,-2.65,-0.44
1,1545963673014,13.22,-2.57,-0.85
1,1545963673015,13.26,-2.22,-1.4
1,1545963673015,12.73,-2.18,-2.08
1,1545963673016,12.22,-2.12,-1.97
1,1545963673016,11.97,-1.52,-1.62
1,1545963673091,12.07,-1.13,-1.23
1,1545963673092,12.24,-1.21,-0.95
1,1545963673093,12.1,-1.83,-0.85
1,1545963673094,11.91,-2.16,-0.74
1,1545963673094,11.71,-2.16,-1.01
1,1545963673095,11.87,-1.87,-0.87
1,1545963673096,11.69,-2.38,-1.21
1,1545963673164,11.13,-2.5,-1.38
1,1545963673165,10.56,-2.26,-1.21
1,1545963673165,10.19,-1.5,-0.8
1,1545963673166,9.96,-1.5,-0.93
1,1545963673166,9.74,-1.77,-1.17
1,1545963673167,9.58,-1.79,-0.99
1,1545963673167,9.33,-1.67,-0.7
1,1545963673242,8.86,-2.12,-0.78
1,1545963673244,8.41,-2.3,-0.87
1,1545963673245,8.06,-2.44,-1.03
1,1545963673246,7.2,-2.05,-0.62
1,1545963673248,7.18,-1.42,-0.29
1,1545963673249,6.95,-1.17,-0.33
1,1545963673250,6.56,-1.25,-0.42
1,1545963673251,5.95,-1.42,-0.15
1,1545963673317,5.7,-1.42,0.13
1,1545963673318,5.44,-1.34,0.25
1,1545963673319,5.25,-1.23,0.23
1,1545963673320,5.25,-1.13,-0.07
1,1545963673321,5.21,-1.07,-0.01
1,1545963673322,5.03,-1.09,0.01
1,1545963673322,4.96,-1.07,0.09
1,1545963673323,4.47,-1.13,-0.29
1,1545963673389,4.41,-1.19,-0.13
1,1545963673391,4.43,-1.11,0.13
1,1545963673391,4.45,-1.07,0.41
1,1545963673392,4.41,-1.13,0.58
1,1545963673393,4.47,-1.11,0.62
1,1545963673393,4.66,-1.11,0.58
1,1545963673394,4.94,-1.13,0.58
1,1545963673469,5.41,-1.17,0.5
1,1545963673470,5.76,-1.21,0.19
1,1545963673471,5.85,-1.58,-0.05
1,1545963673472,5.6,-1.56,-0.15
1,1545963673473,5.74,-0.5,0.39
1,1545963673474,6.28,0.0,0.97
1,1545963673475,7.05,-0.09,1.36
1,1545963673541,7.77,-0.44,1.48
1,1545963673542,9.39,-0.6,0.74
1,1545963673543,9.78,-0.39,0.29
1,1545963673543,10.13,-0.72,-0.11
1,1545963673544,10.37,-1.17,-0.52
1,1545963673544,10.29,-1.09,-1.07
1,1545963673545,10.46,-0.99,0.03
1,1545963673545,10.54,-0.85,1.48
1,1545963673615,10.66,-0.7,2.98
1,1545963673617,10.6,-0.01,5.44
1,1545963673618,10.62,0.54,6.64
1,1545963673619,10.5,1.01,7.3
1,1545963673619,10.5,1.36,6.99
1,1545963673620,10.25,1.56,3.43
1,1545963673620,10.74,1.23,2.51
1,1545963673621,11.5,1.36,2.5
1,1545963673691,10.95,1.85,2.53
1,1545963673691,9.16,-0.5,1.6
1,1545963673692,9.02,-1.34,1.34
1,1545963673692,8.96,-2.08,0.8
1,1545963673693,10.03,-2.34,1.42
1,1545963673693,10.44,-1.38,1.13
1,1545963673694,9.86,-1.42,0.11
1,1545963673767,9.82,-1.42,0.33
1,1545963673768,9.17,-0.97,0.0
1,1545963673769,9.29,-0.48,-0.25
1,1545963673771,9.86,-0.91,-0.35
1,1545963673772,9.31,-0.89,-0.7
1,1545963673773,9.06,-0.89,-0.5
1,1545963673773,9.7,-1.58,0.29
1,1545963673774,9.92,-1.69,0.19
1,1545963673842,9.64,-1.71,0.21
1,1545963673842,9.1,-1.66,0.13
1,1545963673843,9.21,-1.52,1.03
1,1545963673844,9.58,-1.07,1.28
1,1545963673844,9.51,-0.27,1.26
1,1545963673853,9.47,-0.03,1.62
1,1545963673853,9.74,-0.29,2.51
1,1545963673914,9.88,0.11,2.4
1,1545963673915,10.13,-0.35,2.55
1,1545963673915,10.23,-0.54,2.73
1,1545963673915,9.96,-0.21,3.02
1,1545963673916,10.11,-0.37,2.59
1,1545963673916,10.19,-1.01,1.91
1,1545963673916,9.98,-1.09,1.93
1,1545963673917,9.76,-1.3,1.64
1,1545963673991,9.96,-1.09,1.46
1,1545963673993,9.74,-0.42,1.42
1,1545963673993,9.29,0.35,1.77
1,1545963673994,9.43,0.03,2.65
1,1545963673996,9.21,0.19,1.67
1,1545963673997,9.14,-0.39,1.09
1,1545963673998,8.78,-0.74,0.78
1,1545963674074,8.22,-0.52,0.21
1,1545963674075,8.37,-0.93,-0.01
1,1545963674075,8.55,-0.76,0.03
1,1545963674075,8.63,-0.7,0.17
1,1545963674076,8.69,-0.89,0.8
1,1545963674076,8.67,-0.85,1.21
1,1545963674076,8.39,-0.89,1.23
1,1545963674077,8.3,-0.97,1.23
1,1545963674139,8.02,-1.15,0.97
1,1545963674139,7.75,-1.13,0.78
1,1545963674140,7.65,-0.95,0.78
1,1545963674140,7.69,-0.93,0.44
1,1545963674140,7.28,-0.91,0.19
1,1545963674141,7.5,-0.48,0.21
1,1545963674141,7.55,-0.41,0.17
1,1545963674214,7.55,-0.78,0.25
1,1545963674216,7.46,-0.85,0.52
1,1545963674216,7.46,-0.89,0.78
1,1545963674217,7.42,-1.32,0.87
1,1545963674217,7.1,-1.44,0.83
1,1545963674218,7.12,-1.09,0.62
1,1545963674218,7.32,-0.89,0.37
1,1545963674219,7.42,-0.99,0.01
1,1545963674291,7.22,-1.07,-0.48
1,1545963674292,6.99,-1.11,-0.76
1,1545963674292,7.22,-1.03,-0.52
1,1545963674293,7.28,-0.89,-0.23
1,1545963674293,7.18,-0.93,-0.05
1,1545963674294,7.53,-1.34,0.17
1,1545963674294,7.73,-1.38,0.31
1,1545963674368,7.89,-1.54,0.25
1,1545963674369,7.91,-1.56,0.07
1,1545963674370,8.37,-1.38,0.13
1,1545963674371,8.8,-1.3,-0.25
1,1545963674372,9.0,-1.34,-0.56
1,1545963674373,8.86,-1.38,-0.68
1,1545963674375,8.76,-1.36,-1.07
1,1545963674375,8.88,-1.56,-1.21
1,1545963674439,8.94,-1.42,-1.4
1,1545963674440,9.1,-1.52,-1.48
1,1545963674441,9.78,-2.18,-1.48
1,1545963674441,10.03,-2.08,-1.44
1,1545963674441,10.03,-1.85,-1.4
1,1545963674441,9.98,-1.64,-1.23
1,1545963674442,10.25,-1.52,-0.89
1,1545963674514,10.46,-1.48,-0.66
1,1545963674526,10.52,-1.21,-0.58
1,1545963674527,10.6,-1.13,-0.66
1,1545963674528,10.87,-1.89,-1.3
1,1545963674528,11.13,-2.2,-1.58
1,1545963674529,10.99,-2.03,-1.83
1,1545963674532,10.82,-1.71,-1.99
1,1545963674532,10.76,-1.34,-1.79
1,1545963674589,10.89,-1.38,-1.67
1,1545963674590,10.97,-1.69,-1.69
1,1545963674590,11.21,-1.95,-1.73
1,1545963674591,11.28,-1.87,-1.36
1,1545963674591,11.26,-1.79,-1.07
1,1545963674592,11.32,-2.1,-1.34
1,1545963674592,11.34,-2.5,-1.67
1,1545963674664,10.76,-1.73,-2.18
1,1545963674665,10.74,-1.83,-2.05
1,1545963674666,10.68,-2.12,-1.87
1,1545963674667,10.5,-1.44,-1.93
1,1545963674667,11.05,-1.32,-1.71
1,1545963674668,11.26,-1.75,-1.5
1,1545963674669,11.09,-1.77,-1.46
1,1545963674669,11.07,-2.01,-1.58
1,1545963674738,11.28,-2.34,-1.93
1,1545963674762,11.36,-2.18,-2.07
1,1545963674763,11.05,-1.89,-2.14
1,1545963674764,10.7,-1.66,-2.07
1,1545963674764,10.23,-1.97,-2.07
1,1545963674765,10.23,-1.83,-1.95
1,1545963674765,10.74,-1.71,-1.77
1,1545963674816,11.64,-1.85,-1.75
1,1545963674817,11.56,-2.53,-1.83
1,1545963674817,11.56,-2.46,-1.85
1,1545963674818,11.73,-2.22,-1.75
1,1545963674818,11.42,-1.67,-1.21
1,1545963674827,10.44,-1.13,-1.23
1,1545963674827,10.39,-1.25,-2.22
1,1545963674889,11.25,-2.07,-1.23
1,1545963674890,11.36,-1.54,-0.48
1,1545963674909,11.48,-2.28,-1.85
1,1545963674909,11.19,-3.51,-1.99
1,1545963674910,11.56,-3.12,-2.08
1,1545963674910,12.61,-2.24,-1.83
1,1545963674910,10.66,-1.67,-2.32
1,1545963674910,10.37,-2.3,-2.92
1,1545963674962,10.89,-2.24,-2.32
1,1545963674962,11.3,-1.38,-1.77
1,1545963674963,10.89,-1.71,-2.71
1,1545963674964,10.99,-2.98,-3.0
1,1545963674964,11.38,-2.89,-3.02
1,1545963674965,12.05,-1.97,-2.34
1,1545963674965,12.65,-2.32,-2.46
1,1545963675037,12.07,-3.63,-3.16
1,1545963675043,11.71,-4.04,-3.16
1,1545963675043,11.89,-3.06,-2.75
1,1545963675043,11.83,-1.26,-2.2
1,1545963675044,11.67,-2.55,-2.5
1,1545963675044,11.79,-3.37,-2.79
1,1545963675044,12.24,-2.65,-2.5
1,1545963675044,12.46,-1.36,-2.16
1,1545963675113,12.18,-2.14,-2.24
1,1545963675114,12.1,-2.32,-2.01
1,1545963675132,12.34,-1.87,-1.69
1,1545963675133,13.22,-1.54,-0.8
1,1545963675134,13.08,-2.03,-0.89
1,1545963675135,12.57,-3.04,-1.83
1,1545963675136,12.61,-3.43,-2.67
1,1545963675190,12.67,-1.32,-2.1
1,1545963675190,12.94,-1.11,-1.89
1,1545963675212,13.59,-1.79,-2.44
1,1545963675213,14.14,-2.44,-1.28
1,1545963675213,13.35,-1.6,-2.2
1,1545963675213,14.86,-2.91,-1.79
1,1545963675214,15.05,-3.12,-1.28
1,1545963675214,14.12,-2.05,-1.3
1,1545963675267,14.08,-3.08,-2.2
1,1545963675268,14.35,-3.84,-2.71
1,1545963675269,13.73,-3.37,-2.55
1,1545963675270,13.26,-2.2,-2.18
1,1545963675271,13.88,-2.24,-2.18
1,1545963675272,13.67,-2.14,-2.16
1,1545963675273,13.43,-2.1,-1.95
1,1545963675339,13.49,-2.24,-1.93
1,1545963675340,12.67,-1.89,-1.56
1,1545963675340,12.53,-2.32,-1.71
1,1545963675340,12.92,-2.75,-1.81
1,1545963675363,13.1,-2.44,-1.67
1,1545963675364,12.96,-1.81,-1.36
1,1545963675364,12.79,-2.63,-1.46
1,1545963675364,12.32,-2.69,-1.67
1,1545963675415,11.93,-2.59,-1.77
1,1545963675415,12.28,-1.71,-1.67
1,1545963675430,12.12,-2.18,-1.77
1,1545963675431,11.62,-2.42,-1.97
1,1545963675431,10.99,-2.07,-1.75
1,1545963675431,11.03,-2.14,-1.34
1,1545963675431,10.66,-2.1,-1.4
1,1545963675488,10.31,-1.99,-1.48
1,1545963675499,10.07,-1.81,-1.48
1,1545963675500,9.43,-1.58,-1.25
1,1545963675500,9.16,-1.54,-1.03
1,1545963675500,8.9,-1.32,-0.85
1,1545963675501,8.69,-1.4,-0.76
1,1545963675501,8.37,-1.87,-0.58
1,1545963675501,8.0,-1.69,-0.58
1,1545963675580,7.61,-1.56,-0.41
1,1545963675581,7.26,-1.32,-0.5
1,1545963675581,6.99,-1.11,-0.78
1,1545963675581,6.79,-1.13,-0.5
1,1545963675582,6.4,-1.19,-0.64
1,1545963675583,6.15,-1.42,-0.7
1,1545963675583,5.72,-1.38,-0.85
1,1545963675639,5.41,-1.25,-0.74
1,1545963675640,5.01,-1.13,-0.37
1,1545963675640,4.68,-1.13,-0.11
1,1545963675641,4.76,-0.82,0.07
1,1545963675641,4.86,-0.58,0.29
1,1545963675651,4.88,-0.35,0.58
1,1545963675652,5.07,-0.29,0.64
1,1545963675653,4.88,-1.03,0.31
1,1545963675714,4.43,-1.03,0.25
1,1545963675734,4.19,-0.74,0.19
1,1545963675735,4.33,-0.62,0.17
1,1545963675735,4.6,-0.74,0.39
1,1545963675736,4.84,-0.74,0.33
1,1545963675736,5.17,-0.68,0.46
1,1545963675736,5.54,-0.29,0.66
1,1545963675789,6.34,-0.48,0.78
1,1545963675789,6.58,-0.66,0.8
1,1545963675790,6.71,-0.87,1.15
1,1545963675790,6.81,-0.78,1.26
1,1545963675790,7.96,-1.15,1.19
1,1545963675790,8.24,-1.58,0.68
1,1545963675790,7.91,-1.73,0.03
1,1545963675791,7.87,-1.3,-0.42
1,1545963675868,8.75,-0.56,-0.07
1,1545963675869,9.14,-0.13,0.03
1,1545963675870,9.8,-0.09,0.31
1,1545963675871,10.42,-0.13,1.09
1,1545963675872,10.52,0.78,3.14
1,1545963675872,10.91,0.29,4.16
1,1545963675873,10.91,-0.41,5.87
1,1545963675944,10.17,0.07,7.51
1,1545963675944,9.23,1.3,7.89
1,1545963675945,9.62,0.6,5.54
1,1545963676012,10.89,0.09,4.82
1,1545963676035,11.75,0.82,3.49
1,1545963676036,11.32,1.13,2.75
1,1545963676037,9.76,1.17,2.14
1,1545963676037,9.35,0.17,1.48
1,1545963676039,9.23,-1.11,1.71
1,1545963676039,9.39,-2.14,2.71
1,1545963676040,9.78,-1.95,2.94
1,1545963676089,9.96,-1.3,2.24
1,1545963676089,8.84,-0.6,-0.76
1,1545963676089,8.67,-0.91,-0.68
1,1545963676102,7.96,0.05,0.54
1,1545963676103,8.59,-0.82,0.54
1,1545963676103,9.12,-1.66,0.07
1,1545963676103,9.43,-2.1,0.48
1,1545963676103,8.94,-1.11,1.3
1,1545963676169,9.14,-1.09,1.66
1,1545963676169,9.19,-0.89,2.12
1,1545963676169,9.27,-0.07,2.59
1,1545963676170,9.47,0.91,3.53
1,1545963676170,9.47,0.41,3.35
1,1545963676170,9.74,0.15,3.49
1,1545963676170,10.07,0.74,3.75
1,1545963676170,11.03,0.6,3.78
1,1545963676241,11.19,0.41,3.84
1,1545963676241,10.95,-0.17,3.75
1,1545963676255,10.85,-0.99,3.86
1,1545963676255,10.27,-1.81,3.1
1,1545963676255,10.37,-2.65,2.67
1,1545963676256,10.35,-1.99,2.24
1,1545963676256,9.9,-0.5,1.73
1,1545963676256,9.31,0.44,1.15
1,1545963676312,8.8,0.46,1.03
1,1545963676313,8.43,0.64,1.05
1,1545963676320,8.35,0.66,1.17
1,1545963676321,8.75,-0.27,1.5
1,1545963676321,8.53,-0.29,1.32
1,1545963676321,8.55,-0.56,1.21
1,1545963676322,8.63,-0.74,1.25
1,1545963676391,8.35,-0.58,0.99
1,1545963676392,8.28,-0.82,0.33
1,1545963676393,8.24,-0.99,0.05
1,1545963676393,7.92,-0.97,0.27
1,1545963676408,8.08,-1.11,0.27
1,1545963676409,8.02,-1.11,0.37
1,1545963676409,8.14,-1.05,0.8
1,1545963676410,7.92,-0.91,1.09
1,1545963676473,7.94,-1.15,0.85
1,1545963676474,8.1,-1.23,1.13
1,1545963676474,7.83,-1.01,1.23
1,1545963676474,7.79,-0.8,1.11
1,1545963676474,7.98,-1.01,1.15
1,1545963676475,7.77,-1.01,1.23
1,1545963676475,7.28,-1.07,1.09
1,1545963676537,7.28,-1.03,0.62
1,1545963676538,7.2,-0.48,0.31
1,1545963676538,7.32,-0.8,0.23
1,1545963676538,7.5,-1.13,0.23
1,1545963676565,7.53,-0.99,0.05
1,1545963676566,7.67,-0.82,0.07
1,1545963676567,7.65,-1.11,0.48
1,1545963676568,7.48,-1.17,0.48
1,1545963676628,7.48,-1.19,0.19
1,1545963676629,7.42,-1.09,-0.37
1,1545963676629,7.55,-1.17,0.01
1,1545963676629,7.71,-1.11,0.64
1,1545963676630,7.73,-0.97,0.82
1,1545963676630,8.06,-0.97,0.29
1,1545963676630,8.0,-0.44,-0.11
1,1545963676689,8.08,-0.74,-0.6
1,1545963676689,8.37,-1.21,-0.82
1,1545963676690,7.91,-1.15,-1.25
1,1545963676716,7.91,-1.38,-0.91
1,1545963676717,8.16,-1.42,-0.52
1,1545963676717,8.35,-1.38,-0.48
1,1545963676718,9.17,-1.69,-0.58
1,1545963676719,9.72,-1.56,-0.6
1,1545963676767,9.84,-1.4,-0.66
1,1545963676768,9.6,-1.36,-0.95
1,1545963676768,9.14,-1.25,-1.6
1,1545963676768,9.23,-1.09,-1.66
1,1545963676769,9.57,-1.07,-1.26
1,1545963676769,9.64,-1.09,-0.91
1,1545963676769,10.05,-1.5,-0.52
1,1545963676839,10.52,-1.5,-0.7
1,1545963676840,10.6,-1.66,-0.99
1,1545963676843,10.48,-2.1,-1.21
1,1545963676844,10.33,-2.28,-1.36
1,1545963676844,10.44,-1.97,-1.64
1,1545963676845,10.78,-1.83,-1.6
1,1545963676845,10.97,-1.52,-1.28
1,1545963676845,10.93,-1.79,-1.11
1,1545963676915,11.07,-1.71,-1.13
1,1545963676922,11.32,-1.42,-1.3
1,1545963676923,11.62,-1.54,-1.32
1,1545963676923,11.28,-1.83,-1.52
1,1545963676923,11.07,-1.85,-1.58
1,1545963676923,11.09,-1.69,-1.69
1,1545963676923,11.03,-1.75,-1.95
1,1545963676994,10.97,-2.03,-2.03
1,1545963676996,11.09,-1.93,-1.91
1,1545963676996,11.48,-2.07,-1.93
1,1545963676997,11.79,-2.18,-1.91
1,1545963676997,11.3,-1.66,-1.75
1,1545963676998,11.4,-1.58,-1.6
1,1545963676998,11.58,-1.75,-1.54
1,1545963676999,11.66,-1.95,-1.48
1,1545963677080,12.05,-2.03,-1.58
1,1545963677081,11.79,-1.83,-1.77
1,1545963677082,11.97,-1.91,-1.75
1,1545963677083,12.79,-2.4,-0.54
1,1545963677083,11.71,-0.64,-0.39
1,1545963677084,11.25,-1.6,-4.21
1,1545963677085,11.99,-4.08,0.25
1,1545963677139,10.58,-0.91,0.33
1,1545963677140,13.8,-2.57,-1.75
1,1545963677141,12.03,-3.0,-0.48
1,1545963677141,11.42,-1.07,-2.75
1,1545963677141,13.16,-1.97,-2.79
1,1545963677142,11.09,-1.79,-0.97
1,1545963677142,9.45,-0.89,-2.1
1,1545963677219,10.66,-2.22,-2.81
1,1545963677220,12.5,-3.98,-2.98
1,1545963677222,10.35,-1.34,-1.66
1,1545963677223,10.64,-1.09,-1.48
1,1545963677223,11.67,-2.01,-1.89
1,1545963677290,11.91,-2.67,-2.1
1,1545963677291,11.03,-3.04,-2.75
1,1545963677291,11.25,-2.75,-2.57
1,1545963677383,11.28,-2.34,-2.46
1,1545963677386,10.87,-1.95,-2.71
1,1545963677387,10.68,-2.03,-2.67
1,1545963677388,10.89,-1.58,-1.97
1,1545963677409,10.76,-1.28,-1.81
1,1545963677412,10.99,-1.32,-1.28
1,1545963677413,10.62,-2.89,-2.03
1,1545963677413,10.95,-2.4,-1.19
1,1545963677438,10.83,-1.46,-0.83
1,1545963677439,10.56,-1.93,-1.93
1,1545963677439,11.11,-2.1,-1.91
1,1545963677440,11.11,-1.85,-1.93
1,1545963677440,10.97,-1.89,-1.13
1,1545963677440,11.19,-1.66,-0.93
1,1545963677441,11.85,-1.48,-1.09
1,1545963677441,12.57,-1.67,-1.05
1,1545963677514,12.61,-2.38,-1.3
1,1545963677514,12.51,-2.2,-1.38
1,1545963677514,12.89,-1.87,-1.77
1,1545963677515,13.63,-2.28,-2.1
1,1545963677592,14.27,-2.94,-2.44
1,1545963677593,14.51,-2.96,-2.77
1,1545963677594,14.82,-3.16,-3.24
1,1545963677595,15.19,-3.59,-3.47
1,1545963677595,15.13,-2.87,-2.53
1,1545963677596,15.21,-2.55,-2.32
1,1545963677597,15.6,-2.63,-1.62
1,1545963677597,15.8,-2.46,-1.17
1,1545963677682,15.0,-1.95,-1.4
1,1545963677682,14.92,-1.95,-1.05
1,1545963677683,14.62,-2.07,-1.54
1,1545963677683,13.88,-2.65,-1.89
1,1545963677684,13.67,-2.55,-2.01
1,1545963677684,13.55,-2.22,-2.2
1,1545963677685,13.59,-1.97,-2.18
1,1545963677685,12.79,-2.05,-1.66
1,1545963677739,12.65,-1.91,-1.42
1,1545963677740,12.38,-1.52,-1.03
1,1545963677740,12.3,-1.73,-1.03
1,1545963677741,11.83,-1.75,-1.15
1,1545963677742,11.32,-1.52,-1.21
1,1545963677742,11.26,-1.54,-1.28
1,1545963677742,10.89,-1.4,-1.25
1,1545963677743,10.6,-1.32,-1.21
1,1545963677816,10.52,-1.46,-1.15
1,1545963677817,10.27,-1.6,-1.15
1,1545963677817,9.55,-1.79,-1.46
1,1545963677819,9.25,-1.64,-1.38
1,1545963677820,9.19,-1.42,-1.23
1,1545963677821,9.12,-1.54,-1.11
1,1545963677821,8.57,-1.3,-0.91
1,1545963677822,8.24,-1.07,-0.23
1,1545963677891,8.04,-1.01,0.15
1,1545963677893,7.81,-1.09,0.01
1,1545963677893,7.16,-1.11,-0.6
1,1545963677921,6.99,-1.05,-0.58
1,1545963677922,6.85,-0.95,-0.76
1,1545963677923,6.52,-1.05,-1.03
1,1545963677923,6.38,-1.48,-0.85
1,1545963677964,6.3,-1.56,-0.82
1,1545963677965,6.15,-1.75,-0.5
1,1545963677965,5.83,-1.54,-0.27
1,1545963677966,5.87,-1.11,0.11
1,1545963677966,5.95,-1.11,0.25
1,1545963677966,5.89,-1.05,0.31
1,1545963677967,5.48,-0.99,0.27
1,1545963677967,4.96,-1.05,0.52
1,1545963678039,4.88,-1.09,0.27
1,1545963678052,4.7,-1.01,0.11
1,1545963678053,4.58,-1.07,0.09
1,1545963678054,4.66,-1.11,0.09
1,1545963678055,4.47,-1.15,0.15
1,1545963678056,4.19,-1.09,0.11
1,1545963678056,4.45,-0.78,0.21
1,1545963678114,4.8,-0.7,0.68
1,1545963678114,4.88,-0.25,0.89
1,1545963678115,5.17,-0.42,0.95
1,1545963678139,5.58,-0.64,1.07
1,1545963678141,6.34,-1.13,1.13
1,1545963678141,6.52,-1.07,0.89
1,1545963678142,6.91,-1.03,0.78
1,1545963678143,7.22,-0.97,0.66
1,1545963678203,7.85,0.07,0.68
1,1545963678204,8.57,-0.11,0.99
1,1545963678205,9.33,-0.31,1.23
1,1545963678205,9.92,-0.41,1.23
1,1545963678206,10.31,-0.44,0.78
1,1545963678206,10.56,-0.8,0.64
1,1545963678206,10.52,-1.13,0.62
1,1545963678264,10.41,-1.4,0.6
1,1545963678265,10.52,-0.87,2.16
1,1545963678266,10.64,-0.21,3.76
1,1545963678267,10.6,0.15,5.37
1,1545963678269,10.5,1.01,6.79
1,1545963678270,10.03,2.32,7.57
1,1545963678270,10.09,2.57,7.03
1,1545963678271,10.93,2.24,5.23
1,1545963678340,12.57,1.46,4.16
1,1545963678341,12.42,1.36,3.37
1,1545963678354,9.76,0.95,3.94
1,1545963678355,9.31,-0.01,3.69
1,1545963678355,8.57,-0.46,2.63
1,1545963678356,9.06,-1.93,1.19
1,1545963678356,10.19,-1.83,1.69
1,1545963678415,10.09,-1.26,1.11
1,1545963678441,9.7,-1.15,0.89
1,1545963678442,9.19,-1.03,0.27
1,1545963678442,8.39,-0.89,0.0
1,1545963678443,8.32,-0.5,-0.52
1,1545963678444,8.96,-0.15,-0.52
1,1545963678444,8.76,-0.66,0.74
1,1545963678492,8.47,-0.8,0.78
1,1545963678493,8.96,-1.13,0.62
1,1545963678493,9.47,-1.28,0.62
1,1545963678493,9.49,-1.09,1.3
1,1545963678494,9.16,-0.66,2.08
1,1545963678494,9.45,-1.07,2.14
1,1545963678495,9.31,-0.56,2.65
1,1545963678495,9.37,0.41,3.32
1,1545963678569,10.15,0.31,3.41
1,1545963678571,10.25,0.05,3.14
1,1545963678572,10.35,0.05,3.06
1,1545963678573,10.54,0.15,3.02
1,1545963678575,10.95,-0.35,2.87
1,1545963678576,10.78,-0.76,3.12
1,1545963678577,10.48,-0.76,3.22
1,1545963678579,10.39,-1.11,2.85
1,1545963678643,10.31,-0.76,2.16
1,1545963678645,9.94,-0.35,2.14
1,1545963678646,9.51,-0.6,1.75
1,1545963678647,9.12,-0.46,1.3
1,1545963678649,9.19,0.82,0.83
1,1545963678650,9.08,0.72,0.48
1,1545963678651,8.41,-0.05,0.27
1,1545963678714,7.92,-0.13,0.44
1,1545963678715,8.12,-0.13,0.85
1,1545963678715,8.35,-0.19,0.91
1,1545963678790,8.32,-0.48,0.97
1,1545963678790,8.08,-0.54,1.13
1,1545963678791,8.08,-0.87,1.15
1,1545963678792,7.96,-0.82,0.91
1,1545963678792,7.94,-0.97,0.62
1,1545963678793,7.87,-1.03,0.23
1,1545963678793,7.79,-1.09,0.46
1,1545963678793,7.79,-1.01,0.37
1,1545963678869,7.69,-0.8,0.15
1,1545963678870,7.71,-0.91,0.37
1,1545963678871,7.77,-1.32,0.21
1,1545963678871,7.34,-1.17,0.07
1,1545963678872,7.24,-1.11,-0.11
1,1545963678873,7.38,-0.62,-0.07
1,1545963678874,7.59,-0.23,0.09
1,1545963678874,7.55,-0.66,0.21
1,1545963678946,7.77,-0.99,0.11
1,1545963678947,7.98,-0.99,0.13
1,1545963678948,7.94,-1.09,0.01
1,1545963678949,8.26,-1.11,0.0
1,1545963678949,8.59,-1.13,0.19
1,1545963678950,8.75,-1.03,0.17
1,1545963678950,8.71,-0.95,-0.31
1,1545963678951,8.92,-1.21,0.07
1,1545963679012,8.47,-1.17,-0.23
1,1545963679013,8.9,-1.11,-0.42
1,1545963679014,9.12,-1.11,-0.33
1,1545963679015,8.73,-1.17,-0.42
1,1545963679015,8.75,-1.17,-0.62
1,1545963679016,8.86,-1.25,-0.72
1,1545963679016,8.8,-1.26,-0.76
1,1545963679017,8.73,-1.48,-0.68
1,1545963679094,9.1,-1.73,-0.97
1,1545963679095,9.27,-1.32,-0.95
1,1545963679096,9.29,-1.17,-0.89
1,1545963679096,9.33,-1.17,-0.95
1,1545963679097,9.68,-1.13,-1.3
1,1545963679097,9.68,-1.11,-1.11
1,1545963679098,9.58,-1.07,-1.42
1,1545963679098,9.9,-1.38,-1.52
1,1545963679165,9.94,-1.6,-0.89
1,1545963679166,9.68,-1.91,-1.11
1,1545963679166,9.58,-2.34,-1.28
1,1545963679166,9.55,-2.24,-1.5
1,1545963679167,9.92,-2.08,-1.5
1,1545963679167,9.82,-1.75,-1.44
1,1545963679167,9.64,-1.38,-1.69
1,1545963679168,9.49,-1.34,-1.71
1,1545963679239,9.53,-1.81,-1.46
1,1545963679239,9.86,-1.85,-1.46
1,1545963679239,10.31,-1.52,-1.28
1,1545963679240,10.41,-1.11,-1.28
1,1545963679240,10.0,-1.38,-1.4
1,1545963679240,9.82,-1.83,-1.42
1,1545963679241,10.01,-1.87,-1.48
1,1545963679317,10.19,-1.66,-1.46
1,1545963679318,10.23,-1.95,-1.81
1,1545963679329,10.46,-2.34,-1.91
1,1545963679330,10.6,-2.32,-1.73
1,1545963679330,10.48,-1.97,-1.66
1,1545963679331,10.48,-2.24,-1.69
1,1545963679331,10.66,-2.59,-1.79
1,1545963679331,10.97,-2.55,-1.93
1,1545963679389,11.03,-2.34,-1.93
1,1545963679389,10.95,-1.87,-2.18
1,1545963679390,11.03,-1.48,-2.14
1,1545963679390,11.25,-1.62,-1.95
1,1545963679391,11.28,-1.79,-1.77
1,1545963679391,11.25,-1.6,-1.67
1,1545963679411,11.46,-2.05,-1.44
1,1545963679465,11.6,-2.14,-1.32
1,1545963679466,11.69,-2.05,-1.56
1,1545963679476,11.87,-2.46,-2.1
1,1545963679477,11.64,-2.89,-2.34
1,1545963679477,11.6,-3.12,-2.44
1,1545963679477,11.99,-3.22,-2.5
1,1545963679478,11.69,-2.65,-1.95
1,1545963679478,11.67,-2.55,-1.44
1,1545963679539,11.95,-2.14,-1.67
1,1545963679539,11.91,-1.77,-1.91
1,1545963679540,11.64,-1.11,-1.67
1,1545963679540,12.05,-1.05,-1.38
1,1545963679540,11.85,-1.42,-2.01
1,1545963679540,11.38,-3.0,-2.85
1,1545963679541,11.11,-3.47,-2.81
1,1545963679616,11.34,-1.99,-2.59
1,1545963679617,11.48,-1.36,-2.89
1,1545963679617,11.4,-2.03,-3.2
1,1545963679618,11.36,-2.12,-2.2
1,1545963679618,11.56,-1.19,-1.25
1,1545963679619,11.79,-1.13,-1.01
1,1545963679619,11.99,-1.79,-1.66
1,1545963679620,11.46,-2.59,-2.5
1,1545963679691,11.62,-2.42,-2.22
1,1545963679691,11.83,-2.3,-1.95
1,1545963679692,11.87,-2.44,-2.12
1,1545963679692,11.97,-2.81,-2.34
1,1545963679692,11.85,-1.85,-1.4
1,1545963679692,11.87,-1.17,-1.23
1,1545963679693,11.99,-1.32,-1.85
1,1545963679766,11.85,-1.25,-1.42
1,1545963679768,12.03,-1.07,-1.56
1,1545963679769,12.57,-1.62,-1.71
1,1545963679771,12.67,-2.12,-1.81
1,1545963679772,12.81,-1.5,-1.54
1,1545963679773,13.3,-1.67,-1.36
1,1545963679840,13.43,-2.03,-1.38
1,1545963679841,13.26,-2.48,-1.62
1,1545963679864,13.71,-3.65,-2.75
1,1545963679865,14.02,-3.33,-2.85
1,1545963679865,14.1,-1.97,-3.04
1,1545963679866,13.94,-1.05,-3.0
1,1545963679866,14.41,-2.24,-2.63
1,1545963679867,14.94,-2.3,-2.32
1,1545963679920,15.07,-1.91,-1.73
1,1545963679922,14.98,-1.99,-1.23
1,1545963679923,14.74,-2.85,-1.3
1,1545963679924,14.6,-2.53,-1.71
1,1545963679925,14.57,-2.46,-2.1
1,1545963679926,14.62,-2.65,-2.34
1,1545963679926,13.94,-2.51,-2.34
1,1545963679927,13.61,-2.26,-2.1
1,1545963679989,13.37,-2.1,-2.1
1,1545963679990,13.08,-2.16,-1.97
1,1545963679990,13.51,-1.73,-1.66
1,1545963679998,13.24,-1.48,-1.83
1,1545963679998,13.12,-1.73,-1.97
1,1545963679999,12.94,-1.79,-1.99
1,1545963679999,12.26,-1.25,-1.38
1,1545963679999,12.4,-1.32,-0.99
1,1545963680065,12.34,-1.67,-1.17
1,1545963680083,12.32,-2.12,-1.17
1,1545963680083,12.16,-2.22,-1.03
1,1545963680084,11.73,-2.65,-1.36
1,1545963680084,11.62,-2.89,-1.52
1,1545963680084,11.3,-2.94,-2.14
1,1545963680084,10.03,-1.42,-2.2
1,1545963680084,9.86,-1.09,-1.99
1,1545963680157,9.88,-1.48,-1.54
1,1545963680158,9.66,-1.69,-1.05
1,1545963680158,8.86,-1.69,-1.34
1,1545963680159,8.57,-1.44,-1.15
1,1545963680159,8.14,-1.28,-0.91
1,1545963680159,8.0,-1.01,-0.82
1,1545963680159,7.55,-1.11,-0.64
1,1545963680212,7.46,-1.01,-0.5
1,1545963680212,7.4,-0.7,-0.13
1,1545963680212,7.22,-0.76,0.09
1,1545963680213,6.97,-1.38,-0.15
1,1545963680233,6.64,-1.3,-0.39
1,1545963680233,6.3,-1.11,-0.6
1,1545963680233,6.19,-1.19,-0.68
1,1545963680234,5.95,-1.42,-0.6
1,1545963680288,5.74,-1.11,-0.78
1,1545963680288,5.58,-1.23,-0.82
1,1545963680288,5.48,-1.25,-0.58
1,1545963680300,5.39,-0.8,-0.19
1,1545963680301,5.21,-0.72,-0.09
1,1545963680301,5.15,-0.85,0.13
1,1545963680301,5.19,-0.87,0.42
1,1545963680366,5.48,-0.46,1.21
1,1545963680366,5.62,-0.23,1.23
1,1545963680367,5.5,-0.25,1.21
1,1545963680386,5.33,-0.21,1.15
1,1545963680387,5.17,-0.46,0.5
1,1545963680387,5.29,-0.62,0.17
1,1545963680387,5.21,-1.07,-0.01
1,1545963680388,5.25,-1.07,-0.13
1,1545963680439,5.66,-1.07,0.25
1,1545963680457,5.91,-1.23,0.48
1,1545963680458,6.09,-1.17,0.54
1,1545963680458,6.54,-1.01,0.68
1,1545963680458,7.48,-0.44,1.21
1,1545963680459,7.63,-0.09,1.36
1,1545963680459,7.83,0.01,1.38
1,1545963680512,8.08,-0.46,1.21
1,1545963680514,8.37,-0.95,0.99
1,1545963680515,8.8,-1.09,0.95
1,1545963680515,9.12,-1.17,0.74
1,1545963680516,9.04,-1.3,0.5
1,1545963680516,9.04,-1.52,-0.11
1,1545963680517,9.62,-1.38,1.07
1,1545963680517,9.7,-0.74,2.46
1,1545963680589,9.58,-0.07,3.53
1,1545963680590,10.13,-0.19,6.38
1,1545963680590,9.74,0.72,7.77
1,1545963680590,9.41,1.52,8.75
1,1545963680591,9.57,1.64,6.85
1,1545963680591,11.75,1.13,5.33
1,1545963680591,11.66,1.66,5.21
1,1545963680664,11.46,1.52,3.82
1,1545963680691,11.66,0.89,4.06
1,1545963680692,10.07,0.44,3.02
1,1545963680692,10.01,-0.25,2.75
1,1545963680693,9.35,-1.26,1.71
1,1545963680694,9.37,-2.36,1.73
1,1545963680694,9.33,-1.77,1.32
1,1545963680741,9.78,-1.07,1.23
1,1545963680742,10.01,-0.91,1.34
1,1545963680742,8.88,-0.33,0.83
1,1545963680742,8.76,-0.76,-0.07
1,1545963680743,9.37,-0.85,0.21
1,1545963680743,8.61,-0.05,0.54
1,1545963680744,8.14,0.23,0.97
1,1545963680767,8.88,-1.09,1.15
1,1545963680815,9.06,-1.32,1.26
1,1545963680835,9.1,-1.4,1.69
1,1545963680836,9.16,-1.56,1.89
1,1545963680836,9.23,-0.97,1.95
1,1545963680836,9.35,-0.62,2.26
1,1545963680836,9.33,0.33,2.65
1,1545963680836,9.6,0.95,2.73
1,1545963680837,9.98,1.52,3.06
1,1545963680890,9.64,1.62,3.22
1,1545963680909,9.57,1.54,3.3
1,1545963680910,9.84,1.19,3.12
1,1545963680910,10.07,-0.31,2.03
1,1545963680911,10.01,-0.82,1.21
1,1545963680911,10.19,-0.15,0.82
1,1545963680912,10.29,1.21,1.01
1,1545963680966,9.45,2.16,-0.62
1,1545963680967,9.0,0.03,0.8
1,1545963680969,8.82,-0.68,1.62
1,1545963680970,10.0,-0.58,1.99
1,1545963680972,11.07,-1.58,2.69
1,1545963680975,11.38,-2.87,3.18
1,1545963680977,12.18,-3.92,3.47
1,1545963680978,11.83,-4.53,2.75
1,1545963681041,9.66,-3.37,0.64
1,1545963681042,9.19,-1.81,-0.5
1,1545963681042,8.49,-0.97,-1.48
1,1545963681042,8.04,-0.74,-2.01
1,1545963681042,7.85,-0.62,-2.01
1,1545963681043,7.91,-0.95,-0.66
1,1545963681043,7.44,-1.11,0.66
1,1545963681116,6.97,-1.17,1.36
1,1545963681117,6.67,-1.58,1.91
1,1545963681118,7.03,-1.13,1.6
1,1545963681119,7.12,-0.46,1.3
1,1545963681120,6.97,-0.21,2.3
1,1545963681121,6.81,-0.09,1.42
1,1545963681121,7.22,-0.76,1.36
1,1545963681193,7.42,-1.03,1.42
1,1545963681195,7.42,-1.34,1.01
1,1545963681196,7.24,-1.54,-0.29
1,1545963681197,7.34,-1.97,-0.27
1,1545963681198,7.38,-2.1,-0.17
1,1545963681198,7.5,-2.3,0.11
1,1545963681199,7.5,-1.73,0.23
1,1545963681200,7.18,-1.3,-0.19
1,1545963681266,7.18,-0.56,-0.76
1,1545963681268,7.28,0.15,-1.11
1,1545963681268,7.32,-0.25,-0.25
1,1545963681268,7.1,-0.17,-0.17
1,1545963681269,7.08,0.01,0.19
1,1545963681269,7.08,-0.35,0.7
1,1545963681270,7.12,-0.74,0.83
1,1545963681341,7.53,-0.74,0.27
1,1545963681358,7.91,-1.21,-0.17
1,1545963681359,8.16,-1.44,-0.15
1,1545963681360,8.51,-1.09,-0.48
1,1545963681361,8.71,-0.62,-0.99
1,1545963681361,8.65,-1.19,-1.07
1,1545963681362,8.47,-1.32,-0.97
1,1545963681362,8.98,-0.91,-1.62
1,1545963681414,8.84,-0.76,-1.5
1,1545963681425,8.59,-0.93,-1.3
1,1545963681425,8.61,-1.05,-1.54
1,1545963681489,9.19,-2.1,-1.46
1,1545963681490,9.55,-2.2,-1.19
1,1545963681490,9.8,-2.24,-1.56
1,1545963681569,9.86,-2.65,-1.85
1,1545963681572,9.82,-1.4,-1.73
1,1545963681574,9.78,-0.68,-1.36
1,1545963681575,9.7,-0.41,-1.3
1,1545963681576,9.49,-0.8,-1.58
1,1545963681577,9.6,-0.99,-1.62
1,1545963681578,9.94,-1.05,-1.52
1,1545963681580,10.05,-1.32,-1.23
1,1545963681641,10.21,-1.67,-1.38
1,1545963681642,10.42,-1.52,-1.48
1,1545963681643,10.31,-2.24,-2.73
1,1545963681643,11.11,-1.6,-2.71
1,1545963681644,11.21,-1.56,-2.5
1,1545963681644,11.26,-1.62,-2.18
1,1545963681645,11.67,-1.54,-1.89
1,1545963681646,11.54,-2.12,-1.95
1,1545963681716,11.46,-1.99,-1.93
1,1545963681718,12.65,-2.22,-2.5
1,1545963681719,11.3,-1.95,-2.89
1,1545963681721,11.38,-2.03,-2.83
1,1545963681721,11.79,-2.12,-2.53
1,1545963681722,12.07,-1.91,-2.42
1,1545963681723,11.77,-1.38,-2.26
1,1545963681724,12.2,-1.42,-2.22
1,1545963681790,12.1,-1.23,-2.24
1,1545963681792,11.77,-1.38,-2.12
1,1545963681793,12.91,-3.1,-2.16
1,1545963681794,13.08,-3.2,-2.46
1,1545963681794,12.63,-2.4,-2.85
1,1545963681795,12.5,-1.73,-2.69
1,1545963681796,12.83,-2.12,-3.08
1,1545963681796,11.83,-1.56,-3.16
1,1545963681865,11.58,-1.52,-2.98
1,1545963681866,12.34,-1.81,-2.92
1,1545963681866,12.26,-1.48,-3.16
1,1545963681878,12.36,-2.38,-3.06
1,1545963681878,12.73,-2.98,-3.14
1,1545963681879,12.83,-2.89,-3.22
1,1545963681879,12.36,-1.87,-2.81
1,1545963681940,12.07,-1.85,-2.38
1,1545963681941,11.81,-1.89,-2.07
1,1545963681941,11.67,-1.79,-2.24
1,1545963681942,11.71,-1.13,-2.01
1,1545963681942,11.62,-1.03,-2.28
1,1545963681942,11.52,-1.56,-2.63
1,1545963681943,11.09,-2.77,-3.0
1,1545963681943,10.64,-2.46,-3.02
1,1545963682020,11.13,-1.71,-2.85
1,1545963682021,11.21,-1.58,-2.51
1,1545963682021,10.74,-1.77,-2.03
1,1545963682021,10.46,-1.03,-1.11
1,1545963682022,10.72,-0.93,-1.05
1,1545963682022,10.89,-1.19,-1.46
1,1545963682023,10.99,-1.77,-1.81
1,1545963682087,10.89,-2.22,-1.83
1,1545963682088,11.03,-2.1,-2.12
1,1545963682096,11.32,-2.24,-2.36
1,1545963682097,11.6,-2.16,-2.24
1,1545963682098,11.67,-1.19,-1.97
1,1545963682098,12.07,-1.15,-2.03
1,1545963682099,12.57,-1.73,-2.26
1,1545963682099,12.87,-2.05,-2.67
1,1545963682163,13.47,-1.48,-2.83
1,1545963682164,13.65,-1.44,-2.61
1,1545963682164,13.86,-2.03,-2.2
1,1545963682165,14.02,-3.2,-2.16
1,1545963682166,14.47,-3.43,-2.05
1,1545963682168,14.9,-2.94,-1.77
1,1545963682169,15.42,-2.73,-1.71
1,1545963682238,15.41,-2.96,-2.05
1,1545963682247,14.86,-2.96,-2.85
1,1545963682247,14.7,-2.91,-2.79
1,1545963682248,14.35,-2.67,-3.0
1,1545963682248,14.0,-1.95,-2.89
1,1545963682248,13.71,-1.91,-2.59
1,1545963682248,13.53,-1.97,-2.34
1,1545963682249,13.63,-2.1,-1.83
1,1545963682314,13.71,-1.99,-1.83
1,1545963682315,13.1,-2.26,-2.01
1,1545963682315,13.02,-2.51,-1.77
1,1545963682315,12.91,-2.48,-1.75
1,1545963682316,12.61,-2.42,-1.6
1,1545963682316,11.95,-2.03,-1.44
1,1545963682317,11.93,-2.18,-1.46
1,1545963682395,11.99,-2.32,-1.4
1,1545963682398,11.81,-2.08,-1.42
1,1545963682419,11.28,-1.15,-1.21
1,1545963682419,11.5,-1.69,-1.34
1,1545963682420,11.3,-1.81,-1.48
1,1545963682420,10.99,-1.62,-1.4
1,1545963682421,10.91,-1.99,-1.66
1,1545963682422,10.78,-2.59,-1.62
1,1545963682463,10.39,-2.42,-1.95
1,1545963682464,9.8,-2.26,-2.07
1,1545963682465,9.49,-1.91,-1.95
1,1545963682465,9.51,-1.6,-1.52
1,1545963682465,9.29,-1.66,-1.21
1,1545963682465,9.06,-1.46,-0.64
1,1545963682466,8.92,-1.48,-0.25
1,1545963682542,8.71,-1.19,-0.31
1,1545963682545,8.26,-0.99,-0.39
1,1545963682546,7.79,-0.99,-0.58
1,1545963682547,7.55,-1.01,-0.62
1,1545963682548,7.1,-1.13,-0.62
1,1545963682549,7.01,-1.71,-0.76
1,1545963682550,6.77,-1.99,-0.97
1,1545963682551,6.28,-1.17,-1.01
1,1545963682616,5.64,-1.17,-0.68
1,1545963682638,5.31,-1.26,-0.37
1,1545963682639,4.94,-1.13,-0.19
1,1545963682639,4.84,-0.99,0.07
1,1545963682640,4.7,-0.93,0.48
1,1545963682640,4.53,-0.93,0.58
1,1545963682641,4.47,-0.93,0.5
1,1545963682691,4.27,-0.78,0.44
1,1545963682701,3.92,-0.54,0.37
1,1545963682701,3.92,-0.42,0.35
1,1545963682702,3.88,-0.33,0.52
1,1545963682702,3.76,-0.05,0.56
1,1545963682702,3.82,-0.21,0.82
1,1545963682702,4.21,-0.72,1.05
1,1545963682703,4.55,-1.11,0.85
1,1545963682765,4.86,-1.19,0.68
1,1545963682766,5.62,-0.54,0.33
1,1545963682766,6.21,0.07,0.15
1,1545963682766,6.99,-0.13,0.29
1,1545963682785,7.53,-0.6,0.52
1,1545963682785,7.73,-0.48,0.7
1,1545963682786,8.06,-0.72,0.8
1,1545963682845,8.71,-1.05,0.91
1,1545963682846,9.33,-1.25,0.87
1,1545963682846,9.68,-1.23,0.31
1,1545963682846,10.03,-1.85,0.05
1,1545963682847,10.62,-2.22,0.03
1,1545963682847,10.46,-1.67,0.15
1,1545963682848,10.87,-0.91,1.66
1,1545963682917,10.74,-0.62,2.44
1,1545963682917,10.42,-0.64,2.85
1,1545963682918,10.33,-0.56,3.43
1,1545963682918,10.21,0.6,4.9
1,1545963682919,10.05,0.56,5.41
1,1545963682938,9.88,0.39,5.6
1,1545963682938,9.64,0.78,5.11
1,1545963682939,10.5,1.25,4.7
1,1545963682993,10.37,1.09,4.45
1,1545963682993,10.01,0.97,4.06
1,1545963682994,9.49,0.56,2.96
1,1545963682994,10.74,0.23,2.36
1,1545963682994,10.48,-0.07,1.66
1,1545963682994,9.64,-0.41,1.52
1,1545963682995,9.19,-1.09,1.64
1,1545963682995,9.55,-1.25,1.21
1,1545963683067,10.17,-1.15,1.5
1,1545963683067,9.88,-0.8,1.44
1,1545963683068,9.58,-0.8,1.23
1,1545963683068,9.94,-1.07,0.82
1,1545963683069,9.33,-0.62,0.72
1,1545963683141,9.17,-0.48,0.74
1,1545963683143,9.0,-1.01,0.0
1,1545963683144,9.45,-1.52,-0.35
1,1545963683145,9.39,-1.58,0.35
1,1545963683148,9.21,-1.34,0.66
1,1545963683149,9.57,-1.15,0.97
1,1545963683149,9.35,-0.95,1.67
1,1545963683150,9.16,-0.21,2.26
1,1545963683218,9.53,0.17,2.71
1,1545963683219,9.82,0.52,3.1
1,1545963683219,9.57,1.03,3.16
1,1545963683220,9.7,0.39,2.96
1,1545963683220,9.8,-0.35,2.73
1,1545963683221,10.07,-0.87,2.71
1,1545963683222,10.15,-0.74,2.22
1,1545963683222,10.58,-0.66,2.2
1,1545963683293,10.93,-1.01,2.96
1,1545963683294,10.6,-0.31,3.51
1,1545963683295,10.27,-0.82,3.08
1,1545963683295,10.15,-0.68,2.87
1,1545963683295,9.76,-0.39,2.1
1,1545963683296,9.57,-0.23,1.28
1,1545963683296,9.43,-0.39,1.05
1,1545963683296,9.12,-0.78,0.89
1,1545963683365,8.98,-0.46,1.17
1,1545963683366,8.98,-0.17,1.05
1,1545963683366,8.67,-0.19,0.6
1,1545963683367,8.63,-0.68,0.48
1,1545963683367,8.33,-0.82,0.52
1,1545963683367,8.16,-0.83,0.58
1,1545963683368,8.2,-0.85,0.66
1,1545963683368,8.04,-0.99,0.37
1,1545963683442,7.77,-0.95,0.33
1,1545963683443,7.67,-0.99,0.46
1,1545963683460,7.48,-0.83,0.52
1,1545963683460,7.59,-0.93,0.8
1,1545963683461,7.32,-0.66,1.01
1,1545963683461,7.14,-0.33,1.17
1,1545963683461,6.99,-0.64,1.13
1,1545963683462,6.87,-0.76,1.19
1,1545963683512,6.77,-0.52,1.19
1,1545963683587,6.81,-0.48,1.09
1,1545963683745,6.87,-0.97,0.5
1,1545963683747,6.95,-0.87,0.42
1,1545963683753,7.18,-0.62,0.39
1,1545963683755,7.44,-0.54,0.23
1,1545963683756,6.89,-0.99,0.03
1,1545963683814,6.83,-1.11,0.17
1,1545963683815,7.1,-1.09,0.15
1,1545963683815,7.42,-1.11,-0.07
1,1545963683815,7.65,-1.32,0.01
1,1545963683815,8.88,-1.4,-1.19
1,1545963683815,10.01,-1.5,-0.76
1,1545963683816,10.11,-1.6,-1.19
1,1545963683816,10.03,-1.81,-1.56
1,1545963683890,9.96,-1.75,-1.66
1,1545963683891,10.54,-1.71,-1.07
1,1545963683891,10.54,-1.17,-1.07
1,1545963683891,10.44,-1.25,-1.19
1,1545963683892,10.48,-1.44,-1.46
1,1545963683892,10.5,-1.87,-1.71
1,1545963683892,10.78,-2.4,-1.32
1,1545963683893,10.95,-2.26,-1.64
1,1545963683969,11.34,-1.91,-1.99
1,1545963683970,11.21,-1.62,-2.05
1,1545963683970,11.17,-1.62,-1.97
1,1545963683971,11.4,-1.67,-1.85
1,1545963683971,11.34,-1.56,-1.75
1,1545963683972,12.03,-1.62,-1.58
1,1545963683972,11.56,-2.57,-1.79
1,1545963683972,11.54,-2.24,-1.99
1,1545963684041,12.05,-2.55,-2.34
1,1545963684042,12.32,-2.46,-2.42
1,1545963684061,12.05,-2.03,-1.89
1,1545963684061,12.07,-1.83,-1.93
1,1545963684062,11.99,-1.77,-1.95
1,1545963684062,12.07,-1.99,-1.77
1,1545963684062,12.69,-1.87,-1.71
1,1545963684062,12.08,-1.99,-2.1
1,1545963684111,11.79,-2.42,-1.97
1,1545963684113,11.5,-1.89,-2.07
1,1545963684113,12.22,-1.93,-2.07
1,1545963684114,12.01,-1.56,-1.79
1,1545963684114,11.93,-1.3,-1.42
1,1545963684128,12.16,-1.56,-1.52
1,1545963684129,12.2,-2.53,-1.83
1,1545963684186,12.3,-2.3,-1.97
1,1545963684186,12.4,-2.14,-2.55
1,1545963684187,12.55,-2.28,-2.96
1,1545963684199,11.09,-2.14,-2.69
1,1545963684200,10.87,-1.93,-1.91
1,1545963684200,11.11,-1.48,-1.56
1,1545963684201,11.38,-1.25,-1.5
1,1545963684267,12.08,-1.77,-1.3
1,1545963684267,11.87,-1.54,-1.48
1,1545963684268,11.71,-1.56,-1.69
1,1545963684268,11.71,-1.79,-1.97
1,1545963684268,11.6,-2.05,-2.57
1,1545963684269,11.28,-2.2,-2.83
1,1545963684269,11.05,-1.95,-2.75
1,1545963684339,10.93,-1.54,-2.24
1,1545963684341,11.44,-1.25,-1.44
1,1545963684342,11.23,-1.73,-1.54
1,1545963684342,10.99,-1.95,-1.26
1,1545963684343,11.26,-1.62,-1.01
1,1545963684344,11.79,-1.56,-1.21
1,1545963684345,11.77,-2.05,-1.48
1,1545963684346,11.81,-1.99,-1.67
1,1545963684413,12.34,-1.69,-1.52
1,1545963684414,12.89,-1.79,-1.77
1,1545963684416,13.14,-2.36,-1.85
1,1545963684417,13.53,-2.51,-1.99
1,1545963684418,13.75,-2.36,-2.36
1,1545963684419,13.75,-2.77,-3.16
1,1545963684420,13.3,-2.22,-2.63
1,1545963684421,14.02,-1.99,-2.34
1,1545963684493,14.88,-2.4,-2.65
1,1545963684494,15.13,-3.0,-1.89
1,1545963684495,15.42,-2.91,-1.64
1,1545963684496,15.41,-2.67,-1.52
1,1545963684497,14.94,-2.28,-1.54
1,1545963684497,15.11,-2.4,-1.58
1,1545963684498,14.82,-2.08,-1.97
1,1545963684499,14.35,-2.12,-2.22
1,1545963684564,14.19,-2.5,-2.24
1,1545963684565,13.96,-2.32,-2.14
1,1545963684565,13.84,-2.1,-2.32
1,1545963684582,13.73,-2.18,-1.93
1,1545963684583,13.65,-2.36,-1.83
1,1545963684583,13.28,-1.95,-1.77
1,1545963684584,13.0,-1.89,-2.03
1,1545963684639,13.06,-2.36,-2.12
1,1545963684640,13.06,-2.3,-2.01
1,1545963684640,12.77,-1.95,-2.14
1,1545963684641,12.81,-2.24,-2.14
1,1545963684653,12.63,-2.51,-2.18
1,1545963684654,12.22,-2.59,-2.1
1,1545963684654,11.66,-2.18,-1.81
1,1545963684715,11.3,-1.91,-1.4
1,1545963684715,11.3,-1.89,-1.01
1,1545963684716,11.4,-1.91,-0.85
1,1545963684733,10.5,-1.09,-1.25
1,1545963684733,10.35,-1.25,-1.34
1,1545963684733,10.33,-1.95,-1.58
1,1545963684733,9.82,-2.44,-1.99
1,1545963684734,9.0,-1.93,-1.95
1,1545963684788,9.21,-1.71,-1.67
1,1545963684789,8.96,-1.67,-1.36
1,1545963684790,8.24,-1.6,-0.99
1,1545963684790,7.79,-2.07,-0.23
1,1545963684791,7.44,-1.56,-0.13
1,1545963684791,6.73,-1.01,0.03
1,1545963684792,6.28,-1.01,0.0
1,1545963684792,5.64,-1.09,-0.13
1,1545963684862,5.42,-1.09,-0.17
1,1545963684862,5.19,-1.19,-0.31
1,1545963684894,4.86,-1.23,-0.33
1,1545963684895,4.41,-0.8,-0.78
1,1545963684896,4.33,-0.72,-0.5
1,1545963684896,4.16,-0.64,-0.19
1,1545963684897,4.06,-0.41,-0.09
1,1545963684948,3.98,-1.23,0.13
1,1545963684949,3.63,-1.34,0.33
1,1545963684949,3.39,-1.03,0.54
1,1545963684949,3.63,-0.62,0.68
1,1545963684949,3.88,-0.76,0.66
1,1545963684950,3.8,-1.05,0.39
1,1545963684950,4.12,-0.91,0.23
1,1545963684950,4.53,-0.66,0.07
1,1545963685012,4.66,-0.7,0.52
1,1545963685013,4.78,-0.82,0.97
1,1545963685013,5.05,-0.85,1.23
1,1545963685013,5.5,-0.76,1.25
1,1545963685013,6.71,-0.31,1.23
1,1545963685014,7.2,-0.41,1.21
1,1545963685014,7.79,-0.41,0.93
1,1545963685092,8.33,-0.8,0.46
1,1545963685093,9.39,-1.03,-0.35
1,1545963685095,9.53,-1.25,-0.62
1,1545963685096,9.37,-1.28,-0.56
1,1545963685097,9.51,-1.34,-0.27
1,1545963685099,10.13,-1.75,0.31
1,1545963685100,10.42,-1.87,0.33
1,1545963685165,10.52,-1.54,0.76
1,1545963685166,10.52,-1.15,1.25
1,1545963685167,10.54,-0.7,2.42
1,1545963685168,10.31,-0.35,2.55
1,1545963685169,9.92,-0.27,2.96
1,1545963685169,9.76,-0.13,4.1
1,1545963685170,9.27,0.78,6.17
1,1545963685171,9.06,1.34,5.64
1,1545963685241,9.41,1.11,4.16
1,1545963685242,9.94,1.36,3.75
1,1545963685242,9.8,1.26,2.57
1,1545963685243,10.17,0.29,1.95
1,1545963685243,9.9,-0.64,1.73
1,1545963685243,9.51,-0.56,1.44
1,1545963685243,10.17,-1.87,2.01
1,1545963685313,9.55,-2.01,1.28
1,1545963685318,9.68,-1.66,1.25
1,1545963685319,9.94,-1.64,1.09
1,1545963685319,9.78,-0.13,1.38
1,1545963685319,9.64,-0.33,0.97
1,1545963685319,9.96,-0.74,0.41
1,1545963685319,9.62,-0.66,0.31
1,1545963685320,8.55,-0.76,0.62
1,1545963685390,9.23,-1.05,0.68
1,1545963685391,9.53,-1.15,0.64
1,1545963685391,9.35,-1.13,1.11
1,1545963685392,9.23,-1.05,2.07
1,1545963685395,9.12,-0.76,2.55
1,1545963685396,9.17,-0.56,3.02
1,1545963685397,8.94,-0.52,2.92
1,1545963685398,9.64,-0.23,3.53
1,1545963685466,10.11,-0.09,3.8
1,1545963685490,10.11,-0.03,3.22
1,1545963685492,10.35,-0.54,2.87
1,1545963685493,9.94,-0.52,3.45
1,1545963685493,9.74,-0.07,3.02
1,1545963685494,10.15,-0.87,2.28
1,1545963685495,10.13,-1.28,1.75
1,1545963685539,10.33,-0.44,1.44
1,1545963685556,10.62,-0.68,1.6
1,1545963685557,9.92,-0.68,1.28
1,1545963685558,9.68,-0.72,1.21
1,1545963685559,9.68,-0.46,1.25
1,1545963685559,9.57,-0.62,1.25
1,1545963685560,9.39,-0.6,1.23
1,1545963685613,9.39,-0.68,1.15
1,1545963685614,9.0,-1.03,1.07
1,1545963685614,8.75,-0.8,1.19
1,1545963685615,9.04,-0.62,1.03
1,1545963685615,9.21,-1.03,0.82
1,1545963685616,8.45,-0.85,0.66
1,1545963685616,8.53,-0.87,1.17
1,1545963685616,8.41,-0.7,1.19
1,1545963685691,8.02,-0.74,1.23
1,1545963685692,7.67,-0.58,1.21
1,1545963685693,7.77,-0.83,1.3
1,1545963685694,7.53,-0.89,1.34
1,1545963685694,7.53,-1.01,1.21
1,1545963685695,7.63,-0.64,1.15
1,1545963685695,7.12,-0.48,1.13
1,1545963685766,7.08,-0.58,1.03
1,1545963685769,7.08,-0.19,1.03
1,1545963685770,7.03,-0.42,0.91
1,1545963685771,7.05,-0.44,0.97
1,1545963685772,7.14,-0.23,1.21
1,1545963685773,7.34,-0.35,1.25
1,1545963685775,7.36,-0.46,1.17
1,1545963685775,7.77,-1.01,0.68
1,1545963685840,7.73,-1.15,0.74
1,1545963685841,7.61,-1.13,0.68
1,1545963685857,7.87,-1.05,0.5
1,1545963685858,7.75,-1.11,0.83
1,1545963685858,7.51,-1.09,1.07
1,1545963685859,7.55,-0.93,1.01
1,1545963685859,7.55,-0.83,0.54
1,1545963685913,7.34,-0.95,0.35
1,1545963685924,7.38,-1.07,0.41
1,1545963685925,7.75,-1.03,0.7
1,1545963685925,8.14,-1.11,0.33
1,1545963685926,8.04,-0.87,0.17
1,1545963685926,7.98,-0.48,0.23
1,1545963685926,8.06,-0.6,0.27
1,1545963685927,8.14,-0.72,0.39
1,1545963685991,8.51,-0.87,0.39
1,1545963686009,8.82,-1.09,0.17
1,1545963686009,8.96,-1.17,0.21
1,1545963686010,8.98,-1.3,0.01
1,1545963686010,9.23,-1.36,-0.27
1,1545963686011,9.33,-1.36,-0.48
1,1545963686011,9.53,-1.32,-0.54
1,1545963686066,9.72,-1.17,-0.33
1,1545963686067,10.11,-1.07,-0.29
1,1545963686068,10.05,-1.09,-0.6
1,1545963686068,9.74,-1.09,-1.01
1,1545963686068,9.68,-1.19,-1.19
1,1545963686069,9.98,-1.93,-1.15
1,1545963686069,10.11,-1.83,-1.01
1,1545963686070,10.33,-1.6,-0.74
1,1545963686139,10.41,-1.25,-0.31
1,1545963686139,10.72,-0.95,0.09
1,1545963686140,10.89,-0.89,-0.33
1,1545963686140,10.83,-1.11,-0.58
1,1545963686140,10.64,-1.21,-0.64
1,1545963686141,10.76,-1.23,-0.8
1,1545963686141,10.83,-1.44,-1.13
1,1545963686214,11.32,-1.97,-1.23
1,1545963686230,11.52,-2.12,-1.26
1,1545963686231,11.48,-1.79,-1.26
1,1545963686232,11.77,-1.5,-0.93
1,1545963686233,11.99,-1.34,-0.76
1,1545963686234,11.91,-1.3,-0.89
1,1545963686235,11.85,-1.09,-1.17
1,1545963686235,12.2,-1.48,-1.23
1,1545963686290,12.42,-2.36,-1.46
1,1545963686291,11.83,-2.67,-1.85
1,1545963686291,11.54,-2.16,-1.48
1,1545963686292,12.22,-2.03,-1.5
1,1545963686292,12.24,-2.36,-1.36
1,1545963686293,11.99,-2.24,-0.99
1,1545963686293,12.2,-1.38,-0.7
1,1545963686365,11.75,-1.48,-0.76
1,1545963686366,11.54,-1.46,-0.72
1,1545963686366,11.79,-1.6,-0.8
1,1545963686367,12.18,-1.58,-1.21
1,1545963686367,11.64,-1.64,-1.46
1,1545963686368,11.21,-1.79,-1.73
1,1545963686368,11.81,-2.16,-1.79
1,1545963686369,11.67,-1.13,-1.87
1,1545963686446,11.32,-1.17,-1.3
1,1545963686447,11.81,-1.17,-1.07
1,1545963686448,12.24,-1.3,-1.25
1,1545963686449,12.75,-1.25,1.36
1,1545963686449,12.14,-1.26,-0.41
1,1545963686450,11.85,-2.44,-1.36
1,1545963686464,11.95,-3.22,-0.25
1,1545963686512,12.14,-0.82,-1.07
1,1545963686514,12.32,-1.19,-2.34
1,1545963686515,11.95,-2.18,-3.49
1,1545963686533,11.5,-2.26,-3.86
1,1545963686534,12.05,-1.26,-1.15
1,1545963686535,11.95,-1.87,-1.13
1,1545963686535,11.3,-3.08,-2.12
1,1545963686536,11.4,-3.59,-2.32
1,1545963686590,11.73,-2.08,-0.41
1,1545963686591,10.85,-1.05,-0.37
1,1545963686592,10.37,-1.05,-1.13
1,1545963686592,10.42,-1.54,-0.95
1,1545963686592,10.78,-1.03,-0.15
1,1545963686668,10.97,-0.64,-1.23
1,1545963686669,10.83,-1.28,-2.2
1,1545963686671,10.52,-2.57,-2.1
1,1545963686673,10.46,-2.55,-2.28
1,1545963686674,10.23,-1.85,-2.01
1,1545963686675,9.86,-1.48,-1.28
1,1545963686677,9.6,-1.36,-1.03
1,1545963686678,9.7,-1.09,-0.19
1,1545963686751,9.82,-1.05,-0.37
1,1545963686753,9.96,-1.11,-0.74
1,1545963686754,10.13,-1.52,-1.01
1,1545963686755,9.92,-2.5,-1.83
1,1545963686756,9.74,-2.07,-1.79
1,1545963686757,10.05,-1.52,-1.15
1,1545963686758,10.11,-1.28,-0.83
1,1545963686759,10.56,-1.66,-0.78
1,1545963686818,11.28,-1.62,-0.82
1,1545963686819,11.42,-1.13,-1.21
1,1545963686833,11.25,-0.56,-1.3
1,1545963686834,11.66,-1.09,-1.34
1,1545963686834,12.05,-2.36,-1.03
1,1545963686835,12.44,-3.59,-0.74
1,1545963686835,13.1,-3.8,-0.95
1,1545963686835,14.49,-3.33,-1.42
1,1545963686889,14.45,-2.91,-0.87
1,1545963686890,14.37,-2.2,-0.82
1,1545963686890,14.53,-1.11,-1.54
1,1545963686890,15.99,-2.2,-1.46
1,1545963686890,15.76,-1.6,-1.5
1,1545963686891,15.37,-1.62,-1.5
1,1545963686891,15.17,-1.77,-1.58
1,1545963686898,15.46,-1.62,-2.1
1,1545963686964,15.15,-1.79,-2.05
1,1545963686964,14.9,-1.87,-1.91
1,1545963686965,15.07,-2.14,-1.38
1,1545963686965,14.98,-2.32,-0.03
1,1545963686965,15.05,-2.63,0.15
1,1545963686965,14.92,-3.06,-0.21
1,1545963686966,14.39,-2.77,-0.66
1,1545963686966,14.04,-1.77,-1.03
1,1545963687039,13.76,-1.28,-1.4
1,1545963687039,13.2,-1.05,-1.71
1,1545963687040,12.73,-1.01,-1.62
1,1545963687040,12.48,-1.44,-1.19
1,1545963687117,12.3,-1.64,-1.5
1,1545963687120,12.1,-2.1,-1.64
1,1545963687121,11.73,-1.91,-1.56
1,1545963687122,11.23,-1.73,-1.17
1,1545963687123,11.01,-1.97,-0.89
1,1545963687124,10.82,-1.97,-0.6
1,1545963687125,10.6,-1.58,-0.13
1,1545963687126,9.51,-0.62,0.17
1,1545963687197,9.19,-0.68,0.01
1,1545963687198,9.02,-1.36,-0.31
1,1545963687198,8.55,-1.5,-1.66
1,1545963687199,7.85,-1.97,-1.87
1,1545963687199,7.01,-2.22,-1.62
1,1545963687200,6.56,-2.51,-1.21
1,1545963687200,6.54,-1.36,-0.7
1,1545963687201,6.28,-1.44,-0.58
1,1545963687264,6.01,-1.95,-0.35
1,1545963687265,5.68,-1.56,-0.42
1,1545963687266,4.49,-0.72,-0.21
1,1545963687267,4.62,-0.72,-0.05
1,1545963687288,4.58,-0.8,0.03
1,1545963687288,4.16,-0.56,0.23
1,1545963687289,3.78,-0.46,0.48
1,1545963687289,3.9,-0.76,0.62
1,1545963687336,3.92,-0.78,0.87
1,1545963687352,4.0,-0.76,1.13
1,1545963687353,4.41,-0.62,1.26
1,1545963687353,4.6,-0.31,1.25
1,1545963687353,4.53,-0.72,1.25
1,1545963687353,4.16,-0.89,1.19
1,1545963687354,4.06,-0.76,0.29
1,1545963687354,4.6,-0.89,-0.17
1,1545963687412,5.25,-1.01,-0.15
1,1545963687419,5.62,-1.05,-0.05
1,1545963687432,6.09,-1.11,0.19
1,1545963687433,6.38,-1.15,0.23
1,1545963687433,6.42,-1.15,0.72
1,1545963687433,6.71,-1.11,1.28
1,1545963687434,7.5,-0.8,1.85
1,1545963687434,7.83,-0.37,1.64
1,1545963687489,8.22,-0.7,1.21
1,1545963687490,8.57,-1.15,0.64
1,1545963687490,9.19,-1.36,-0.25
1,1545963687490,9.6,-0.72,-0.41
1,1545963687491,10.0,-0.56,-0.39
1,1545963687491,10.33,-1.28,-0.05
1,1545963687491,10.21,-0.87,2.91
1,1545963687565,10.17,-0.21,4.14
1,1545963687565,10.54,0.64,5.29
1,1545963687566,10.6,0.89,6.81
1,1545963687566,10.52,1.48,8.24
1,1545963687566,10.66,1.58,7.65
1,1545963687566,10.99,1.69,6.54
1,1545963687567,10.82,1.46,3.28
1,1545963687567,11.36,0.68,2.48
1,1545963687639,10.35,1.71,2.96
1,1545963687657,10.11,1.5,2.12
1,1545963687657,9.12,0.03,1.54
1,1545963687658,9.74,-2.38,0.7
1,1545963687658,10.05,-2.75,1.25
1,1545963687658,10.21,-1.5,1.36
1,1545963687659,9.98,-1.46,1.21
1,1545963687712,8.92,-1.05,1.01
1,1545963687713,9.55,-0.56,0.64
1,1545963687721,9.78,0.31,0.35
1,1545963687721,9.23,0.13,0.46
1,1545963687722,8.04,-0.8,-0.23
1,1545963687722,8.8,-1.13,-1.01
1,1545963687722,9.66,-1.26,-0.78
1,1545963687722,9.62,-1.28,0.46
1,1545963687789,8.9,-1.48,0.8
1,1545963687790,9.17,-1.77,0.95
1,1545963687807,9.14,-1.38,1.46
1,1545963687808,9.25,-0.85,2.61
1,1545963687808,10.01,0.07,4.19
1,1545963687809,10.05,-0.05,4.12
1,1545963687809,9.9,-0.05,4.37
1,1545963687862,9.82,0.37,4.45
1,1545963687863,11.09,0.23,3.67
1,1545963687886,10.8,-0.19,3.55
1,1545963687887,10.0,-0.37,2.83
1,1545963687887,10.09,-0.87,2.01
1,1545963687887,10.95,-1.13,2.32
1,1545963687888,10.31,-1.05,1.99
1,1545963687888,10.19,-1.11,1.34
1,1545963687938,10.25,-1.34,1.3
1,1545963687939,9.47,-0.89,2.05
1,1545963687956,9.55,-0.62,1.58
1,1545963687957,9.72,-0.72,1.19
1,1545963687957,9.45,-0.64,1.64
1,1545963687957,8.69,-0.05,1.25
1,1545963687957,9.29,-0.76,1.28
1,1545963688012,8.8,-0.8,1.25
1,1545963688024,8.35,-0.31,1.21
1,1545963688024,9.64,-1.01,1.32
1,1545963688024,9.43,-0.35,1.28
1,1545963688025,9.17,-0.41,1.26
1,1545963688025,9.29,-0.83,1.3
1,1545963688025,9.72,-0.5,1.83
1,1545963688025,9.76,-0.64,2.1
1,1545963688089,9.78,-0.68,2.28
1,1545963688089,9.86,-0.54,2.34
1,1545963688090,10.17,-0.41,2.4
1,1545963688090,10.15,-0.27,2.61
1,1545963688090,9.98,-0.15,2.67
1,1545963688090,10.29,0.05,2.55
1,1545963688091,10.11,-0.25,2.14
1,1545963688166,9.94,-0.31,2.32
1,1545963688166,9.9,-0.74,2.3
1,1545963688167,9.9,-0.56,2.03
1,1545963688167,10.09,-0.82,1.89
1,1545963688167,9.76,-0.83,2.05
1,1545963688167,9.49,-0.64,1.77
1,1545963688167,9.66,-0.62,1.26
1,1545963688168,9.57,-0.76,1.26
