1,1548296454382,13.16,7.94,2.42
1,1548296454382,13.65,8.53,3.47
1,1548296454382,14.1,9.31,4.12
1,1548296454383,14.25,10.68,2.81
1,1548296454383,14.39,10.64,1.81
1,1548296454448,14.66,9.94,1.17
1,1548296454449,14.9,8.9,1.17
1,1548296454449,14.74,7.34,1.97
1,1548296454450,14.6,7.08,2.51
1,1548296454450,13.28,8.02,4.02
1,1548296454451,13.1,8.47,5.21
1,1548296454452,13.94,4.43,40.01
1,1548296454452,14.29,10.27,39.88
1,1548296454523,12.65,21.83,22.73
1,1548296454523,6.71,12.69,-0.29
1,1548296454524,6.07,11.99,1.03
1,1548296454542,6.28,8.63,0.99
1,1548296454542,5.89,6.48,2.69
1,1548296454542,6.17,4.47,0.29
1,1548296454542,6.75,2.57,0.09
1,1548296454543,7.79,0.85,0.66
1,1548296454675,7.71,0.58,0.21
1,1548296454675,8.0,0.48,-0.17
1,1548296454676,8.39,0.78,-0.21
1,1548296454676,9.06,0.74,-0.05
1,1548296454676,9.35,0.41,-0.09
1,1548296454676,9.76,0.07,-0.52
1,1548296454677,10.23,0.01,-0.8
1,1548296454677,10.6,1.09,-1.64
1,1548296454749,10.6,1.85,-1.79
1,1548296454749,10.6,2.55,-1.32
1,1548296454749,9.45,2.5,-0.41
1,1548296454749,10.05,2.4,-0.6
1,1548296454750,10.78,2.38,-0.62
1,1548296454760,11.32,2.42,-0.64
1,1548296454760,11.69,2.3,-0.21
1,1548296454760,11.46,2.22,0.11
1,1548296454823,11.26,2.14,0.25
1,1548296454824,11.3,2.03,0.19
1,1548296454824,11.97,1.77,-0.07
1,1548296454824,12.08,1.38,0.13
1,1548296454845,11.95,0.95,0.41
1,1548296454846,11.85,0.64,1.11
1,1548296454846,11.52,0.37,1.46
1,1548296454846,11.64,0.29,1.64
1,1548296454899,11.64,0.09,1.64
1,1548296454899,11.42,-0.19,1.3
1,1548296454913,11.32,-0.39,1.26
1,1548296454914,10.99,-0.56,1.09
1,1548296454914,10.93,-0.5,0.8
1,1548296454915,10.95,-0.15,0.7
1,1548296454915,10.64,0.31,0.64
1,1548296454915,10.09,0.8,0.66
1,1548296454974,9.8,0.89,0.64
1,1548296454976,9.58,0.8,0.46
1,1548296454976,9.51,0.68,0.25
1,1548296454977,9.45,-0.03,0.09
1,1548296454977,9.43,-0.39,0.09
1,1548296454977,9.39,-0.78,0.05
1,1548296454978,9.31,-1.01,0.27
1,1548296454995,8.92,-1.26,0.48
1,1548296455049,8.8,-1.26,0.68
1,1548296455050,8.65,-1.26,0.89
1,1548296455050,8.49,-1.3,1.01
1,1548296455050,8.26,-1.3,0.93
1,1548296455050,8.16,-1.21,0.54
1,1548296455050,8.22,-0.93,0.23
1,1548296455063,8.35,-0.44,0.05
1,1548296455064,8.55,0.72,-0.31
1,1548296455123,8.37,1.28,-0.37
1,1548296455124,8.06,1.66,-0.25
1,1548296455124,7.81,1.79,-0.05
1,1548296455131,7.77,1.69,0.01
1,1548296455131,7.98,1.34,0.35
1,1548296455131,8.0,1.25,0.62
1,1548296455132,7.91,1.21,0.89
1,1548296455199,7.81,1.13,1.17
1,1548296455199,7.81,1.05,1.05
1,1548296455199,7.85,1.23,0.07
1,1548296455200,8.02,1.77,-0.23
1,1548296455200,8.24,1.89,-0.39
1,1548296455201,8.55,2.24,-0.39
1,1548296455201,8.65,2.59,0.23
1,1548296455213,8.69,2.79,0.7
1,1548296455274,8.88,2.67,1.3
1,1548296455274,9.14,0.91,1.36
1,1548296455275,8.82,0.35,-0.33
1,1548296455275,8.92,0.54,-0.83
1,1548296455275,9.23,1.09,-0.68
1,1548296455276,9.88,1.09,-0.37
1,1548296455276,10.11,0.93,0.23
1,1548296455349,10.35,0.68,1.01
1,1548296455351,10.6,0.27,1.54
1,1548296455351,10.78,-0.11,1.48
1,1548296455352,11.11,-0.93,0.89
1,1548296455352,11.28,-1.11,0.29
1,1548296455352,11.58,-1.13,-0.33
1,1548296455353,11.81,-1.15,-0.66
1,1548296455353,12.3,-1.13,-1.05
1,1548296455425,12.44,-1.07,-1.11
1,1548296455425,12.61,-0.97,-1.13
1,1548296455426,12.69,-0.8,-1.03
1,1548296455426,12.14,-0.29,-0.56
1,1548296455426,11.75,-0.13,-0.44
1,1548296455427,11.6,0.0,-0.48
1,1548296455427,11.64,0.31,-0.58
1,1548296455499,11.93,1.28,-0.44
1,1548296455500,11.79,1.75,-0.01
1,1548296455501,11.36,2.07,0.74
1,1548296455502,11.25,2.77,2.03
1,1548296455502,23.88,10.58,31.05
1,1548296455502,21.5,9.53,28.45
1,1548296455503,16.09,1.03,18.41
1,1548296455503,12.14,-7.67,12.71
1,1548296455575,8.71,-15.33,4.86
1,1548296455575,10.13,-10.93,6.83
1,1548296455576,13.0,-6.11,6.23
1,1548296455576,14.68,-2.92,3.53
1,1548296455577,14.23,-1.64,2.77
1,1548296455577,11.19,-1.36,0.85
1,1548296455577,10.93,-1.17,0.5
1,1548296455649,10.62,-1.09,1.5
1,1548296455650,10.89,-1.19,1.87
1,1548296455665,10.64,-1.83,2.07
1,1548296455666,9.96,-1.48,1.83
1,1548296455666,9.53,-0.66,1.05
1,1548296455666,9.45,0.25,-0.09
1,1548296455666,9.68,1.73,-1.89
1,1548296455667,9.92,1.91,-2.48
1,1548296455725,9.92,2.05,-2.61
1,1548296455726,9.57,1.97,-2.38
1,1548296455727,8.98,1.26,-1.58
1,1548296455728,8.86,0.87,-1.36
1,1548296455728,8.86,0.76,-1.19
1,1548296455728,8.92,0.78,-1.03
1,1548296455729,8.84,0.78,-0.89
1,1548296455801,8.76,0.5,-0.66
1,1548296455801,8.78,0.29,-0.68
1,1548296455802,8.88,0.13,-0.72
1,1548296455802,9.02,0.11,-0.85
1,1548296455803,9.04,0.35,-1.23
1,1548296455804,8.96,0.5,-1.48
1,1548296455805,8.86,0.78,-1.64
1,1548296455805,8.75,1.01,-1.83
1,1548296455873,8.69,1.48,-1.73
1,1548296455874,8.67,1.66,-1.67
1,1548296455875,8.28,1.79,-1.66
1,1548296455876,8.76,2.01,-2.08
1,1548296455876,8.86,2.53,-2.98
1,1548296455877,8.63,2.65,-2.1
1,1548296455877,8.53,2.71,-2.12
1,1548296455877,8.55,2.83,-2.05
1,1548296455948,8.92,2.77,-2.2
1,1548296455949,9.0,2.81,-1.81
1,1548296455949,8.76,2.79,-1.5
1,1548296455950,8.71,2.71,-1.32
1,1548296455950,8.98,2.42,-0.91
1,1548296455967,9.1,2.2,-0.8
1,1548296455967,9.16,1.97,-0.83
1,1548296456024,9.23,1.85,-1.01
1,1548296456025,9.41,1.71,-1.15
1,1548296456034,9.53,1.21,-1.03
1,1548296456034,9.58,1.11,-0.85
1,1548296456034,9.7,0.91,-0.66
1,1548296456035,9.78,0.58,-0.64
1,1548296456035,10.11,-0.25,-0.56
1,1548296456098,10.35,-0.68,-0.35
1,1548296456099,10.5,-1.11,-0.13
1,1548296456102,10.64,-1.42,0.0
1,1548296456102,10.97,-1.73,0.15
1,1548296456102,11.3,-1.81,0.17
1,1548296456102,11.58,-1.91,0.09
1,1548296456102,11.62,-2.01,0.0
1,1548296456103,11.34,-1.95,0.17
1,1548296456174,11.13,-2.1,0.23
1,1548296456175,10.91,-2.44,0.35
1,1548296456176,10.83,-2.67,0.52
1,1548296456177,11.99,-2.55,1.34
1,1548296456177,12.77,-2.36,2.28
1,1548296456178,12.94,-2.38,2.89
1,1548296456178,12.12,-3.06,3.14
1,1548296456178,11.95,-3.45,8.75
1,1548296456249,10.95,-4.04,2.71
1,1548296456249,10.64,-3.14,2.07
1,1548296456325,10.48,-2.12,0.68
1,1548296456337,10.39,-1.19,-0.05
1,1548296456337,9.72,-0.01,-1.52
1,1548296456338,9.39,0.46,-1.54
1,1548296456338,8.82,0.97,-1.3
1,1548296456338,8.06,1.46,-1.21
1,1548296456338,9.0,2.65,-3.57
1,1548296456339,8.49,2.63,-2.44
1,1548296456398,8.88,2.69,-2.48
1,1548296456404,9.0,2.55,-2.4
1,1548296456404,8.9,2.48,-2.03
1,1548296456405,9.04,2.14,-1.91
1,1548296456405,9.25,1.85,-1.73
1,1548296456405,9.43,1.79,-1.73
1,1548296456405,9.7,1.75,-1.71
1,1548296456406,10.03,1.75,-1.66
1,1548296456474,10.29,1.73,-1.64
1,1548296456475,11.05,1.85,-1.77
1,1548296456475,11.21,1.91,-1.67
1,1548296456475,11.25,2.1,-1.6
1,1548296456476,11.19,2.38,-1.46
1,1548296456476,11.13,2.42,-1.52
1,1548296456476,11.07,2.4,-1.77
1,1548296456477,11.05,2.26,-1.93
1,1548296456549,10.87,1.99,-2.26
1,1548296456549,10.7,1.89,-2.22
1,1548296456550,10.52,1.87,-2.08
1,1548296456550,10.33,1.87,-1.97
1,1548296456555,9.92,1.85,-1.83
1,1548296456555,9.76,1.83,-1.79
1,1548296456555,9.66,1.75,-1.79
1,1548296456555,9.53,1.71,-1.79
1,1548296456624,9.25,1.6,-1.77
1,1548296456638,9.21,1.6,-1.69
1,1548296456639,9.17,1.69,-1.62
1,1548296456639,9.23,1.77,-1.58
1,1548296456639,9.31,1.64,-1.46
1,1548296456639,9.37,1.58,-1.38
1,1548296456639,9.43,1.54,-1.34
1,1548296456640,9.45,1.58,-1.34
1,1548296456699,9.49,1.56,-1.28
1,1548296456699,9.55,1.42,-1.21
1,1548296456700,9.6,1.32,-1.19
1,1548296456701,9.68,1.26,-1.19
1,1548296456702,9.78,1.17,-1.19
1,1548296456702,10.11,1.17,-1.36
1,1548296456702,10.27,1.17,-1.38
1,1548296456703,10.35,1.23,-1.52
1,1548296456774,10.41,1.32,-1.6
1,1548296456775,10.42,1.56,-1.81
1,1548296456776,10.35,1.64,-1.97
1,1548296456777,10.27,1.66,-2.18
1,1548296456777,10.15,1.66,-2.24
1,1548296456778,9.92,1.6,-2.32
1,1548296456778,9.78,1.66,-2.28
1,1548296456848,9.74,1.66,-2.28
1,1548296456849,9.74,1.62,-2.26
1,1548296456849,9.76,1.48,-2.01
1,1548296456849,9.76,1.3,-1.81
1,1548296456857,9.76,1.13,-1.66
1,1548296456857,9.76,0.97,-1.5
1,1548296456858,10.03,1.15,-0.62
1,1548296456858,11.52,0.93,1.11
1,1548296456924,13.47,-1.56,2.91
1,1548296456924,15.23,-5.64,4.78
1,1548296456924,15.17,-10.37,10.07
1,1548296456925,9.53,-11.26,5.8
1,1548296456925,7.5,-7.44,4.21
1,1548296456926,6.85,-3.96,2.46
1,1548296456941,7.61,-1.44,1.66
1,1548296456999,7.92,1.38,2.08
1,1548296456999,8.04,1.93,2.67
1,1548296457000,8.0,2.07,3.47
1,1548296457000,8.67,2.44,3.84
1,1548296457000,10.7,2.3,2.61
1,1548296457008,12.28,1.89,1.93
1,1548296457009,13.53,1.34,0.93
1,1548296457009,14.39,0.54,0.05
1,1548296457074,14.84,0.01,-0.66
1,1548296457074,14.53,0.54,-0.91
1,1548296457074,14.16,1.07,-1.03
1,1548296457092,13.84,1.26,-0.87
1,1548296457092,13.08,0.64,-0.64
1,1548296457093,12.61,0.21,-0.62
1,1548296457093,12.16,-0.05,-0.6
1,1548296457149,11.87,-0.03,-0.56
1,1548296457150,11.67,0.17,-0.5
1,1548296457160,11.23,0.54,-0.5
1,1548296457160,10.99,0.62,-0.48
1,1548296457160,10.76,0.56,-0.56
1,1548296457160,10.54,0.42,-0.56
1,1548296457160,10.13,0.13,-0.6
1,1548296457161,9.96,0.01,-0.6
1,1548296457228,9.82,-0.03,-0.6
1,1548296457228,9.62,0.01,-0.74
1,1548296457228,9.21,0.33,-0.95
1,1548296457229,9.0,0.56,-1.13
1,1548296457229,8.86,0.82,-1.38
1,1548296457229,8.8,0.99,-1.32
1,1548296457229,8.47,1.26,-1.64
1,1548296457299,8.18,1.3,-1.3
1,1548296457311,8.45,1.38,-1.97
1,1548296457311,8.73,1.28,-3.14
1,1548296457311,8.49,1.23,-2.55
1,1548296457312,8.45,1.01,-2.38
1,1548296457312,8.51,0.85,-2.38
1,1548296457312,8.49,0.72,-2.53
1,1548296457312,8.53,0.66,-2.67
1,1548296457375,8.49,0.66,-2.81
1,1548296457376,8.43,0.68,-2.87
1,1548296457376,8.35,0.78,-2.87
1,1548296457377,8.2,0.78,-2.75
1,1548296457377,8.22,0.66,-2.61
1,1548296457383,8.3,0.52,-2.69
1,1548296457383,8.2,0.44,-2.51
1,1548296457383,8.12,0.44,-2.34
1,1548296457449,7.96,0.46,-2.2
1,1548296457462,7.94,0.33,-2.22
1,1548296457463,8.16,0.21,-2.18
1,1548296457463,8.37,0.25,-2.22
1,1548296457463,8.51,0.25,-2.44
1,1548296457463,8.55,0.21,-2.42
1,1548296457463,8.71,0.17,-2.5
1,1548296457524,8.94,0.19,-2.71
1,1548296457525,9.43,0.42,-3.08
1,1548296457526,9.6,0.56,-3.26
1,1548296457526,9.78,0.72,-3.39
1,1548296457527,9.92,0.97,-3.43
1,1548296457527,10.23,1.5,-3.47
1,1548296457528,10.39,1.52,-3.32
1,1548296457599,10.54,1.58,-3.22
1,1548296457613,10.66,1.77,-2.92
1,1548296457673,10.7,1.95,-2.83
1,1548296457675,10.68,2.73,-2.32
1,1548296457676,10.68,3.02,-1.99
1,1548296457681,10.62,3.2,-1.56
1,1548296457681,10.66,3.51,-1.11
1,1548296457681,10.72,4.17,0.27
1,1548296457681,13.55,4.35,3.49
1,1548296457682,16.34,8.14,26.79
1,1548296457750,19.7,16.77,17.24
1,1548296457751,14.68,27.3,6.17
1,1548296457752,13.33,-2.65,1.93
1,1548296457752,10.78,-2.34,1.99
1,1548296457753,9.12,-0.19,1.6
1,1548296457753,8.35,3.08,0.78
1,1548296457753,9.25,8.76,-0.54
1,1548296457753,9.57,10.03,-0.85
1,1548296457825,9.7,9.47,-1.36
1,1548296457825,10.03,3.43,-1.93
1,1548296457825,10.01,2.05,-1.81
1,1548296457825,10.62,1.32,-1.93
1,1548296457826,10.15,0.93,-2.12
1,1548296457826,10.33,0.87,-3.98
1,1548296457826,9.29,1.83,-1.89
1,1548296457827,9.21,2.32,-1.87
1,1548296457899,9.27,2.85,-1.83
1,1548296457900,9.35,3.12,-1.87
1,1548296457901,9.39,2.83,-1.79
1,1548296457902,9.35,2.44,-1.81
1,1548296457902,9.27,1.99,-1.85
1,1548296457902,9.31,1.79,-1.91
1,1548296457903,9.33,1.26,-2.18
1,1548296457903,9.25,1.23,-2.3
1,1548296457973,9.14,1.28,-2.32
1,1548296457974,8.98,1.46,-2.46
1,1548296457974,8.76,1.58,-2.65
1,1548296457974,8.67,1.5,-2.73
1,1548296457974,8.51,1.11,-2.96
1,1548296457982,8.35,0.95,-3.1
1,1548296457983,8.06,0.78,-3.35
1,1548296457983,7.96,0.8,-3.41
1,1548296458048,7.85,0.87,-3.47
1,1548296458049,7.73,0.97,-3.41
1,1548296458049,7.61,1.01,-3.33
1,1548296458049,7.57,1.13,-3.28
1,1548296458050,7.55,1.15,-3.16
1,1548296458067,7.53,1.13,-3.08
1,1548296458067,7.53,1.05,-3.02
1,1548296458123,7.65,0.89,-3.06
1,1548296458124,7.79,0.8,-3.12
1,1548296458124,7.96,0.82,-3.2
1,1548296458133,8.06,0.93,-3.24
1,1548296458134,8.24,1.23,-3.3
1,1548296458134,8.43,1.3,-3.33
1,1548296458134,8.63,1.4,-3.33
1,1548296458135,8.88,1.44,-3.3
1,1548296458198,9.21,1.34,-3.16
1,1548296458199,9.37,1.25,-3.1
1,1548296458199,9.57,1.15,-3.06
1,1548296458218,9.78,1.15,-3.06
1,1548296458219,10.01,1.28,-3.18
1,1548296458219,10.09,1.64,-3.18
1,1548296458220,10.19,1.89,-3.12
1,1548296458273,10.29,2.1,-2.91
1,1548296458274,10.68,2.32,-2.34
1,1548296458274,10.89,2.16,-2.01
1,1548296458274,10.99,1.91,-1.77
1,1548296458285,10.95,1.85,-1.54
1,1548296458285,10.97,1.87,-1.34
1,1548296458285,11.21,2.2,-0.82
1,1548296458286,11.07,2.3,-0.17
1,1548296458348,11.25,2.4,1.56
1,1548296458349,13.02,2.34,11.44
1,1548296458349,21.52,14.37,18.59
1,1548296458349,19.51,20.19,8.98
1,1548296458369,12.05,17.53,5.85
1,1548296458369,9.21,11.09,0.11
1,1548296458369,10.6,1.54,1.15
1,1548296458423,11.77,0.25,1.03
1,1548296458424,10.87,0.82,1.71
1,1548296458424,8.63,2.03,2.4
1,1548296458438,6.91,4.94,2.91
1,1548296458439,8.41,6.79,0.74
1,1548296458439,9.94,7.67,0.11
1,1548296458439,10.72,7.36,-0.89
1,1548296458440,10.99,4.51,-1.87
1,1548296458576,11.09,3.75,-2.26
1,1548296458576,11.07,3.53,-2.53
1,1548296458577,10.93,3.51,-2.16
1,1548296458577,10.42,3.28,-1.73
1,1548296458577,9.92,2.1,-2.16
1,1548296458650,9.94,1.67,-1.66
1,1548296458650,10.15,1.23,-3.32
1,1548296458672,9.8,1.03,-1.79
1,1548296458672,9.6,1.69,-2.1
1,1548296458673,9.43,1.87,-2.16
1,1548296458673,8.78,1.66,-2.5
1,1548296458673,8.76,1.71,-2.81
1,1548296458673,8.73,1.79,-2.94
1,1548296458724,8.69,1.83,-3.06
1,1548296458725,8.61,1.11,-3.32
1,1548296458725,8.41,1.01,-3.32
1,1548296458725,8.06,0.82,-3.16
1,1548296458725,8.04,0.68,-3.12
1,1548296458725,7.98,0.62,-3.0
1,1548296458738,8.0,0.54,-2.92
1,1548296458738,7.98,0.52,-2.87
1,1548296458885,8.02,0.76,-2.67
1,1548296458887,8.12,0.99,-2.67
1,1548296458888,8.16,1.13,-2.61
1,1548296458889,8.24,1.25,-2.57
1,1548296458890,8.39,1.34,-2.38
1,1548296458992,8.47,1.38,-2.32
1,1548296458994,8.63,1.44,-2.34
1,1548296458995,8.76,1.56,-2.42
1,1548296458996,9.06,1.83,-2.44
1,1548296458997,9.27,1.85,-2.53
1,1548296458998,10.05,1.97,-2.14
1,1548296458999,10.11,1.97,-2.07
1,1548296459000,10.15,1.95,-1.95
1,1548296459027,10.15,1.97,-1.91
1,1548296459028,10.42,2.61,-1.66
1,1548296459029,10.44,2.71,-1.6
1,1548296459029,10.37,2.98,-1.01
1,1548296459030,10.23,3.08,-0.37
1,1548296459031,9.66,3.24,1.34
1,1548296459032,12.05,4.23,10.19
1,1548296459032,20.8,13.02,12.87
1,1548296459101,17.34,14.14,8.18
1,1548296459108,10.83,9.88,4.78
1,1548296459108,9.39,4.35,-1.19
1,1548296459109,11.58,-3.86,-0.56
1,1548296459109,11.3,-5.07,0.01
1,1548296459109,9.6,-3.33,0.72
1,1548296459110,8.22,-0.72,2.48
1,1548296459110,7.14,3.41,2.24
1,1548296459178,8.24,4.7,0.76
1,1548296459179,9.74,5.37,-0.54
1,1548296459179,10.8,5.33,-1.19
1,1548296459193,11.13,4.49,-1.71
1,1548296459194,10.89,2.48,-2.57
1,1548296459194,10.99,2.44,-2.16
1,1548296459194,10.95,2.77,-2.4
1,1548296459194,10.58,3.16,-1.71
1,1548296459252,9.82,2.98,-2.07
1,1548296459252,10.11,2.55,-3.76
1,1548296459259,9.49,1.97,-2.26
1,1548296459259,9.39,1.73,-2.03
1,1548296459259,8.98,1.79,-2.1
1,1548296459260,8.8,1.87,-1.95
1,1548296459260,8.63,1.91,-1.77
1,1548296459260,8.51,2.01,-1.69
1,1548296459326,8.37,1.93,-1.48
1,1548296459354,8.3,1.89,-1.48
1,1548296459355,8.26,1.87,-1.54
1,1548296459355,8.3,1.87,-1.67
1,1548296459356,8.49,1.99,-2.2
1,1548296459357,8.71,2.28,-2.67
1,1548296459357,8.76,2.42,-2.81
1,1548296459358,8.82,2.4,-2.98
1,1548296459416,8.88,2.32,-3.08
1,1548296459417,8.98,2.1,-3.24
1,1548296459417,9.0,1.97,-3.28
1,1548296459418,9.02,1.91,-3.26
1,1548296459418,9.02,1.85,-3.3
1,1548296459418,9.04,1.66,-3.26
1,1548296459419,9.04,1.58,-3.1
1,1548296459480,8.98,1.48,-3.08
1,1548296459481,8.98,1.42,-3.06
1,1548296459482,9.08,1.4,-3.04
1,1548296459483,9.02,1.38,-3.02
1,1548296459484,8.92,1.48,-2.92
1,1548296459485,8.9,1.48,-2.85
1,1548296459486,8.98,1.48,-2.81
1,1548296459488,8.98,1.46,-2.83
1,1548296459550,8.88,1.44,-2.77
1,1548296459550,8.78,1.44,-2.65
1,1548296459561,8.53,1.36,-2.46
1,1548296459562,8.47,1.32,-2.4
1,1548296459562,8.47,1.26,-2.36
1,1548296459562,8.55,1.19,-2.34
1,1548296459562,8.65,1.13,-2.36
1,1548296459626,8.84,1.26,-2.4
1,1548296459649,8.9,1.38,-2.3
1,1548296459650,8.96,1.54,-2.12
1,1548296459650,9.1,1.56,-1.95
1,1548296459650,9.66,1.5,-1.66
1,1548296459651,9.92,1.46,-1.62
1,1548296459651,10.03,1.44,-1.67
1,1548296459651,10.13,1.46,-1.79
1,1548296459701,10.39,1.6,-1.91
1,1548296459702,10.48,1.79,-1.89
1,1548296459702,10.52,1.93,-1.77
1,1548296459702,10.48,2.18,-1.67
1,1548296459703,10.11,3.18,-0.97
1,1548296459703,9.72,3.45,-0.44
1,1548296459703,9.35,3.88,1.15
1,1548296459777,10.37,3.86,3.24
1,1548296459855,14.68,8.65,10.68
1,1548296459856,14.86,10.58,6.03
1,1548296459857,13.55,10.48,3.88
1,1548296459857,11.34,7.94,2.96
1,1548296459858,11.46,4.78,-0.07
1,1548296459858,12.01,0.97,0.91
1,1548296459859,11.71,0.44,1.28
1,1548296459860,10.0,0.58,2.03
1,1548296459929,8.14,0.87,2.26
1,1548296459930,9.7,2.65,2.14
1,1548296459931,10.93,2.65,-0.72
1,1548296459932,11.09,2.14,-0.85
1,1548296459933,10.83,1.89,-0.89
1,1548296459934,10.13,1.87,-0.72
1,1548296459935,10.07,1.87,-0.76
1,1548296459936,10.09,1.87,-0.89
1,1548296460008,10.11,1.87,-0.99
1,1548296460009,9.7,1.81,-1.79
1,1548296460010,9.64,1.75,-1.69
1,1548296460010,9.51,1.71,-1.73
1,1548296460011,9.47,1.73,-1.81
1,1548296460011,9.31,1.87,-1.73
1,1548296460012,9.19,1.87,-1.5
1,1548296460012,8.9,1.87,-1.46
1,1548296460158,9.04,1.85,-2.1
1,1548296460161,9.12,1.99,-2.51
1,1548296460163,9.19,1.85,-3.28
1,1548296460164,9.16,1.85,-3.37
1,1548296460166,9.04,1.87,-3.3
1,1548296460228,8.8,1.85,-3.3
1,1548296460231,8.67,1.85,-3.33
1,1548296460232,8.55,1.85,-3.28
1,1548296460234,8.47,1.79,-3.22
1,1548296460235,8.28,1.62,-3.14
1,1548296460235,8.1,1.28,-2.67
1,1548296460236,8.18,1.28,-2.61
1,1548296460237,8.22,1.3,-2.53
1,1548296460303,8.35,1.32,-2.46
1,1548296460304,9.41,0.97,-2.57
1,1548296460305,9.62,0.97,-2.63
1,1548296460305,9.76,0.93,-2.63
1,1548296460306,9.98,1.01,-2.63
1,1548296460306,10.09,1.01,-2.65
1,1548296460307,10.13,1.03,-2.63
1,1548296460380,10.13,1.01,-2.61
1,1548296460382,10.05,1.26,-2.51
1,1548296460456,10.03,1.48,-2.34
1,1548296460468,9.96,1.75,-2.14
1,1548296460469,9.8,1.89,-1.97
1,1548296460469,9.68,1.97,-1.85
1,1548296460469,9.64,2.3,-1.6
1,1548296460470,9.62,2.38,-1.5
1,1548296460470,9.68,2.61,-1.38
1,1548296460471,9.74,2.87,-1.25
1,1548296460526,9.86,3.47,-0.97
1,1548296460534,9.88,3.78,-0.8
1,1548296460535,15.58,14.19,7.24
1,1548296460535,10.93,8.0,0.29
1,1548296460535,11.15,3.9,0.07
1,1548296460536,12.16,1.38,-0.39
1,1548296460536,12.69,0.11,-0.48
1,1548296460536,9.7,0.62,0.95
1,1548296460603,7.81,1.32,1.87
1,1548296460605,7.59,1.99,1.77
1,1548296460606,9.1,3.2,0.93
1,1548296460607,10.46,4.17,-0.09
1,1548296460609,10.42,4.16,-1.4
1,1548296460610,10.21,3.49,-1.34
1,1548296460611,10.39,2.59,-1.62
1,1548296460612,10.62,2.01,-1.85
1,1548296460678,10.46,1.38,-1.44
1,1548296460679,10.11,1.13,-1.25
1,1548296460679,9.88,1.09,-1.09
1,1548296460680,9.76,1.23,-1.15
1,1548296460680,9.55,1.62,-1.6
1,1548296460681,9.23,1.64,-1.6
1,1548296460681,9.39,1.6,-1.56
1,1548296460682,8.71,1.5,-1.99
1,1548296460752,8.92,1.67,-1.5
1,1548296460753,8.84,1.69,-2.16
1,1548296460826,8.71,1.67,-2.01
1,1548296460903,8.69,1.71,-2.05
1,1548296460905,8.61,1.77,-2.3
1,1548296460906,8.61,1.83,-2.53
1,1548296460907,8.63,1.83,-2.69
1,1548296460908,8.69,1.83,-2.85
1,1548296460909,8.71,1.83,-2.96
1,1548296460910,8.75,1.87,-3.04
1,1548296460911,8.75,1.85,-3.08
1,1548296460979,8.84,1.62,-3.16
1,1548296460979,8.71,1.87,-2.57
1,1548296460980,8.75,1.85,-2.5
1,1548296460980,8.9,1.87,-2.5
1,1548296460981,8.96,1.85,-2.44
1,1548296460982,9.02,1.87,-2.36
1,1548296460982,9.06,1.85,-2.32
1,1548296460983,9.12,1.87,-2.24
1,1548296461050,9.29,1.89,-2.18
1,1548296461050,9.41,1.95,-2.05
1,1548296461051,9.55,2.01,-1.91
1,1548296461051,9.74,1.99,-1.77
1,1548296461054,10.19,1.85,-1.52
1,1548296461055,10.39,1.77,-1.54
1,1548296461055,10.5,1.64,-1.48
1,1548296461055,10.52,1.71,-1.32
1,1548296461124,10.15,1.95,-0.74
1,1548296461125,9.96,2.28,-0.62
1,1548296461125,9.76,2.67,-0.62
1,1548296461125,9.68,3.06,-0.62
1,1548296461139,9.41,3.63,-0.29
1,1548296461139,9.14,3.9,0.07
1,1548296461139,8.67,4.17,0.95
1,1548296461139,8.08,4.49,2.16
1,1548296461199,10.58,6.15,7.79
1,1548296461199,11.01,6.89,6.15
1,1548296461205,11.66,6.95,4.82
1,1548296461206,12.57,6.6,1.21
1,1548296461206,12.44,5.8,-0.29
1,1548296461206,11.3,4.76,0.21
1,1548296461206,10.66,4.51,0.19
1,1548296461275,10.41,4.29,0.21
1,1548296461276,10.13,4.0,0.35
1,1548296461277,8.8,3.43,0.72
1,1548296461289,9.49,3.65,0.05
1,1548296461290,9.94,3.86,-0.29
1,1548296461290,9.98,3.8,-0.64
1,1548296461290,9.7,3.0,-0.62
1,1548296461290,9.76,2.67,-0.68
1,1548296461348,9.8,2.5,-0.93
1,1548296461349,9.88,2.36,-1.05
1,1548296461356,9.64,2.22,-1.32
1,1548296461357,9.66,2.14,-1.38
1,1548296461357,9.62,2.14,-1.56
1,1548296461357,9.51,2.18,-1.62
1,1548296461358,9.29,2.2,-1.28
1,1548296461358,8.96,2.14,-1.46
1,1548296461425,8.86,2.14,-1.4
1,1548296461426,8.75,2.08,-1.87
1,1548296461427,9.14,1.95,-3.73
1,1548296461428,8.69,1.87,-1.89
1,1548296461428,8.69,1.89,-2.26
1,1548296461429,8.63,1.91,-2.2
1,1548296461430,8.59,1.87,-2.34
1,1548296461500,8.59,1.89,-2.44
1,1548296461501,8.65,1.89,-2.53
1,1548296461501,8.67,1.89,-2.59
1,1548296461502,8.73,1.87,-2.61
1,1548296461502,8.82,1.87,-2.61
1,1548296461502,8.86,1.87,-2.59
1,1548296461503,8.9,1.87,-2.63
1,1548296461503,8.98,1.83,-2.65
1,1548296461574,9.12,1.73,-2.69
1,1548296461576,9.14,1.69,-2.67
1,1548296461577,9.16,1.64,-2.59
1,1548296461578,9.21,1.62,-2.5
1,1548296461578,9.19,1.64,-2.26
1,1548296461579,9.1,1.62,-2.03
1,1548296461579,9.02,1.5,-1.73
1,1548296461648,9.02,1.42,-1.5
1,1548296461650,9.06,1.21,-1.46
1,1548296461651,9.12,0.91,-1.66
1,1548296461651,9.1,0.93,-1.73
1,1548296461652,9.12,0.99,-1.83
1,1548296461652,9.08,1.23,-1.91
1,1548296461653,9.06,1.79,-2.03
1,1548296461653,9.04,1.87,-2.05
1,1548296461723,9.08,1.91,-2.01
1,1548296461724,9.06,2.05,-1.91
1,1548296461724,9.19,2.28,-1.95
1,1548296461725,9.33,2.28,-1.99
1,1548296461725,9.41,2.32,-2.03
1,1548296461725,9.49,2.3,-2.03
1,1548296461726,9.68,2.22,-1.99
1,1548296461799,9.72,2.24,-1.85
1,1548296461799,9.72,2.28,-1.83
1,1548296461800,9.72,2.34,-1.71
1,1548296461801,9.74,2.32,-1.64
1,1548296461802,9.66,2.5,-1.5
1,1548296461803,9.66,2.67,-1.48
1,1548296461803,9.64,2.83,-1.5
1,1548296461804,9.57,2.96,-1.67
1,1548296461874,9.57,3.39,-1.75
1,1548296461874,9.53,3.69,-1.6
1,1548296461874,9.49,3.9,-1.36
1,1548296461875,9.43,4.04,-1.23
1,1548296461875,9.35,3.98,-1.03
1,1548296461894,9.43,3.71,-0.7
1,1548296461895,9.58,3.22,-0.58
1,1548296461949,9.33,2.83,0.21
1,1548296461950,10.44,2.5,2.2
1,1548296461950,10.72,2.77,5.33
1,1548296461950,11.71,3.35,7.79
1,1548296461950,12.71,4.6,2.98
1,1548296461951,12.83,4.35,1.81
1,1548296461951,12.16,3.2,0.91
1,1548296461960,11.36,2.34,0.46
1,1548296462024,10.66,1.95,0.35
1,1548296462028,10.13,1.89,-0.31
1,1548296462029,9.31,1.87,0.7
1,1548296462029,9.04,1.87,1.17
1,1548296462029,9.33,2.4,0.05
1,1548296462029,9.66,2.69,-0.31
1,1548296462029,10.03,2.22,-0.66
1,1548296462030,10.01,1.91,-0.66
1,1548296462098,9.98,1.85,-0.68
1,1548296462099,9.92,1.87,-0.68
1,1548296462100,9.84,1.83,-0.66
1,1548296462112,9.78,1.75,-0.66
1,1548296462113,9.68,1.62,-0.87
1,1548296462113,9.68,1.56,-0.87
1,1548296462113,9.6,1.62,-1.13
1,1548296462174,9.58,1.77,-1.26
1,1548296462174,9.55,1.85,-1.3
1,1548296462174,9.53,1.87,-1.36
1,1548296462179,9.53,1.87,-1.46
1,1548296462179,9.55,1.85,-1.54
1,1548296462179,9.55,1.87,-1.26
1,1548296462180,9.55,1.87,-1.36
1,1548296462180,9.39,1.87,-1.4
1,1548296462250,9.16,1.87,-2.01
1,1548296462251,9.84,1.83,-3.26
1,1548296462264,9.41,1.89,-2.55
1,1548296462264,9.33,1.85,-2.18
1,1548296462264,9.25,1.85,-2.3
1,1548296462265,9.14,1.85,-2.36
1,1548296462265,9.06,1.85,-2.42
1,1548296462324,8.96,1.85,-2.42
1,1548296462331,8.84,1.85,-2.38
1,1548296462331,8.75,1.85,-2.34
1,1548296462331,8.67,1.87,-2.28
1,1548296462332,8.63,1.85,-2.26
1,1548296462332,8.61,1.87,-2.18
1,1548296462332,8.65,1.85,-2.14
1,1548296462332,8.69,1.83,-2.07
1,1548296462399,8.75,1.87,-1.99
1,1548296462400,8.84,1.87,-1.95
1,1548296462401,8.92,1.85,-1.91
1,1548296462401,9.02,1.87,-1.95
1,1548296462401,9.08,1.85,-1.85
1,1548296462402,9.1,1.87,-1.83
1,1548296462402,9.21,1.87,-1.77
1,1548296462476,9.31,1.85,-1.73
1,1548296462477,9.33,1.85,-1.73
1,1548296462477,9.41,1.87,-1.69
1,1548296462477,9.37,1.83,-1.56
1,1548296462477,9.43,1.83,-1.48
1,1548296462478,9.49,1.83,-1.48
1,1548296462478,9.58,1.85,-1.5
1,1548296462478,9.6,1.87,-1.44
1,1548296462550,9.64,1.85,-1.44
1,1548296462551,9.66,1.87,-1.42
1,1548296462552,9.68,1.87,-1.44
1,1548296462552,9.86,1.87,-1.4
1,1548296462552,9.86,1.87,-1.42
1,1548296462553,9.84,1.89,-1.32
1,1548296462553,9.9,1.93,-1.25
1,1548296462624,9.86,2.01,-1.19
1,1548296462624,9.8,2.08,-1.11
1,1548296462625,9.8,2.1,-1.11
1,1548296462625,9.8,2.16,-1.07
1,1548296462625,9.86,2.22,-1.01
1,1548296462632,9.96,2.26,-0.97
1,1548296462632,10.0,2.3,-0.82
1,1548296462633,10.09,2.3,-0.66
1,1548296462699,10.23,2.36,-0.52
1,1548296462717,10.31,1.95,-0.05
1,1548296462718,10.05,1.67,0.0
1,1548296462718,9.9,1.38,0.01
1,1548296462719,9.66,1.54,0.37
1,1548296462719,9.23,1.83,1.48
1,1548296462719,8.94,1.89,2.44
1,1548296462773,11.19,2.16,7.12
1,1548296462784,11.4,2.59,1.79
1,1548296462784,11.03,3.28,1.09
1,1548296462785,10.44,2.87,0.68
1,1548296462785,10.01,2.32,0.17
1,1548296462785,9.82,1.95,0.03
1,1548296462785,9.47,2.03,-0.5
1,1548296462785,9.25,2.28,-0.5
1,1548296462848,9.06,2.65,-0.44
1,1548296462849,9.19,3.06,-0.58
1,1548296462849,9.76,3.18,-0.7
1,1548296462868,9.76,2.85,-0.72
1,1548296462868,9.8,2.22,-0.68
1,1548296462868,9.88,1.85,-0.74
1,1548296462869,9.98,1.83,-0.91
1,1548296462869,10.03,1.87,-1.07
1,1548296462923,9.96,1.91,-1.11
1,1548296462935,9.9,1.95,-1.15
1,1548296462936,9.92,1.99,-1.21
1,1548296462936,10.09,1.99,-1.38
1,1548296462936,10.13,1.97,-1.44
1,1548296462936,10.15,1.91,-1.5
1,1548296462936,10.13,1.87,-1.67
1,1548296462999,10.27,1.85,-1.34
1,1548296463000,10.07,1.79,-1.44
1,1548296463000,10.37,1.73,-1.56
1,1548296463001,9.84,1.64,-1.83
1,1548296463001,10.05,1.56,-1.69
1,1548296463002,10.37,1.48,-2.44
1,1548296463002,10.31,1.42,-2.24
1,1548296463002,10.03,1.28,-2.26
1,1548296463074,9.29,0.99,-2.42
1,1548296463075,8.96,0.85,-2.5
1,1548296463076,8.71,0.83,-2.57
1,1548296463076,8.49,0.93,-2.67
1,1548296463077,8.32,1.01,-2.67
1,1548296463077,8.12,1.32,-2.57
1,1548296463078,8.08,1.38,-2.48
1,1548296463148,8.06,1.42,-2.38
1,1548296463148,8.08,1.46,-2.34
1,1548296463149,8.22,1.64,-2.44
1,1548296463162,8.26,1.67,-2.5
1,1548296463162,8.32,1.75,-2.5
1,1548296463163,8.49,1.81,-2.48
1,1548296463163,8.67,1.75,-2.1
1,1548296463163,8.86,1.62,-1.87
1,1548296463224,9.04,1.48,-1.66
1,1548296463224,9.25,1.46,-1.46
1,1548296463224,9.43,1.46,-1.13
1,1548296463225,9.47,1.5,-1.07
1,1548296463238,9.55,1.56,-0.85
1,1548296463239,9.62,1.58,-0.82
1,1548296463240,9.62,1.75,-0.74
1,1548296463298,9.68,1.85,-0.68
1,1548296463305,9.7,1.85,-0.62
1,1548296463305,9.7,1.89,-0.6
1,1548296463306,9.66,1.89,-0.6
1,1548296463306,9.9,2.14,-0.58
1,1548296463306,9.92,2.28,-0.6
1,1548296463307,9.96,2.42,-0.58
1,1548296463307,9.84,2.51,-0.46
1,1548296463384,9.92,2.63,-0.05
1,1548296463384,10.13,2.89,-0.01
1,1548296463385,10.29,3.1,0.21
1,1548296463385,10.21,3.12,0.64
1,1548296463385,11.03,4.06,0.54
1,1548296463385,11.11,4.31,0.23
1,1548296463385,10.91,4.39,0.03
1,1548296463464,10.48,4.33,-0.09
1,1548296463465,10.15,3.92,-0.21
1,1548296463465,9.92,3.59,-0.07
1,1548296463465,9.78,3.16,-0.13
1,1548296463465,9.88,2.81,-0.21
1,1548296463465,9.78,2.51,-0.31
1,1548296463465,9.72,2.4,-0.17
1,1548296463466,9.74,2.2,-0.19
1,1548296463546,9.78,2.03,-0.21
1,1548296463546,9.76,1.93,-0.33
1,1548296463546,9.82,1.85,-0.42
1,1548296463547,9.84,1.79,-0.42
1,1548296463547,9.86,1.79,-0.46
1,1548296463547,9.94,1.85,-0.54
1,1548296463547,10.0,1.89,-0.62
1,1548296463607,10.05,1.99,-0.66
1,1548296463607,10.07,2.05,-0.68
1,1548296463607,10.07,2.03,-0.76
1,1548296463607,10.05,1.95,-0.99
1,1548296463608,10.03,1.89,-1.05
1,1548296463608,9.96,1.87,-1.13
1,1548296463608,9.92,1.85,-1.15
1,1548296463608,9.8,1.81,-1.23
1,1548296463688,9.74,1.79,-1.56
1,1548296463689,9.64,1.81,-1.32
1,1548296463689,9.57,1.81,-1.4
1,1548296463689,9.41,1.81,-1.5
1,1548296463689,9.29,1.79,-1.52
1,1548296463689,9.23,1.81,-1.58
1,1548296463690,9.12,1.79,-1.66
1,1548296463690,9.06,1.81,-1.73
1,1548296463773,8.98,1.77,-1.77
1,1548296463774,8.92,1.73,-1.83
1,1548296463774,8.9,1.71,-1.89
1,1548296463774,8.86,1.66,-1.85
1,1548296463774,8.86,1.58,-2.03
1,1548296463774,8.84,1.58,-2.12
1,1548296463775,8.75,1.62,-2.12
1,1548296463858,8.69,1.66,-2.18
1,1548296463859,8.73,1.77,-2.24
1,1548296463859,8.75,1.81,-2.28
1,1548296463859,8.75,1.81,-2.32
1,1548296463859,8.78,1.83,-2.28
1,1548296463860,8.84,1.71,-2.24
1,1548296463860,8.88,1.67,-2.22
1,1548296463860,8.94,1.67,-2.16
1,1548296463903,9.02,1.62,-2.12
1,1548296463903,9.16,1.6,-1.95
1,1548296463903,9.25,1.62,-1.91
1,1548296463903,9.39,1.66,-1.83
1,1548296463903,9.49,1.73,-1.79
1,1548296463904,9.6,1.73,-1.81
1,1548296463904,9.8,1.79,-1.79
1,1548296463975,9.84,1.79,-1.79
1,1548296463975,9.82,1.71,-1.75
1,1548296463976,9.78,1.67,-1.69
1,1548296463991,9.76,1.56,-1.52
1,1548296463991,9.7,1.58,-1.4
1,1548296463991,9.7,1.66,-1.4
1,1548296463992,9.62,1.75,-1.28
1,1548296463992,9.55,1.87,-1.19
1,1548296464049,9.47,1.87,-1.09
1,1548296464050,9.45,1.99,-1.05
1,1548296464051,9.47,2.1,-0.99
1,1548296464052,9.62,2.32,-0.8
1,1548296464052,9.68,2.26,-0.7
1,1548296464052,9.76,2.22,-0.64
1,1548296464053,9.76,2.1,-0.5
1,1548296464124,9.84,2.01,-0.19
1,1548296464125,9.96,2.18,0.72
1,1548296464125,10.35,2.48,2.48
1,1548296464125,11.87,2.89,8.69
1,1548296464126,13.22,3.02,10.25
1,1548296464126,13.86,2.89,4.92
1,1548296464126,12.79,1.97,2.53
1,1548296464127,11.81,1.05,0.33
1,1548296464200,10.76,0.8,0.85
1,1548296464201,9.82,1.95,0.27
1,1548296464201,9.27,2.48,0.44
1,1548296464201,8.61,2.92,0.93
1,1548296464201,8.76,3.04,0.85
1,1548296464202,9.94,3.12,0.03
1,1548296464202,10.25,3.16,-0.52
1,1548296464273,10.42,3.08,-0.72
1,1548296464274,10.39,2.71,-0.99
1,1548296464274,10.33,2.12,-1.25
1,1548296464275,10.25,2.01,-1.23
1,1548296464278,10.13,1.89,-1.07
1,1548296464278,9.94,1.85,-0.87
1,1548296464279,9.7,1.58,-0.87
1,1548296464279,9.64,1.48,-0.93
1,1548296464349,9.6,1.52,-1.01
1,1548296464350,9.53,1.64,-1.09
1,1548296464351,9.49,1.77,-1.13
1,1548296464351,9.43,1.87,-1.28
1,1548296464352,9.45,1.87,-1.32
1,1548296464352,9.49,1.85,-1.36
1,1548296464352,9.53,1.85,-1.44
1,1548296464353,9.53,1.85,-1.64
1,1548296464423,9.51,1.83,-1.64
1,1548296464428,9.45,1.85,-1.36
1,1548296464432,9.23,1.81,-1.34
1,1548296464432,9.02,1.73,-1.79
1,1548296464432,9.88,1.79,-3.96
1,1548296464433,9.1,1.71,-1.91
1,1548296464433,9.08,1.75,-2.28
1,1548296464499,8.84,1.73,-2.34
1,1548296464500,8.76,1.75,-2.28
1,1548296464500,8.69,1.79,-2.32
1,1548296464512,8.65,1.83,-2.32
1,1548296464512,8.57,1.83,-2.3
1,1548296464512,8.51,1.83,-2.28
1,1548296464513,8.55,1.83,-2.3
1,1548296464513,8.59,1.79,-2.3
1,1548296464575,8.67,1.85,-2.34
1,1548296464575,8.78,1.85,-2.3
1,1548296464575,8.86,1.87,-2.28
1,1548296464576,8.92,1.85,-2.32
1,1548296464576,8.98,1.87,-2.34
1,1548296464576,9.1,1.87,-2.34
1,1548296464577,9.12,1.91,-2.3
1,1548296464651,9.21,1.91,-2.24
1,1548296464652,9.27,1.91,-2.18
1,1548296464652,9.39,1.89,-2.2
1,1548296464652,9.47,1.87,-2.16
1,1548296464653,9.39,1.85,-2.05
1,1548296464653,9.33,1.85,-1.91
1,1548296464653,9.37,1.87,-1.85
1,1548296464654,9.43,1.87,-1.81
1,1548296464725,9.43,1.87,-1.81
1,1548296464726,9.43,1.93,-1.77
1,1548296464726,9.49,1.95,-1.75
1,1548296464726,9.58,1.91,-1.79
1,1548296464727,9.66,1.93,-1.71
1,1548296464727,9.62,1.99,-1.69
1,1548296464727,9.57,2.14,-1.54
1,1548296464800,9.58,2.22,-1.54
1,1548296464815,9.64,2.26,-1.46
1,1548296464815,9.62,2.28,-1.4
1,1548296464815,9.64,2.24,-1.25
1,1548296464816,9.76,2.14,-1.09
1,1548296464816,9.76,2.12,-0.93
1,1548296464816,9.62,2.07,-0.58
1,1548296464816,9.51,1.95,-0.52
1,1548296464873,10.17,2.59,1.01
1,1548296464874,10.58,2.79,2.85
1,1548296464875,12.73,3.94,9.62
1,1548296464876,13.14,5.05,6.91
1,1548296464876,12.57,5.42,2.22
1,1548296464877,11.56,3.88,1.26
1,1548296464878,10.95,2.42,0.6
1,1548296464948,10.56,1.81,-0.07
1,1548296464949,9.8,2.28,-0.33
1,1548296464949,9.12,2.91,0.37
1,1548296464965,8.51,3.33,0.35
1,1548296464965,8.86,3.59,0.09
1,1548296464966,10.21,3.94,-0.72
1,1548296464966,10.23,4.02,-1.07
1,1548296464966,10.0,3.86,-1.42
1,1548296465024,9.9,3.33,-2.01
1,1548296465024,9.94,2.81,-1.6
1,1548296465032,9.8,2.69,-1.42
1,1548296465032,9.57,2.51,-1.26
1,1548296465033,9.31,2.28,-1.26
1,1548296465033,9.21,2.08,-1.26
1,1548296465033,9.19,1.87,-1.42
1,1548296465100,9.19,1.87,-1.48
1,1548296465100,9.16,1.93,-1.52
1,1548296465101,9.14,2.01,-1.58
1,1548296465102,9.19,2.14,-1.58
1,1548296465102,9.17,2.18,-1.26
1,1548296465103,9.14,2.12,-1.3
1,1548296465103,8.8,2.05,-1.19
1,1548296465103,9.23,2.01,-1.69
1,1548296465174,9.74,1.91,-3.9
1,1548296465183,9.37,2.05,-1.58
1,1548296465184,9.33,1.97,-2.3
1,1548296465184,9.27,1.87,-2.3
1,1548296465184,9.25,1.85,-2.36
1,1548296465184,9.19,1.85,-2.42
1,1548296465184,9.14,1.83,-2.46
1,1548296465185,8.96,1.81,-2.46
1,1548296465265,8.92,1.77,-2.48
1,1548296465265,8.9,1.71,-2.51
1,1548296465266,8.88,1.73,-2.48
1,1548296465266,8.9,1.73,-2.51
1,1548296465266,8.88,1.71,-2.53
1,1548296465266,8.94,1.71,-2.57
1,1548296465266,8.96,1.69,-2.59
1,1548296465332,8.92,1.69,-2.55
1,1548296465333,8.92,1.71,-2.42
1,1548296465333,8.88,1.69,-2.4
1,1548296465333,8.86,1.67,-2.36
1,1548296465334,8.9,1.67,-2.3
1,1548296465334,9.0,1.58,-2.28
1,1548296465334,9.08,1.5,-2.3
1,1548296465335,9.14,1.44,-2.28
1,1548296465400,9.16,1.4,-2.24
1,1548296465400,9.16,1.54,-2.08
1,1548296465401,9.14,1.66,-2.05
1,1548296465416,9.12,1.73,-1.93
1,1548296465417,9.29,1.81,-1.87
1,1548296465417,9.43,1.85,-1.85
1,1548296465417,9.45,1.85,-1.73
1,1548296465484,9.47,1.87,-1.64
1,1548296465484,9.49,1.87,-1.56
1,1548296465485,9.51,1.87,-1.46
1,1548296465485,9.6,1.87,-1.3
1,1548296465485,9.66,1.89,-1.25
1,1548296465485,9.72,1.93,-1.15
1,1548296465485,9.76,1.95,-1.07
1,1548296465486,9.78,1.99,-0.91
1,1548296465549,9.88,1.97,-0.83
1,1548296465549,10.0,2.07,-0.76
1,1548296465550,10.11,2.14,-0.74
1,1548296465550,10.05,2.2,-0.64
1,1548296465550,10.03,2.38,-0.48
1,1548296465569,10.01,2.18,-0.15
1,1548296465569,10.03,2.22,0.03
1,1548296465624,10.11,2.67,2.18
1,1548296465624,10.85,3.1,5.83
1,1548296465625,12.38,3.76,8.24
1,1548296465625,12.61,4.94,3.47
1,1548296465625,11.54,4.37,2.2
1,1548296465626,11.03,3.26,1.42
1,1548296465636,10.56,2.4,1.09
1,1548296465637,10.15,2.08,0.87
1,1548296465699,9.04,2.51,1.21
1,1548296465699,8.73,2.91,1.6
1,1548296465699,8.65,3.43,1.36
1,1548296465699,9.16,4.06,0.91
1,1548296465700,9.82,4.55,0.39
1,1548296465703,10.46,4.51,-0.54
1,1548296465704,10.42,3.88,-0.62
1,1548296465775,10.37,3.18,-0.62
1,1548296465775,10.37,2.63,-0.68
1,1548296465776,10.46,2.18,-0.7
1,1548296465776,10.33,2.07,-0.72
1,1548296465777,10.19,1.93,-0.72
1,1548296465777,10.11,1.89,-0.89
1,1548296465848,9.98,1.85,-1.42
1,1548296465848,9.92,1.85,-1.54
1,1548296465849,9.84,1.85,-1.6
1,1548296465854,9.76,1.87,-1.66
1,1548296465855,9.49,1.87,-1.62
1,1548296465855,9.41,1.89,-1.38
1,1548296465855,9.08,1.85,-1.4
1,1548296465855,9.39,1.97,-1.32
1,1548296465923,8.76,1.77,-1.87
1,1548296465924,9.04,1.87,-1.83
1,1548296465939,8.96,1.75,-2.71
1,1548296465940,8.9,1.75,-2.53
1,1548296465940,8.78,1.77,-2.57
1,1548296465940,8.65,1.79,-2.53
1,1548296465940,8.59,1.79,-2.53
1,1548296465941,8.53,1.77,-2.51
1,1548296465999,8.49,1.77,-2.51
1,1548296465999,8.39,1.62,-2.48
1,1548296465999,8.47,1.52,-2.42
1,1548296466000,8.51,1.38,-2.46
1,1548296466000,8.63,1.3,-2.4
1,1548296466006,8.59,1.26,-2.28
1,1548296466007,8.61,1.32,-2.2
1,1548296466007,8.67,1.44,-2.2
1,1548296466088,8.82,1.48,-2.12
1,1548296466088,8.96,1.5,-2.1
1,1548296466088,8.98,1.5,-2.07
1,1548296466088,8.98,1.5,-2.03
1,1548296466089,8.96,1.52,-1.91
1,1548296466089,9.04,1.64,-1.64
1,1548296466089,9.21,1.69,-1.6
1,1548296466089,9.33,1.77,-1.58
1,1548296466147,9.39,1.81,-1.54
1,1548296466148,9.45,1.83,-1.54
1,1548296466150,9.64,1.85,-1.52
1,1548296466151,9.76,1.87,-1.52
1,1548296466151,9.8,1.87,-1.5
1,1548296466152,9.86,1.87,-1.46
1,1548296466152,9.92,1.91,-1.28
1,1548296466153,9.94,1.91,-1.23
1,1548296466224,9.9,1.91,-1.13
1,1548296466225,9.9,1.93,-1.05
1,1548296466226,9.98,2.03,-0.89
1,1548296466226,9.94,2.1,-0.83
1,1548296466228,9.96,2.18,-0.7
1,1548296466228,9.94,2.26,-0.66
1,1548296466228,10.03,2.44,-0.62
1,1548296466298,10.11,2.44,-0.37
1,1548296466299,10.19,2.16,0.05
1,1548296466299,10.21,2.01,0.58
1,1548296466299,11.05,1.67,3.73
1,1548296466300,11.79,2.71,11.25
1,1548296466309,13.33,4.12,5.5
1,1548296466309,13.69,6.21,3.61
1,1548296466310,12.85,6.75,3.3
1,1548296466374,10.6,4.78,0.56
1,1548296466374,9.74,3.98,0.58
1,1548296466375,9.06,3.73,0.37
1,1548296466392,8.47,3.84,0.56
1,1548296466392,8.02,4.02,0.83
1,1548296466392,7.59,4.08,0.76
1,1548296466392,7.69,4.27,0.23
1,1548296466449,8.3,4.57,-0.39
1,1548296466449,9.8,4.74,-0.85
1,1548296466459,9.96,4.57,-0.97
1,1548296466460,9.98,4.43,-1.05
1,1548296466460,9.96,4.27,-1.01
1,1548296466460,10.27,3.94,-0.97
1,1548296466460,10.37,3.57,-0.83
1,1548296466460,10.33,3.14,-0.78
1,1548296466523,10.27,2.61,-0.68
1,1548296466523,10.23,1.93,-0.72
1,1548296466524,10.19,1.85,-0.74
1,1548296466524,10.17,1.87,-0.78
1,1548296466526,10.13,1.85,-0.85
1,1548296466527,10.07,1.87,-0.99
1,1548296466527,9.94,1.93,-1.26
1,1548296466598,9.84,1.89,-1.48
1,1548296466598,9.78,1.87,-1.66
1,1548296466598,9.72,1.87,-1.79
1,1548296466610,9.55,1.87,-1.48
1,1548296466611,9.14,1.87,-1.26
1,1548296466611,9.23,2.01,-1.81
1,1548296466611,9.57,1.83,-4.39
1,1548296466611,9.06,1.67,-2.08
1,1548296466676,8.9,1.54,-2.3
1,1548296466677,8.71,1.42,-2.4
1,1548296466677,8.53,1.3,-2.67
1,1548296466677,8.26,1.42,-2.96
1,1548296466678,8.14,1.64,-2.91
1,1548296466678,8.12,1.83,-2.87
1,1548296466678,8.12,1.87,-2.65
1,1548296466678,8.08,1.85,-2.53
1,1548296466749,8.06,1.67,-2.3
1,1548296466751,8.04,1.46,-2.3
1,1548296466751,8.1,1.3,-2.36
1,1548296466751,8.24,1.19,-2.44
1,1548296466752,8.63,1.21,-2.32
1,1548296466752,8.75,1.17,-2.26
1,1548296466752,8.9,1.13,-2.24
1,1548296466825,9.02,1.09,-2.24
1,1548296466826,9.17,1.05,-2.18
1,1548296466826,9.25,1.17,-2.16
1,1548296466826,9.35,1.28,-2.12
1,1548296466827,9.45,1.42,-2.05
1,1548296466827,9.66,1.52,-2.08
1,1548296466827,9.7,1.62,-2.1
1,1548296466828,9.74,1.66,-2.1
1,1548296466899,9.64,1.79,-2.07
1,1548296466914,9.62,1.95,-1.93
1,1548296466914,9.62,2.05,-1.93
1,1548296466914,9.66,2.08,-2.03
1,1548296466915,9.82,2.01,-2.4
1,1548296466915,10.7,1.97,-3.12
1,1548296466915,11.26,2.22,-3.41
1,1548296466973,11.69,3.02,-3.08
1,1548296466973,11.48,4.14,-2.48
1,1548296466974,10.93,5.11,-1.81
1,1548296466980,10.15,5.64,-1.3
1,1548296466981,10.07,5.31,-0.83
1,1548296466981,9.88,4.88,-0.5
1,1548296466981,9.49,4.47,-0.09
1,1548296466981,8.43,2.63,1.03
1,1548296467050,6.09,1.64,7.83
1,1548296467051,7.73,0.05,20.93
1,1548296467051,7.65,2.22,8.26
1,1548296467051,8.9,4.23,8.75
1,1548296467052,11.01,4.49,3.08
1,1548296467052,11.97,4.98,2.07
1,1548296467064,12.18,6.5,-1.38
1,1548296467123,9.37,9.74,-0.48
1,1548296467124,8.12,10.09,0.01
1,1548296467133,7.79,9.06,0.44
1,1548296467133,7.59,7.34,1.03
1,1548296467134,6.69,4.41,2.4
1,1548296467134,6.4,3.94,2.26
1,1548296467135,6.91,3.88,1.93
1,1548296467135,7.42,3.92,1.46
1,1548296467199,7.67,3.78,1.23
1,1548296467216,7.53,4.41,0.5
1,1548296467216,8.04,4.72,0.19
1,1548296467216,8.32,5.11,-0.03
1,1548296467217,8.35,5.62,-0.15
1,1548296467217,8.39,6.09,-0.39
1,1548296467217,8.45,5.89,-0.46
1,1548296467273,8.43,5.54,-0.52
1,1548296467273,8.43,5.17,-0.5
1,1548296467283,8.22,4.74,-0.33
1,1548296467283,8.1,4.64,-0.25
1,1548296467283,7.98,4.57,-0.27
1,1548296467283,8.02,4.51,-0.33
1,1548296467284,8.12,4.23,-0.58
1,1548296467284,8.35,4.0,-0.72
1,1548296467353,8.61,3.73,-0.99
1,1548296467353,8.69,3.65,-1.13
1,1548296467353,8.65,3.73,-0.99
1,1548296467354,8.51,4.16,-1.15
1,1548296467354,8.47,4.25,-1.28
1,1548296467354,8.45,4.23,-1.46
1,1548296467354,8.43,4.02,-1.62
1,1548296467354,8.39,3.32,-1.44
1,1548296467423,8.63,2.94,-1.69
1,1548296467423,9.12,2.55,-4.43
1,1548296467423,8.61,2.48,-4.19
1,1548296467424,8.63,3.73,-2.98
1,1548296467435,8.53,3.94,-2.79
1,1548296467435,8.43,3.98,-2.48
1,1548296467435,8.37,3.82,-2.18
1,1548296467505,8.47,2.91,-1.95
1,1548296467506,8.55,2.44,-1.89
1,1548296467506,8.61,2.24,-1.73
1,1548296467506,8.65,2.18,-1.75
1,1548296467506,8.84,2.34,-1.69
1,1548296467507,8.84,2.42,-1.67
1,1548296467507,8.82,2.48,-1.54
1,1548296467507,8.76,2.5,-1.44
1,1548296467575,8.84,2.42,-1.32
1,1548296467576,8.86,2.3,-1.19
1,1548296467576,8.86,2.2,-1.09
1,1548296467576,8.82,2.12,-0.99
1,1548296467576,8.76,2.07,-0.91
1,1548296467577,8.8,2.05,-0.85
1,1548296467577,8.82,2.07,-0.83
1,1548296467662,8.96,2.1,-0.8
1,1548296467663,9.06,2.2,-0.74
1,1548296467663,9.06,2.48,-0.64
1,1548296467663,9.27,2.53,-0.62
1,1548296467664,9.37,2.67,-0.62
1,1548296467664,9.41,2.79,-0.6
1,1548296467665,9.66,2.94,-0.54
1,1548296467665,9.76,3.08,-0.52
1,1548296467727,9.74,3.16,-0.46
1,1548296467728,9.76,3.14,-0.41
1,1548296467729,9.92,3.33,-0.31
1,1548296467729,9.88,3.51,-0.23
1,1548296467730,9.8,3.67,-0.11
1,1548296467730,9.55,3.78,0.31
1,1548296467731,9.64,4.06,0.93
1,1548296467798,6.99,5.89,6.54
1,1548296467798,8.71,7.01,19.35
1,1548296467799,8.75,9.33,8.41
1,1548296467799,9.39,10.76,9.04
1,1548296467799,10.42,10.54,2.18
1,1548296467808,12.3,9.37,-1.91
1,1548296467808,11.97,8.0,-1.11
1,1548296467808,11.13,7.67,-0.83
1,1548296467886,9.25,7.83,-0.29
1,1548296467887,9.47,7.3,0.5
1,1548296467887,8.65,6.23,0.89
1,1548296467887,8.04,5.33,1.42
1,1548296467887,8.22,3.88,1.32
1,1548296467888,8.45,3.33,1.26
1,1548296467888,8.41,3.02,1.25
1,1548296467948,8.47,3.14,1.05
1,1548296467959,8.82,4.21,0.17
1,1548296467960,8.98,4.64,-0.19
1,1548296467960,9.02,4.8,-0.42
1,1548296467960,9.04,4.72,-0.56
1,1548296467960,9.1,4.57,-0.62
1,1548296467960,9.23,4.31,-0.66
1,1548296467961,9.14,4.27,-0.74
1,1548296468026,9.02,4.23,-0.82
1,1548296468027,8.88,4.14,-0.78
1,1548296468027,8.67,3.92,-0.78
1,1548296468027,8.55,3.84,-0.87
1,1548296468028,8.43,3.73,-0.85
1,1548296468098,8.43,3.57,-0.95
1,1548296468100,8.47,3.39,-1.17
1,1548296468101,8.43,3.39,-1.26
1,1548296468101,8.43,3.41,-1.3
1,1548296468102,8.33,3.41,-1.15
1,1548296468102,8.39,3.35,-1.77
1,1548296468103,8.28,3.16,-3.22
1,1548296468103,8.12,3.2,-2.07
1,1548296468178,8.0,2.94,-2.44
1,1548296468178,7.75,2.69,-2.42
1,1548296468178,7.69,2.65,-2.48
1,1548296468179,7.63,2.65,-2.46
1,1548296468179,7.57,2.63,-2.53
1,1548296468179,7.57,2.61,-2.57
1,1548296468179,7.57,2.65,-2.55
1,1548296468180,7.57,2.69,-2.53
1,1548296468249,7.55,2.69,-2.51
1,1548296468251,7.69,2.75,-2.44
1,1548296468251,7.77,2.71,-2.42
1,1548296468252,7.91,2.67,-2.44
1,1548296468252,8.0,2.63,-2.5
1,1548296468253,8.18,2.65,-2.5
1,1548296468253,8.32,2.71,-2.51
1,1548296468253,8.45,2.79,-2.55
1,1548296468329,8.61,2.87,-2.65
1,1548296468329,8.8,3.06,-2.79
1,1548296468329,8.9,3.18,-2.77
1,1548296468329,8.96,3.3,-2.79
1,1548296468330,9.02,3.37,-2.81
1,1548296468330,8.96,3.71,-2.81
1,1548296468330,8.96,3.88,-2.91
1,1548296468330,8.9,4.06,-2.89
1,1548296468398,8.8,4.06,-2.94
1,1548296468399,8.76,4.04,-2.91
1,1548296468399,8.55,3.96,-2.83
1,1548296468413,8.49,3.94,-2.87
1,1548296468413,8.45,4.04,-2.98
1,1548296468413,8.37,4.14,-3.04
1,1548296468414,8.37,4.76,-2.89
1,1548296468480,8.33,5.56,-2.98
1,1548296468481,8.43,6.73,-2.12
1,1548296468481,8.59,6.58,0.74
1,1548296468481,6.95,13.2,21.48
1,1548296468481,10.33,19.62,10.62
1,1548296468482,10.37,20.82,7.83
1,1548296468482,9.92,17.3,1.75
1,1548296468482,13.9,6.44,-2.92
1,1548296468549,15.31,4.29,-8.51
1,1548296468549,12.3,4.58,-2.71
1,1548296468550,10.07,5.05,-1.44
1,1548296468550,6.36,4.9,-0.44
1,1548296468551,5.89,4.74,1.3
1,1548296468551,7.1,4.12,8.9
1,1548296468551,8.61,4.64,0.95
1,1548296468631,8.75,4.68,1.66
1,1548296468631,8.71,4.84,0.19
1,1548296468632,9.23,4.8,-0.5
1,1548296468632,9.8,4.58,-0.8
1,1548296468632,10.01,4.41,-1.03
1,1548296468632,9.8,4.21,-1.32
1,1548296468632,9.8,4.23,-1.69
1,1548296468632,9.76,4.27,-1.77
1,1548296468699,9.57,4.23,-1.5
1,1548296468699,9.33,4.0,-2.2
1,1548296468700,9.74,3.69,-3.96
1,1548296468700,9.21,3.35,-2.61
1,1548296468700,8.98,2.96,-2.14
1,1548296468701,8.53,2.5,-1.79
1,1548296468715,8.41,2.44,-1.67
1,1548296468774,8.32,2.48,-1.71
1,1548296468774,8.24,2.51,-1.79
1,1548296468775,8.08,2.59,-2.12
1,1548296468775,8.06,2.63,-2.32
1,1548296468775,8.06,2.69,-2.46
1,1548296468775,8.06,2.67,-2.63
1,1548296468776,8.18,2.44,-2.87
1,1548296468781,8.26,2.24,-2.91
1,1548296468852,8.26,2.1,-2.96
1,1548296468852,8.2,1.99,-2.94
1,1548296468852,8.22,1.87,-3.0
1,1548296468852,8.16,1.85,-3.1
1,1548296468852,8.1,1.85,-3.12
1,1548296468853,8.04,1.85,-3.16
1,1548296468853,8.02,1.89,-3.08
1,1548296468853,7.98,2.12,-2.94
1,1548296468923,7.92,2.24,-2.85
1,1548296468924,7.89,2.3,-2.81
1,1548296468924,7.92,2.32,-2.69
1,1548296468933,7.96,2.44,-2.48
1,1548296468934,7.98,2.48,-2.42
1,1548296468934,8.12,2.46,-2.32
1,1548296468934,8.26,2.44,-2.28
1,1548296469001,8.53,2.46,-2.22
1,1548296469001,8.67,2.5,-2.24
1,1548296469002,8.78,2.55,-2.16
1,1548296469002,8.92,2.63,-2.05
1,1548296469002,9.16,2.59,-1.99
1,1548296469003,9.25,2.59,-1.87
1,1548296469003,9.37,2.61,-1.89
1,1548296469003,9.45,2.67,-1.87
1,1548296469074,9.51,2.71,-1.83
1,1548296469074,9.49,2.89,-1.81
1,1548296469075,9.39,2.89,-2.03
1,1548296469075,9.37,2.91,-2.14
1,1548296469075,9.43,3.06,-2.2
1,1548296469075,9.49,3.69,-1.6
1,1548296469076,9.29,3.9,-0.93
1,1548296469154,9.41,3.06,1.05
1,1548296469155,9.27,3.65,8.88
1,1548296469155,10.56,13.16,17.42
1,1548296469155,12.18,17.01,11.46
1,1548296469155,12.51,17.5,3.82
1,1548296469156,12.28,15.11,-3.82
1,1548296469156,16.21,5.07,-7.79
1,1548296469157,14.84,2.79,-3.86
1,1548296469225,11.69,2.34,-2.44
1,1548296469226,9.02,3.82,-0.83
1,1548296469226,6.99,6.89,0.39
1,1548296469227,6.87,6.32,5.03
1,1548296469227,8.41,4.78,2.08
1,1548296469227,9.02,3.96,-0.19
1,1548296469227,9.6,3.41,-0.54
1,1548296469302,9.74,3.55,-0.66
1,1548296469302,9.86,4.12,-0.64
1,1548296469303,9.92,4.88,-0.64
1,1548296469303,9.9,5.44,-0.6
1,1548296469303,9.86,5.13,-0.52
1,1548296469303,9.9,4.53,-0.62
1,1548296469303,9.98,3.8,-0.64
1,1548296469304,10.0,3.08,-0.68
1,1548296469373,9.88,2.46,-0.78
1,1548296469373,9.84,2.55,-0.87
1,1548296469374,9.78,2.81,-1.15
1,1548296469385,9.55,2.96,-0.89
1,1548296469386,9.29,2.77,-0.8
1,1548296469386,9.25,2.65,-0.89
1,1548296469386,9.21,2.55,-0.97
1,1548296469454,9.1,2.57,-1.15
1,1548296469454,8.78,2.81,-1.13
1,1548296469454,8.71,2.81,-1.85
1,1548296469454,8.49,2.81,-1.73
1,1548296469455,8.33,2.71,-1.54
1,1548296469455,8.26,2.5,-2.48
1,1548296469455,7.98,2.24,-2.98
1,1548296469455,7.85,2.1,-3.02
1,1548296469523,7.77,2.01,-3.0
1,1548296469524,7.59,1.95,-3.0
1,1548296469524,7.3,1.89,-3.0
1,1548296469525,7.18,1.99,-2.89
1,1548296469525,7.03,2.16,-2.65
1,1548296469525,7.03,2.36,-2.34
1,1548296469537,7.18,2.46,-1.97
1,1548296469604,7.59,2.3,-1.95
1,1548296469604,7.98,2.03,-1.99
1,1548296469604,8.3,1.89,-2.08
1,1548296469605,8.57,1.99,-2.24
1,1548296469605,8.63,2.2,-2.26
1,1548296469605,8.78,2.3,-2.28
1,1548296469605,8.82,2.26,-2.32
1,1548296469605,8.86,1.97,-2.12
1,1548296469673,8.8,1.87,-2.03
1,1548296469673,8.76,1.83,-1.93
1,1548296469689,8.75,1.77,-1.99
1,1548296469690,8.67,1.58,-2.34
1,1548296469690,8.69,1.54,-2.53
1,1548296469690,8.73,1.71,-2.59
1,1548296469690,8.73,1.89,-2.51
1,1548296469691,8.73,2.48,-2.28
1,1548296469757,8.73,2.71,-1.99
1,1548296469758,8.84,2.79,-1.77
1,1548296469758,9.02,2.73,-1.62
1,1548296469758,9.19,2.61,-1.64
1,1548296469758,9.53,2.53,-1.67
1,1548296469759,9.62,2.71,-1.77
1,1548296469759,9.82,2.87,-1.85
1,1548296469824,10.0,2.96,-1.95
1,1548296469847,10.11,3.04,-1.95
1,1548296469848,10.09,3.06,-1.81
1,1548296469848,9.86,3.16,-1.44
1,1548296469848,9.66,3.24,-1.13
1,1548296469849,9.55,3.47,-0.97
1,1548296469849,9.6,3.71,-0.91
1,1548296469849,9.64,3.88,-0.83
1,1548296469899,9.49,3.86,-0.62
1,1548296469918,11.54,3.78,7.34
1,1548296469918,12.96,5.33,19.12
1,1548296469918,19.23,10.76,17.24
1,1548296469918,18.73,17.03,10.95
1,1548296469919,10.31,13.2,1.62
1,1548296469919,9.43,7.81,-0.6
1,1548296469973,10.97,4.12,-0.23
1,1548296469975,12.59,1.91,-0.58
1,1548296469985,12.26,1.36,-0.05
1,1548296469985,7.81,2.46,2.67
1,1548296469985,7.87,4.16,3.0
1,1548296469985,9.39,5.91,1.46
1,1548296469986,11.17,7.08,-0.05
1,1548296469986,11.71,6.89,-1.32
1,1548296470049,11.17,5.83,-1.64
1,1548296470051,10.68,4.92,-1.69
1,1548296470052,10.56,4.45,-1.3
1,1548296470052,10.25,4.02,-0.7
1,1548296470053,9.9,3.76,-0.64
1,1548296470053,9.58,3.37,-0.66
1,1548296470053,9.41,3.0,-0.64
1,1548296470124,9.49,2.46,-0.82
1,1548296470125,9.6,2.53,-0.99
1,1548296470126,9.64,2.75,-1.03
1,1548296470126,9.55,2.96,-1.15
1,1548296470127,9.47,3.08,-1.28
1,1548296470127,9.41,2.87,-1.48
1,1548296470128,9.31,2.69,-1.3
1,1548296470128,9.37,2.77,-1.48
1,1548296470199,9.58,2.83,-4.76
1,1548296470199,9.0,2.75,-2.07
1,1548296470200,8.84,2.69,-2.14
1,1548296470200,8.78,2.5,-2.34
1,1548296470200,8.73,2.26,-2.36
1,1548296470200,8.71,1.87,-2.57
1,1548296470204,8.65,1.75,-2.79
1,1548296470275,8.49,1.5,-2.92
1,1548296470276,8.35,1.34,-3.06
1,1548296470276,7.98,1.09,-3.18
1,1548296470276,7.83,1.11,-3.2
1,1548296470276,7.73,1.15,-3.28
1,1548296470276,7.59,1.21,-3.26
1,1548296470277,7.32,1.23,-3.22
1,1548296470277,7.32,1.25,-3.16
1,1548296470348,7.3,1.23,-3.08
1,1548296470357,7.26,1.19,-2.96
1,1548296470358,7.36,1.03,-2.85
1,1548296470358,7.53,1.03,-2.87
1,1548296470358,7.71,1.09,-2.87
1,1548296470358,7.87,1.11,-2.85
1,1548296470359,8.2,1.23,-2.89
1,1548296470423,8.39,1.23,-2.89
1,1548296470424,8.53,1.23,-2.91
1,1548296470425,8.71,1.25,-2.87
1,1548296470426,8.86,1.3,-2.85
1,1548296470426,8.98,1.44,-2.71
1,1548296470426,9.06,1.5,-2.65
1,1548296470427,9.16,1.5,-2.69
1,1548296470427,9.25,1.48,-2.79
1,1548296470498,9.25,1.75,-2.5
1,1548296470498,9.27,1.89,-2.34
1,1548296470498,9.49,2.08,-2.2
1,1548296470499,9.78,2.36,-2.14
1,1548296470506,10.11,2.57,-1.97
1,1548296470507,10.07,2.71,-1.73
1,1548296470507,10.07,2.87,-1.54
1,1548296470507,10.15,3.06,-1.46
1,1548296470574,10.66,3.3,-1.56
1,1548296470575,10.82,3.47,-1.36
1,1548296470575,10.89,3.8,-1.15
1,1548296470576,11.03,4.12,-0.85
1,1548296470576,11.15,4.66,-0.7
1,1548296470576,11.21,4.9,-0.64
1,1548296470576,11.11,5.09,-0.39
1,1548296470648,11.11,4.92,0.95
1,1548296470663,18.1,6.54,31.21
1,1548296470664,25.27,10.93,18.76
1,1548296470664,20.83,12.42,13.9
1,1548296470664,13.57,9.62,9.64
1,1548296470665,9.51,5.54,5.89
1,1548296470665,11.56,-1.95,0.11
1,1548296470665,11.77,-3.08,1.01
1,1548296470723,10.76,-1.97,1.75
1,1548296470724,9.55,0.27,3.61
1,1548296470724,9.12,4.39,1.81
1,1548296470724,10.35,5.52,0.8
1,1548296470741,11.21,5.76,-0.54
1,1548296470741,11.64,5.39,-1.03
1,1548296470742,11.36,4.39,-2.03
1,1548296470798,11.01,4.12,-2.22
1,1548296470808,10.66,4.08,-1.71
1,1548296470809,10.41,4.04,-1.4
1,1548296470809,9.78,3.51,-0.83
1,1548296470809,9.6,2.79,-0.74
1,1548296470809,9.51,2.08,-0.76
1,1548296470809,9.45,1.73,-0.83
1,1548296470810,9.1,1.3,-1.17
1,1548296470874,8.9,1.44,-1.21
1,1548296470874,8.78,1.64,-1.38
1,1548296470875,8.63,1.64,-1.17
1,1548296470875,8.98,1.67,-1.77
1,1548296470875,9.27,1.42,-4.66
1,1548296470876,8.76,1.28,-2.12
1,1548296470877,8.86,1.3,-2.73
1,1548296470949,8.8,1.5,-2.91
1,1548296470962,8.63,1.69,-3.16
1,1548296470962,8.49,1.71,-3.28
1,1548296470963,8.39,1.75,-3.37
1,1548296470963,8.35,1.71,-3.45
1,1548296470963,8.24,1.66,-3.53
1,1548296470963,8.1,1.6,-3.59
1,1548296470963,7.98,1.54,-3.59
1,1548296471024,7.87,1.44,-3.61
1,1548296471045,7.77,1.42,-3.71
1,1548296471045,7.75,1.5,-3.75
1,1548296471045,7.75,1.56,-3.73
1,1548296471045,7.77,1.75,-3.67
1,1548296471046,7.71,1.83,-3.49
1,1548296471046,7.73,1.87,-3.41
1,1548296471098,7.77,1.83,-3.41
1,1548296471099,7.87,1.83,-3.35
1,1548296471099,8.04,1.83,-3.35
1,1548296471099,8.51,1.85,-3.32
1,1548296471112,8.69,1.87,-3.3
1,1548296471113,8.86,1.87,-3.26
1,1548296471113,9.1,1.89,-3.24
1,1548296471113,9.45,1.85,-3.2
1,1548296471173,9.64,1.81,-3.12
1,1548296471174,9.8,1.69,-3.08
1,1548296471174,9.96,1.6,-3.0
1,1548296471175,10.19,1.58,-2.87
1,1548296471175,10.37,1.58,-2.75
1,1548296471176,10.5,1.6,-2.63
1,1548296471180,10.6,1.56,-2.46
1,1548296471181,10.78,1.28,-2.36
1,1548296471249,10.91,1.15,-2.3
1,1548296471268,10.99,1.07,-2.18
1,1548296471268,11.05,1.13,-2.16
1,1548296471268,11.01,1.32,-1.87
1,1548296471269,10.95,1.38,-1.81
1,1548296471269,10.89,1.5,-1.75
1,1548296471269,10.76,1.67,-1.77
1,1548296471325,9.76,2.07,-0.5
1,1548296471325,9.41,2.75,4.21
1,1548296471330,12.89,4.08,37.38
1,1548296471330,23.16,12.85,28.35
1,1548296471330,23.45,20.13,14.84
1,1548296471331,9.8,11.17,3.84
1,1548296471332,9.96,3.24,-1.58
1,1548296471401,12.36,-2.73,-2.08
1,1548296471402,16.11,-6.21,-3.02
1,1548296471402,11.13,-2.87,0.25
1,1548296471402,7.2,1.21,0.39
1,1548296471402,5.07,4.39,1.58
1,1548296471402,5.76,6.23,6.95
1,1548296471402,9.25,9.16,0.35
1,1548296471403,10.05,8.8,0.13
1,1548296471473,9.84,7.05,-0.64
1,1548296471474,9.8,5.07,-0.82
1,1548296471474,10.82,3.24,-1.56
1,1548296471475,10.93,3.51,-1.67
1,1548296471485,10.33,4.06,-1.5
1,1548296471485,9.82,4.41,-1.34
1,1548296471485,9.7,4.23,-2.14
1,1548296471485,10.37,1.77,-1.42
1,1548296471576,10.44,1.09,-1.42
1,1548296471577,10.37,0.5,-1.28
1,1548296471577,10.29,0.39,-1.17
1,1548296471577,10.23,1.38,-1.07
1,1548296471578,10.15,1.83,-1.05
1,1548296471578,10.01,1.91,-1.01
1,1548296471578,9.9,1.91,-0.95
1,1548296471635,9.57,1.48,-0.99
1,1548296471635,9.47,1.3,-1.21
1,1548296471635,9.33,1.34,-1.46
1,1548296471635,9.06,1.48,-1.36
1,1548296471636,9.16,1.93,-3.84
1,1548296471636,8.8,2.1,-2.1
1,1548296471636,8.75,2.28,-2.36
1,1548296471636,8.63,2.38,-2.59
1,1548296471708,8.41,1.97,-2.65
1,1548296471709,8.28,1.87,-2.65
1,1548296471709,8.18,1.83,-2.77
1,1548296471710,8.12,1.83,-2.83
1,1548296471710,8.2,1.87,-2.92
1,1548296471710,8.24,1.85,-2.91
1,1548296471710,8.33,1.85,-2.87
1,1548296471787,8.35,1.81,-2.77
1,1548296471787,8.33,1.79,-2.55
1,1548296471787,8.41,1.77,-2.32
1,1548296471788,8.47,1.77,-2.22
1,1548296471788,8.51,1.73,-2.16
1,1548296471788,8.53,1.73,-2.07
1,1548296471788,8.57,1.66,-1.89
1,1548296471788,8.65,1.64,-1.85
1,1548296471849,8.67,1.62,-1.79
1,1548296471871,8.67,1.66,-1.69
1,1548296471872,8.78,1.75,-1.58
1,1548296471872,8.9,1.79,-1.66
1,1548296471872,8.94,1.71,-2.05
1,1548296471872,8.88,1.62,-2.59
1,1548296471872,8.8,1.77,-2.98
1,1548296471924,8.8,1.89,-3.02
1,1548296471924,8.82,2.12,-2.96
1,1548296471931,8.9,2.48,-2.89
1,1548296471931,9.1,2.87,-2.61
1,1548296471931,9.23,2.77,-2.44
1,1548296471932,9.33,2.44,-2.3
1,1548296471932,9.43,2.16,-2.2
1,1548296471932,9.58,1.93,-2.18
1,1548296471999,9.78,1.87,-2.14
1,1548296472000,9.74,1.85,-2.1
1,1548296472000,9.82,1.85,-2.12
1,1548296472001,9.9,1.89,-2.07
1,1548296472001,10.15,2.3,-1.73
1,1548296472002,10.42,2.75,-1.58
1,1548296472002,10.66,3.37,-1.58
1,1548296472002,10.8,4.04,-1.42
1,1548296472076,10.99,4.17,-1.17
1,1548296472077,10.91,3.82,-0.93
1,1548296472077,10.8,3.04,-0.68
1,1548296472077,10.68,2.32,-0.52
1,1548296472078,10.44,2.42,1.25
1,1548296472078,9.96,3.2,4.8
1,1548296472078,14.19,5.23,20.0
1,1548296472227,16.32,10.0,16.73
1,1548296472227,13.3,11.99,9.43
1,1548296472228,10.93,7.75,3.55
1,1548296472228,13.18,2.53,-2.53
1,1548296472228,13.88,-1.6,-1.3
1,1548296472300,13.41,-4.66,-1.07
1,1548296472301,7.63,-1.71,1.52
1,1548296472302,6.89,1.52,1.62
1,1548296472302,6.81,3.98,2.01
1,1548296472302,9.12,3.08,-2.16
1,1548296472302,10.13,3.73,-5.7
1,1548296472303,9.19,3.92,-3.16
1,1548296472303,9.23,3.57,-3.59
1,1548296472374,9.39,3.0,-3.47
1,1548296472375,9.16,1.93,-2.65
1,1548296472375,9.06,1.95,-2.5
1,1548296472375,8.94,1.99,-2.38
1,1548296472376,8.9,1.99,-2.26
1,1548296472376,8.76,2.03,-2.16
1,1548296472376,8.67,2.01,-2.24
1,1548296472377,8.65,2.03,-2.32
1,1548296472449,8.63,2.07,-2.48
1,1548296472450,8.59,2.1,-2.61
1,1548296472450,8.41,2.16,-2.77
1,1548296472469,8.32,2.2,-2.81
1,1548296472469,8.24,2.18,-2.92
1,1548296472470,8.22,2.16,-2.96
1,1548296472470,8.22,2.24,-2.96
1,1548296472470,8.2,2.34,-3.04
1,1548296472524,8.26,2.46,-3.02
1,1548296472524,8.28,2.53,-2.94
1,1548296472525,8.2,2.63,-2.87
1,1548296472525,8.26,2.69,-2.87
1,1548296472536,8.3,2.75,-2.85
1,1548296472536,8.37,2.73,-2.83
1,1548296472536,8.47,2.63,-2.79
1,1548296472537,8.55,2.63,-2.79
1,1548296472600,8.63,2.61,-2.75
1,1548296472600,8.71,2.55,-2.73
1,1548296472601,8.86,2.5,-2.73
1,1548296472601,8.96,2.42,-2.79
1,1548296472602,9.02,2.34,-2.79
1,1548296472602,9.04,2.26,-2.77
1,1548296472602,8.98,2.18,-2.75
1,1548296472602,9.02,2.08,-2.61
1,1548296472676,9.12,1.99,-2.65
1,1548296472688,9.19,1.93,-2.61
1,1548296472689,9.41,1.87,-2.59
1,1548296472689,9.57,1.87,-2.44
1,1548296472689,9.51,1.87,-2.34
1,1548296472689,9.62,1.91,-2.32
1,1548296472690,9.64,1.95,-2.24
1,1548296472752,9.74,2.07,-2.05
1,1548296472753,9.76,2.1,-2.01
1,1548296472753,9.84,2.08,-1.87
1,1548296472754,9.9,2.14,-1.81
1,1548296472754,9.9,2.16,-1.4
1,1548296472755,9.82,1.97,-0.78
1,1548296472755,9.68,1.83,-0.46
1,1548296472755,9.76,1.58,1.23
1,1548296472829,12.42,1.79,16.26
1,1548296472830,16.4,2.91,10.82
1,1548296472832,18.08,3.02,8.3
1,1548296472833,16.85,2.01,4.6
1,1548296472833,14.0,0.85,1.79
1,1548296472835,10.27,-0.58,-0.97
1,1548296472836,9.23,-0.35,-1.21
1,1548296472905,8.24,1.54,-0.97
1,1548296472906,7.57,2.14,-0.74
1,1548296472906,5.64,2.34,0.17
1,1548296472907,6.42,2.28,1.85
1,1548296472908,8.08,2.32,2.4
1,1548296472908,8.14,2.24,-0.85
1,1548296472924,8.9,1.85,-0.91
1,1548296472925,8.8,1.85,-1.05
1,1548296472978,8.84,1.71,-1.13
1,1548296472978,8.75,1.6,-1.07
1,1548296472979,8.94,1.62,-1.87
1,1548296472979,9.33,1.64,-2.44
1,1548296472979,9.16,1.52,-2.42
1,1548296472980,9.19,1.6,-1.71
1,1548296472980,9.33,1.52,-1.64
1,1548296472980,9.58,1.46,-1.6
1,1548296473053,9.9,1.36,-1.6
1,1548296473054,10.19,1.3,-1.54
1,1548296473054,10.78,1.25,-1.5
1,1548296473075,11.05,1.25,-1.48
1,1548296473075,11.26,1.3,-1.46
1,1548296473076,11.4,1.26,-1.48
1,1548296473076,11.58,1.19,-1.58
1,1548296473127,11.85,0.91,-1.83
1,1548296473128,11.91,0.68,-2.03
1,1548296473128,12.01,0.39,-2.26
1,1548296473129,12.07,0.17,-2.5
1,1548296473129,11.87,-0.05,-2.71
1,1548296473143,11.69,-0.01,-2.75
1,1548296473145,11.5,0.05,-2.75
1,1548296473146,11.26,0.07,-2.77
1,1548296473204,10.82,0.29,-2.75
1,1548296473205,10.58,0.37,-2.67
1,1548296473205,10.27,0.41,-2.5
1,1548296473206,10.0,0.56,-2.4
1,1548296473206,9.78,0.85,-2.2
1,1548296473206,9.7,1.07,-2.16
1,1548296473207,9.55,1.34,-2.18
1,1548296473278,9.39,1.52,-2.14
1,1548296473279,9.29,1.79,-2.14
1,1548296473279,9.35,1.85,-2.26
1,1548296473280,9.43,1.85,-2.36
1,1548296473280,9.57,1.85,-2.51
1,1548296473280,9.72,1.85,-2.73
1,1548296473281,10.07,1.75,-3.02
1,1548296473281,10.15,1.62,-3.04
1,1548296473355,10.13,1.44,-3.04
1,1548296473357,9.96,1.26,-3.04
1,1548296473360,9.78,0.87,-2.83
1,1548296473361,9.55,0.64,-2.65
1,1548296473361,9.14,0.5,-2.44
1,1548296473362,8.73,0.39,-2.22
1,1548296473363,8.14,0.0,-1.81
1,1548296473427,8.12,-0.19,-1.77
1,1548296473428,8.24,-0.37,-1.75
1,1548296473429,8.45,-0.5,-1.73
1,1548296473429,8.8,-0.7,-1.67
1,1548296473430,8.78,-0.74,-1.62
1,1548296473430,8.59,-0.68,-1.44
1,1548296473431,8.26,-0.56,-1.28
1,1548296473431,7.89,-0.37,-1.4
1,1548296473502,7.77,-0.25,-1.54
1,1548296473503,7.67,-0.09,-1.66
1,1548296473503,7.61,0.15,-1.87
1,1548296473503,7.73,0.68,-2.16
1,1548296473504,7.96,0.93,-2.26
1,1548296473504,8.2,1.09,-2.22
1,1548296473504,8.43,1.3,-2.14
1,1548296473577,9.04,1.79,-1.83
1,1548296473578,9.8,2.22,-1.64
1,1548296473578,10.19,2.55,-1.52
1,1548296473578,10.54,2.98,-1.28
1,1548296473578,10.8,3.43,-1.09
1,1548296473579,11.19,4.31,-0.89
1,1548296473579,11.25,4.53,-0.93
1,1548296473579,11.23,4.58,-1.07
1,1548296473651,12.18,4.33,-0.99
1,1548296473651,22.18,2.12,4.39
1,1548296473671,24.74,1.81,9.0
1,1548296473671,20.23,0.93,12.05
1,1548296473672,11.99,1.03,11.87
1,1548296473672,5.37,6.19,2.61
1,1548296473672,4.04,7.44,1.81
1,1548296473726,4.88,7.57,0.27
1,1548296473727,5.33,6.38,-0.39
1,1548296473727,7.44,3.69,-0.91
1,1548296473727,6.97,3.45,-0.91
1,1548296473728,6.67,3.84,-0.74
1,1548296473746,6.54,4.41,-0.41
1,1548296473746,7.14,5.03,0.6
1,1548296473747,8.57,4.37,2.46
1,1548296473802,8.65,3.57,-0.27
1,1548296473802,9.49,2.59,0.17
1,1548296473802,10.33,1.69,-0.15
1,1548296473803,12.12,0.33,-0.52
1,1548296473803,11.89,0.17,-0.62
1,1548296473803,10.97,0.15,-0.52
1,1548296473803,10.07,0.0,-0.37
1,1548296473803,9.55,-0.11,-0.31
1,1548296473876,9.84,0.01,-0.48
1,1548296473877,10.11,0.35,-0.62
1,1548296473877,10.31,0.72,-0.64
1,1548296473878,11.44,1.4,-0.72
1,1548296473878,12.55,1.67,-0.7
1,1548296473878,13.57,1.83,-0.64
1,1548296473878,14.06,1.87,-0.44
1,1548296473952,13.61,1.87,1.23
1,1548296473953,13.22,1.85,1.93
1,1548296473953,13.12,1.89,2.14
1,1548296473953,13.16,2.1,2.01
1,1548296473953,13.28,2.57,0.56
1,1548296473954,13.06,2.42,-0.19
1,1548296473954,12.89,2.12,-0.72
1,1548296473954,12.69,1.75,-1.42
1,1548296474028,12.65,1.26,-1.83
1,1548296474030,12.26,0.44,-1.79
1,1548296474030,12.34,0.29,-2.57
1,1548296474031,13.0,0.29,-7.12
1,1548296474032,12.18,-0.03,-3.53
1,1548296474033,11.71,0.13,-3.73
1,1548296474034,11.48,0.07,-3.75
1,1548296474102,11.34,0.0,-3.78
1,1548296474103,11.38,-0.07,-3.78
1,1548296474103,11.13,-0.58,-3.59
1,1548296474103,10.74,-0.8,-3.24
1,1548296474104,10.23,-0.95,-2.92
1,1548296474104,9.57,-1.01,-2.48
1,1548296474104,7.98,-0.72,-1.67
1,1548296474105,7.48,-0.52,-1.36
1,1548296474176,7.12,-0.29,-1.13
1,1548296474184,6.85,-0.09,-0.97
1,1548296474185,6.6,0.09,-0.78
1,1548296474185,6.05,0.42,-0.76
1,1548296474185,6.05,0.46,-0.66
1,1548296474186,5.74,0.66,-0.68
1,1548296474186,5.8,0.54,-0.7
1,1548296474254,6.13,0.0,-0.89
1,1548296474255,6.26,-0.27,-1.05
1,1548296474256,6.4,-0.35,-1.19
1,1548296474257,6.52,-0.37,-1.77
1,1548296474258,6.81,-0.09,-1.6
1,1548296474259,6.97,0.09,-1.73
1,1548296474260,7.2,0.25,-1.91
1,1548296474262,7.51,0.42,-2.03
1,1548296474326,8.2,0.72,-2.14
1,1548296474327,8.63,0.82,-2.3
1,1548296474327,9.1,0.93,-2.48
1,1548296474327,9.55,1.01,-2.57
1,1548296474327,10.41,1.17,-2.87
1,1548296474333,10.83,1.21,-3.0
1,1548296474334,11.23,1.28,-3.1
1,1548296474403,11.48,1.36,-3.22
1,1548296474403,11.93,1.58,-3.35
1,1548296474403,12.07,1.71,-3.41
1,1548296474404,12.16,1.81,-3.43
1,1548296474404,12.24,1.87,-3.43
1,1548296474404,12.32,1.85,-3.33
1,1548296474405,12.53,1.85,-3.16
1,1548296474405,12.48,1.85,-2.98
1,1548296474478,12.42,1.85,-2.77
1,1548296474479,12.26,1.91,-2.55
1,1548296474479,11.97,2.05,-2.05
1,1548296474480,11.97,2.08,-1.85
1,1548296474508,11.91,2.1,-1.75
1,1548296474510,11.81,2.12,-1.6
1,1548296474510,11.5,2.24,-1.42
1,1548296474563,11.32,2.26,-1.44
1,1548296474564,11.26,2.22,-1.48
1,1548296474564,11.3,2.2,-1.69
1,1548296474564,11.93,1.95,-2.34
1,1548296474565,12.46,1.85,-2.77
1,1548296474565,13.12,1.75,-3.04
1,1548296474565,13.59,1.66,-3.33
1,1548296474566,13.75,1.38,-3.3
1,1548296474628,13.47,1.32,-3.12
1,1548296474628,12.94,1.25,-2.83
1,1548296474628,12.26,1.23,-2.46
1,1548296474629,10.89,1.09,-1.58
1,1548296474629,10.41,1.05,-1.25
1,1548296474629,10.13,0.99,-0.85
1,1548296474635,9.96,1.09,-0.62
1,1548296474635,9.84,1.34,-0.5
1,1548296474700,9.57,1.64,0.33
1,1548296474724,9.16,1.69,0.37
1,1548296474725,8.55,1.71,0.68
1,1548296474726,7.87,1.54,0.93
1,1548296474727,6.44,1.38,3.06
1,1548296474727,6.75,1.34,1.69
1,1548296474728,6.69,1.19,0.8
1,1548296474778,6.67,1.11,0.89
1,1548296474800,6.87,0.91,0.37
1,1548296474800,7.08,0.72,-0.13
1,1548296474800,7.12,0.5,-0.52
1,1548296474800,7.46,0.25,-0.48
1,1548296474801,8.24,-0.09,-1.28
1,1548296474801,8.35,-0.27,-1.19
1,1548296474801,9.08,-0.39,-4.06
1,1548296474853,8.88,-0.58,-1.97
1,1548296474853,9.39,-0.87,-2.51
1,1548296474854,9.94,-0.99,-2.57
1,1548296474854,10.42,-1.07,-2.71
1,1548296474854,10.82,-1.05,-2.81
1,1548296474854,10.17,-0.8,-2.36
1,1548296474855,9.74,-0.5,-2.18
1,1548296474926,9.49,-0.19,-2.03
1,1548296474927,9.49,0.19,-1.91
1,1548296474928,9.39,0.48,-1.97
1,1548296474929,8.78,1.03,-1.73
1,1548296474929,8.39,1.07,-1.5
1,1548296474930,8.0,1.07,-1.23
1,1548296474930,7.57,1.17,-1.03
1,1548296474931,6.83,1.42,-0.72
1,1548296475003,6.64,1.58,-0.7
1,1548296475003,6.48,1.71,-0.64
1,1548296475003,6.3,1.87,-0.62
1,1548296475023,6.38,1.87,-0.62
1,1548296475024,6.52,1.89,-0.64
1,1548296475024,6.83,1.93,-0.68
1,1548296475024,7.22,1.99,-0.72
1,1548296475087,8.08,2.14,-0.93
1,1548296475088,8.53,2.18,-1.01
1,1548296475089,8.98,2.24,-1.13
1,1548296475089,9.39,2.34,-1.23
1,1548296475090,10.6,1.93,-1.73
1,1548296475090,12.44,1.28,-1.3
1,1548296475091,14.29,0.27,-0.93
1,1548296475092,15.15,0.23,-0.72
1,1548296475155,14.76,1.32,-0.74
1,1548296475155,13.49,2.38,-0.62
1,1548296475156,14.02,2.28,-0.6
1,1548296475156,15.29,1.93,-0.37
1,1548296475156,15.76,1.56,-0.13
1,1548296475156,14.31,1.28,-0.56
1,1548296475156,13.55,1.69,-0.68
1,1548296475225,13.24,1.81,-0.82
1,1548296475227,12.67,1.73,-1.09
1,1548296475229,11.17,1.25,-1.28
1,1548296475229,10.56,0.83,-1.58
1,1548296475229,10.35,0.42,-1.87
1,1548296475229,10.7,0.17,-2.22
1,1548296475230,11.42,0.23,-3.2
1,1548296475240,11.48,0.48,-3.51
1,1548296475302,11.4,0.72,-3.69
1,1548296475302,11.05,0.83,-3.76
1,1548296475302,10.31,0.93,-3.84
1,1548296475303,10.09,0.89,-3.84
1,1548296475303,9.98,0.93,-3.76
1,1548296475303,9.76,0.95,-3.75
1,1548296475324,8.82,1.21,-3.45
1,1548296475376,8.39,1.28,-3.3
1,1548296475391,8.0,1.25,-3.16
1,1548296475392,7.79,1.21,-2.96
1,1548296475392,7.63,1.01,-2.87
1,1548296475392,7.4,0.7,-2.55
1,1548296475392,7.22,0.64,-2.38
1,1548296475392,7.08,0.72,-2.18
1,1548296475392,6.95,0.8,-1.95
1,1548296475457,6.99,1.11,-1.54
1,1548296475457,7.05,1.3,-1.4
1,1548296475528,7.14,1.5,-1.25
1,1548296475528,7.34,1.66,-1.11
1,1548296475529,7.91,1.83,-1.05
1,1548296475529,8.14,1.87,-0.99
1,1548296475529,8.39,1.91,-0.99
1,1548296475530,8.71,2.1,-1.05
1,1548296475530,9.62,2.44,-1.73
1,1548296475531,10.15,2.44,-2.08
1,1548296475600,10.44,2.4,-2.53
1,1548296475610,10.66,2.26,-2.98
1,1548296475610,11.89,0.68,-4.29
1,1548296475610,12.46,0.35,-4.35
1,1548296475610,12.77,0.35,-4.16
1,1548296475611,13.0,0.21,-3.98
1,1548296475611,13.14,-0.17,-3.69
1,1548296475611,12.83,-0.76,-3.18
1,1548296475674,12.3,-2.1,-2.57
1,1548296475697,12.32,-2.18,-2.22
1,1548296475761,11.95,-1.97,-2.1
1,1548296475824,11.46,-1.54,-1.97
1,1548296475852,10.46,-0.68,-1.64
1,1548296475854,9.72,-0.27,-1.32
1,1548296475855,8.55,0.37,-1.07
1,1548296475855,8.33,1.23,-1.34
1,1548296475856,9.19,1.85,-1.25
1,1548296475857,9.43,1.91,-1.38
1,1548296475859,9.66,1.99,-1.58
1,1548296475912,10.39,2.16,-2.79
1,1548296475912,10.21,2.05,-0.89
1,1548296475913,11.42,1.48,-1.3
1,1548296475913,12.01,1.09,-1.66
1,1548296475914,12.53,0.76,-1.89
1,1548296475914,13.04,0.33,-2.07
1,1548296475915,14.1,-0.52,-2.38
1,1548296475915,14.37,-0.89,-2.53
1,1548296475975,14.55,-1.21,-2.67
1,1548296475976,14.41,-1.3,-2.83
1,1548296475976,13.76,-1.62,-2.59
1,1548296475976,13.35,-1.79,-2.36
1,1548296475976,12.77,-1.89,-2.08
1,1548296475977,12.03,-1.81,-1.64
1,1548296475977,10.85,-1.89,-1.21
1,1548296475977,10.39,-1.85,-0.83
1,1548296476061,9.62,-1.32,-0.6
1,1548296476062,9.06,-0.74,-0.62
1,1548296476062,8.32,0.11,-0.54
1,1548296476062,8.22,0.35,-0.44
1,1548296476062,8.2,0.52,-0.44
1,1548296476062,8.2,0.72,-0.46
1,1548296476062,8.2,0.87,-0.58
1,1548296476063,8.2,1.17,-0.66
1,1548296476126,8.14,1.32,-0.76
1,1548296476127,8.06,1.46,-0.8
1,1548296476127,7.98,1.58,-0.82
1,1548296476128,7.69,1.95,-0.64
1,1548296476128,7.55,2.26,-0.64
1,1548296476129,7.42,2.61,-0.64
1,1548296476129,7.32,3.04,-0.62
1,1548296476205,7.08,3.47,-0.6
1,1548296476206,6.87,3.45,-0.56
1,1548296476207,6.73,3.32,-0.6
1,1548296476207,6.62,3.22,-0.44
1,1548296476208,6.48,3.2,-0.41
1,1548296476278,6.38,3.53,-0.31
1,1548296476299,6.3,3.78,-0.41
1,1548296476300,6.25,4.04,-0.39
1,1548296476300,6.25,4.49,-0.41
1,1548296476301,6.21,4.62,-0.31
1,1548296476301,6.19,4.78,-0.29
1,1548296476302,6.19,4.86,-0.33
1,1548296476303,6.11,4.94,-0.37
1,1548296476370,6.07,5.19,-0.46
1,1548296476371,6.17,5.52,-0.62
1,1548296476372,6.25,5.74,-0.62
1,1548296476372,6.44,5.95,-0.72
1,1548296476373,6.5,5.91,-0.87
1,1548296476374,6.66,5.95,-1.03
1,1548296476375,6.79,6.01,-1.07
1,1548296476375,6.93,6.19,-1.5
1,1548296476430,7.08,6.25,-2.38
1,1548296476431,7.03,6.11,-1.87
1,1548296476432,7.16,5.85,-1.91
1,1548296476432,7.75,5.35,-2.28
1,1548296476433,8.28,5.35,-2.55
1,1548296476434,8.78,5.54,-2.75
1,1548296476435,9.14,5.7,-2.91
1,1548296476436,9.25,5.6,-3.16
1,1548296476503,9.08,5.46,-3.45
1,1548296476505,8.98,5.41,-3.73
1,1548296476506,9.08,5.29,-4.19
1,1548296476507,9.6,5.19,-5.05
1,1548296476510,9.84,5.25,-5.48
1,1548296476512,9.84,5.29,-5.78
1,1548296476513,9.82,5.33,-5.78
1,1548296476514,9.92,5.07,-5.8
1,1548296476578,9.98,4.96,-5.5
1,1548296476580,10.01,4.92,-5.48
1,1548296476581,10.01,4.92,-5.41
1,1548296476582,9.92,5.07,-5.5
1,1548296476602,9.9,4.66,-5.0
1,1548296476602,9.49,4.23,-4.8
1,1548296476603,9.02,3.96,-4.53
1,1548296476603,8.73,3.73,-4.31
1,1548296476652,7.89,3.43,-4.21
1,1548296476653,7.34,3.53,-4.14
1,1548296476654,6.99,3.73,-4.06
1,1548296476654,6.69,3.86,-3.94
1,1548296476655,6.07,4.06,-3.86
1,1548296476655,5.97,4.23,-3.92
1,1548296476656,5.83,4.45,-3.96
1,1548296476728,5.8,4.58,-3.88
1,1548296476729,5.74,4.88,-3.92
1,1548296476730,5.78,5.05,-3.78
1,1548296476730,5.83,5.09,-3.63
1,1548296476731,6.01,5.07,-3.65
1,1548296476732,6.23,4.9,-3.59
1,1548296476732,6.67,4.31,-3.41
1,1548296476733,6.97,4.02,-3.43
1,1548296476808,7.28,3.9,-3.3
1,1548296476809,7.67,3.96,-3.06
1,1548296476810,8.39,4.37,-2.67
1,1548296476811,8.65,4.57,-2.57
1,1548296476812,8.78,4.68,-2.5
1,1548296476812,8.8,4.72,-2.48
1,1548296476813,8.9,4.62,-2.36
1,1548296476878,9.1,4.49,-2.3
1,1548296476880,9.33,4.37,-2.36
1,1548296476882,9.49,4.29,-2.38
1,1548296476883,9.47,4.16,-2.55
1,1548296476885,9.45,4.1,-2.57
1,1548296476886,9.49,3.9,-2.77
1,1548296476887,9.49,3.78,-2.83
1,1548296476889,9.43,3.67,-2.98
1,1548296476953,9.27,3.61,-3.04
1,1548296476975,9.14,3.47,-3.06
1,1548296476976,9.02,3.33,-3.16
1,1548296476976,8.86,3.2,-3.24
1,1548296476977,8.8,3.1,-3.26
1,1548296476977,8.8,3.08,-3.24
1,1548296476978,8.94,3.08,-3.2
1,1548296477023,8.92,3.1,-3.14
1,1548296477024,8.76,3.28,-2.98
1,1548296477024,8.61,3.24,-2.83
1,1548296477025,8.37,3.12,-2.69
1,1548296477025,8.14,2.94,-2.42
1,1548296477026,7.65,2.63,-1.89
1,1548296477026,7.48,2.53,-1.62
1,1548296477026,7.34,2.51,-1.46
1,1548296477099,7.22,2.53,-1.32
1,1548296477125,6.97,2.44,-0.91
1,1548296477127,6.89,2.3,-0.64
1,1548296477128,6.89,2.16,-0.6
1,1548296477128,6.91,2.12,-0.62
1,1548296477129,6.85,2.22,-0.37
1,1548296477130,6.67,2.4,-0.37
1,1548296477178,6.44,2.61,-0.19
1,1548296477180,6.15,2.65,-0.13
1,1548296477182,5.74,2.57,0.11
1,1548296477183,5.78,2.75,0.74
1,1548296477183,5.23,2.79,1.69
1,1548296477185,5.35,3.33,0.64
1,1548296477185,4.74,4.12,1.58
1,1548296477186,4.74,4.33,1.26
1,1548296477251,4.9,4.45,1.11
1,1548296477272,5.11,4.7,0.87
1,1548296477273,5.11,5.01,0.64
1,1548296477273,5.19,5.11,0.58
1,1548296477274,5.19,5.07,0.54
1,1548296477274,5.19,5.05,0.54
1,1548296477275,5.31,4.9,0.52
1,1548296477275,5.46,4.92,0.37
1,1548296477327,5.56,5.03,0.33
1,1548296477328,5.58,5.13,0.31
1,1548296477328,5.62,5.23,0.19
1,1548296477329,5.93,5.46,0.01
1,1548296477329,6.32,5.76,-0.17
1,1548296477330,6.67,6.01,-0.37
1,1548296477330,6.85,6.28,-0.56
1,1548296477403,7.71,6.67,-1.17
1,1548296477404,7.92,6.87,-1.23
1,1548296477426,8.2,7.01,-1.28
1,1548296477428,8.51,7.2,-1.4
1,1548296477428,9.0,7.87,-1.67
1,1548296477429,9.04,8.35,-1.81
1,1548296477430,9.08,8.76,-2.18
1,1548296477430,9.12,8.98,-2.36
1,1548296477478,8.98,9.0,-2.14
1,1548296477489,9.78,8.65,-3.37
1,1548296477489,9.92,8.12,-3.84
1,1548296477489,10.05,7.67,-3.71
1,1548296477490,10.07,7.08,-3.45
1,1548296477490,9.84,6.34,-3.16
1,1548296477490,9.74,6.21,-3.2
1,1548296477550,9.78,6.11,-3.26
1,1548296477556,10.0,6.11,-3.47
1,1548296477557,10.7,6.07,-4.12
1,1548296477557,10.89,5.99,-4.33
1,1548296477557,10.99,5.76,-4.98
1,1548296477557,11.28,5.66,-5.44
1,1548296477558,11.77,5.52,-6.13
1,1548296477558,11.67,5.23,-6.26
1,1548296477628,11.44,4.8,-6.23
1,1548296477630,11.25,4.39,-6.03
1,1548296477630,10.74,4.02,-5.46
1,1548296477632,10.37,4.1,-5.25
1,1548296477632,9.88,4.39,-5.0
1,1548296477633,9.35,4.58,-4.76
1,1548296477634,8.61,4.7,-4.37
1,1548296477701,8.33,4.68,-4.02
1,1548296477703,8.14,4.64,-3.61
1,1548296477703,8.04,4.66,-3.22
1,1548296477704,7.92,4.7,-2.79
1,1548296477704,7.55,4.88,-2.14
1,1548296477705,7.48,4.94,-1.75
1,1548296477705,7.46,4.92,-1.36
1,1548296477727,7.4,4.8,-0.97
1,1548296477781,7.28,5.01,-0.68
1,1548296477782,7.4,5.46,-0.39
1,1548296477783,7.53,6.15,-0.11
1,1548296477783,7.69,6.87,0.25
1,1548296477784,8.26,8.49,-0.5
1,1548296477786,8.57,9.17,-0.37
1,1548296477786,8.9,9.72,-0.29
1,1548296477850,9.19,9.98,-0.27
1,1548296477852,9.41,10.0,0.23
1,1548296477853,9.31,10.05,0.6
1,1548296477854,9.19,10.23,0.8
1,1548296477854,9.08,10.48,0.93
1,1548296477855,8.06,10.82,0.68
1,1548296477856,7.26,10.85,0.52
1,1548296477857,5.89,10.99,3.26
1,1548296477926,5.56,11.15,2.01
1,1548296477950,4.9,11.54,2.5
1,1548296477952,3.57,11.89,2.87
1,1548296477952,3.06,11.58,2.69
1,1548296477953,2.71,10.87,2.65
1,1548296477954,2.53,10.05,2.65
1,1548296477954,2.2,8.63,2.61
1,1548296478008,1.93,8.16,2.3
1,1548296478011,1.54,7.87,1.91
1,1548296478013,1.26,7.77,1.52
1,1548296478015,1.26,8.1,0.95
1,1548296478016,1.15,8.3,0.58
1,1548296478016,1.11,8.45,0.23
1,1548296478016,1.11,8.43,-0.03
1,1548296478017,1.07,7.75,-0.21
1,1548296478078,1.13,7.51,0.01
1,1548296478078,1.05,7.07,-0.03
1,1548296478079,1.21,7.01,0.01
1,1548296478079,1.71,7.38,-0.56
1,1548296478079,2.07,7.65,-0.72
1,1548296478080,2.77,7.96,-0.95
1,1548296478080,3.47,8.24,-1.11
1,1548296478080,4.02,8.49,-1.44
1,1548296478152,6.36,8.8,-2.53
1,1548296478164,6.99,9.02,-2.24
1,1548296478166,7.53,9.12,-2.46
1,1548296478168,7.71,8.84,-2.44
1,1548296478169,7.59,8.18,-2.28
1,1548296478170,7.3,7.96,-2.34
1,1548296478170,7.1,7.96,-2.46
1,1548296478228,7.22,8.14,-2.42
1,1548296478228,8.59,8.43,-2.51
1,1548296478229,9.12,8.32,-2.61
1,1548296478229,8.75,8.12,-2.5
1,1548296478245,8.3,8.12,-2.38
1,1548296478245,7.55,7.89,-2.24
1,1548296478246,7.08,7.57,-2.01
1,1548296478246,6.73,7.32,-1.77
1,1548296478301,6.46,7.12,-1.52
1,1548296478301,6.38,6.71,-1.09
1,1548296478311,6.34,6.5,-0.7
1,1548296478311,6.25,6.15,-0.6
1,1548296478311,6.15,5.72,-0.5
1,1548296478312,5.78,5.03,2.14
1,1548296478312,5.7,4.78,1.52
1,1548296478377,5.62,4.57,0.99
1,1548296478377,5.46,4.29,0.93
1,1548296478377,5.64,4.14,0.54
1,1548296478400,6.19,3.96,0.56
1,1548296478402,6.32,4.04,0.83
1,1548296478402,6.3,4.33,1.34
1,1548296478403,6.09,4.8,1.95
1,1548296478403,5.48,5.44,3.0
1,1548296478454,5.41,5.41,3.55
1,1548296478459,5.39,5.11,3.59
1,1548296478461,5.52,4.72,3.41
1,1548296478462,5.72,4.45,3.2
1,1548296478463,5.83,4.57,3.2
1,1548296478465,5.83,4.74,3.35
1,1548296478466,5.85,4.8,3.88
1,1548296478528,5.48,4.55,4.06
1,1548296478530,5.78,4.31,4.19
1,1548296478530,6.19,4.02,4.12
1,1548296478531,6.6,3.75,3.69
1,1548296478532,7.53,3.2,3.16
1,1548296478533,7.65,2.96,3.28
1,1548296478533,8.22,2.77,3.65
1,1548296478534,8.33,2.71,3.92
1,1548296478604,9.27,2.5,4.02
1,1548296478605,9.96,2.34,3.65
1,1548296478605,10.72,2.1,3.16
1,1548296478606,11.87,2.01,2.71
1,1548296478606,12.63,2.38,2.3
1,1548296478606,13.45,4.19,2.53
1,1548296478607,13.57,4.94,3.0
1,1548296478679,13.35,5.5,3.67
1,1548296478680,13.45,5.87,3.9
1,1548296478681,13.3,5.78,4.16
1,1548296478681,13.16,4.88,3.69
1,1548296478702,13.32,4.17,3.49
1,1548296478703,13.14,3.16,3.0
1,1548296478704,12.3,1.66,2.38
1,1548296478704,11.77,1.46,2.65
1,1548296478756,10.99,1.77,2.71
1,1548296478757,10.46,2.46,2.98
1,1548296478758,9.0,3.71,4.49
1,1548296478759,8.18,3.04,4.76
1,1548296478760,7.44,1.99,5.93
1,1548296478762,7.28,1.32,6.71
1,1548296478763,7.36,0.78,6.66
1,1548296478826,7.24,1.01,7.01
1,1548296478839,6.89,1.4,6.93
1,1548296478840,6.67,1.5,6.83
1,1548296478840,6.58,1.21,7.03
1,1548296478841,6.62,-0.09,7.81
1,1548296478842,6.62,-0.68,7.77
1,1548296478842,6.48,-0.97,7.89
1,1548296478843,6.26,-1.05,7.91
1,1548296478904,5.41,-0.74,7.05
1,1548296478905,4.39,-0.17,5.8
1,1548296478905,4.33,0.0,5.42
1,1548296478905,5.19,0.15,5.64
1,1548296478906,6.87,0.83,4.53
1,1548296478906,7.16,1.28,4.53
1,1548296478906,7.01,1.64,4.74
1,1548296478906,6.89,1.79,4.98
1,1548296478976,6.97,1.83,4.64
1,1548296478977,7.03,1.81,4.53
1,1548296478985,7.65,1.73,4.9
1,1548296478986,8.49,1.56,5.87
1,1548296478986,9.49,1.85,6.6
1,1548296478986,9.94,2.44,6.77
1,1548296478986,10.21,3.02,6.67
1,1548296479053,10.13,2.98,6.5
1,1548296479054,9.86,2.32,6.07
1,1548296479054,9.19,1.34,5.54
1,1548296479068,8.94,0.91,5.42
1,1548296479068,8.67,0.62,5.5
1,1548296479068,8.26,0.41,5.85
1,1548296479069,7.55,0.17,6.44
1,1548296479069,7.57,0.15,6.28
1,1548296479125,7.51,0.13,5.85
1,1548296479135,7.51,-0.07,5.54
1,1548296479135,7.75,-0.31,5.19
1,1548296479135,7.87,-0.44,4.96
1,1548296479136,7.5,-0.6,4.57
1,1548296479136,7.18,-0.58,4.66
1,1548296479136,6.09,-0.07,5.29
1,1548296479201,6.07,0.05,5.6
1,1548296479201,5.68,0.11,5.72
1,1548296479202,7.12,0.17,5.39
1,1548296479219,7.65,1.3,3.51
1,1548296479223,6.77,2.22,2.83
1,1548296479225,6.48,3.33,2.22
1,1548296479226,6.71,4.19,1.89
1,1548296479227,7.16,4.84,-0.05
1,1548296479286,7.03,4.29,-0.44
1,1548296479287,6.66,3.33,-0.52
1,1548296479287,6.36,2.48,-0.6
1,1548296479288,6.3,2.24,-0.66
1,1548296479288,6.11,3.33,-1.23
1,1548296479288,6.56,4.47,-5.48
1,1548296479289,4.84,4.47,-8.65
1,1548296479352,13.37,3.37,-4.35
1,1548296479353,24.25,-3.78,24.64
1,1548296479353,-1.26,-14.88,39.37
1,1548296479369,-1.81,-17.94,15.7
1,1548296479369,12.51,-13.32,9.58
1,1548296479370,8.37,6.83,9.84
1,1548296479370,4.12,8.43,13.75
1,1548296479370,6.85,4.86,16.05
1,1548296479424,8.88,-0.6,8.18
1,1548296479425,5.68,-1.05,8.2
1,1548296479425,4.08,0.74,6.6
1,1548296479425,3.92,2.4,7.03
1,1548296479437,3.92,3.18,7.92
1,1548296479439,4.84,3.51,6.79
1,1548296479439,7.2,1.42,7.07
1,1548296479503,6.87,-0.03,7.79
1,1548296479503,6.4,1.11,7.59
1,1548296479521,6.71,2.53,7.34
1,1548296479522,6.44,3.35,7.5
1,1548296479522,6.3,2.51,7.48
1,1548296479522,6.26,1.77,7.81
1,1548296479522,6.28,1.81,7.59
1,1548296479522,6.46,1.99,7.59
1,1548296479577,6.6,1.97,7.67
1,1548296479577,6.38,1.81,7.07
1,1548296479590,5.87,1.91,7.03
1,1548296479591,5.97,2.85,7.34
1,1548296479591,6.17,2.16,7.53
1,1548296479591,6.26,1.97,7.42
1,1548296479591,6.44,2.34,7.03
1,1548296479592,6.5,2.51,7.05
1,1548296479669,6.3,2.24,6.79
1,1548296479670,5.91,1.91,6.67
1,1548296479670,6.25,2.03,7.01
1,1548296479670,7.03,1.58,7.32
1,1548296479670,6.95,1.09,7.26
1,1548296479671,6.54,1.95,6.79
1,1548296479671,6.46,2.12,6.77
1,1548296479728,6.44,2.03,6.83
1,1548296479738,6.23,2.36,6.99
1,1548296479739,6.42,1.97,6.93
1,1548296479739,6.56,2.03,7.12
1,1548296479739,6.73,1.95,7.26
1,1548296479739,6.36,1.83,7.03
1,1548296479740,6.34,1.97,6.83
1,1548296479740,6.3,1.95,6.79
1,1548296479802,6.38,2.26,7.18
1,1548296479802,6.23,1.95,6.87
1,1548296479823,6.6,1.99,7.16
1,1548296479824,7.08,1.85,7.22
1,1548296479824,7.22,1.05,6.75
1,1548296479824,6.32,2.18,6.62
1,1548296479825,6.54,1.97,6.77
1,1548296479878,6.66,1.99,7.03
1,1548296479879,6.71,2.1,6.93
1,1548296479890,6.87,1.66,6.93
1,1548296479891,6.87,1.69,7.12
1,1548296479891,6.71,1.66,6.85
1,1548296479891,6.56,2.03,6.77
1,1548296479892,6.4,2.34,6.73
1,1548296479892,6.54,2.3,7.2
1,1548296479952,6.17,2.44,6.77
1,1548296479954,6.36,2.65,7.05
1,1548296479955,6.87,1.21,7.44
1,1548296479956,6.75,2.24,6.58
1,1548296479957,7.03,2.12,6.81
1,1548296479960,6.91,1.83,6.97
1,1548296479961,7.3,1.85,7.01
1,1548296480027,7.1,2.18,7.44
1,1548296480043,7.16,1.15,7.98
1,1548296480043,6.48,0.54,7.38
1,1548296480043,7.28,2.98,7.05
1,1548296480044,7.51,1.79,7.53
1,1548296480044,7.73,2.03,7.36
1,1548296480044,7.91,2.61,7.24
1,1548296480045,7.89,2.18,7.07
1,1548296480099,7.92,-0.54,7.18
1,1548296480100,7.42,0.27,6.48
1,1548296480100,7.71,1.3,6.42
1,1548296480101,8.18,0.8,6.69
1,1548296480106,8.33,-0.68,7.36
1,1548296480106,6.73,0.93,13.51
1,1548296480106,7.34,1.17,1.07
1,1548296480178,9.94,-5.7,-0.15
1,1548296480179,10.25,-8.63,5.99
1,1548296480180,7.75,-1.44,7.51
1,1548296480181,7.1,-1.75,4.86
1,1548296480181,7.51,-3.9,2.96
1,1548296480182,7.26,-3.92,5.56
1,1548296480182,5.0,1.97,0.33
1,1548296480183,5.44,0.56,-0.56
1,1548296480254,3.82,-1.58,-0.5
1,1548296480256,1.28,-2.51,-0.74
1,1548296480257,3.24,-5.68,2.83
1,1548296480257,5.56,-8.41,13.37
1,1548296480258,5.76,-10.19,7.81
1,1548296480259,6.3,-10.56,6.58
1,1548296480260,11.99,-9.27,6.73
1,1548296480324,11.36,-3.84,12.1
1,1548296480342,9.82,3.35,11.11
1,1548296480343,9.43,4.76,7.36
1,1548296480343,6.09,-2.5,9.92
1,1548296480343,7.08,-1.26,8.2
1,1548296480344,7.77,-0.48,7.1
1,1548296480344,7.14,-0.03,8.16
1,1548296480345,7.67,0.19,5.42
1,1548296480402,7.38,-2.94,6.93
1,1548296480403,7.22,-3.26,6.07
1,1548296480403,7.67,-3.33,5.39
1,1548296480404,7.98,-3.57,4.14
1,1548296480410,9.62,0.19,4.33
1,1548296480411,7.94,1.11,6.89
1,1548296480411,7.38,-0.35,7.53
1,1548296480411,7.16,-2.22,7.63
1,1548296480476,7.5,-2.12,6.79
1,1548296480478,7.5,-1.73,6.46
1,1548296480478,7.4,-1.56,6.81
1,1548296480479,7.51,-1.4,6.79
1,1548296480479,7.61,-1.32,6.73
1,1548296480480,7.53,-1.11,6.32
1,1548296480480,7.24,-0.91,6.56
1,1548296480554,7.03,-0.31,6.97
1,1548296480555,6.85,0.46,7.26
1,1548296480555,7.01,-0.48,7.38
1,1548296480555,7.55,-0.56,7.28
1,1548296480556,7.24,-0.19,7.14
1,1548296480556,7.08,0.17,6.99
1,1548296480557,7.5,0.52,6.52
1,1548296480557,7.57,0.11,6.66
1,1548296480628,7.5,0.01,6.64
1,1548296480629,7.48,0.27,6.73
1,1548296480630,7.81,-0.13,6.66
1,1548296480630,7.92,-0.11,6.81
1,1548296480630,7.85,0.03,6.91
1,1548296480631,7.77,0.19,6.58
1,1548296480631,7.77,0.01,6.42
1,1548296480702,7.69,0.41,6.28
1,1548296480703,7.5,0.09,6.77
1,1548296480704,7.28,0.19,6.91
1,1548296480705,6.48,0.97,7.32
1,1548296480706,6.99,0.5,6.99
1,1548296480707,7.34,0.05,6.83
1,1548296480707,7.61,0.35,7.16
1,1548296480708,7.67,0.46,6.32
1,1548296480775,6.93,0.13,6.19
1,1548296480796,6.93,0.05,6.64
1,1548296480796,7.03,0.27,6.46
1,1548296480797,7.1,0.37,7.44
1,1548296480797,7.3,0.58,6.83
1,1548296480798,7.2,0.13,6.66
1,1548296480799,7.61,0.99,6.71
1,1548296480855,7.07,0.29,7.03
1,1548296480856,6.32,2.36,7.42
1,1548296480857,6.21,1.83,7.67
1,1548296480858,6.26,1.67,7.48
1,1548296480858,6.52,1.38,7.46
1,1548296480859,6.32,1.23,7.14
1,1548296480859,6.46,1.44,7.5
1,1548296480860,6.71,1.79,7.63
1,1548296480927,6.87,0.93,7.4
1,1548296480928,6.71,1.85,7.26
1,1548296480929,6.99,1.67,6.97
1,1548296480929,6.99,0.95,7.3
1,1548296480929,7.18,0.25,7.5
1,1548296480930,7.01,1.58,6.95
1,1548296480930,6.97,1.89,7.03
1,1548296481005,7.16,1.79,7.16
1,1548296481007,7.2,1.79,7.48
1,1548296481008,7.75,1.69,7.24
1,1548296481008,7.81,1.67,6.93
1,1548296481009,8.24,0.72,6.26
1,1548296481010,7.34,-1.25,6.71
1,1548296481011,7.69,-1.64,5.82
1,1548296481012,7.92,1.87,7.65
1,1548296481078,7.42,0.72,7.01
1,1548296481079,7.18,1.56,6.56
1,1548296481080,8.2,2.08,5.6
1,1548296481080,5.56,-0.15,7.79
1,1548296481081,5.48,-0.85,12.36
1,1548296481081,5.58,-0.87,4.94
1,1548296481082,4.86,-1.6,1.91
1,1548296481152,7.26,-1.73,2.44
1,1548296481153,6.91,-4.21,2.36
1,1548296481153,7.65,-5.85,4.17
1,1548296481153,9.49,-6.79,4.39
1,1548296481154,8.22,0.03,8.41
1,1548296481154,8.33,1.89,5.78
1,1548296481154,7.89,0.64,4.88
1,1548296481154,6.89,-1.44,6.58
1,1548296481223,7.34,-2.24,7.03
1,1548296481224,7.46,-1.36,7.44
1,1548296481225,7.34,-0.7,7.3
1,1548296481225,7.1,-0.66,7.38
1,1548296481225,7.1,-0.52,7.48
1,1548296481226,7.12,-1.23,6.79
1,1548296481226,7.07,-2.18,6.62
1,1548296481300,7.1,-1.67,7.1
1,1548296481302,6.93,-0.95,7.42
1,1548296481303,7.1,0.33,7.16
1,1548296481304,6.81,1.69,7.48
1,1548296481304,6.42,0.19,7.77
1,1548296481305,7.12,-1.05,7.48
1,1548296481306,6.87,-0.03,7.14
1,1548296481307,6.81,0.85,7.01
1,1548296481379,6.77,1.13,7.16
1,1548296481380,6.58,0.52,7.85
1,1548296481380,6.21,0.97,7.85
1,1548296481381,8.3,-0.7,6.38
1,1548296481403,7.44,-0.89,7.51
1,1548296481404,6.91,1.15,6.95
1,1548296481406,7.34,-0.54,6.64
1,1548296481407,6.66,-0.35,7.5
1,1548296481453,8.04,0.39,6.19
1,1548296481454,7.03,-0.31,7.34
1,1548296481456,6.81,0.37,7.12
1,1548296481456,7.01,0.27,6.87
1,1548296481457,6.79,0.27,6.83
1,1548296481458,7.05,0.13,6.75
1,1548296481459,7.4,-0.35,6.69
1,1548296481526,7.38,0.54,7.12
1,1548296481527,7.38,0.64,7.03
1,1548296481527,7.3,0.68,7.07
1,1548296481527,7.24,0.7,7.18
1,1548296481528,6.6,-0.29,6.79
1,1548296481528,7.18,0.11,7.07
1,1548296481528,7.51,1.07,7.2
1,1548296481528,7.34,0.76,7.2
1,1548296481601,7.05,-0.05,6.89
1,1548296481601,7.01,0.42,6.97
1,1548296481602,6.71,0.91,6.83
1,1548296481602,6.77,0.39,6.77
1,1548296481602,7.46,0.33,7.55
1,1548296481603,7.59,0.62,7.24
1,1548296481603,7.18,0.46,6.97
1,1548296481678,7.14,0.7,7.2
1,1548296481679,6.52,-0.33,6.5
1,1548296481679,6.28,-0.25,6.03
1,1548296481680,7.18,0.52,7.12
1,1548296481680,7.42,0.13,6.85
1,1548296481680,7.1,0.0,7.05
1,1548296481681,7.59,0.48,7.1
1,1548296481681,7.3,-0.05,7.03
1,1548296481751,7.07,-0.11,6.79
1,1548296481752,7.07,-0.13,6.79
1,1548296481752,6.91,0.42,7.2
1,1548296481753,7.01,0.78,7.2
1,1548296481753,6.91,0.72,7.03
1,1548296481753,6.93,0.58,7.03
1,1548296481754,7.2,0.05,7.07
1,1548296481828,7.01,-0.15,6.89
1,1548296481830,6.91,-0.25,6.75
1,1548296481830,7.05,0.41,7.08
1,1548296481831,7.03,0.44,7.14
1,1548296481831,6.93,0.52,7.1
1,1548296481832,6.93,0.42,7.03
1,1548296481838,6.93,0.37,7.01
1,1548296481838,7.12,0.31,7.03
1,1548296481900,7.08,0.46,7.07
1,1548296481920,7.01,0.25,7.05
1,1548296481921,6.97,0.37,6.99
1,1548296481921,6.85,0.29,6.97
1,1548296481921,7.16,0.25,7.1
1,1548296481921,7.16,0.29,7.05
1,1548296481921,7.07,0.19,6.91
1,1548296481978,6.97,0.25,6.89
1,1548296481979,7.16,0.35,6.81
1,1548296481980,7.01,0.31,6.99
1,1548296481980,7.08,0.25,6.99
1,1548296481981,7.12,0.0,6.99
1,1548296481981,7.22,0.09,7.01
1,1548296481982,7.03,-0.03,6.89
1,1548296481982,7.01,-0.03,6.97
1,1548296482055,7.24,0.03,6.97
1,1548296482056,7.2,0.13,7.03
1,1548296482056,7.16,-0.01,6.95
1,1548296482057,7.14,-0.13,6.85
1,1548296482058,7.16,-0.17,6.91
1,1548296482059,7.18,-0.19,6.97
1,1548296482060,7.2,-0.19,6.91
1,1548296482061,7.26,-0.27,6.87
1,1548296482129,7.28,-0.35,6.89
1,1548296482130,7.14,-0.41,6.97
1,1548296482132,7.12,-0.13,6.93
1,1548296482133,7.16,-0.09,6.93
1,1548296482134,7.1,-0.15,6.93
1,1548296482134,7.07,-0.29,6.91
1,1548296482135,7.38,-0.31,7.07
1,1548296482202,7.38,-0.37,7.03
1,1548296482204,7.44,-0.52,6.83
1,1548296482205,7.26,-0.5,6.77
1,1548296482205,7.16,-0.25,7.01
1,1548296482206,7.03,-0.23,7.08
1,1548296482207,6.81,-0.35,6.97
1,1548296482207,6.85,-0.64,7.01
1,1548296482208,7.01,-0.37,7.08
1,1548296482279,6.93,-0.37,7.12
1,1548296482280,7.05,-0.39,7.14
1,1548296482281,7.1,-0.37,7.1
1,1548296482281,6.95,-0.31,7.01
1,1548296482282,7.14,-0.42,7.01
1,1548296482282,7.24,-0.31,7.01
1,1548296482282,7.22,-0.29,6.99
1,1548296482350,7.08,-0.48,6.95
1,1548296482352,7.16,-0.37,7.07
1,1548296482353,7.16,-0.35,6.97
1,1548296482354,7.08,-0.48,7.01
1,1548296482355,7.22,-0.52,7.03
1,1548296482355,7.32,-0.42,6.89
1,1548296482356,7.32,-0.44,6.97
1,1548296482357,7.26,-0.58,6.89
1,1548296482428,7.01,-0.52,6.99
1,1548296482431,6.91,-0.07,7.22
1,1548296482432,6.99,-0.31,7.24
1,1548296482433,6.95,-0.44,7.26
1,1548296482434,6.85,-0.46,7.14
1,1548296482436,7.26,-0.39,6.93
1,1548296482437,7.2,-0.56,6.81
1,1548296482502,6.89,-0.7,7.1
1,1548296482510,6.77,-0.6,7.14
1,1548296482511,6.85,-0.78,7.24
1,1548296482511,7.05,-0.62,7.28
1,1548296482512,6.91,-0.74,6.91
1,1548296482512,6.69,-0.93,7.36
1,1548296482512,6.77,-0.89,7.44
1,1548296482512,6.34,-0.66,7.65
1,1548296482576,6.6,-0.46,7.75
1,1548296482577,6.62,-0.35,7.4
1,1548296482577,6.75,-0.85,7.34
1,1548296482577,6.73,-0.68,7.26
1,1548296482577,6.67,-0.76,7.4
1,1548296482578,6.62,-0.82,7.5
1,1548296482578,6.5,-0.62,7.55
1,1548296482656,6.52,-0.78,7.69
1,1548296482657,6.56,-0.72,7.77
1,1548296482659,6.54,-0.56,7.61
1,1548296482660,6.54,-0.7,7.67
1,1548296482662,6.58,-0.48,7.42
1,1548296482663,6.44,-0.42,7.28
1,1548296482665,6.17,-0.39,7.24
1,1548296482666,6.21,-0.37,7.55
1,1548296482726,6.73,-0.41,7.75
1,1548296482744,6.52,-0.54,7.67
1,1548296482744,6.44,-0.6,7.57
1,1548296482744,6.6,-0.13,7.44
1,1548296482745,6.62,0.46,7.44
1,1548296482745,6.6,0.09,7.57
1,1548296482745,6.73,-0.07,7.55
1,1548296482800,6.83,-0.05,7.36
1,1548296482814,6.85,-0.19,7.32
1,1548296482815,6.5,0.37,7.46
1,1548296482816,6.52,0.19,7.53
1,1548296482816,6.58,-0.09,7.57
1,1548296482817,6.42,0.13,7.59
1,1548296482818,6.46,-0.29,7.67
1,1548296482818,6.58,-0.31,7.71
1,1548296482878,6.66,-0.48,7.55
1,1548296482880,6.73,-0.66,7.53
1,1548296482882,6.87,-0.44,7.48
1,1548296482883,6.46,-0.05,7.57
1,1548296482884,6.3,0.03,7.5
1,1548296482885,6.34,0.01,7.46
1,1548296482886,6.32,-0.15,7.69
1,1548296482952,6.28,-0.19,7.59
1,1548296482953,6.44,-0.37,7.75
1,1548296482953,6.66,-0.39,7.69
1,1548296482954,6.66,-0.21,7.5
1,1548296482954,6.52,-0.07,7.51
1,1548296482955,6.48,0.09,7.51
1,1548296482955,6.5,0.07,7.57
1,1548296482955,6.34,-0.35,7.55
1,1548296483024,6.46,-0.46,7.69
1,1548296483025,6.67,-0.41,7.57
1,1548296483026,6.75,-0.27,7.51
1,1548296483027,6.73,-0.19,7.42
1,1548296483027,6.81,-0.29,7.51
1,1548296483046,6.79,-0.29,7.4
1,1548296483047,6.81,-0.29,7.22
1,1548296483047,6.75,-0.39,7.3
1,1548296483101,6.58,-0.42,7.5
1,1548296483101,6.4,-0.27,7.57
1,1548296483102,6.44,-0.15,7.59
1,1548296483113,6.5,-0.21,7.61
1,1548296483114,6.73,-0.31,7.36
1,1548296483114,6.77,-0.37,7.34
1,1548296483114,6.83,-0.64,7.14
1,1548296483197,6.91,-0.39,7.16
1,1548296483198,6.28,-0.13,7.32
1,1548296483198,6.34,-0.97,7.67
1,1548296483198,6.71,-0.46,7.67
1,1548296483198,6.91,0.17,7.2
1,1548296483199,6.56,-0.7,7.65
1,1548296483199,6.83,-0.64,7.42
1,1548296483199,6.91,0.07,7.16
1,1548296483251,6.99,0.13,6.97
1,1548296483265,6.83,0.07,6.77
1,1548296483265,6.71,-0.33,7.63
1,1548296483266,7.2,-0.46,7.32
1,1548296483266,6.91,-0.03,6.97
1,1548296483267,6.26,0.17,7.57
1,1548296483267,6.79,-0.42,7.46
1,1548296483323,6.54,0.41,7.38
1,1548296483324,6.38,-0.35,7.26
1,1548296483325,6.5,-0.93,7.44
1,1548296483325,7.01,0.17,7.26
1,1548296483326,6.81,0.03,7.14
1,1548296483326,6.89,0.01,7.22
1,1548296483326,7.08,-0.13,7.03
1,1548296483327,6.42,-0.21,7.57
1,1548296483398,6.89,-0.01,7.32
1,1548296483399,6.99,0.72,7.05
1,1548296483399,6.95,1.11,7.1
1,1548296483417,6.97,0.5,7.2
1,1548296483418,6.77,0.29,7.28
1,1548296483418,6.85,-0.03,7.34
1,1548296483418,6.93,-0.07,7.24
1,1548296483474,6.87,-0.15,7.36
1,1548296483475,6.87,-0.11,7.16
1,1548296483475,6.93,0.37,7.1
1,1548296483476,6.93,0.31,7.16
1,1548296483476,6.87,0.29,7.16
1,1548296483477,6.81,0.62,7.1
1,1548296483477,6.77,0.46,6.99
1,1548296483477,6.67,0.21,7.07
1,1548296483549,6.97,-0.56,7.44
1,1548296483550,6.83,-0.03,7.26
1,1548296483551,6.83,0.39,7.08
1,1548296483551,6.87,0.6,6.99
1,1548296483551,6.93,0.89,7.01
1,1548296483551,6.85,0.37,7.08
1,1548296483575,6.77,0.21,7.1
1,1548296483628,6.85,0.0,7.26
1,1548296483628,6.93,-0.05,7.38
1,1548296483628,6.85,0.13,7.24
1,1548296483629,6.95,0.64,7.1
1,1548296483629,6.99,0.7,7.08
1,1548296483629,6.99,0.76,7.12
1,1548296483629,7.03,0.76,7.03
1,1548296483630,6.97,0.6,7.14
1,1548296483702,6.95,0.39,7.08
1,1548296483705,6.91,0.31,7.05
1,1548296483706,6.77,0.29,7.12
1,1548296483707,6.77,0.33,7.36
1,1548296483708,6.89,0.15,7.38
1,1548296483709,6.87,0.42,7.26
1,1548296483710,6.85,0.56,7.24
1,1548296483712,6.75,0.19,7.08
1,1548296483775,6.71,0.35,7.2
1,1548296483788,6.87,0.5,7.22
1,1548296483788,6.81,0.35,7.2
1,1548296483788,6.77,0.29,7.16
1,1548296483788,6.73,0.29,7.18
1,1548296483789,6.81,0.23,7.28
1,1548296483789,6.87,0.29,7.24
1,1548296483848,6.81,0.42,7.18
1,1548296483868,6.81,0.64,7.16
1,1548296483868,6.85,0.72,7.12
1,1548296483869,6.83,0.66,7.22
1,1548296483869,6.77,0.39,7.08
1,1548296483869,6.64,0.27,7.1
1,1548296483869,6.67,-0.09,7.36
1,1548296483869,6.87,0.05,7.32
1,1548296483953,6.89,0.19,7.38
1,1548296483953,6.81,0.19,7.36
1,1548296483954,6.83,0.19,7.34
1,1548296483954,6.83,0.09,7.3
1,1548296483954,6.81,0.03,7.24
1,1548296483955,6.71,-0.11,7.22
1,1548296483955,6.75,-0.23,7.38
1,1548296484002,6.87,-0.11,7.32
1,1548296484003,6.97,-0.01,7.28
1,1548296484003,6.79,0.05,7.26
1,1548296484020,6.79,0.13,7.12
1,1548296484020,6.81,0.05,7.14
1,1548296484020,6.83,-0.13,7.14
1,1548296484020,6.85,-0.41,7.42
1,1548296484021,6.83,-0.21,7.26
1,1548296484076,6.81,0.21,7.22
1,1548296484076,6.79,0.27,7.22
1,1548296484077,6.77,0.25,7.16
1,1548296484077,6.83,0.41,7.14
1,1548296484078,6.79,0.19,7.24
1,1548296484078,6.81,0.05,7.2
1,1548296484078,6.83,0.13,7.24
1,1548296484152,6.79,-0.13,7.28
1,1548296484153,6.69,0.01,7.2
1,1548296484154,6.85,0.39,7.26
1,1548296484155,6.91,0.17,7.3
1,1548296484155,6.79,0.23,7.14
1,1548296484156,6.91,0.37,7.2
1,1548296484156,7.01,0.21,7.22
1,1548296484157,6.91,0.17,7.14
1,1548296484227,6.83,-0.07,7.22
1,1548296484228,6.79,0.19,7.22
1,1548296484229,6.83,0.39,7.26
1,1548296484229,6.83,0.01,7.2
1,1548296484230,6.91,0.44,7.2
1,1548296484230,7.01,0.15,7.14
1,1548296484231,6.93,0.09,7.18
1,1548296484304,6.89,0.66,7.2
1,1548296484324,6.91,0.21,7.16
1,1548296484325,6.87,0.42,7.08
1,1548296484326,6.79,-0.44,6.91
1,1548296484327,6.79,0.31,7.07
1,1548296484328,6.95,1.52,7.16
1,1548296484328,6.89,0.6,7.1
1,1548296484329,7.07,1.13,7.28
1,1548296484379,7.22,0.46,7.08
1,1548296484381,7.07,0.29,7.01
1,1548296484382,6.85,-0.85,6.56
1,1548296484383,7.03,2.07,7.05
1,1548296484383,7.03,1.28,6.77
1,1548296484384,7.01,1.11,6.67
1,1548296484385,7.01,0.56,6.62
1,1548296484454,7.01,1.01,6.71
1,1548296484456,7.05,1.83,6.85
1,1548296484457,6.62,-0.6,6.44
1,1548296484458,7.16,2.3,6.66
1,1548296484459,6.69,0.93,6.11
1,1548296484460,7.12,2.79,6.62
1,1548296484462,7.38,2.32,6.66
1,1548296484463,7.34,2.07,7.1
1,1548296484524,7.79,2.22,7.14
1,1548296484537,7.57,1.6,6.83
1,1548296484537,6.93,0.74,6.36
1,1548296484538,6.6,1.64,5.33
1,1548296484538,7.18,2.36,6.05
1,1548296484538,7.5,3.02,6.58
1,1548296484538,7.24,2.24,6.36
1,1548296484538,7.28,2.24,6.52
