1,1547526849563,-6.73,3.59,5.46
1,1547526849635,-6.69,3.67,5.25
1,1547526849637,-6.54,3.59,5.13
1,1547526849639,-6.54,3.41,5.09
1,1547526849639,-6.56,3.28,4.92
1,1547526849640,-6.56,3.37,4.74
1,1547526849640,-6.56,3.71,4.45
1,1547526849640,-6.52,3.32,4.37
1,1547526849640,-6.56,3.14,4.31
1,1547526849711,-6.58,3.2,4.08
1,1547526849712,-6.64,3.14,4.02
1,1547526849713,-5.82,4.02,4.57
1,1547526849714,-5.74,4.0,4.7
1,1547526849714,-5.89,3.86,4.94
1,1547526849715,-6.28,3.45,5.29
1,1547526849715,-6.54,3.75,5.41
1,1547526849715,-6.67,3.73,5.54
1,1547526849786,-6.66,3.9,5.66
1,1547526849799,-6.71,4.12,5.8
1,1547526849800,-6.56,5.09,5.5
1,1547526849800,-6.69,4.74,5.5
1,1547526849800,-6.91,4.66,5.48
1,1547526849800,-7.05,4.82,5.46
1,1547526849801,-7.08,4.53,6.07
1,1547526849801,-7.18,4.02,6.21
1,1547526849860,-7.51,4.43,6.09
1,1547526849866,-7.4,5.25,5.68
1,1547526849867,-7.48,5.62,6.11
1,1547526849867,-7.12,6.07,6.52
1,1547526849867,-6.99,6.77,6.64
1,1547526849867,-7.5,7.05,6.87
1,1547526849867,-8.88,5.93,7.71
1,1547526849867,-9.21,6.21,7.87
1,1547526849936,-9.53,6.91,7.87
1,1547526849951,-9.78,6.69,7.75
1,1547526849952,-10.21,7.55,7.61
1,1547526849952,-11.26,7.98,8.9
1,1547526849952,-11.26,8.24,9.64
1,1547526849952,-11.11,9.45,10.03
1,1547526849952,-10.95,10.25,9.92
1,1547526849952,-11.87,10.42,10.23
1,1547526850012,-12.36,10.23,10.42
1,1547526850019,-12.85,10.19,10.72
1,1547526850019,-12.94,9.41,10.97
1,1547526850019,-13.35,10.17,11.11
1,1547526850020,-13.32,11.38,11.09
1,1547526850020,-13.67,10.91,10.89
1,1547526850020,-14.43,10.29,11.36
1,1547526850020,-14.23,10.39,10.89
1,1547526850085,-15.21,9.08,11.09
1,1547526850086,-15.87,8.2,10.68
1,1547526850104,-16.17,7.1,10.64
1,1547526850104,-16.01,5.78,10.66
1,1547526850104,-14.94,6.79,9.31
1,1547526850104,-13.96,6.25,9.0
1,1547526850105,-12.05,6.77,8.0
1,1547526850105,-10.68,8.06,6.23
1,1547526850160,-9.92,4.82,5.27
1,1547526850237,-10.01,2.87,5.72
1,1547526850238,-9.78,0.97,5.68
1,1547526850238,-10.03,0.23,5.29
1,1547526850239,-9.94,0.82,3.94
1,1547526850239,-9.21,1.75,3.86
1,1547526850240,-8.1,2.61,3.45
1,1547526850240,-6.95,4.12,3.14
1,1547526850240,-5.46,4.88,3.53
1,1547526850312,-4.74,3.9,4.51
1,1547526850313,-4.49,3.06,5.41
1,1547526850313,-4.49,0.95,4.7
1,1547526850313,-3.39,1.91,5.23
1,1547526850314,-2.16,1.19,4.84
1,1547526850314,-2.94,0.07,4.29
1,1547526850315,-4.27,-1.05,4.6
1,1547526850315,-5.01,-0.76,4.82
1,1547526850386,-2.63,0.09,5.31
1,1547526850386,-0.25,1.83,5.89
1,1547526850386,0.27,3.47,5.74
1,1547526850387,-0.62,4.66,5.11
1,1547526850387,-1.93,5.89,4.57
1,1547526850388,-1.28,4.74,5.97
1,1547526850388,-0.03,4.27,7.59
1,1547526850388,0.66,4.6,6.69
1,1547526850461,0.74,3.24,2.22
1,1547526850462,-4.62,-2.89,-3.88
1,1547526850462,-8.73,-6.56,-3.22
1,1547526850463,-10.7,-8.1,-0.82
1,1547526850463,-12.16,-7.87,-1.46
1,1547526850463,-10.15,-8.76,-1.85
1,1547526850463,-9.21,-9.33,0.58
1,1547526850464,-8.49,-6.56,2.87
1,1547526850536,-7.08,-0.27,3.18
1,1547526850537,-6.62,12.4,0.52
1,1547526850537,-7.34,12.63,1.01
1,1547526850557,-8.57,7.42,2.98
1,1547526850557,-9.23,1.42,5.15
1,1547526850557,-6.81,-4.33,6.81
1,1547526850558,-5.76,-2.89,6.15
1,1547526850558,-5.95,0.21,4.23
1,1547526850610,-6.85,4.45,2.07
1,1547526850611,-8.35,7.03,0.97
1,1547526850611,-8.04,1.34,1.81
1,1547526850611,-6.85,-0.21,2.36
1,1547526850612,-6.69,-0.95,3.59
1,1547526850622,-6.03,-0.74,3.41
1,1547526850623,-5.68,1.44,2.79
1,1547526850623,-6.4,2.03,2.89
1,1547526850685,-7.07,2.03,2.5
1,1547526850686,-7.79,2.08,2.14
1,1547526850687,-8.57,0.42,1.69
1,1547526850687,-8.88,-0.27,2.28
1,1547526850688,-8.22,0.27,2.87
1,1547526850689,-7.55,1.58,2.53
1,1547526850689,-7.46,2.98,2.26
1,1547526850689,-8.32,2.42,1.25
1,1547526850761,-8.92,2.14,1.64
1,1547526850762,-8.78,2.67,1.52
1,1547526850762,-8.82,2.73,1.23
1,1547526850763,-9.41,2.2,1.07
1,1547526850763,-9.02,2.51,2.05
1,1547526850764,-8.55,2.28,2.71
1,1547526850764,-8.35,1.28,3.71
1,1547526850837,-8.02,0.78,3.96
1,1547526850838,-7.75,1.25,3.96
1,1547526850838,-7.71,1.58,3.8
1,1547526850839,-7.44,2.51,3.96
1,1547526850839,-6.71,2.46,3.47
1,1547526850839,-6.5,0.48,3.65
1,1547526850840,-6.5,-1.69,2.87
1,1547526850910,-7.38,-3.63,2.69
1,1547526850925,-7.51,1.32,2.51
1,1547526850925,-7.53,3.14,1.34
1,1547526850925,-7.87,3.26,1.34
1,1547526850925,-7.5,2.85,2.2
1,1547526850926,-6.38,2.22,2.55
1,1547526850926,-2.92,-0.15,1.93
1,1547526850926,-4.55,-6.03,0.52
1,1547526850986,-10.82,-4.37,4.08
1,1547526850986,-10.82,-4.37,4.08
1,1547526851010,-4.64,10.01,2.03
1,1547526851010,-3.14,6.54,2.55
1,1547526851010,-1.75,0.89,2.05
1,1547526851010,-2.65,-7.87,0.48
1,1547526851011,-11.07,-9.66,3.3
1,1547526851011,-10.62,-0.17,2.96
1,1547526851061,-9.31,6.71,2.1
1,1547526851075,-6.87,10.21,2.55
1,1547526851076,-1.93,6.34,3.35
1,1547526851076,-1.81,2.55,2.73
1,1547526851077,-3.94,-1.17,1.46
1,1547526851077,-8.18,-5.85,-0.07
1,1547526851077,-13.32,-8.94,0.23
1,1547526851137,-9.08,-0.68,4.0
1,1547526851172,-4.64,2.69,4.62
1,1547526851173,-2.4,4.0,4.68
1,1547526851174,-2.42,4.51,2.92
1,1547526851175,-11.28,1.62,-1.23
1,1547526851175,-16.01,-2.38,0.23
1,1547526851176,-14.08,-4.1,4.06
1,1547526851177,-8.1,-3.84,6.93
1,1547526851227,-3.92,-0.93,7.48
1,1547526851228,-4.08,1.21,7.34
1,1547526851228,-5.33,2.67,3.96
1,1547526851228,-8.75,3.24,0.37
1,1547526851229,-14.74,-0.91,2.12
1,1547526851229,-11.97,-4.8,4.49
1,1547526851229,-8.9,-5.54,5.91
1,1547526851229,-7.81,-3.55,6.3
1,1547526851287,-7.51,-1.77,6.99
1,1547526851294,-8.57,0.91,5.44
1,1547526851294,-10.25,2.44,2.85
1,1547526851295,-12.94,2.5,1.71
1,1547526851295,-14.21,0.11,2.71
1,1547526851295,-10.66,-4.45,6.54
1,1547526851316,-9.27,-3.59,7.3
1,1547526851366,-9.21,-1.77,7.59
1,1547526851379,-9.37,0.05,7.46
1,1547526851379,-10.74,3.75,3.9
1,1547526851379,-12.87,3.08,3.28
1,1547526851380,-12.79,0.72,5.13
1,1547526851380,-11.07,-1.03,6.93
1,1547526851380,-10.44,-1.03,7.48
1,1547526851380,-10.05,0.27,7.48
1,1547526851437,-10.13,1.21,6.6
1,1547526851513,-11.85,0.97,4.98
1,1547526851589,-12.59,0.68,4.82
1,1547526851596,-10.78,1.17,6.81
1,1547526851597,-10.66,0.83,7.4
1,1547526851597,-10.39,0.87,7.71
1,1547526851597,-10.19,1.11,8.0
1,1547526851597,-10.41,2.96,5.99
1,1547526851598,-10.78,3.16,5.6
1,1547526851598,-11.64,3.26,5.74
1,1547526851664,-10.89,5.19,8.28
1,1547526851664,-10.52,5.23,6.73
1,1547526851665,-9.84,5.35,6.85
1,1547526851682,-9.04,5.01,6.34
1,1547526851684,-8.82,4.72,5.89
1,1547526851685,-8.57,4.43,5.72
1,1547526851686,-8.18,4.19,5.37
1,1547526851687,-7.36,4.16,5.23
1,1547526851740,-6.97,3.76,4.92
1,1547526851741,-6.87,4.16,4.68
1,1547526851742,-6.42,4.23,4.31
1,1547526851742,-5.72,3.92,4.49
1,1547526851743,-5.48,3.41,4.41
1,1547526851744,-5.52,3.02,4.53
1,1547526851744,-5.54,2.92,4.37
1,1547526851745,-5.31,2.75,4.27
1,1547526851815,-5.11,2.53,3.71
1,1547526851818,-5.01,2.4,3.59
1,1547526851820,-4.92,2.4,3.26
1,1547526851820,-4.92,2.53,3.04
1,1547526851821,-4.96,2.98,2.59
1,1547526851822,-4.88,2.79,2.65
1,1547526851823,-5.0,2.55,2.51
1,1547526851823,-5.42,2.87,2.44
1,1547526851891,-5.97,3.59,2.38
1,1547526851892,-6.21,3.43,2.92
1,1547526851916,-6.19,3.02,3.82
1,1547526851918,-5.85,3.28,4.31
1,1547526851918,-6.52,3.76,5.01
1,1547526851919,-6.97,4.1,5.07
1,1547526851920,-7.73,5.42,4.49
1,1547526851920,-8.71,6.15,3.75
1,1547526851963,-9.74,5.91,3.73
1,1547526851964,-10.62,5.21,5.85
1,1547526851965,-10.82,5.8,6.46
1,1547526851966,-10.8,6.85,6.95
1,1547526851983,-11.3,7.1,7.22
1,1547526851985,-12.36,8.96,6.87
1,1547526851986,-13.55,8.86,7.32
1,1547526851988,-13.78,9.14,7.46
1,1547526852040,-14.06,9.35,8.14
1,1547526852041,-14.53,9.86,9.74
1,1547526852042,-14.55,10.6,9.57
1,1547526852049,-15.52,10.68,9.6
1,1547526852050,-16.48,10.01,9.41
1,1547526852051,-17.87,9.17,9.57
1,1547526852051,-18.08,8.63,9.76
1,1547526852117,-18.28,8.84,9.43
1,1547526852118,-18.45,9.39,10.19
1,1547526852118,-18.3,9.14,10.78
1,1547526852119,-18.2,8.92,10.93
1,1547526852119,-17.73,8.84,10.58
1,1547526852120,-17.79,7.92,10.17
1,1547526852120,-18.35,6.73,9.72
1,1547526852121,-18.26,4.14,9.31
1,1547526852193,-17.53,4.21,9.04
1,1547526852195,-16.66,4.35,8.75
1,1547526852221,-15.03,4.47,8.41
1,1547526852222,-12.26,5.52,7.22
1,1547526852223,-11.26,5.09,6.71
1,1547526852224,-10.37,4.41,5.78
1,1547526852225,-9.98,3.45,5.64
1,1547526852226,-9.39,2.34,5.85
1,1547526852262,-8.92,0.46,5.03
1,1547526852263,-9.14,0.31,4.06
1,1547526852264,-9.31,-0.29,3.14
1,1547526852264,-9.66,-0.23,2.98
1,1547526852265,-6.21,5.95,3.18
1,1547526852266,-5.58,6.23,4.17
1,1547526852284,-4.64,4.76,5.39
1,1547526852340,-3.39,2.55,6.4
1,1547526852351,-3.22,-0.97,7.08
1,1547526852351,-3.33,-2.59,6.09
1,1547526852352,-4.49,-3.92,3.49
1,1547526852352,-5.7,-4.55,1.99
1,1547526852353,-9.33,-5.35,1.5
1,1547526852353,-8.92,-2.73,3.49
1,1547526852353,-5.76,0.89,4.02
1,1547526852413,-2.59,3.39,2.71
1,1547526852414,-2.07,4.17,2.36
1,1547526852414,-2.92,4.47,5.87
1,1547526852415,-1.11,5.48,7.28
1,1547526852415,0.91,6.4,7.34
1,1547526852416,3.12,6.09,7.46
1,1547526852416,5.23,5.31,7.16
1,1547526852490,4.19,5.46,6.97
1,1547526852503,2.89,5.29,5.68
1,1547526852504,1.28,4.08,1.62
1,1547526852505,0.41,0.54,-1.11
1,1547526852505,3.43,-0.76,1.83
1,1547526852506,3.33,-6.58,0.23
1,1547526852506,-2.34,-14.04,-0.6
1,1547526852506,-4.7,-12.16,-14.1
1,1547526852564,-11.52,-5.41,-23.45
1,1547526852565,-19.94,1.79,-24.88
1,1547526852565,-21.58,3.59,-17.16
1,1547526852566,-9.12,-10.03,8.47
1,1547526852566,-3.08,-14.02,17.22
1,1547526852567,0.78,-6.13,18.16
1,1547526852567,-2.75,5.89,12.65
1,1547526852567,-11.3,9.58,7.87
1,1547526852640,-12.12,4.29,8.67
1,1547526852641,-8.06,2.67,8.16
1,1547526852642,-5.95,1.73,7.91
1,1547526852655,-6.19,1.21,5.21
1,1547526852656,-7.81,4.66,1.44
1,1547526852657,-8.98,5.05,0.39
1,1547526852657,-9.08,3.92,-0.09
1,1547526852713,-8.18,2.46,-1.32
1,1547526852714,-7.75,2.12,-0.76
1,1547526852714,-7.96,2.36,-0.78
1,1547526852715,-8.43,1.64,0.01
1,1547526852715,-8.28,0.23,1.97
1,1547526852737,-8.0,-1.89,3.2
1,1547526852738,-6.32,-0.68,2.83
1,1547526852787,-7.14,0.87,2.5
1,1547526852788,-8.71,2.81,2.32
1,1547526852802,-9.31,3.73,2.42
1,1547526852803,-8.37,2.2,2.4
1,1547526852803,-8.26,-0.35,2.3
1,1547526852803,-8.86,-1.79,2.87
1,1547526852803,-8.84,2.48,2.89
1,1547526852803,-8.65,4.51,2.34
1,1547526852860,-8.45,3.69,2.85
1,1547526852861,-7.73,1.91,3.86
1,1547526852862,-7.08,0.01,3.63
1,1547526852862,-9.08,-4.94,3.14
1,1547526852863,-9.76,-3.55,3.94
1,1547526852863,-10.15,-0.25,3.04
1,1547526852864,-9.96,2.28,2.34
1,1547526852864,-7.26,4.29,3.47
1,1547526852941,-5.15,4.9,4.04
1,1547526852943,-3.96,2.77,2.53
1,1547526852944,-5.66,-3.18,0.78
1,1547526852945,-9.29,-7.1,1.66
1,1547526852946,-9.14,2.73,3.3
1,1547526853015,-7.69,6.44,1.89
1,1547526853023,-6.03,6.5,2.24
1,1547526853023,-4.1,4.0,3.2
1,1547526853024,-4.82,-6.58,0.76
1,1547526853024,-8.75,-12.03,0.07
1,1547526853024,-10.58,-8.26,3.28
1,1547526853025,-9.21,0.7,4.76
1,1547526853025,-5.95,7.65,2.55
1,1547526853088,-3.86,5.39,3.57
1,1547526853089,-2.94,-1.95,2.34
1,1547526853089,-12.98,-14.84,-3.47
1,1547526853090,-15.39,-8.2,2.28
1,1547526853091,-11.64,1.21,3.51
1,1547526853093,-7.5,4.9,2.18
1,1547526853094,-4.9,4.33,2.57
1,1547526853095,-3.33,2.08,4.1
1,1547526853166,-5.27,2.63,2.24
1,1547526853167,-8.76,0.19,-1.15
1,1547526853169,-13.26,-4.9,-2.28
1,1547526853170,-7.81,-1.56,5.64
1,1547526853171,-3.32,-1.15,5.09
1,1547526853172,-2.4,-1.23,5.31
1,1547526853173,-3.12,-0.41,4.6
1,1547526853176,-9.47,0.44,0.7
1,1547526853241,-13.18,0.13,-1.25
1,1547526853262,-14.72,-3.3,-1.46
1,1547526853263,-12.46,-7.01,1.36
1,1547526853263,-5.46,-6.19,5.21
1,1547526853264,-6.09,-3.16,5.29
1,1547526853264,-6.83,-0.03,4.78
1,1547526853265,-8.14,2.07,2.57
1,1547526853265,-11.23,3.35,1.85
1,1547526853317,-10.7,-3.39,4.57
1,1547526853318,-7.87,-7.28,5.74
1,1547526853318,-7.32,-7.65,6.19
1,1547526853340,-7.81,-5.78,5.44
1,1547526853341,-9.0,-2.65,4.57
1,1547526853341,-10.72,-0.56,2.61
1,1547526853341,-12.79,0.23,2.08
1,1547526853342,-12.65,-1.38,3.57
1,1547526853389,-7.81,-3.45,7.48
1,1547526853391,-8.12,-2.48,7.81
1,1547526853393,-8.59,-1.44,7.87
1,1547526853394,-7.92,-0.85,7.65
1,1547526853395,-12.22,-1.71,2.92
1,1547526853397,-14.29,-2.4,1.44
1,1547526853398,-13.26,-3.59,5.56
1,1547526853465,-9.66,-3.41,7.48
1,1547526853465,-8.75,-1.93,7.89
1,1547526853475,-9.39,-1.03,8.08
1,1547526853475,-9.02,-0.17,7.57
1,1547526853476,-9.94,0.52,6.03
1,1547526853476,-11.3,0.56,5.29
1,1547526853476,-10.54,-1.54,7.3
1,1547526853476,-10.76,-2.18,7.81
1,1547526853539,-10.89,-1.71,8.2
1,1547526853539,-10.78,-0.99,8.33
1,1547526853540,-10.21,0.91,7.18
1,1547526853541,-11.17,0.6,5.76
1,1547526853542,-11.38,0.39,6.01
1,1547526853543,-11.19,-0.33,7.28
1,1547526853544,-10.82,0.27,8.47
1,1547526853614,-10.56,0.91,8.71
1,1547526853615,-10.5,1.83,8.63
1,1547526853616,-10.07,2.75,8.45
1,1547526853616,-9.8,2.2,8.63
1,1547526853616,-9.27,2.83,8.67
1,1547526853617,-9.19,2.71,8.67
1,1547526853617,-8.92,2.57,8.41
1,1547526853691,-8.78,2.87,7.92
1,1547526853692,-9.16,2.92,6.77
1,1547526853692,-9.21,2.5,6.5
1,1547526853693,-8.63,2.42,6.95
1,1547526853693,-8.24,1.58,7.67
1,1547526853693,-7.89,2.55,7.69
1,1547526853694,-7.67,2.42,7.65
1,1547526853694,-7.61,2.67,7.48
1,1547526853767,-7.67,2.87,6.89
1,1547526853780,-7.98,2.46,6.32
1,1547526853780,-7.71,2.2,6.46
1,1547526853780,-7.55,2.69,6.21
1,1547526853781,-7.5,2.34,6.01
1,1547526853781,-7.08,2.03,5.76
1,1547526853781,-6.99,2.81,5.27
1,1547526853782,-6.87,2.59,5.5
1,1547526853838,-6.69,2.34,5.39
1,1547526853844,-6.5,2.63,5.52
1,1547526853844,-5.7,2.92,6.09
1,1547526853845,-5.66,2.92,6.48
1,1547526853845,-5.66,3.06,6.69
1,1547526853845,-5.35,2.87,6.69
1,1547526853845,-5.87,2.67,6.38
1,1547526853845,-6.56,2.4,6.01
1,1547526853914,-7.26,2.16,5.93
1,1547526853916,-7.57,2.08,6.17
1,1547526853917,-8.3,3.43,6.99
1,1547526853918,-8.45,3.51,7.46
1,1547526853919,-8.49,3.78,7.65
1,1547526853920,-9.33,3.76,7.89
1,1547526853920,-10.31,3.92,7.87
1,1547526853921,-12.12,3.82,7.94
1,1547526853993,-12.75,4.82,8.47
1,1547526853993,-12.89,4.86,9.25
1,1547526853994,-13.1,5.09,10.46
1,1547526853995,-12.55,5.44,12.14
1,1547526853995,-13.63,5.97,12.44
1,1547526854063,-13.39,6.71,12.65
1,1547526854085,-14.02,5.95,12.67
1,1547526854086,-15.44,6.28,11.77
1,1547526854087,-16.17,6.03,11.93
1,1547526854087,-16.58,5.93,12.1
1,1547526854088,-17.5,5.17,12.59
1,1547526854089,-18.32,4.0,12.87
1,1547526854090,-18.71,6.3,12.07
1,1547526854138,-18.73,6.66,11.93
1,1547526854146,-18.82,6.09,11.67
1,1547526854146,-19.04,6.3,11.46
1,1547526854147,-19.37,3.33,11.3
1,1547526854147,-19.25,2.48,10.56
1,1547526854147,-19.21,1.69,9.88
1,1547526854147,-18.75,0.93,8.88
1,1547526854147,-16.21,2.98,7.34
1,1547526854212,-14.12,4.43,6.23
1,1547526854233,-12.85,4.88,5.66
1,1547526854233,-11.62,4.31,5.35
1,1547526854233,-10.39,0.62,5.5
1,1547526854234,-10.07,-0.54,5.44
1,1547526854234,-9.55,-0.58,5.23
1,1547526854234,-9.04,-0.03,4.21
1,1547526854289,-8.94,0.29,3.14
1,1547526854289,-7.85,3.1,2.28
1,1547526854290,-7.05,4.9,2.67
1,1547526854290,-5.93,4.82,3.78
1,1547526854290,-4.37,3.53,4.84
1,1547526854298,-2.83,-0.09,5.95
1,1547526854298,-2.57,-0.91,4.94
1,1547526854299,-2.91,-1.5,3.24
1,1547526854451,-4.12,-2.05,1.95
1,1547526854453,-6.46,-1.42,1.93
1,1547526854454,-5.23,0.72,3.24
1,1547526854455,-3.26,2.69,4.57
1,1547526854456,-1.46,1.25,3.16
1,1547526854516,-3.16,-4.21,1.97
1,1547526854534,-4.27,-2.48,2.85
1,1547526854534,-3.88,0.64,3.43
1,1547526854535,-3.0,2.48,4.21
1,1547526854535,-1.6,2.94,5.64
1,1547526854535,-4.53,-2.51,1.73
1,1547526854535,-1.58,-0.46,1.32
1,1547526854536,-2.48,-2.46,-1.34
1,1547526854589,-6.83,-6.69,-5.05
1,1547526854590,-9.02,3.69,3.67
1,1547526854599,-8.43,4.21,5.48
1,1547526854599,-9.16,3.57,5.8
1,1547526854599,-10.19,2.01,6.23
1,1547526854600,-10.13,-0.66,7.3
1,1547526854600,-9.6,-1.36,7.73
1,1547526854600,-8.55,1.73,5.91
1,1547526854661,-7.81,8.51,2.24
1,1547526854683,-8.61,7.65,2.69
1,1547526854684,-8.18,5.31,2.92
1,1547526854684,-7.28,3.35,3.02
1,1547526854685,-5.83,3.33,2.79
1,1547526854685,-6.85,3.02,1.93
1,1547526854685,-8.47,2.07,2.28
1,1547526854686,-9.47,0.97,1.73
1,1547526854737,-7.73,-1.05,1.46
1,1547526854738,-6.52,-1.01,0.64
1,1547526854739,-6.66,0.13,-0.03
1,1547526854740,-6.73,1.3,-0.27
1,1547526854741,-6.64,1.48,-0.56
1,1547526854741,-6.54,0.21,0.01
1,1547526854742,-6.36,-0.29,0.05
1,1547526854743,-6.58,-0.39,-0.21
1,1547526854813,-7.28,0.46,-0.21
1,1547526854814,-8.41,2.38,0.11
1,1547526854835,-7.4,2.57,1.3
1,1547526854836,-5.54,2.16,2.2
1,1547526854836,-4.1,1.03,2.34
1,1547526854836,-5.42,-5.68,1.21
1,1547526854836,-8.82,-9.45,0.82
1,1547526854837,-11.21,-6.83,2.81
1,1547526854891,-10.25,0.0,2.92
1,1547526854892,-8.32,5.7,1.89
1,1547526854893,-3.82,9.23,2.24
1,1547526854894,-1.46,6.46,3.0
1,1547526854896,-0.15,0.11,2.63
1,1547526854897,-1.75,-8.57,1.54
1,1547526854898,-11.01,-9.33,2.51
1,1547526854899,-13.41,-2.77,0.58
1,1547526854965,-13.82,3.35,-0.23
1,1547526854966,-11.3,7.32,1.26
1,1547526854967,-3.33,6.21,4.33
1,1547526854968,-0.31,5.09,4.06
1,1547526854969,-0.6,0.52,0.66
1,1547526854969,-6.17,-7.65,-3.12
1,1547526854970,-16.99,-6.21,2.22
1,1547526855039,-14.53,0.76,2.22
1,1547526855040,-10.0,4.21,2.3
1,1547526855040,-5.8,4.72,4.06
1,1547526855040,-3.08,2.92,6.28
1,1547526855040,-4.86,-1.03,0.35
1,1547526855041,-12.32,-6.66,-3.49
1,1547526855041,-19.33,-9.23,-2.2
1,1547526855118,-17.08,-4.25,2.18
1,1547526855120,-4.94,1.46,4.62
1,1547526855122,-4.21,1.32,5.82
1,1547526855122,-5.85,0.05,4.76
1,1547526855123,-8.82,-1.42,2.28
1,1547526855193,-14.06,-2.3,1.28
1,1547526855195,-12.26,-4.88,2.44
1,1547526855196,-8.76,-7.42,3.82
1,1547526855196,-6.38,-6.28,5.85
1,1547526855197,-6.71,-0.17,4.47
1,1547526855198,-8.0,0.74,2.81
1,1547526855198,-10.54,0.52,0.58
1,1547526855199,-13.84,-0.76,-0.97
1,1547526855263,-15.03,-3.67,0.35
1,1547526855291,-7.87,-3.92,5.15
1,1547526855291,-8.3,-1.67,6.13
1,1547526855292,-8.3,0.01,3.3
1,1547526855292,-10.91,-1.01,2.2
1,1547526855292,-12.26,-3.14,2.38
1,1547526855292,-11.19,-5.07,3.1
1,1547526855292,-8.88,-3.98,5.01
1,1547526855338,-8.63,-2.44,5.15
1,1547526855355,-9.29,-1.67,4.23
1,1547526855355,-10.54,-0.97,4.88
1,1547526855356,-8.26,0.21,6.3
1,1547526855356,-8.84,-1.32,6.21
1,1547526855356,-10.66,-3.35,6.4
1,1547526855356,-10.99,-3.71,6.95
1,1547526855356,-10.37,-2.96,6.81
1,1547526855414,-10.25,-1.05,6.36
1,1547526855417,-10.78,-0.74,6.44
1,1547526855418,-10.5,0.07,7.91
1,1547526855420,-9.78,-0.31,8.45
1,1547526855421,-9.8,-0.03,9.27
1,1547526855422,-10.17,0.33,9.06
1,1547526855423,-10.76,0.05,8.98
1,1547526855424,-10.27,0.37,9.06
1,1547526855487,-9.7,0.6,9.74
1,1547526855487,-9.06,0.56,9.86
1,1547526855488,-8.73,0.85,9.7
1,1547526855488,-8.82,1.28,9.53
1,1547526855489,-8.88,1.38,9.12
1,1547526855489,-9.51,0.99,8.32
1,1547526855489,-10.05,0.62,7.61
1,1547526855565,-10.58,0.33,7.53
1,1547526855566,-10.29,-0.03,7.92
1,1547526855566,-9.96,0.91,8.22
1,1547526855566,-10.11,1.6,8.24
1,1547526855593,-9.76,2.07,8.0
1,1547526855594,-9.84,1.87,7.5
1,1547526855594,-10.23,2.28,7.71
1,1547526855594,-9.76,2.98,7.51
1,1547526855645,-10.52,3.04,7.18
1,1547526855645,-9.9,3.41,7.16
1,1547526855646,-10.46,3.41,6.67
1,1547526855646,-11.32,3.28,5.83
1,1547526855647,-11.54,3.9,5.64
1,1547526855647,-11.19,3.76,5.56
1,1547526855647,-10.97,3.28,6.17
1,1547526855647,-9.41,2.65,6.4
1,1547526855713,-8.63,2.63,6.07
1,1547526855713,-7.98,2.57,5.72
1,1547526855736,-7.38,2.55,5.58
1,1547526855737,-6.17,2.36,5.05
1,1547526855739,-5.97,2.55,4.74
1,1547526855739,-5.68,2.5,4.19
1,1547526855740,-5.5,2.3,4.02
1,1547526855801,-5.93,1.58,3.3
1,1547526855802,-5.91,1.71,3.18
1,1547526855802,-5.7,1.85,3.24
1,1547526855802,-5.42,1.71,3.33
1,1547526855802,-5.01,1.46,3.63
1,1547526855803,-4.86,1.64,3.33
1,1547526855803,-5.11,1.52,3.22
1,1547526855803,-5.46,1.46,3.12
1,1547526855865,-5.85,1.48,3.14
1,1547526855866,-5.95,1.99,3.73
1,1547526855866,-6.13,1.81,4.29
1,1547526855866,-6.32,1.85,4.6
1,1547526855867,-6.58,1.89,4.64
1,1547526855867,-8.06,2.22,4.86
1,1547526855893,-8.47,2.28,5.29
1,1547526855939,-8.61,1.99,5.46
1,1547526855939,-9.66,2.89,5.41
1,1547526855940,-10.31,5.01,5.7
1,1547526855940,-11.17,5.74,5.93
1,1547526855941,-11.64,6.11,6.54
1,1547526855941,-12.36,5.66,7.4
1,1547526855942,-13.12,6.05,9.1
1,1547526855942,-13.55,5.85,9.49
1,1547526856012,-14.31,6.44,9.33
1,1547526856014,-15.09,6.62,9.21
1,1547526856014,-15.82,7.34,9.21
1,1547526856015,-16.77,6.67,10.0
1,1547526856026,-17.4,6.73,10.39
1,1547526856027,-17.5,6.69,10.44
1,1547526856028,-17.87,7.46,10.6
1,1547526856029,-18.51,7.57,11.19
1,1547526856089,-18.71,7.57,11.62
1,1547526856090,-18.55,7.03,12.24
1,1547526856091,-18.76,6.79,12.32
1,1547526856091,-18.73,6.73,11.77
1,1547526856092,-18.76,5.82,11.42
1,1547526856093,-19.19,5.29,10.82
1,1547526856093,-19.37,5.21,10.33
1,1547526856165,-19.0,3.53,9.27
1,1547526856167,-18.22,3.51,8.69
1,1547526856177,-17.01,4.0,7.75
1,1547526856179,-15.66,4.84,7.03
1,1547526856179,-13.71,6.21,5.37
1,1547526856180,-11.81,5.13,5.07
1,1547526856180,-10.87,2.5,5.25
1,1547526856181,-10.66,0.68,5.19
1,1547526856240,-10.64,0.07,4.96
1,1547526856264,-9.9,-0.27,3.98
1,1547526856265,-8.98,1.46,3.06
1,1547526856265,-7.94,3.96,2.73
1,1547526856266,-6.64,5.48,3.1
1,1547526856317,-5.37,4.9,3.84
1,1547526856318,-4.41,2.96,4.37
1,1547526856319,-3.55,0.93,5.0
1,1547526856320,-3.3,-0.29,5.35
1,1547526856321,-3.35,-1.05,4.39
1,1547526856322,-4.84,-1.44,2.01
1,1547526856323,-5.8,-1.03,1.97
1,1547526856324,-5.83,-0.19,2.26
1,1547526856388,-5.01,0.54,2.89
1,1547526856389,-2.79,-0.07,3.06
1,1547526856390,-2.44,-3.2,0.83
1,1547526856390,-3.59,-4.78,0.35
1,1547526856390,-5.7,-3.45,2.2
1,1547526856391,-4.39,4.37,3.8
1,1547526856391,-2.16,4.88,4.19
1,1547526856462,0.01,3.75,5.78
1,1547526856478,2.26,4.35,8.32
1,1547526856479,6.54,9.33,4.14
1,1547526856479,4.08,4.8,0.54
1,1547526856479,0.64,-0.11,0.25
1,1547526856479,-1.07,-1.28,1.83
1,1547526856480,0.05,3.12,3.71
1,1547526856480,0.42,3.3,3.55
1,1547526856541,-1.93,-7.61,0.89
1,1547526856564,-3.92,-11.69,-7.75
1,1547526856564,-15.64,-11.75,-17.73
1,1547526856564,-23.76,-11.62,-16.3
1,1547526856565,-24.6,-7.71,-9.72
1,1547526856565,-17.85,-4.1,1.38
1,1547526856565,-4.53,2.42,13.59
1,1547526856566,-3.45,8.02,9.94
1,1547526856613,-6.62,10.62,7.65
1,1547526856614,-10.07,8.32,7.42
1,1547526856615,-10.29,1.4,7.24
1,1547526856632,-8.8,1.32,6.01
1,1547526856633,-7.59,2.92,5.95
1,1547526856633,-6.07,5.31,5.41
1,1547526856634,-5.85,6.05,2.79
1,1547526856634,-7.24,4.37,2.89
1,1547526856688,-7.4,3.37,2.28
1,1547526856690,-7.42,2.44,2.51
1,1547526856691,-6.99,1.11,1.77
1,1547526856692,-8.22,-1.01,0.68
1,1547526856694,-7.87,-1.17,1.25
1,1547526856695,-7.2,-0.52,-0.17
1,1547526856696,-6.97,0.37,-1.13
1,1547526856697,-6.89,1.01,0.62
1,1547526856765,-6.25,0.97,1.69
1,1547526856782,-5.85,0.76,1.99
1,1547526856783,-5.7,0.56,2.42
1,1547526856783,-6.15,-1.19,2.32
1,1547526856784,-6.97,-2.08,2.34
1,1547526856784,-7.53,-2.22,2.32
1,1547526856784,-7.73,-1.73,2.26
1,1547526856785,-7.77,-0.44,2.26
1,1547526856840,-5.66,3.32,2.44
1,1547526856840,-4.51,4.7,2.28
1,1547526856840,-4.33,4.31,2.1
1,1547526856841,-5.23,1.21,1.77
1,1547526856841,-9.82,-6.5,1.95
1,1547526856841,-10.5,-5.46,2.38
1,1547526856842,-9.14,-1.64,2.4
1,1547526856915,-7.69,1.4,2.14
1,1547526856917,-4.76,5.82,4.86
1,1547526856935,-2.38,6.56,5.35
1,1547526856935,-1.81,2.96,2.55
1,1547526856936,-5.83,-4.72,-0.07
1,1547526856936,-11.73,-5.05,3.75
1,1547526856936,-9.39,-2.2,1.95
1,1547526856937,-7.4,-0.31,2.14
1,1547526856989,-6.26,1.15,4.1
1,1547526856990,-5.89,1.52,4.6
1,1547526856990,-6.54,2.83,3.0
1,1547526856991,-7.63,1.01,2.36
1,1547526856992,-8.86,-2.28,2.14
1,1547526856992,-9.0,-5.89,2.03
1,1547526856993,-9.04,-6.46,1.32
1,1547526856994,-10.42,-2.83,0.97
1,1547526857063,-12.18,0.25,1.03
1,1547526857064,-12.32,1.91,1.83
1,1547526857066,-6.38,1.03,4.84
1,1547526857067,-5.31,-2.05,5.72
1,1547526857069,-6.32,-5.44,5.44
1,1547526857070,-8.16,-7.36,3.86
1,1547526857072,-9.94,-7.61,1.85
1,1547526857141,-13.04,-1.07,1.15
1,1547526857142,-13.53,0.76,1.38
1,1547526857142,-11.6,0.29,2.79
1,1547526857143,-8.39,-1.91,5.46
1,1547526857143,-7.79,-3.32,7.12
1,1547526857144,-8.51,-2.79,6.05
1,1547526857144,-9.47,-5.21,3.22
1,1547526857144,-11.75,-7.94,1.48
1,1547526857221,-13.32,-3.41,2.36
1,1547526857226,-11.67,-1.58,2.57
1,1547526857227,-10.42,-1.5,4.58
1,1547526857228,-9.16,-3.37,6.15
1,1547526857229,-9.82,-2.92,6.25
1,1547526857230,-9.51,-1.28,6.05
1,1547526857231,-9.74,-1.89,5.99
1,1547526857232,-9.94,-2.94,5.85
1,1547526857290,-10.74,-3.39,5.35
1,1547526857291,-11.17,-4.82,5.27
1,1547526857291,-11.09,-5.09,5.54
1,1547526857291,-10.97,-3.67,5.37
1,1547526857292,-10.76,-2.51,6.34
1,1547526857292,-9.31,-0.64,7.67
1,1547526857292,-10.11,-0.21,7.44
1,1547526857364,-10.29,-1.01,7.48
1,1547526857410,-10.25,-1.91,8.0
1,1547526857411,-9.92,-1.07,7.92
1,1547526857412,-9.88,-1.01,7.96
1,1547526857412,-9.82,-0.68,7.53
1,1547526857413,-10.03,-0.37,7.26
1,1547526857413,-10.37,-1.4,6.67
1,1547526857413,-10.17,-1.42,6.91
1,1547526857444,-10.07,-1.09,6.97
1,1547526857444,-10.13,-1.32,7.3
1,1547526857445,-9.86,-0.72,7.32
1,1547526857445,-9.6,0.09,7.4
1,1547526857445,-9.6,-0.23,7.12
1,1547526857446,-10.29,-0.25,6.91
1,1547526857446,-9.88,-0.6,7.03
1,1547526857517,-9.88,-0.21,7.14
1,1547526857517,-9.96,-0.37,6.75
1,1547526857518,-10.15,-0.41,6.54
1,1547526857542,-10.19,0.03,6.25
1,1547526857543,-9.96,0.56,6.09
1,1547526857544,-9.8,0.8,5.93
1,1547526857544,-9.64,0.76,5.95
1,1547526857545,-9.66,0.6,5.99
1,1547526857598,-9.86,0.64,5.95
1,1547526857599,-9.9,0.56,5.78
1,1547526857600,-10.25,0.56,5.33
1,1547526857601,-10.54,0.56,5.07
1,1547526857602,-10.82,0.6,4.8
1,1547526857603,-11.03,0.87,4.08
1,1547526857604,-10.72,0.58,4.0
1,1547526857662,-10.01,0.17,4.1
1,1547526857663,-9.17,-0.15,3.96
1,1547526857663,-7.67,-0.37,3.59
1,1547526857664,-7.14,0.31,3.55
1,1547526857676,-6.71,0.39,3.82
1,1547526857676,-6.11,0.54,3.71
1,1547526857677,-5.76,0.82,3.59
1,1547526857677,-5.54,1.4,3.37
1,1547526857736,-5.41,1.38,3.12
1,1547526857739,-5.48,0.99,3.1
1,1547526857741,-5.31,0.93,3.55
1,1547526857743,-5.13,0.54,3.69
1,1547526857744,-5.25,0.56,3.76
1,1547526857744,-5.48,0.66,3.32
1,1547526857745,-5.97,0.6,3.24
1,1547526857746,-7.2,0.21,2.61
1,1547526857813,-7.53,0.52,2.69
1,1547526857814,-7.94,0.83,2.73
1,1547526857822,-8.3,0.74,3.51
1,1547526857822,-8.8,0.74,5.25
1,1547526857823,-9.35,1.52,5.33
1,1547526857823,-10.01,2.03,5.07
1,1547526857823,-11.13,3.1,4.45
1,1547526857889,-13.8,3.35,3.88
1,1547526857906,-14.17,2.89,5.13
1,1547526857907,-14.0,2.79,6.81
1,1547526857907,-13.88,3.0,7.85
1,1547526857907,-13.96,3.51,8.73
1,1547526857907,-14.7,5.23,9.12
1,1547526857907,-15.37,4.84,9.58
1,1547526857908,-15.52,4.84,10.03
1,1547526857964,-15.85,4.23,10.58
1,1547526857967,-16.4,3.65,10.44
1,1547526857968,-16.87,3.71,10.89
1,1547526857968,-16.54,3.67,11.15
1,1547526857971,-16.09,4.6,11.34
1,1547526857972,-15.44,5.99,11.48
1,1547526857972,-16.23,5.13,11.66
1,1547526857973,-16.85,4.53,11.73
1,1547526858037,-16.56,4.43,11.17
1,1547526858038,-15.95,4.47,11.91
1,1547526858038,-15.58,3.88,12.79
1,1547526858039,-15.42,3.28,13.22
1,1547526858039,-15.39,3.33,12.42
1,1547526858040,-15.8,3.18,11.21
1,1547526858040,-16.79,1.71,9.02
1,1547526858116,-16.36,1.58,8.67
1,1547526858116,-15.64,1.5,8.78
1,1547526858116,-14.47,0.7,9.37
1,1547526858117,-12.24,3.53,7.24
1,1547526858117,-11.64,3.84,6.34
1,1547526858117,-11.19,2.98,6.19
1,1547526858118,-10.78,1.58,6.46
1,1547526858191,-10.0,-0.8,6.95
1,1547526858191,-9.92,-0.8,6.15
1,1547526858208,-9.6,-0.56,5.46
1,1547526858209,-9.31,-0.13,5.05
1,1547526858209,-7.3,4.16,3.86
1,1547526858209,-6.77,6.66,4.57
1,1547526858210,-6.56,5.6,5.99
1,1547526858210,-5.07,2.92,6.69
1,1547526858260,-3.73,0.56,7.28
1,1547526858261,-4.08,-0.33,6.95
1,1547526858261,-4.68,0.0,6.44
1,1547526858262,-5.21,0.17,5.72
1,1547526858277,-5.58,-0.44,5.23
1,1547526858278,-6.99,-4.96,3.12
1,1547526858278,-7.79,-6.19,1.48
1,1547526858337,-8.98,-6.07,-0.42
1,1547526858360,-9.23,-2.92,0.42
1,1547526858361,-6.32,4.92,3.26
1,1547526858362,-0.17,7.61,6.62
1,1547526858362,1.23,6.75,7.77
1,1547526858362,2.32,5.37,8.92
1,1547526858362,2.3,4.86,7.32
1,1547526858362,0.42,3.63,3.04
1,1547526858413,-0.31,0.91,1.44
1,1547526858413,-1.23,-1.91,0.11
1,1547526858426,-2.32,-3.2,-0.6
1,1547526858426,-2.91,-0.89,1.64
1,1547526858426,-2.73,-3.98,2.03
1,1547526858426,-3.06,-8.96,1.21
1,1547526858427,-4.04,-12.57,-2.44
1,1547526858427,-9.84,-5.85,-9.82
1,1547526858488,-13.16,1.5,-9.14
1,1547526858488,-13.84,4.57,-6.26
1,1547526858512,-10.23,3.41,0.41
1,1547526858513,-0.6,-0.33,11.3
1,1547526858513,-0.87,-1.91,6.87
1,1547526858514,-3.84,-1.11,3.59
1,1547526858514,-7.42,1.36,2.91
1,1547526858514,-9.53,4.0,2.57
1,1547526858564,-9.92,3.71,1.58
1,1547526858565,-7.91,2.12,2.91
1,1547526858565,-6.26,0.42,2.77
1,1547526858565,-5.52,-0.48,3.1
1,1547526858565,-6.5,0.83,1.19
1,1547526858565,-7.75,1.71,1.4
1,1547526858566,-8.92,1.73,0.21
1,1547526858566,-9.88,1.03,-0.37
1,1547526858637,-10.07,0.6,2.01
1,1547526858647,-8.88,0.48,3.16
1,1547526858648,-7.48,-0.15,3.26
1,1547526858649,-7.2,-0.95,3.24
1,1547526858650,-8.18,1.79,3.45
1,1547526858651,-8.0,3.61,3.3
1,1547526858651,-7.63,4.1,2.65
1,1547526858716,-7.48,3.33,2.38
1,1547526858717,-6.97,2.46,2.73
1,1547526858718,-5.17,0.27,2.18
1,1547526858718,-5.83,-2.61,-0.09
1,1547526858719,-9.27,-6.32,-1.15
1,1547526858720,-12.24,-5.17,1.26
1,1547526858720,-10.13,5.19,0.64
1,1547526858747,-8.06,7.61,1.32
1,1547526858796,-5.48,6.79,3.06
1,1547526858796,-2.85,4.23,5.33
1,1547526858797,-0.5,-2.92,4.53
1,1547526858797,-2.65,-8.69,1.91
1,1547526858797,-7.67,-12.18,1.09
1,1547526858797,-11.83,-8.14,2.67
1,1547526858797,-11.36,6.54,-0.5
1,1547526858865,-8.76,8.92,-0.64
1,1547526858866,-5.72,6.93,1.11
1,1547526858866,-3.61,2.32,3.16
1,1547526858880,-3.16,-2.53,3.88
1,1547526858880,-7.28,-8.33,0.99
1,1547526858881,-10.93,-5.21,0.19
1,1547526858881,-12.81,-0.29,1.3
1,1547526858881,-13.04,1.23,2.12
1,1547526858936,-7.36,1.64,4.08
1,1547526858937,-3.22,5.15,4.84
1,1547526858937,-0.78,8.43,5.6
1,1547526858948,-1.66,8.2,5.07
1,1547526858948,-10.52,-5.82,2.94
1,1547526858948,-11.91,-7.96,3.61
1,1547526858949,-7.3,-2.36,5.19
1,1547526858949,-4.7,1.46,5.46
1,1547526859028,-7.94,-1.42,5.66
1,1547526859028,-7.63,-3.06,5.33
1,1547526859029,-7.34,-1.48,5.31
1,1547526859029,-8.1,-0.48,4.72
1,1547526859029,-8.94,-1.77,4.37
1,1547526859029,-7.79,-1.93,5.6
1,1547526859030,-7.89,-0.89,6.07
1,1547526859087,-8.0,-1.17,6.26
1,1547526859088,-6.97,-1.73,6.34
1,1547526859088,-9.47,-3.71,4.82
1,1547526859088,-10.23,-4.51,4.23
1,1547526859089,-10.17,-4.12,4.33
1,1547526859089,-9.51,-2.32,5.39
1,1547526859089,-8.24,-2.53,7.65
1,1547526859089,-8.0,-2.73,7.16
1,1547526859168,-8.49,-2.94,6.5
1,1547526859169,-8.9,-2.89,5.95
1,1547526859170,-10.39,-3.55,4.25
1,1547526859170,-10.01,-4.72,4.27
1,1547526859171,-9.57,-4.88,5.15
1,1547526859172,-9.17,-3.98,5.6
1,1547526859173,-9.1,-3.18,5.64
1,1547526859239,-8.96,-2.94,6.17
1,1547526859239,-9.35,-2.48,6.26
1,1547526859239,-9.21,-1.69,6.28
1,1547526859240,-9.31,-1.93,6.42
1,1547526859240,-8.88,-3.18,7.46
1,1547526859240,-8.76,-2.14,7.34
1,1547526859240,-9.21,-1.69,7.32
1,1547526859241,-9.23,-2.24,7.53
1,1547526859313,-9.64,-1.69,7.85
1,1547526859335,-9.35,-0.66,8.04
1,1547526859336,-9.25,0.27,8.24
1,1547526859336,-9.53,0.56,8.73
1,1547526859336,-9.84,0.27,8.88
1,1547526859337,-9.88,0.33,8.84
1,1547526859337,-10.05,0.31,8.78
1,1547526859337,-10.01,0.5,8.98
1,1547526859391,-9.9,0.54,8.67
1,1547526859400,-9.9,1.28,8.47
1,1547526859400,-9.78,1.64,8.22
1,1547526859400,-9.88,1.77,7.96
1,1547526859400,-10.37,1.52,7.59
1,1547526859401,-10.7,1.34,7.92
1,1547526859401,-9.9,1.89,8.06
1,1547526859463,-9.53,1.85,8.3
1,1547526859484,-9.29,2.3,8.24
1,1547526859484,-9.37,2.73,7.16
1,1547526859485,-9.51,2.79,6.58
1,1547526859485,-9.53,2.69,6.36
1,1547526859485,-9.68,2.4,6.56
1,1547526859485,-9.53,2.28,6.62
1,1547526859486,-9.04,3.0,6.52
1,1547526859538,-8.88,3.02,6.46
1,1547526859539,-8.73,3.49,6.36
1,1547526859539,-8.67,3.55,5.87
1,1547526859540,-8.76,3.61,5.37
1,1547526859540,-8.75,3.51,5.13
1,1547526859551,-8.84,3.73,5.07
1,1547526859552,-8.76,3.59,4.82
1,1547526859552,-8.9,3.43,4.14
1,1547526859612,-8.61,3.12,3.78
1,1547526859613,-8.45,3.02,3.88
1,1547526859613,-8.28,2.81,3.57
1,1547526859613,-7.73,2.36,3.37
1,1547526859780,-6.71,1.95,2.77
1,1547526859782,-6.34,2.26,2.59
1,1547526859784,-6.13,2.24,2.51
1,1547526859785,-5.83,2.05,2.42
1,1547526859786,-5.89,2.08,2.4
1,1547526859868,-5.87,2.08,2.38
1,1547526859869,-6.09,2.53,2.38
1,1547526859869,-5.72,2.92,2.32
1,1547526859869,-5.21,3.14,2.32
1,1547526859869,-5.46,3.0,2.34
1,1547526859870,-11.95,5.15,2.36
1,1547526859870,-12.59,5.56,2.46
1,1547526859870,-13.1,6.07,3.24
1,1547526859912,-13.14,6.19,6.05
1,1547526859940,-16.62,9.86,8.22
1,1547526859940,-17.18,9.14,8.88
1,1547526859941,-17.44,8.47,9.8
1,1547526859941,-18.24,8.76,9.74
1,1547526859941,-18.32,9.08,10.09
1,1547526859942,-18.0,9.02,9.84
1,1547526859942,-18.47,9.06,10.03
1,1547526859987,-18.28,9.88,10.19
1,1547526859988,-17.73,9.41,10.58
1,1547526859988,-17.67,9.04,10.72
1,1547526859989,-17.61,8.55,10.74
1,1547526859989,-17.42,7.1,10.5
1,1547526859989,-17.73,5.41,9.37
1,1547526859990,-17.32,4.78,8.69
1,1547526859990,-16.38,4.06,8.45
1,1547526860075,-15.17,4.39,7.67
1,1547526860076,-12.08,6.71,7.57
1,1547526860077,-10.6,5.58,7.36
1,1547526860078,-10.17,4.76,6.44
1,1547526860079,-9.84,4.66,5.66
1,1547526860079,-9.37,2.08,5.85
1,1547526860080,-9.45,1.15,6.11
1,1547526860081,-8.98,1.38,5.74
1,1547526860140,-8.24,2.01,5.37
1,1547526860141,-7.81,3.04,4.84
1,1547526860142,-6.25,4.1,5.01
1,1547526860143,-5.76,3.0,5.5
1,1547526860144,-4.68,1.91,6.13
1,1547526860145,-4.12,1.15,6.46
1,1547526860146,-3.76,0.78,6.19
1,1547526860216,-3.88,-0.66,5.58
1,1547526860219,-4.43,-1.48,5.33
1,1547526860220,-4.62,-1.25,5.23
1,1547526860221,-4.72,0.99,5.78
1,1547526860222,-3.49,0.82,5.17
1,1547526860223,-2.81,-1.21,3.55
1,1547526860224,-3.33,-3.06,2.5
1,1547526860291,-5.99,-1.83,1.79
1,1547526860293,-6.3,0.5,2.51
1,1547526860294,-5.11,3.12,4.02
1,1547526860296,-2.57,6.28,6.09
1,1547526860297,0.76,9.02,7.08
1,1547526860298,5.54,10.37,6.44
1,1547526860299,4.35,7.81,3.86
1,1547526860301,1.21,3.41,1.19
1,1547526860375,-1.71,-0.31,0.29
1,1547526860376,-3.86,0.41,2.81
1,1547526860377,-2.07,1.11,0.25
1,1547526860378,-1.11,0.44,-2.28
1,1547526860378,-1.97,-1.54,-2.1
1,1547526860379,-4.66,-7.14,-0.07
1,1547526860379,-5.87,-9.33,-2.07
1,1547526860380,-8.55,-10.54,-5.6
1,1547526860438,-11.97,-10.21,-8.37
1,1547526860440,-13.35,-7.16,-6.93
1,1547526860442,-9.02,0.8,1.42
1,1547526860443,-7.85,2.75,5.03
1,1547526860445,-7.79,2.79,8.61
1,1547526860446,-7.53,1.99,7.3
1,1547526860447,-8.73,0.21,3.94
1,1547526860447,-10.35,-1.21,4.82
1,1547526860516,-10.91,-0.91,5.17
1,1547526860518,-10.11,1.34,4.64
1,1547526860519,-7.53,4.53,4.74
1,1547526860520,-6.97,2.85,5.05
1,1547526860521,-6.17,1.93,5.89
1,1547526860522,-5.72,2.34,5.25
1,1547526860523,-7.34,2.92,2.94
1,1547526860589,-8.96,1.25,2.2
1,1547526860590,-10.09,0.58,2.46
1,1547526860591,-9.53,1.36,2.32
1,1547526860592,-8.24,1.91,2.08
1,1547526860592,-8.26,0.09,1.79
1,1547526860594,-9.02,-0.82,2.08
1,1547526860595,-8.73,-0.62,1.99
1,1547526860679,-8.3,0.19,2.2
1,1547526860680,-7.51,2.18,2.3
1,1547526860681,-7.2,1.48,2.5
1,1547526860682,-6.99,0.09,2.36
1,1547526860682,-7.51,-1.83,1.87
1,1547526860683,-8.73,-0.54,1.99
1,1547526860683,-8.22,1.32,1.32
1,1547526860684,-7.79,2.53,0.82
1,1547526860737,-7.89,2.36,1.13
1,1547526860758,-6.79,0.82,2.55
1,1547526860759,-5.48,0.46,2.94
1,1547526860759,-4.55,-0.83,2.3
1,1547526860759,-5.78,-4.47,0.83
1,1547526860760,-8.78,-6.64,1.23
1,1547526860760,-10.5,0.25,1.52
1,1547526860760,-9.37,2.71,0.21
1,1547526860815,-8.04,3.3,0.58
1,1547526860815,-6.58,3.41,2.24
1,1547526860816,-1.4,5.89,4.86
1,1547526860816,0.56,5.09,4.02
1,1547526860817,0.11,0.68,2.51
1,1547526860817,-4.45,-6.85,2.1
1,1547526860817,-10.25,-4.37,4.84
1,1547526860818,-5.82,2.75,3.53
1,1547526860889,-2.98,6.15,2.79
1,1547526860914,-2.61,6.3,3.49
1,1547526860916,-3.53,2.71,2.65
1,1547526860916,-6.28,-3.04,0.6
1,1547526860917,-11.93,-9.98,-0.76
1,1547526860917,-14.33,-8.18,1.28
1,1547526860918,-10.66,-2.59,1.52
1,1547526860969,-6.6,0.23,3.04
1,1547526860970,-5.76,1.73,4.35
1,1547526860970,-5.8,2.85,4.29
1,1547526860970,-7.22,2.77,3.53
1,1547526860970,-8.41,-1.83,2.81
1,1547526860971,-9.19,-6.52,3.12
1,1547526860971,-9.23,-6.91,3.82
1,1547526860971,-7.94,-2.59,4.78
1,1547526861038,-9.02,-0.19,3.59
1,1547526861039,-10.17,0.41,3.26
1,1547526861039,-10.8,1.03,2.87
1,1547526861064,-11.03,-0.23,3.12
1,1547526861065,-9.14,-4.27,5.42
1,1547526861066,-8.65,-3.92,5.99
1,1547526861067,-8.61,-2.83,5.33
1,1547526861113,-10.13,-2.26,4.49
1,1547526861127,-11.89,-1.83,3.41
1,1547526861128,-10.7,-2.5,5.07
1,1547526861128,-9.57,-2.96,5.93
1,1547526861189,-9.33,-2.69,6.4
1,1547526861189,-9.23,-2.46,6.77
1,1547526861190,-8.55,-2.12,7.12
1,1547526861190,-9.08,-2.08,6.93
1,1547526861190,-10.03,-2.71,6.48
1,1547526861190,-10.21,-2.67,5.39
1,1547526861191,-9.58,-3.32,6.6
1,1547526861191,-8.76,-2.55,7.4
1,1547526861268,-8.82,-2.08,7.81
1,1547526861270,-8.45,-1.73,7.85
1,1547526861271,-9.31,-1.56,7.61
1,1547526861271,-9.74,-1.23,7.16
1,1547526861272,-10.21,-1.69,7.16
1,1547526861273,-9.41,-2.4,8.76
1,1547526861274,-9.27,-1.48,9.25
1,1547526861274,-8.9,-0.5,9.49
1,1547526861341,-9.08,-0.11,9.78
1,1547526861342,-9.74,-0.07,8.59
1,1547526861362,-10.44,-0.15,8.18
1,1547526861363,-10.42,-0.37,8.06
1,1547526861363,-10.33,-0.93,8.8
1,1547526861364,-9.72,-0.93,9.43
1,1547526861364,-9.62,-0.13,9.43
1,1547526861364,-9.31,0.44,9.37
1,1547526861411,-9.39,0.54,9.23
1,1547526861412,-9.88,0.5,8.47
1,1547526861413,-9.66,0.46,8.3
1,1547526861414,-9.76,0.5,8.35
1,1547526861414,-9.6,0.33,8.28
1,1547526861415,-9.29,0.37,8.32
1,1547526861416,-8.98,0.91,7.98
1,1547526861417,-8.67,1.17,8.02
1,1547526861488,-8.22,1.46,7.94
1,1547526861489,-8.06,1.44,7.91
1,1547526861490,-7.91,1.34,7.26
1,1547526861490,-7.96,1.56,6.75
1,1547526861490,-7.83,1.36,6.54
1,1547526861491,-7.69,1.09,6.28
1,1547526861492,-7.12,1.56,5.74
1,1547526861493,-6.95,1.93,5.33
1,1547526861571,-7.07,1.71,4.88
1,1547526861572,-7.08,2.01,4.41
1,1547526861572,-7.26,1.58,4.0
1,1547526861573,-7.18,0.76,3.47
1,1547526861573,-7.18,0.66,3.35
1,1547526861574,-6.73,0.7,3.22
1,1547526861574,-6.42,1.58,2.73
1,1547526861575,-7.03,0.76,2.57
1,1547526861637,-6.91,0.95,2.87
1,1547526861638,-6.6,1.15,3.47
1,1547526861638,-6.25,0.91,4.21
1,1547526861639,-5.87,1.05,5.37
1,1547526861648,-5.42,1.6,5.76
1,1547526861649,-5.91,1.91,5.99
1,1547526861649,-6.17,2.32,5.72
1,1547526861649,-6.87,2.28,5.41
1,1547526861713,-8.69,2.42,5.39
1,1547526861713,-9.1,2.18,4.98
1,1547526861713,-9.6,2.4,5.05
1,1547526861714,-10.19,2.53,4.98
1,1547526861714,-11.07,3.16,5.83
1,1547526861714,-11.52,2.98,6.73
1,1547526861714,-11.73,3.41,7.07
1,1547526861788,-12.42,3.65,7.81
1,1547526861789,-12.73,4.47,8.98
1,1547526861790,-12.87,5.03,9.39
1,1547526861790,-13.33,5.01,10.42
1,1547526861790,-13.63,4.84,10.48
1,1547526861791,-14.86,4.8,11.21
1,1547526861791,-15.29,4.35,12.1
1,1547526861791,-15.35,4.76,11.99
1,1547526861866,-15.37,5.25,12.4
1,1547526861867,-15.19,5.17,12.28
1,1547526861867,-15.58,5.52,12.94
1,1547526861867,-15.83,4.78,13.73
1,1547526861867,-15.58,5.17,13.9
1,1547526861868,-15.09,5.48,14.06
1,1547526861868,-14.72,6.26,13.69
1,1547526861937,-15.03,5.87,13.18
1,1547526861938,-15.89,5.46,13.26
1,1547526861938,-16.26,4.16,13.49
1,1547526861951,-16.42,3.26,12.81
1,1547526862013,-16.58,2.63,12.44
1,1547526862013,-16.79,2.63,11.44
1,1547526862014,-16.46,2.87,10.58
1,1547526862014,-16.23,3.12,10.29
1,1547526862014,-14.47,2.36,10.13
1,1547526862014,-13.76,1.75,9.94
1,1547526862015,-11.21,1.36,9.1
1,1547526862035,-9.76,1.4,8.14
1,1547526862094,-8.82,1.99,6.34
1,1547526862097,-8.32,1.5,5.93
1,1547526862098,-6.73,0.95,5.8
1,1547526862099,-7.05,0.52,5.25
1,1547526862100,-7.34,0.56,4.94
1,1547526862101,-6.93,0.68,4.51
1,1547526862106,-6.15,0.87,4.25
1,1547526862108,-5.76,-1.03,4.41
1,1547526862171,-5.66,-1.81,4.78
1,1547526862171,-4.72,-0.64,4.55
1,1547526862172,-4.16,-0.03,3.75
1,1547526862173,-4.78,-2.22,1.42
1,1547526862173,-6.01,-2.85,0.74
1,1547526862173,-6.91,-1.89,0.62
1,1547526862174,-7.1,-0.15,0.66
1,1547526862175,-5.39,1.85,2.24
1,1547526862238,-4.06,0.97,3.61
1,1547526862239,-2.59,0.42,5.68
1,1547526862239,-0.97,0.95,6.6
1,1547526862239,1.13,3.22,5.91
1,1547526862240,1.44,2.83,4.17
1,1547526862240,1.13,2.22,2.32
1,1547526862253,0.46,2.08,1.97
1,1547526862254,-1.3,4.86,3.51
1,1547526862315,-1.15,6.62,6.46
1,1547526862316,1.42,6.48,7.24
1,1547526862317,4.35,3.51,5.39
1,1547526862318,3.94,-1.07,2.98
1,1547526862319,0.27,-10.31,-0.52
1,1547526862321,-1.25,-12.12,-6.95
1,1547526862322,-4.47,-9.47,-14.78
1,1547526862323,-10.31,-6.67,-18.33
1,1547526862388,-26.15,-4.39,-12.96
1,1547526862389,-23.47,-7.03,-5.46
1,1547526862389,-11.83,-7.5,5.17
1,1547526862389,-1.23,-1.46,17.16
1,1547526862404,-1.25,11.62,8.65
1,1547526862404,-10.0,9.06,5.35
1,1547526862404,-15.74,3.82,6.4
1,1547526862404,-15.17,0.17,8.02
1,1547526862469,-5.87,2.24,5.87
1,1547526862470,-4.82,4.43,5.72
1,1547526862471,-5.56,4.94,3.1
1,1547526862472,-7.34,3.61,1.6
1,1547526862472,-8.12,1.99,1.46
1,1547526862473,-6.85,0.07,-0.07
1,1547526862473,-6.69,0.21,-0.09
1,1547526862537,-7.01,1.77,-0.41
1,1547526862538,-7.63,2.83,-0.78
1,1547526862538,-6.75,-0.21,1.25
1,1547526862538,-6.11,-1.97,1.48
1,1547526862538,-6.48,-2.46,1.77
1,1547526862556,-6.89,-1.83,1.28
1,1547526862557,-8.28,-2.28,1.25
1,1547526862557,-7.96,-0.95,2.38
1,1547526862611,-7.03,0.87,2.08
1,1547526862612,-6.19,2.28,1.5
1,1547526862612,-4.72,2.16,0.68
1,1547526862613,-5.58,-1.66,-1.03
1,1547526862613,-8.33,-7.01,-1.52
1,1547526862621,-10.52,-7.63,1.05
1,1547526862622,-10.01,-2.71,2.2
1,1547526862687,-8.22,4.68,-1.19
1,1547526862708,-7.59,4.88,0.03
1,1547526862709,-6.97,2.91,2.03
1,1547526862709,-6.03,0.48,3.45
1,1547526862710,-4.16,-3.51,1.58
1,1547526862710,-7.24,-9.47,-1.13
1,1547526862710,-11.52,-11.03,0.13
1,1547526862711,-12.28,-5.56,2.89
1,1547526862772,-6.5,4.72,4.43
1,1547526862772,-1.26,7.94,4.8
1,1547526862773,1.09,8.8,4.02
1,1547526862773,-1.25,6.66,3.26
1,1547526862773,-2.28,4.21,2.79
1,1547526862773,-7.46,-5.99,2.81
1,1547526862774,-9.21,-4.04,2.65
1,1547526862774,-7.83,0.56,3.1
1,1547526862837,-5.64,2.16,3.86
1,1547526862866,-4.04,0.76,5.19
1,1547526862867,-6.38,0.68,3.06
1,1547526862868,-8.92,-1.01,1.15
1,1547526862869,-11.07,-5.19,-0.01
1,1547526862870,-9.45,-2.14,2.75
1,1547526862870,-7.12,-1.11,4.41
1,1547526862927,-6.07,-1.46,5.78
1,1547526862928,-5.95,-0.66,5.83
1,1547526862928,-9.6,-0.09,2.46
1,1547526862928,-11.66,-1.21,1.5
1,1547526862928,-11.23,-2.92,2.12
1,1547526862929,-9.33,-3.71,3.45
1,1547526862929,-7.77,-3.2,6.73
1,1547526862929,-7.94,-1.81,6.3
1,1547526863014,-8.45,-0.93,6.17
1,1547526863016,-8.63,-1.09,5.68
1,1547526863016,-9.37,-0.52,4.74
1,1547526863017,-11.87,-0.74,3.41
1,1547526863018,-10.62,-2.44,5.19
1,1547526863019,-9.47,-3.47,6.62
1,1547526863019,-9.57,-3.3,7.4
1,1547526863020,-9.68,-1.44,7.22
1,1547526863092,-10.91,-0.6,6.32
1,1547526863093,-12.22,-0.91,5.37
1,1547526863093,-13.28,-1.79,4.94
1,1547526863093,-12.18,-2.2,7.28
1,1547526863094,-11.03,-0.7,9.04
1,1547526863094,-10.56,0.5,9.6
1,1547526863094,-10.58,0.83,9.33
1,1547526863139,-12.18,0.5,7.4
1,1547526863140,-12.51,0.56,7.08
1,1547526863140,-12.44,0.54,7.53
1,1547526863141,-12.01,1.17,8.39
1,1547526863159,-11.48,1.32,9.33
1,1547526863160,-10.93,1.15,9.29
1,1547526863160,-11.07,1.46,8.65
1,1547526863160,-11.36,2.03,7.92
1,1547526863214,-11.5,2.36,7.79
1,1547526863214,-11.42,2.59,7.24
1,1547526863215,-11.66,1.85,7.4
1,1547526863233,-11.81,1.69,7.71
1,1547526863234,-11.81,1.56,7.87
1,1547526863234,-10.83,2.65,8.0
1,1547526863234,-10.41,3.3,7.83
1,1547526863289,-10.21,3.67,7.34
1,1547526863317,-9.94,3.94,6.95
1,1547526863318,-10.13,3.8,6.36
1,1547526863318,-10.07,3.57,6.03
1,1547526863319,-9.68,3.49,5.78
1,1547526863319,-9.74,3.67,5.93
1,1547526863319,-9.62,3.71,5.54
1,1547526863320,-9.64,3.92,4.64
1,1547526863388,-9.43,3.86,4.41
1,1547526863389,-9.21,3.84,4.1
1,1547526863390,-9.16,3.94,4.02
1,1547526863390,-8.76,2.91,3.88
1,1547526863390,-8.32,2.94,3.84
1,1547526863390,-8.12,3.06,3.94
1,1547526863390,-7.69,3.08,3.96
1,1547526863391,-6.81,3.16,3.86
1,1547526863438,-6.54,3.39,3.73
1,1547526863439,-6.3,3.45,3.67
1,1547526863439,-6.13,3.39,3.59
1,1547526863440,-5.8,3.35,3.32
1,1547526863440,-5.87,3.37,3.33
1,1547526863440,-5.76,3.02,3.47
1,1547526863468,-5.97,3.16,3.63
1,1547526863517,-5.99,2.94,3.53
1,1547526863518,-6.56,3.47,2.89
1,1547526863518,-6.75,3.57,3.02
1,1547526863518,-7.12,3.2,3.59
1,1547526863552,-7.16,3.08,4.19
1,1547526863552,-7.36,3.33,4.9
1,1547526863552,-7.96,3.47,5.13
1,1547526863552,-8.3,4.33,4.94
1,1547526863603,-8.61,4.74,4.82
1,1547526863603,-10.11,4.8,5.07
1,1547526863604,-10.93,4.7,5.11
1,1547526863604,-11.46,4.55,5.66
1,1547526863604,-11.52,5.8,5.89
1,1547526863604,-11.81,6.54,6.71
1,1547526863604,-12.16,6.67,8.2
1,1547526863665,-12.5,7.07,8.55
1,1547526863666,-13.14,7.18,8.51
1,1547526863666,-13.76,7.01,8.61
1,1547526863666,-14.8,7.91,9.14
1,1547526863666,-15.44,7.61,9.49
1,1547526863667,-15.93,7.57,10.07
1,1547526863667,-15.99,7.85,10.46
1,1547526863667,-16.32,7.96,11.15
1,1547526863737,-16.34,8.12,11.54
1,1547526863737,-16.69,8.06,11.91
1,1547526863754,-17.01,7.75,11.75
1,1547526863756,-18.0,7.36,11.66
1,1547526863756,-18.61,6.81,11.67
1,1547526863757,-18.35,6.79,11.6
1,1547526863757,-17.89,7.18,11.62
1,1547526863758,-17.32,7.55,11.67
1,1547526863815,-16.77,5.41,10.11
1,1547526863835,-16.75,4.08,9.58
1,1547526863835,-16.4,2.71,9.17
1,1547526863835,-15.91,1.26,8.76
1,1547526863836,-12.85,2.73,7.03
1,1547526863836,-11.3,2.91,6.83
1,1547526863836,-10.31,2.63,6.58
1,1547526863889,-9.08,2.5,6.32
1,1547526863897,-8.14,1.81,5.33
1,1547526863898,-7.81,1.4,4.78
1,1547526863898,-7.73,1.85,4.14
1,1547526863898,-7.79,1.81,3.88
1,1547526863898,-7.12,0.5,3.28
1,1547526863899,-6.73,0.19,3.22
1,1547526863899,-6.17,1.09,3.73
1,1547526863963,-5.35,2.51,4.1
1,1547526863964,-4.8,2.65,4.19
1,1547526863964,-4.06,0.29,4.39
1,1547526863982,-4.39,-1.81,3.67
1,1547526863984,-5.17,-3.53,2.61
1,1547526863986,-6.17,-3.45,1.77
1,1547526863987,-7.38,-1.05,2.38
1,1547526864039,-6.46,0.54,2.81
1,1547526864039,-4.74,1.34,3.32
1,1547526864040,-3.06,1.48,3.18
1,1547526864040,-1.89,0.93,2.77
1,1547526864041,-1.73,1.89,3.41
1,1547526864041,-1.05,3.0,4.55
1,1547526864042,0.37,4.94,5.0
1,1547526864066,2.24,6.93,5.87
1,1547526864115,4.31,7.4,6.46
1,1547526864116,2.89,6.67,6.07
1,1547526864117,1.97,6.79,5.8
1,1547526864117,2.59,6.34,4.6
1,1547526864118,1.11,-6.62,-2.61
1,1547526864119,-0.62,-13.16,-3.16
1,1547526864120,-1.5,-15.37,-4.7
1,1547526864120,-1.42,-12.18,-8.1
1,1547526864191,-7.55,0.52,-15.62
1,1547526864193,-18.53,0.29,-17.03
1,1547526864194,-28.75,-5.25,-15.76
1,1547526864195,-25.72,-12.81,-9.35
1,1547526864196,2.61,-13.88,19.6
1,1547526864197,12.01,-2.77,22.22
1,1547526864198,8.84,7.75,10.7
1,1547526864266,-1.54,12.24,1.21
1,1547526864267,-11.54,10.68,0.33
1,1547526864268,-18.0,-2.67,5.07
1,1547526864268,-11.77,-1.91,6.07
1,1547526864287,-5.27,2.24,4.58
1,1547526864288,-2.61,5.33,3.12
1,1547526864289,-5.15,4.1,-0.48
1,1547526864289,-9.17,-0.42,-2.12
1,1547526864342,-13.02,-3.76,-1.09
1,1547526864342,-12.51,-2.05,1.05
1,1547526864343,-6.05,1.58,-1.48
1,1547526864344,-5.93,1.48,-0.15
1,1547526864344,-6.46,1.46,2.1
1,1547526864344,-5.95,1.17,3.43
1,1547526864345,-5.27,0.58,3.24
1,1547526864417,-6.36,-4.08,1.17
1,1547526864436,-8.02,-4.43,1.54
1,1547526864437,-7.77,-1.11,2.3
1,1547526864438,-7.16,2.48,1.69
1,1547526864438,-5.66,3.76,2.14
1,1547526864439,-4.72,1.32,2.34
1,1547526864440,-5.27,-2.07,1.48
1,1547526864440,-8.28,-7.12,-1.4
1,1547526864490,-13.47,-8.26,-0.82
1,1547526864490,-12.42,-3.04,0.33
1,1547526864491,-9.96,1.38,1.44
1,1547526864491,-8.06,2.67,1.93
1,1547526864492,-5.17,3.96,6.05
1,1547526864493,-2.73,5.64,6.64
1,1547526864494,-1.17,4.41,4.39
1,1547526864494,-3.59,-1.77,1.32
1,1547526864564,-9.39,-9.23,0.76
1,1547526864565,-9.9,-3.8,4.19
1,1547526864565,-5.72,-0.09,2.67
1,1547526864565,-4.7,1.09,2.34
1,1547526864566,-7.05,1.36,2.38
1,1547526864566,-11.28,-0.05,1.3
1,1547526864566,-9.64,-0.62,2.48
1,1547526864641,-7.55,-1.97,3.9
1,1547526864642,-6.4,-3.08,4.9
1,1547526864653,-6.62,-0.05,5.01
1,1547526864654,-7.32,1.58,3.8
1,1547526864654,-10.85,0.89,1.46
1,1547526864654,-13.2,-1.54,1.26
1,1547526864655,-8.41,-1.28,3.96
1,1547526864655,-8.06,-1.32,4.94
1,1547526864716,-7.91,-1.6,5.39
1,1547526864717,-7.57,-1.17,5.42
1,1547526864717,-7.73,-1.01,5.11
1,1547526864736,-12.34,-1.64,0.7
1,1547526864737,-13.82,-2.96,0.8
1,1547526864737,-11.09,-4.17,2.57
1,1547526864737,-8.75,-4.0,4.0
1,1547526864738,-8.12,-1.97,5.09
1,1547526864788,-8.65,-0.83,3.86
1,1547526864797,-10.46,-0.27,3.28
1,1547526864797,-10.7,-0.07,3.16
1,1547526864798,-11.93,-1.44,3.12
1,1547526864798,-11.19,-1.87,4.45
1,1547526864798,-9.62,-1.15,5.48
1,1547526864799,-9.51,0.39,6.09
1,1547526864861,-9.27,0.56,6.26
1,1547526864870,-10.58,-0.01,5.56
1,1547526864870,-11.15,-0.19,5.33
1,1547526864871,-10.97,-0.03,6.01
1,1547526864871,-10.54,-0.64,6.64
1,1547526864871,-10.87,-0.6,7.14
1,1547526864872,-10.7,-0.25,7.16
1,1547526864872,-11.23,0.05,7.01
1,1547526864937,-11.54,0.58,6.34
1,1547526864937,-11.58,0.5,7.24
1,1547526864958,-10.95,0.31,7.77
1,1547526864959,-10.72,-0.19,8.47
1,1547526864959,-11.09,-0.01,8.06
1,1547526864960,-11.62,0.0,7.14
1,1547526864960,-11.54,0.33,6.89
1,1547526865015,-11.17,0.17,6.97
1,1547526865016,-11.11,-0.09,7.18
1,1547526865017,-10.56,0.13,7.28
1,1547526865018,-9.9,0.66,7.03
1,1547526865019,-9.68,0.54,6.87
1,1547526865020,-10.0,0.99,6.6
1,1547526865020,-9.9,0.7,5.99
1,1547526865021,-9.78,0.54,6.13
1,1547526865091,-9.35,0.64,6.09
1,1547526865092,-9.16,0.93,6.25
1,1547526865092,-8.86,0.82,6.15
1,1547526865093,-8.33,1.44,6.28
1,1547526865093,-8.14,1.44,5.85
1,1547526865093,-8.28,1.71,5.44
1,1547526865094,-8.35,1.77,5.42
1,1547526865094,-8.3,1.28,5.41
1,1547526865170,-8.26,1.6,5.56
1,1547526865171,-8.26,1.73,5.64
1,1547526865171,-8.33,1.67,5.56
1,1547526865172,-8.61,1.6,5.29
1,1547526865172,-8.75,2.2,4.29
1,1547526865173,-9.17,2.16,4.04
1,1547526865173,-9.51,1.87,3.75
1,1547526865241,-9.53,1.09,3.65
1,1547526865242,-9.0,1.3,3.41
1,1547526865242,-8.53,1.01,3.94
1,1547526865243,-7.96,1.36,4.14
1,1547526865243,-7.28,1.62,4.6
1,1547526865258,-6.67,2.12,5.33
1,1547526865259,-6.75,2.57,5.44
1,1547526865259,-6.69,2.59,5.64
1,1547526865313,-6.67,2.94,5.64
1,1547526865314,-6.4,3.45,5.64
1,1547526865314,-6.73,3.33,6.23
1,1547526865314,-6.89,3.39,6.3
1,1547526865315,-6.93,3.0,6.42
1,1547526865315,-7.55,3.18,6.36
1,1547526865315,-8.26,3.12,5.85
1,1547526865392,-8.75,3.75,5.48
1,1547526865394,-9.06,3.78,5.7
1,1547526865396,-9.12,4.06,6.23
1,1547526865397,-9.78,4.62,6.75
1,1547526865399,-11.05,4.41,7.44
1,1547526865400,-11.56,4.29,7.81
1,1547526865401,-12.59,4.47,8.51
1,1547526865403,-14.04,3.76,8.65
1,1547526865470,-14.82,4.82,8.84
1,1547526865471,-14.98,4.6,9.62
1,1547526865472,-14.92,4.43,11.07
1,1547526865473,-14.02,5.42,12.98
1,1547526865473,-14.23,6.3,13.61
1,1547526865474,-14.16,6.73,14.23
1,1547526865475,-14.57,6.32,14.51
1,1547526865539,-15.15,6.71,14.84
1,1547526865540,-16.21,5.82,15.03
1,1547526865540,-16.52,5.72,15.0
1,1547526865541,-16.15,5.29,14.9
1,1547526865558,-16.79,5.74,14.31
1,1547526865559,-17.26,3.26,13.78
1,1547526865559,-17.4,2.57,13.04
1,1547526865559,-17.75,2.07,11.85
1,1547526865616,-17.75,1.52,10.89
1,1547526865616,-15.83,1.6,10.03
1,1547526865616,-14.6,3.04,10.13
1,1547526865617,-12.44,3.9,9.64
1,1547526865617,-11.05,4.06,9.31
1,1547526865617,-10.03,1.67,8.22
1,1547526865617,-9.8,0.56,7.44
1,1547526865617,-9.64,0.27,6.58
1,1547526865691,-9.62,-0.29,6.11
1,1547526865692,-9.68,-1.4,5.97
1,1547526865693,-9.12,0.07,4.84
1,1547526865694,-8.2,1.79,4.08
1,1547526865694,-7.12,3.75,3.82
1,1547526865764,-5.97,4.6,4.16
1,1547526865777,-5.56,0.5,5.09
1,1547526865777,-5.29,-0.66,5.48
1,1547526865778,-5.03,-0.46,5.23
1,1547526865778,-5.0,-0.11,5.37
1,1547526865779,-4.02,0.27,5.82
1,1547526865779,-3.41,0.48,5.74
1,1547526865779,-3.26,0.42,5.56
1,1547526865838,-3.39,0.54,5.44
1,1547526865838,-4.27,0.78,4.76
1,1547526865839,-4.31,0.44,3.75
1,1547526865869,-4.08,-0.87,1.87
1,1547526865871,-4.16,-1.97,-0.13
1,1547526865872,-5.66,1.05,1.6
1,1547526865873,-5.37,3.65,3.24
1,1547526865874,-3.45,5.31,4.6
1,1547526865925,-0.46,6.26,6.26
1,1547526865925,4.17,5.35,7.53
1,1547526865926,4.17,5.03,7.53
1,1547526865926,3.39,4.55,4.84
1,1547526865926,2.61,3.98,2.16
1,1547526865927,-0.21,-2.05,-4.47
1,1547526865927,-2.26,-4.88,-4.96
1,1547526865927,-3.55,-4.82,-2.98
1,1547526865988,-4.0,-5.76,-3.73
1,1547526866011,-7.85,-12.85,-10.97
1,1547526866012,-12.87,-13.84,-13.55
1,1547526866012,-18.04,-13.55,-15.56
1,1547526866012,-18.59,-12.67,-12.53
1,1547526866012,-12.5,-7.42,-0.78
1,1547526866012,-2.53,14.88,18.22
1,1547526866013,-4.31,18.47,13.12
1,1547526866066,-7.55,10.72,5.0
1,1547526866066,-9.43,-0.05,4.47
1,1547526866067,-9.55,-4.74,8.55
1,1547526866067,-8.2,-0.62,5.41
1,1547526866067,-8.1,2.26,3.33
1,1547526866067,-8.08,3.24,2.71
1,1547526866068,-7.77,2.51,3.1
1,1547526866068,-7.03,2.48,2.65
1,1547526866136,-6.36,2.61,2.07
1,1547526866145,-6.3,2.34,1.69
1,1547526866145,-6.42,1.15,1.52
1,1547526866145,-5.91,-0.85,1.36
1,1547526866146,-6.07,-0.89,0.74
1,1547526866146,-6.3,-0.64,0.42
1,1547526866146,-6.71,-1.01,0.62
1,1547526866211,-8.08,-1.87,1.23
1,1547526866211,-8.12,-1.52,1.93
1,1547526866212,-7.55,-0.09,2.48
1,1547526866212,-6.48,1.56,3.24
1,1547526866212,-4.23,2.57,3.82
1,1547526866213,-3.37,1.23,3.73
1,1547526866213,-4.06,-2.63,1.66
1,1547526866213,-7.79,-8.78,-0.83
1,1547526866287,-13.69,-4.92,2.1
1,1547526866296,-11.25,1.28,1.03
1,1547526866297,-8.47,4.88,0.29
1,1547526866297,-6.25,6.54,2.44
1,1547526866297,-3.88,7.5,5.5
1,1547526866297,-0.74,1.56,5.29
1,1547526866297,-3.18,-5.99,2.07
1,1547526866363,-7.89,-10.05,2.38
1,1547526866363,-10.91,-6.5,4.55
1,1547526866364,-7.92,4.27,2.96
1,1547526866380,-5.0,5.19,4.33
1,1547526866381,-2.26,4.58,6.21
1,1547526866383,-0.82,3.86,6.75
1,1547526866383,-7.5,-4.27,1.64
1,1547526866383,-13.08,-6.5,1.52
1,1547526866439,-13.12,-2.28,3.39
1,1547526866443,-8.33,1.38,3.86
1,1547526866444,-2.83,1.36,6.19
1,1547526866445,-3.71,0.97,6.6
1,1547526866446,-4.88,0.93,5.93
1,1547526866447,-5.95,0.76,4.25
1,1547526866450,-8.02,0.01,2.34
1,1547526866452,-11.66,-5.74,2.28
1,1547526866513,-9.62,-6.26,2.46
1,1547526866513,-7.69,-4.25,2.75
1,1547526866513,-6.81,-1.42,4.14
1,1547526866514,-5.01,1.46,6.25
1,1547526866514,-5.09,2.3,5.23
1,1547526866514,-7.91,2.18,3.55
1,1547526866514,-10.93,0.29,2.3
1,1547526866587,-10.05,-4.55,4.43
1,1547526866599,-7.96,-3.35,5.93
1,1547526866600,-7.57,-2.67,6.56
1,1547526866600,-7.85,-2.01,6.95
1,1547526866600,-8.49,1.13,6.21
1,1547526866600,-9.82,1.09,5.33
1,1547526866600,-10.87,0.48,5.25
1,1547526866601,-11.36,-0.52,4.84
1,1547526866665,-11.5,-2.12,5.35
1,1547526866667,-9.6,-4.86,7.94
1,1547526866668,-8.9,-3.57,8.71
1,1547526866670,-9.25,-1.07,8.82
1,1547526866671,-10.19,0.13,8.43
1,1547526866672,-11.81,-1.6,6.48
1,1547526866673,-12.48,-1.87,6.83
1,1547526866739,-12.07,-2.38,7.61
1,1547526866740,-11.34,-3.02,8.3
1,1547526866811,-10.78,-1.81,9.04
1,1547526866811,-10.66,-1.64,8.88
1,1547526866812,-10.95,-1.09,8.37
1,1547526866812,-11.66,-0.48,7.53
1,1547526866812,-12.44,-0.48,7.65
1,1547526866843,-11.5,-1.26,8.43
1,1547526866844,-10.82,-1.36,9.17
1,1547526866845,-10.64,-0.74,9.45
1,1547526866903,-10.33,-0.54,9.37
1,1547526866903,-10.74,-0.44,8.65
1,1547526866904,-9.39,1.4,8.51
1,1547526866904,-9.1,1.28,8.24
1,1547526866904,-9.23,1.25,8.1
1,1547526866905,-9.08,1.69,7.79
1,1547526866905,-8.78,2.61,6.64
1,1547526866905,-8.88,1.75,6.56
1,1547526866963,-9.0,1.23,6.62
1,1547526866985,-8.76,1.48,5.85
1,1547526866985,-8.59,1.75,5.62
1,1547526866985,-8.41,2.14,5.46
1,1547526866986,-8.49,2.08,5.13
1,1547526866986,-8.24,1.97,4.86
1,1547526866986,-8.08,2.03,4.92
1,1547526866986,-7.98,1.89,4.76
1,1547526867038,-7.89,1.77,4.82
1,1547526867052,-7.57,1.69,5.01
1,1547526867053,-6.79,1.81,5.21
1,1547526867053,-6.6,1.91,5.11
1,1547526867053,-6.54,2.08,5.03
1,1547526867053,-6.46,2.18,4.86
1,1547526867053,-6.56,2.24,4.8
1,1547526867054,-6.62,1.83,5.03
1,1547526867123,-6.71,1.54,5.33
1,1547526867124,-6.81,1.62,5.58
1,1547526867124,-7.01,1.83,5.74
1,1547526867124,-8.41,1.56,6.52
1,1547526867125,-8.76,1.36,7.03
1,1547526867125,-8.94,1.77,7.96
1,1547526867126,-9.12,1.56,8.61
1,1547526867126,-10.54,2.22,8.96
1,1547526867191,-11.26,2.51,8.94
1,1547526867192,-11.81,3.04,8.76
1,1547526867192,-12.4,3.75,9.43
1,1547526867192,-12.85,4.27,10.78
1,1547526867193,-13.1,4.9,11.73
1,1547526867204,-13.35,5.8,12.32
1,1547526867204,-13.2,5.78,13.22
1,1547526867204,-13.22,5.31,14.92
1,1547526867262,-13.16,4.35,15.89
1,1547526867263,-13.39,4.21,16.38
1,1547526867337,-13.41,4.21,16.36
1,1547526867338,-13.8,4.1,16.23
1,1547526867366,-13.9,3.1,16.58
1,1547526867367,-13.61,2.01,16.93
1,1547526867368,-13.63,1.58,16.87
1,1547526867369,-13.14,2.34,16.38
1,1547526867370,-12.38,1.75,15.48
1,1547526867370,-12.44,0.82,15.09
1,1547526867427,-12.28,0.68,14.62
1,1547526867428,-11.71,1.09,14.57
1,1547526867428,-8.76,1.17,12.36
1,1547526867429,-7.03,0.41,11.32
1,1547526867429,-6.56,0.42,10.6
1,1547526867429,-6.38,-0.42,9.8
1,1547526867429,-6.52,-1.67,8.71
1,1547526867429,-8.0,-2.83,6.42
1,1547526867486,-8.14,-2.08,5.8
1,1547526867487,-8.32,-1.07,5.48
1,1547526867505,-8.12,0.25,6.26
1,1547526867506,-6.81,0.93,6.34
1,1547526867506,-3.88,0.48,7.87
1,1547526867506,-3.43,-0.17,7.4
1,1547526867507,-3.61,-0.52,6.19
1,1547526867507,-4.41,0.13,5.29
1,1547526867560,-4.76,0.76,5.83
1,1547526867561,-3.65,0.87,6.56
1,1547526867562,-1.89,1.69,6.77
1,1547526867563,-0.09,2.12,7.12
1,1547526867563,0.29,1.3,5.82
1,1547526867563,-0.25,0.56,4.92
1,1547526867564,-1.62,-0.66,3.16
1,1547526867564,-3.2,-0.78,2.44
1,1547526867636,-2.48,5.39,2.92
1,1547526867636,-0.62,7.44,2.59
1,1547526867636,1.56,8.08,3.57
1,1547526867637,4.12,7.85,3.88
1,1547526867637,5.03,6.99,5.35
1,1547526867637,0.23,3.28,2.46
1,1547526867660,-1.28,0.89,1.99
1,1547526867660,-1.46,-1.81,-0.64
1,1547526867713,-1.6,-4.8,-3.88
1,1547526867713,-4.39,-6.67,-6.54
1,1547526867714,-6.13,-5.09,-7.34
1,1547526867731,-8.51,-3.84,-7.28
1,1547526867732,-11.38,-5.01,-6.91
1,1547526867733,-19.64,-8.39,-6.36
1,1547526867734,-17.32,-9.29,-3.06
1,1547526867734,-8.98,-8.71,0.09
1,1547526867787,0.35,-5.17,7.91
1,1547526867787,8.59,0.42,16.87
1,1547526867788,-2.69,5.03,6.21
1,1547526867810,-14.64,2.77,1.73
1,1547526867811,-20.03,2.01,3.37
1,1547526867812,-15.21,3.06,6.21
1,1547526867812,-4.66,2.44,2.67
1,1547526867865,-5.0,0.6,2.36
1,1547526867891,-7.38,-1.13,2.34
1,1547526867893,-9.37,-1.03,3.02
1,1547526867896,-9.06,1.32,1.85
1,1547526867897,-7.55,2.55,0.8
1,1547526867899,-6.87,2.34,0.5
1,1547526867900,-7.08,2.55,2.07
1,1547526867901,-6.99,2.92,2.36
1,1547526867937,-5.97,0.91,1.93
1,1547526867956,-6.09,-0.44,1.77
1,1547526867957,-6.15,-1.28,2.28
1,1547526867957,-6.07,-1.07,1.73
1,1547526867957,-7.07,-2.18,-0.35
1,1547526867957,-8.47,-4.19,-0.66
1,1547526867958,-8.92,-3.96,0.44
1,1547526867958,-8.04,-1.13,1.07
1,1547526868017,-5.35,3.1,2.05
1,1547526868018,-4.16,2.01,2.53
1,1547526868019,-3.96,0.0,2.55
1,1547526868019,-5.29,-2.32,2.08
1,1547526868020,-8.78,-4.19,-0.29
1,1547526868020,-9.27,-2.12,-0.33
1,1547526868021,-8.04,1.05,0.78
1,1547526868091,-6.48,3.73,2.18
1,1547526868092,-5.17,4.88,2.77
1,1547526868094,-4.6,2.07,3.0
1,1547526868095,-5.68,-1.03,2.61
1,1547526868096,-6.87,-3.67,2.94
1,1547526868097,-7.44,-3.84,3.65
1,1547526868098,-6.03,-1.15,5.44
1,1547526868099,-4.08,1.17,6.52
1,1547526868167,-2.94,3.8,6.56
1,1547526868169,-3.75,5.52,5.35
1,1547526868170,-6.3,1.67,4.57
1,1547526868170,-6.38,-2.4,5.09
1,1547526868171,-6.05,-5.15,5.15
1,1547526868242,-5.74,-4.45,4.6
1,1547526868259,-5.54,-0.93,5.58
1,1547526868260,-4.47,4.8,6.4
1,1547526868260,-3.59,5.11,6.26
1,1547526868261,-4.66,3.24,5.6
1,1547526868261,-7.08,-0.72,5.23
1,1547526868262,-7.81,-2.32,5.03
1,1547526868262,-6.71,0.7,5.33
1,1547526868316,-7.03,1.71,5.48
1,1547526868317,-6.93,1.67,6.44
1,1547526868317,-7.16,1.25,6.56
1,1547526868318,-8.22,1.01,6.77
1,1547526868319,-7.98,0.64,6.77
1,1547526868319,-7.53,-0.21,7.44
1,1547526868319,-8.32,-1.95,7.4
1,1547526868320,-9.49,-1.56,6.99
1,1547526868392,-9.47,-0.42,6.56
1,1547526868393,-9.72,0.33,7.67
1,1547526868394,-8.35,0.54,8.9
1,1547526868394,-8.94,0.54,9.41
1,1547526868395,-9.16,0.19,9.45
1,1547526868466,-8.8,0.66,9.19
1,1547526868467,-9.29,2.44,8.61
1,1547526868469,-9.29,2.69,8.41
1,1547526868470,-9.19,2.07,8.63
1,1547526868471,-9.39,1.6,9.33
1,1547526868473,-8.12,3.55,10.5
1,1547526868474,-7.44,4.84,11.03
1,1547526868476,-7.87,5.27,11.34
1,1547526868539,-8.33,4.82,11.01
1,1547526868561,-9.84,3.14,11.77
1,1547526868562,-9.66,3.04,11.91
1,1547526868562,-9.8,4.19,11.81
1,1547526868563,-8.96,4.12,11.5
1,1547526868563,-8.98,5.66,11.05
1,1547526868563,-9.06,6.99,10.44
1,1547526868564,-9.06,7.46,9.9
1,1547526868616,-10.0,6.28,9.72
1,1547526868617,-10.68,5.33,9.7
1,1547526868617,-10.66,5.25,10.25
1,1547526868617,-9.88,5.6,10.42
1,1547526868617,-8.55,5.82,10.03
1,1547526868618,-7.89,5.5,8.88
1,1547526868618,-8.3,6.77,8.37
1,1547526868618,-8.8,6.05,8.18
1,1547526868685,-8.24,5.41,7.79
1,1547526868695,-8.08,5.82,7.26
1,1547526868695,-7.42,5.72,7.28
1,1547526868695,-6.91,5.44,7.73
1,1547526868696,-6.66,4.98,7.69
1,1547526868696,-6.19,5.44,7.14
1,1547526868696,-5.83,5.29,7.12
1,1547526868696,-5.97,5.39,6.93
