1,1546417691081,-0.66,-11.21,-1.79
1,1546417691081,-0.46,-11.01,-1.91
1,1546417691091,-0.27,-11.21,-2.34
1,1546417691092,-0.25,-11.54,-2.46
1,1546417691092,-0.19,-12.05,-2.67
1,1546417691092,-0.27,-12.36,-2.91
1,1546417691092,-0.27,-12.81,-3.37
1,1546417691092,-0.13,-12.71,-3.47
1,1546417691157,-0.09,-12.57,-3.53
1,1546417691177,-0.11,-12.26,-3.45
1,1546417691177,0.0,-10.99,-3.49
1,1546417691178,0.03,-10.46,-3.43
1,1546417691178,0.07,-10.03,-3.32
1,1546417691231,0.13,-9.66,-3.14
1,1546417691243,0.03,-8.73,-3.0
1,1546417691243,-0.01,-8.37,-2.83
1,1546417691243,-0.01,-8.04,-2.57
1,1546417691243,-0.05,-7.63,-2.34
1,1546417691244,-0.05,-7.12,-2.08
1,1546417691244,-0.09,-6.21,-1.54
1,1546417691244,-0.33,-5.74,-1.23
1,1546417691312,-0.42,-5.15,-0.97
1,1546417691329,-0.42,-4.68,-0.62
1,1546417691329,-0.33,-4.23,-0.15
1,1546417691330,-0.46,-4.1,0.05
1,1546417691330,-0.52,-4.1,0.19
1,1546417691330,-0.7,-4.35,0.41
1,1546417691331,-1.19,-4.47,1.09
1,1546417691331,-1.4,-4.25,1.58
1,1546417691382,-1.36,-3.96,1.97
1,1546417691394,-1.21,-3.63,2.28
1,1546417691395,-1.42,-3.12,2.65
1,1546417691395,-1.3,-2.57,3.16
1,1546417691395,-1.64,-2.03,3.32
1,1546417691395,-1.87,-2.3,3.69
1,1546417691395,-1.97,-2.55,4.53
1,1546417691395,-2.1,-2.07,4.96
1,1546417691457,-2.5,-2.12,5.31
1,1546417691457,-2.61,-2.65,5.74
1,1546417691458,-2.61,-2.79,6.15
1,1546417691458,-3.04,-3.16,6.73
1,1546417691459,-3.22,-3.26,7.16
1,1546417691459,-3.32,-3.08,7.44
1,1546417691459,-3.57,-2.96,7.59
1,1546417691459,-3.86,-2.79,7.87
1,1546417691532,-3.9,-2.75,8.06
1,1546417691532,-3.9,-2.71,8.28
1,1546417691532,-3.71,-2.79,8.59
1,1546417691533,-4.02,-2.3,9.16
1,1546417691533,-3.9,-2.1,9.23
1,1546417691534,-3.86,-1.75,9.21
1,1546417691534,-3.9,-1.58,9.39
1,1546417691534,-4.27,-1.44,9.33
1,1546417691612,-4.41,-1.48,9.29
1,1546417691612,-4.33,-1.62,9.39
1,1546417691612,-4.51,-1.4,9.62
1,1546417691613,-4.88,-1.05,9.94
1,1546417691613,-4.6,0.11,11.52
1,1546417691613,-4.53,0.62,12.12
1,1546417691614,-5.05,0.95,12.4
1,1546417691614,-5.54,1.21,12.55
1,1546417691682,-5.42,-0.11,12.01
1,1546417691682,-5.19,-1.19,11.83
1,1546417691683,-5.6,-1.58,11.54
1,1546417691683,-5.8,-1.38,11.81
1,1546417691683,-4.8,0.0,12.73
1,1546417691684,-5.46,0.97,13.12
1,1546417691684,-6.21,2.38,13.24
1,1546417691684,-6.25,2.67,13.61
1,1546417691757,-5.87,0.93,13.73
1,1546417691757,-5.97,0.25,14.0
1,1546417691765,-6.07,-0.03,13.67
1,1546417691765,-5.5,-0.15,13.43
1,1546417691765,-5.33,-0.27,13.61
1,1546417691765,-5.89,1.5,13.84
1,1546417691766,-6.01,2.44,14.0
1,1546417691832,-6.05,2.12,14.27
1,1546417691832,-6.09,1.52,14.45
1,1546417691848,-6.21,1.17,14.62
1,1546417691849,-6.26,1.3,14.51
1,1546417691849,-6.23,1.09,14.33
1,1546417691849,-6.11,0.85,14.29
1,1546417691850,-6.5,1.73,14.6
1,1546417691850,-6.5,2.2,14.84
1,1546417691915,-6.48,1.81,15.03
1,1546417691915,-6.64,1.38,15.13
1,1546417691915,-6.79,1.21,15.15
1,1546417691916,-6.56,1.13,15.19
1,1546417691916,-6.26,1.25,15.09
1,1546417691916,-6.44,1.54,15.17
1,1546417691916,-6.83,1.93,15.23
1,1546417691981,-6.89,2.38,15.6
1,1546417692000,-7.01,2.32,15.76
1,1546417692000,-7.14,1.97,15.93
1,1546417692000,-7.32,1.71,16.15
1,1546417692001,-7.48,1.19,16.77
1,1546417692001,-7.65,1.13,17.2
1,1546417692001,-7.89,1.66,17.48
1,1546417692001,-7.87,1.99,17.65
1,1546417692056,-8.08,1.71,17.53
1,1546417692057,-7.96,1.62,17.38
1,1546417692057,-7.96,1.71,17.18
1,1546417692057,-8.2,1.54,17.03
1,1546417692058,-7.87,1.28,17.12
1,1546417692066,-7.71,1.46,17.16
1,1546417692067,-7.83,1.6,17.07
1,1546417692067,-7.89,1.36,16.93
1,1546417692132,-7.57,0.93,16.46
1,1546417692133,-7.38,0.85,15.97
1,1546417692133,-7.22,0.62,15.58
1,1546417692134,-6.99,0.52,15.25
1,1546417692134,-6.83,0.52,14.92
1,1546417692135,-6.36,0.68,14.19
1,1546417692135,-6.17,0.7,13.78
1,1546417692217,-5.93,0.78,13.26
1,1546417692217,-5.6,0.6,12.63
1,1546417692217,-5.11,0.44,11.46
1,1546417692218,-4.84,0.39,10.85
1,1546417692218,-4.49,0.29,10.35
1,1546417692218,-4.29,0.11,9.72
1,1546417692218,-3.86,0.33,8.53
1,1546417692218,-3.53,0.19,7.98
1,1546417692281,-3.35,-0.11,7.42
1,1546417692282,-3.16,-0.54,6.79
1,1546417692282,-2.79,-1.01,5.85
1,1546417692282,-2.57,-0.8,5.27
1,1546417692302,-2.32,-0.68,4.72
1,1546417692302,-2.1,-0.85,4.31
1,1546417692303,-1.95,-1.07,3.82
1,1546417692436,-1.5,-0.97,2.91
1,1546417692437,-1.44,-1.19,2.42
1,1546417692437,-1.28,-1.34,2.2
1,1546417692438,-1.07,-1.44,1.81
1,1546417692438,-0.72,-1.81,1.01
1,1546417692518,-0.52,-2.03,0.64
1,1546417692518,-0.39,-2.16,0.33
1,1546417692519,-0.37,-2.3,0.05
1,1546417692519,-0.13,-2.59,-0.35
1,1546417692519,0.01,-2.98,-0.35
1,1546417692519,0.11,-4.78,-1.66
1,1546417692519,0.17,-5.95,-1.77
1,1546417692520,0.19,-6.46,-1.71
1,1546417692584,0.13,-6.89,-1.73
1,1546417692584,-0.11,-9.17,-1.93
1,1546417692585,0.03,-9.53,-1.97
1,1546417692585,-0.09,-10.15,-1.93
1,1546417692586,-0.09,-10.68,-1.95
1,1546417692586,-0.19,-11.26,-1.93
1,1546417692587,-0.48,-11.56,-1.89
1,1546417692587,-0.44,-11.93,-1.58
1,1546417692660,-0.42,-12.01,-1.5
1,1546417692661,-0.64,-11.99,-1.54
1,1546417692661,-0.82,-11.83,-1.52
1,1546417692662,-0.74,-11.5,-1.46
1,1546417692662,-0.58,-10.93,-1.54
1,1546417692662,-0.48,-10.97,-1.52
1,1546417692662,-0.37,-10.91,-1.6
1,1546417692662,-0.35,-10.85,-1.64
1,1546417692738,-0.15,-11.21,-1.66
1,1546417692739,-0.13,-11.46,-1.71
1,1546417692740,-0.15,-11.67,-1.77
1,1546417692740,-0.17,-11.87,-1.81
1,1546417692741,-0.21,-12.07,-1.75
1,1546417692826,-0.23,-12.1,-1.54
1,1546417692828,-0.23,-12.12,-1.3
1,1546417692829,-0.35,-11.91,-1.11
1,1546417692830,-0.37,-11.34,-0.74
1,1546417692831,-0.29,-11.13,-0.64
1,1546417692831,-0.35,-11.09,-0.54
1,1546417692832,-0.37,-11.07,-0.5
1,1546417692833,-0.56,-11.23,-0.48
1,1546417692884,-0.72,-11.25,-0.46
1,1546417692885,-0.76,-11.3,-0.41
1,1546417692885,-0.78,-11.42,-0.42
1,1546417692886,-0.72,-11.46,-0.6
1,1546417692887,-0.76,-11.58,-0.66
1,1546417692887,-0.64,-11.73,-0.68
1,1546417692888,-0.68,-11.69,-0.8
1,1546417692889,-0.68,-11.58,-0.95
1,1546417692962,-0.68,-11.79,-1.05
1,1546417692963,-0.64,-11.85,-1.05
1,1546417692976,-0.58,-11.67,-1.11
1,1546417692977,-0.5,-11.58,-1.17
1,1546417692978,-0.37,-11.52,-1.3
1,1546417692979,-0.27,-11.58,-1.38
1,1546417692980,-0.31,-11.6,-1.44
1,1546417692980,-0.29,-11.28,-1.6
1,1546417693036,-0.27,-11.01,-1.67
1,1546417693038,-0.33,-10.72,-1.69
1,1546417693040,-0.25,-10.64,-1.64
1,1546417693041,-0.27,-10.48,-1.44
1,1546417693043,-0.42,-9.8,-1.36
1,1546417693045,-0.37,-9.33,-1.28
1,1546417693046,-0.41,-9.08,-1.07
1,1546417693047,-0.46,-8.78,-0.89
1,1546417693131,-0.62,-7.89,-0.76
1,1546417693133,-0.58,-7.63,-0.76
1,1546417693134,-0.52,-7.48,-0.76
1,1546417693134,-0.44,-7.44,-0.74
1,1546417693135,-0.46,-6.91,-0.5
1,1546417693136,-0.44,-6.67,-0.27
1,1546417693137,-0.35,-6.54,-0.07
1,1546417693137,-0.39,-6.38,0.05
1,1546417693188,-0.74,-5.83,0.6
1,1546417693190,-0.66,-5.64,0.85
1,1546417693191,-0.52,-5.58,1.09
1,1546417693192,-0.64,-5.42,1.26
1,1546417693194,-0.87,-5.17,1.28
1,1546417693264,-0.8,-4.68,1.64
1,1546417693266,-0.78,-4.6,1.81
1,1546417693268,-0.91,-4.41,1.99
1,1546417693269,-0.91,-4.29,2.16
1,1546417693271,-1.13,-4.04,2.42
1,1546417693272,-1.36,-3.92,2.69
1,1546417693272,-1.58,-3.8,3.0
1,1546417693273,-1.71,-3.8,3.33
1,1546417693335,-1.93,-3.69,3.94
1,1546417693337,-2.07,-3.75,4.35
1,1546417693338,-2.26,-3.86,4.66
1,1546417693340,-2.42,-3.84,5.0
1,1546417693341,-2.79,-4.04,5.83
1,1546417693343,-3.06,-4.02,6.26
1,1546417693345,-3.28,-3.8,6.56
1,1546417693346,-3.49,-3.51,6.69
1,1546417693427,-3.67,-3.61,7.5
1,1546417693428,-3.86,-3.63,7.96
1,1546417693429,-3.94,-3.33,8.28
1,1546417693430,-3.9,-2.96,8.45
1,1546417693430,-3.94,-2.69,8.65
1,1546417693431,-4.16,-2.2,8.76
1,1546417693431,-4.37,-2.03,8.75
1,1546417693432,-4.39,-2.16,8.9
1,1546417693483,-4.27,-2.42,9.19
1,1546417693485,-4.39,-2.14,9.37
1,1546417693485,-4.41,-2.2,9.57
1,1546417693485,-4.7,-2.07,9.82
1,1546417693485,-4.88,-1.54,9.74
1,1546417693486,-4.68,-1.17,9.94
1,1546417693486,-4.84,-1.05,10.15
1,1546417693486,-5.09,-1.17,10.21
1,1546417693560,-5.27,-1.5,10.5
1,1546417693561,-5.35,-1.48,11.17
1,1546417693561,-5.76,-0.82,10.95
1,1546417693561,-5.62,-0.68,11.09
1,1546417693562,-5.54,-0.66,11.11
1,1546417693639,-5.93,0.0,10.99
1,1546417693640,-5.66,0.01,11.11
1,1546417693641,-5.99,0.05,11.46
1,1546417693642,-6.19,-0.19,12.05
1,1546417693642,-6.34,-0.46,12.65
1,1546417693643,-6.52,0.46,12.91
1,1546417693644,-6.17,0.7,12.83
1,1546417693644,-5.87,0.72,12.87
1,1546417693729,-5.95,0.8,12.69
1,1546417693730,-6.25,0.58,13.59
1,1546417693730,-6.44,0.95,14.02
1,1546417693731,-6.17,1.15,14.25
1,1546417693731,-6.09,1.11,14.31
1,1546417693731,-6.13,1.28,14.17
1,1546417693732,-6.15,1.3,14.04
1,1546417693732,-5.95,1.01,14.1
1,1546417693784,-6.38,1.4,14.39
1,1546417693785,-6.46,1.44,14.58
1,1546417693786,-6.64,1.38,14.86
1,1546417693787,-7.05,1.38,15.15
1,1546417693788,-7.28,1.25,15.72
1,1546417693789,-7.38,0.91,15.95
1,1546417693790,-7.77,0.6,16.21
1,1546417693791,-7.98,0.7,16.42
1,1546417693861,-7.71,1.58,16.83
1,1546417693862,-7.92,1.99,16.93
1,1546417693862,-8.16,2.3,16.83
1,1546417693863,-7.96,2.18,16.83
1,1546417693863,-7.91,1.89,17.01
1,1546417693864,-7.87,1.91,17.12
1,1546417693864,-7.79,2.07,17.22
1,1546417693864,-7.79,2.57,17.28
1,1546417693939,-7.71,2.91,17.48
1,1546417693941,-7.79,2.65,17.63
1,1546417693942,-7.89,2.32,17.67
1,1546417693968,-7.87,2.2,17.59
1,1546417693969,-7.77,2.08,17.48
1,1546417693970,-7.83,2.01,17.32
1,1546417693971,-7.79,1.75,17.24
1,1546417694023,-7.77,1.56,16.93
1,1546417694025,-7.75,1.67,16.58
1,1546417694025,-7.71,1.42,15.8
1,1546417694026,-7.61,1.21,15.44
1,1546417694026,-7.55,1.09,15.23
1,1546417694027,-7.38,0.89,15.01
1,1546417694028,-6.91,0.82,14.41
1,1546417694028,-6.71,0.95,13.94
1,1546417694087,-6.44,0.93,13.32
1,1546417694089,-6.17,0.66,12.81
1,1546417694090,-5.76,0.05,11.99
1,1546417694091,-5.58,-0.05,11.52
1,1546417694092,-5.33,0.13,11.03
1,1546417694093,-5.11,0.17,10.62
1,1546417694094,-4.86,0.11,10.17
1,1546417694096,-4.33,-0.03,8.96
1,1546417694161,-4.12,-0.17,8.41
1,1546417694163,-3.67,-0.31,7.85
1,1546417694164,-3.33,-0.33,7.34
1,1546417694165,-2.77,-0.07,6.15
1,1546417694166,-2.46,-0.15,5.54
1,1546417694167,-2.26,-0.33,5.07
1,1546417694168,-1.97,-0.68,4.53
1,1546417694336,-1.36,-1.17,3.32
1,1546417694337,-1.21,-1.05,2.69
1,1546417694338,-0.97,-1.17,2.3
1,1546417694339,-0.68,-1.52,2.12
1,1546417694339,-0.5,-2.24,1.38
1,1546417694387,-0.31,-2.44,1.05
1,1546417694388,-0.07,-2.67,0.78
1,1546417694390,-0.01,-2.81,0.41
1,1546417694391,-0.01,-2.81,0.07
1,1546417694392,0.23,-3.16,-0.09
1,1546417694393,0.19,-4.6,-0.68
1,1546417694394,0.13,-4.64,-0.68
1,1546417694395,0.13,-5.11,-0.66
1,1546417694460,0.15,-5.5,-0.72
1,1546417694461,-0.13,-7.26,-1.34
1,1546417694462,-0.13,-7.77,-1.5
1,1546417694464,-0.19,-9.1,-1.75
1,1546417694465,-0.31,-9.74,-1.91
1,1546417694466,-0.42,-10.48,-1.89
1,1546417694467,-0.54,-11.13,-1.79
1,1546417694468,-0.7,-11.56,-1.75
1,1546417694535,-0.68,-12.16,-1.52
1,1546417694552,-0.6,-12.32,-1.44
1,1546417694553,-0.72,-12.26,-1.32
1,1546417694553,-0.8,-11.93,-1.3
1,1546417694554,-0.7,-11.36,-1.13
1,1546417694554,-0.62,-11.19,-1.19
1,1546417694554,-0.62,-11.05,-1.25
1,1546417694555,-0.6,-11.05,-1.3
1,1546417694607,-0.72,-11.62,-1.44
1,1546417694619,-0.85,-11.79,-1.48
1,1546417694619,-0.93,-11.87,-1.56
1,1546417694620,-0.87,-11.93,-1.62
1,1546417694620,-0.66,-12.1,-1.62
1,1546417694620,-0.64,-12.08,-1.62
1,1546417694620,-0.5,-12.1,-1.66
1,1546417694621,-0.46,-12.07,-1.69
1,1546417694683,-0.46,-11.77,-1.56
1,1546417694684,-0.41,-11.17,-1.34
1,1546417694684,-0.39,-11.25,-1.19
1,1546417694684,-0.46,-11.36,-0.97
1,1546417694685,-0.56,-11.13,-0.85
1,1546417694685,-0.64,-10.89,-0.7
1,1546417694711,-0.7,-10.95,-0.54
1,1546417694763,-0.74,-10.95,-0.48
1,1546417694765,-0.78,-10.93,-0.41
1,1546417694766,-0.89,-11.17,-0.19
1,1546417694767,-0.97,-11.3,-0.11
1,1546417694768,-1.07,-11.46,0.0
1,1546417694768,-1.13,-11.62,0.03
1,1546417694770,-1.13,-11.67,0.11
1,1546417694772,-1.09,-11.69,0.17
1,1546417694834,-1.15,-11.66,0.27
1,1546417694835,-1.13,-11.56,0.27
1,1546417694835,-1.17,-11.46,0.33
1,1546417694835,-1.21,-11.56,0.37
1,1546417694836,-1.01,-11.36,0.37
1,1546417694836,-0.91,-11.13,0.27
1,1546417694836,-0.83,-10.91,0.13
1,1546417694837,-0.64,-10.85,-0.05
1,1546417694909,-0.68,-10.58,-0.23
1,1546417694911,-0.7,-10.29,-0.41
1,1546417694912,-0.68,-10.17,-0.58
1,1546417694912,-0.62,-10.41,-0.72
1,1546417694913,-0.64,-10.5,-0.78
1,1546417694913,-0.56,-10.46,-0.89
1,1546417694915,-0.41,-10.41,-0.99
1,1546417694985,-0.39,-9.9,-1.13
1,1546417694986,-0.29,-9.76,-1.03
1,1546417694986,-0.13,-9.58,-0.99
1,1546417694987,-0.17,-9.27,-1.01
1,1546417694987,-0.13,-9.0,-0.89
1,1546417694987,-0.13,-8.76,-0.78
1,1546417694988,-0.09,-8.57,-0.66
1,1546417694988,-0.13,-8.43,-0.52
1,1546417695060,-0.23,-8.28,-0.5
1,1546417695061,-0.37,-7.77,-0.21
1,1546417695061,-0.41,-7.34,-0.07
1,1546417695073,-0.39,-7.05,0.09
1,1546417695074,-0.46,-6.79,0.31
1,1546417695074,-0.66,-6.36,0.66
1,1546417695074,-0.64,-6.11,0.85
1,1546417695135,-0.68,-5.85,0.97
1,1546417695135,-0.72,-5.56,1.11
1,1546417695135,-0.87,-5.01,1.36
1,1546417695158,-1.01,-4.76,1.48
1,1546417695159,-1.19,-4.62,1.75
1,1546417695159,-1.36,-4.62,2.05
1,1546417695160,-1.79,-4.37,2.59
1,1546417695160,-1.83,-4.02,2.89
1,1546417695210,-1.67,-3.65,3.18
1,1546417695231,-1.66,-3.32,3.49
1,1546417695231,-1.81,-3.02,3.73
1,1546417695231,-2.08,-2.98,4.35
1,1546417695232,-2.4,-3.18,4.68
1,1546417695232,-2.71,-3.47,4.96
1,1546417695232,-2.85,-3.76,5.35
1,1546417695232,-3.33,-3.84,6.01
1,1546417695284,-3.61,-3.57,6.48
1,1546417695285,-3.76,-3.24,6.89
1,1546417695285,-3.78,-2.69,6.91
1,1546417695286,-4.17,-2.14,8.06
1,1546417695287,-4.17,-2.63,7.81
1,1546417695288,-4.37,-2.4,8.0
1,1546417695289,-4.16,-2.5,8.12
1,1546417695360,-4.58,-2.5,8.43
1,1546417695364,-4.58,-2.51,8.65
1,1546417695365,-4.58,-2.67,8.84
1,1546417695365,-4.8,-2.55,8.92
1,1546417695365,-4.98,-2.32,9.23
1,1546417695366,-5.03,-2.1,9.74
1,1546417695366,-5.17,-1.81,9.9
1,1546417695367,-5.05,-1.4,10.11
1,1546417695433,-4.96,-0.95,10.25
1,1546417695434,-4.9,-0.8,10.6
1,1546417695434,-4.86,-0.64,10.68
1,1546417695434,-5.11,-0.41,10.68
1,1546417695435,-5.33,-0.46,10.66
1,1546417695435,-5.46,-0.99,11.05
1,1546417695435,-5.31,-0.8,11.09
1,1546417695508,-5.21,-0.48,11.17
1,1546417695509,-5.42,0.03,11.07
1,1546417695529,-5.19,0.44,10.74
1,1546417695531,-5.19,0.48,10.56
1,1546417695531,-5.15,0.31,10.64
1,1546417695532,-5.09,-0.11,11.05
1,1546417695533,-5.62,0.62,11.42
1,1546417695534,-5.48,1.01,11.42
1,1546417695584,-5.37,1.3,11.42
1,1546417695599,-5.46,1.81,11.19
1,1546417695600,-5.48,2.12,10.97
1,1546417695600,-5.54,0.93,11.09
1,1546417695601,-5.7,0.62,11.56
1,1546417695602,-5.99,0.85,11.97
1,1546417695602,-6.11,0.78,12.67
1,1546417695659,-6.48,1.62,13.37
1,1546417695683,-6.54,2.67,13.37
1,1546417695684,-6.28,2.94,13.51
1,1546417695685,-6.05,3.04,13.67
1,1546417695685,-6.11,3.24,13.71
1,1546417695686,-6.62,2.71,13.98
1,1546417695686,-6.97,2.16,14.37
1,1546417695687,-7.07,1.93,14.72
1,1546417695740,-7.01,2.71,14.94
1,1546417695742,-7.1,2.96,14.92
1,1546417695743,-7.1,3.22,14.8
1,1546417695745,-6.97,3.37,14.72
1,1546417695747,-7.07,3.24,14.58
1,1546417695748,-7.26,3.06,14.62
1,1546417695749,-7.42,3.14,14.76
1,1546417695750,-7.46,3.24,14.92
1,1546417695808,-7.44,3.32,15.01
1,1546417695809,-7.73,3.51,15.29
1,1546417695809,-7.85,3.43,15.44
1,1546417695810,-7.73,3.2,15.7
1,1546417695810,-7.83,3.0,15.95
1,1546417695828,-8.16,2.98,16.26
1,1546417695828,-8.22,2.65,16.54
1,1546417695883,-8.49,2.63,16.6
1,1546417695903,-8.53,2.77,16.73
1,1546417695903,-8.75,3.61,17.03
1,1546417695903,-8.63,3.65,16.99
1,1546417695903,-8.37,3.61,16.93
1,1546417695904,-8.37,3.47,16.73
1,1546417695904,-8.32,3.14,16.25
1,1546417695904,-8.1,3.16,16.17
1,1546417695959,-8.18,3.18,16.11
1,1546417695960,-8.2,2.96,15.93
1,1546417695960,-8.1,3.0,15.76
1,1546417695960,-7.65,2.77,15.56
1,1546417695960,-7.5,2.61,15.35
1,1546417695960,-7.34,2.4,15.03
1,1546417695961,-7.05,2.4,14.58
1,1546417696037,-6.67,2.22,13.57
1,1546417696048,-6.58,2.18,13.06
1,1546417696049,-6.34,2.12,12.53
1,1546417696050,-6.17,1.99,12.12
1,1546417696050,-5.87,1.6,11.28
1,1546417696050,-5.62,1.44,10.83
1,1546417696051,-5.42,1.4,10.37
1,1546417696051,-5.25,1.36,9.84
1,1546417696109,-4.76,0.95,8.71
1,1546417696131,-4.57,0.5,8.24
1,1546417696131,-4.49,0.01,7.81
1,1546417696132,-4.49,-0.39,7.38
1,1546417696132,-4.45,-0.41,6.81
1,1546417696132,-4.23,-0.74,5.99
1,1546417696132,-3.94,-0.68,5.68
1,1546417696132,-3.61,-0.62,5.33
1,1546417696187,-3.32,-0.54,4.88
1,1546417696188,-2.83,-0.48,3.88
1,1546417696189,-2.44,-0.68,3.35
1,1546417696191,-2.16,-0.99,2.79
1,1546417696192,-1.97,-1.34,2.36
1,1546417696193,-1.4,-1.42,1.85
1,1546417696194,-1.21,-1.44,1.44
1,1546417696261,-1.03,-1.71,1.03
1,1546417696263,-0.95,-2.16,0.68
1,1546417696264,-0.56,-2.4,0.33
1,1546417696266,-0.56,-2.4,0.09
1,1546417696267,-0.62,-2.28,-0.13
1,1546417696268,-0.29,-2.18,-0.35
1,1546417696269,0.09,-2.73,-0.89
1,1546417696270,0.25,-2.92,-1.23
1,1546417696416,0.25,-3.14,-1.54
1,1546417696418,0.25,-3.73,-1.73
1,1546417696439,0.25,-4.51,-2.16
1,1546417696440,0.23,-4.96,-2.32
1,1546417696441,0.21,-5.66,-2.38
1,1546417696486,0.15,-6.28,-2.38
1,1546417696528,0.07,-6.64,-2.44
1,1546417696528,0.0,-7.67,-2.42
1,1546417696529,-0.03,-8.2,-2.4
1,1546417696529,-0.37,-11.93,-1.89
1,1546417696529,-0.35,-11.87,-2.07
1,1546417696530,-0.29,-11.99,-2.28
1,1546417696530,-0.13,-11.79,-2.53
1,1546417696561,0.05,-11.17,-3.06
1,1546417696562,0.21,-10.99,-3.1
1,1546417696584,0.21,-11.05,-3.14
1,1546417696584,0.23,-11.4,-3.1
1,1546417696585,0.25,-11.71,-3.14
1,1546417696585,0.25,-12.14,-3.22
1,1546417696585,0.17,-12.42,-3.22
1,1546417696717,0.25,-12.44,-3.16
1,1546417696719,0.09,-12.42,-3.08
1,1546417696720,-0.21,-12.3,-2.92
1,1546417696722,-0.35,-12.07,-2.63
1,1546417696724,-0.44,-11.73,-2.07
1,1546417696787,-0.54,-11.56,-1.89
1,1546417696788,-0.58,-11.44,-1.69
1,1546417696789,-0.48,-11.52,-1.54
1,1546417696789,-0.68,-11.46,-1.32
1,1546417696789,-0.66,-11.52,-1.25
1,1546417696858,-0.64,-10.95,-0.8
1,1546417696859,-0.6,-11.09,-0.76
1,1546417696859,-0.58,-11.26,-0.8
1,1546417696870,-0.58,-11.3,-0.85
1,1546417696870,-0.41,-11.36,-1.23
1,1546417696870,-0.35,-11.17,-1.23
1,1546417696871,-0.31,-11.09,-1.23
1,1546417696871,-0.27,-11.05,-1.19
1,1546417696942,-0.27,-11.03,-1.15
1,1546417696943,-0.29,-10.89,-1.23
1,1546417696944,-0.15,-10.87,-1.19
1,1546417696944,-0.19,-10.5,-1.28
1,1546417696944,-0.17,-10.25,-1.38
1,1546417696944,-0.09,-10.09,-1.5
1,1546417696945,-0.15,-10.03,-1.46
1,1546417696945,-0.01,-9.86,-1.44
1,1546417697008,-0.09,-9.78,-1.38
1,1546417697018,-0.11,-9.55,-1.32
1,1546417697019,-0.03,-9.17,-1.28
1,1546417697019,-0.03,-7.87,-0.91
1,1546417697020,0.05,-7.14,-0.74
1,1546417697020,0.15,-6.56,-0.58
1,1546417697020,0.09,-6.11,-0.46
1,1546417697020,-0.09,-5.21,-0.29
1,1546417697083,-0.09,-4.88,-0.19
1,1546417697084,-0.15,-4.8,0.01
1,1546417697084,-0.31,-4.84,0.31
1,1546417697085,-0.48,-4.72,0.62
1,1546417697085,-0.6,-4.31,1.46
1,1546417697086,-0.8,-4.06,1.79
1,1546417697086,-0.99,-3.75,2.12
1,1546417697106,-1.28,-3.35,2.3
1,1546417697160,-1.64,-3.08,2.83
1,1546417697161,-1.71,-2.98,3.2
1,1546417697162,-2.03,-3.0,3.61
1,1546417697164,-2.36,-2.98,4.0
1,1546417697165,-2.71,-3.49,4.8
1,1546417697165,-3.14,-3.55,5.11
1,1546417697166,-3.3,-3.22,5.41
1,1546417697167,-3.47,-3.16,5.72
1,1546417697236,-3.98,-3.06,6.23
1,1546417697237,-4.19,-2.91,6.46
1,1546417697238,-4.27,-2.87,6.62
1,1546417697255,-4.41,-2.91,6.89
1,1546417697256,-4.47,-2.77,7.53
1,1546417697257,-4.45,-2.48,7.75
1,1546417697257,-4.55,-2.42,7.87
1,1546417697258,-4.78,-2.34,7.96
1,1546417697310,-4.84,-2.3,8.06
1,1546417697311,-4.76,-2.32,8.24
1,1546417697312,-5.03,-2.34,8.39
1,1546417697312,-5.05,-2.1,8.59
1,1546417697313,-4.92,-1.71,8.8
1,1546417697314,-4.84,-0.97,9.27
1,1546417697314,-4.9,-0.76,9.51
1,1546417697387,-4.96,-0.62,9.66
1,1546417697406,-4.96,-0.64,9.82
1,1546417697408,-5.11,-0.66,9.84
1,1546417697408,-5.23,-0.82,9.98
1,1546417697409,-5.05,-0.93,10.03
1,1546417697409,-4.92,-0.66,10.13
1,1546417697410,-5.15,-0.13,10.7
1,1546417697411,-5.09,-0.07,10.82
1,1546417697459,-5.05,-0.01,10.99
1,1546417697460,-5.25,0.23,10.97
1,1546417697461,-5.33,0.25,10.97
1,1546417697461,-5.31,0.35,10.91
1,1546417697462,-5.41,0.54,10.85
1,1546417697462,-5.41,0.58,10.97
1,1546417697463,-5.31,0.56,11.25
1,1546417697538,-5.52,1.32,11.75
1,1546417697539,-5.62,1.56,12.05
1,1546417697540,-5.68,1.66,12.36
1,1546417697541,-5.78,1.71,12.46
1,1546417697542,-5.8,2.08,12.28
1,1546417697544,-5.72,1.71,12.14
1,1546417697544,-5.8,1.42,12.24
1,1546417697545,-5.83,1.64,12.26
1,1546417697614,-6.13,1.6,12.53
1,1546417697615,-6.23,2.01,12.81
1,1546417697616,-6.28,2.42,13.06
1,1546417697617,-6.17,2.65,13.32
1,1546417697617,-6.32,2.63,13.37
1,1546417697618,-6.26,2.46,13.51
1,1546417697619,-6.25,2.48,13.61
1,1546417697619,-6.4,2.73,13.63
1,1546417697686,-6.5,2.77,13.61
1,1546417697687,-6.6,2.81,13.76
1,1546417697688,-6.58,2.91,13.75
1,1546417697688,-6.62,2.85,13.82
1,1546417697689,-6.64,3.08,13.84
1,1546417697689,-6.5,3.43,14.06
1,1546417697690,-6.64,3.32,14.06
1,1546417697760,-6.83,3.35,14.21
1,1546417697761,-6.87,3.16,14.41
1,1546417697762,-7.01,3.14,14.64
1,1546417697762,-7.14,3.22,14.84
1,1546417697762,-7.18,3.28,15.15
1,1546417697763,-7.18,3.65,15.46
1,1546417697763,-7.42,3.88,15.93
1,1546417697763,-7.51,3.78,16.09
1,1546417697837,-7.67,3.65,16.11
1,1546417697838,-7.98,3.43,16.07
1,1546417697861,-8.1,3.67,16.07
1,1546417697862,-8.16,3.73,16.21
1,1546417697863,-8.2,3.76,16.3
1,1546417697864,-8.43,3.84,16.34
1,1546417697864,-8.47,4.02,16.36
1,1546417697908,-8.32,3.35,16.05
1,1546417697910,-8.33,2.91,15.82
1,1546417697912,-8.45,2.69,15.66
1,1546417697913,-8.45,2.32,15.58
1,1546417697913,-8.49,2.18,15.52
1,1546417697914,-8.47,2.18,15.41
1,1546417697914,-8.59,2.42,15.23
1,1546417697914,-8.24,2.65,14.92
1,1546417697982,-7.77,2.4,14.27
1,1546417697983,-7.53,2.5,13.82
1,1546417697992,-7.24,2.28,13.39
1,1546417697993,-7.01,1.83,13.04
1,1546417697993,-6.54,1.5,12.28
1,1546417697994,-6.4,1.44,11.93
1,1546417697994,-6.28,1.15,11.6
1,1546417697994,-6.07,0.74,11.25
1,1546417698061,-5.89,0.58,10.99
1,1546417698062,-5.44,0.8,10.23
1,1546417698062,-5.17,0.64,9.84
1,1546417698062,-4.96,0.68,9.45
1,1546417698063,-4.66,0.7,8.98
1,1546417698063,-4.04,0.64,7.96
1,1546417698064,-3.84,0.56,7.5
1,1546417698134,-3.59,0.54,7.03
1,1546417698137,-3.28,0.56,6.4
1,1546417698138,-2.69,0.27,5.25
1,1546417698139,-2.42,-0.03,4.35
1,1546417698141,-2.12,0.07,3.84
1,1546417698142,-1.83,0.09,3.16
1,1546417698143,-1.34,-0.48,2.28
1,1546417698144,-0.91,-0.95,1.97
1,1546417698212,-0.54,-1.38,1.44
1,1546417698215,-0.42,-1.6,0.89
1,1546417698215,-0.15,-1.75,-0.01
1,1546417698216,0.01,-2.16,-0.21
1,1546417698216,0.13,-2.51,-0.31
1,1546417698230,0.21,-2.51,-0.48
1,1546417698231,0.25,-2.44,-0.6
1,1546417698286,0.35,-3.26,-0.89
1,1546417698287,0.5,-3.82,-1.15
1,1546417698289,0.5,-4.21,-1.38
1,1546417698290,0.39,-4.68,-1.52
1,1546417698290,0.41,-5.52,-1.56
1,1546417698291,0.58,-5.7,-1.6
1,1546417698291,0.54,-5.8,-1.81
1,1546417698359,0.44,-5.97,-1.93
1,1546417698359,0.52,-6.87,-2.05
1,1546417698360,0.54,-7.38,-2.05
1,1546417698360,0.48,-7.89,-2.08
1,1546417698360,0.41,-8.16,-2.07
1,1546417698361,0.42,-8.39,-2.1
1,1546417698361,0.44,-8.75,-2.1
1,1546417698361,0.35,-9.37,-2.05
1,1546417698516,0.25,-9.76,-1.89
1,1546417698517,0.23,-10.31,-1.85
1,1546417698517,0.03,-11.85,-1.67
1,1546417698518,0.37,-13.18,-0.5
1,1546417698518,0.0,-10.83,-0.39
1,1546417698584,-0.68,-11.79,-1.62
1,1546417698606,2.71,-15.05,-0.95
1,1546417698607,1.66,-10.95,-0.23
1,1546417698607,-2.2,-9.33,-1.48
1,1546417698607,0.76,-17.1,-3.94
1,1546417698607,0.41,-15.62,-2.71
1,1546417698608,0.42,-13.96,-1.62
1,1546417698608,1.13,-10.82,-1.62
1,1546417698825,0.68,-9.98,-2.12
1,1546417698827,-0.11,-10.19,-2.12
1,1546417698828,-0.29,-11.13,-1.77
1,1546417698829,-0.33,-11.97,-1.3
1,1546417698830,-0.48,-12.36,-0.82
1,1546417698961,-1.03,-12.05,-0.6
1,1546417698962,-0.95,-12.03,-0.52
1,1546417698964,-1.19,-12.03,-0.46
1,1546417698964,-1.28,-11.85,-0.42
1,1546417698965,-0.8,-11.19,-0.48
1,1546417698987,-0.66,-11.15,-0.83
1,1546417698987,-0.78,-11.05,-0.85
1,1546417698988,-0.83,-11.28,-1.71
1,1546417699038,-0.01,-11.52,-2.69
1,1546417699039,0.25,-10.07,-0.23
1,1546417699040,-1.3,-7.01,-0.54
1,1546417699041,-0.97,-6.52,-0.8
1,1546417699042,-0.72,-6.83,-0.62
1,1546417699043,-0.82,-6.83,-0.31
1,1546417699044,-0.8,-6.13,0.29
1,1546417699045,-0.78,-5.99,0.76
1,1546417699111,-0.76,-5.58,0.91
1,1546417699113,-0.66,-4.37,1.01
1,1546417699114,-0.58,-4.23,1.48
1,1546417699115,-0.6,-3.69,1.95
1,1546417699116,-0.83,-3.33,2.2
1,1546417699117,-1.23,-3.41,2.42
1,1546417699118,-1.71,-3.37,2.46
1,1546417699119,-2.24,-2.96,2.73
1,1546417699187,-2.4,-2.98,3.1
1,1546417699201,-2.44,-3.43,3.86
1,1546417699202,-3.12,-2.94,4.43
1,1546417699202,-3.28,-3.12,4.64
1,1546417699202,-3.26,-3.45,5.39
1,1546417699203,-3.43,-3.8,6.36
1,1546417699203,-3.78,-3.06,7.36
1,1546417699203,-4.12,-2.91,7.75
1,1546417699259,-4.33,-2.92,7.94
1,1546417699260,-4.43,-2.96,8.0
1,1546417699268,-4.8,-2.59,7.67
1,1546417699269,-4.72,-2.69,7.73
1,1546417699269,-4.27,-2.81,7.77
1,1546417699269,-4.1,-2.92,7.92
1,1546417699270,-4.35,-2.57,8.12
1,1546417699270,-4.45,-2.34,8.16
1,1546417699337,-4.66,-1.89,8.1
1,1546417699339,-4.76,-1.69,8.26
1,1546417699340,-4.64,-1.69,8.51
1,1546417699341,-4.43,-1.62,8.82
1,1546417699341,-4.53,-1.4,9.0
1,1546417699342,-4.49,-1.3,9.35
1,1546417699343,-4.33,-1.15,9.47
1,1546417699411,-4.17,-1.42,9.82
1,1546417699412,-4.94,-0.74,9.68
1,1546417699413,-4.8,-0.42,10.15
1,1546417699413,-5.21,0.19,10.17
1,1546417699421,-5.05,0.46,10.82
1,1546417699422,-5.35,0.56,11.07
1,1546417699422,-5.48,0.7,11.26
1,1546417699422,-5.25,0.48,11.64
1,1546417699483,-6.03,0.62,11.75
1,1546417699484,-6.28,0.68,11.87
1,1546417699504,-6.5,0.85,11.79
1,1546417699504,-6.64,1.03,11.71
1,1546417699504,-6.38,1.05,11.87
1,1546417699504,-6.13,0.93,12.48
1,1546417699505,-6.21,1.36,12.71
1,1546417699558,-6.34,1.85,12.87
1,1546417699570,-6.36,1.83,12.91
1,1546417699571,-6.46,2.03,12.59
1,1546417699571,-6.64,2.55,12.46
1,1546417699571,-6.66,2.57,12.61
1,1546417699575,-6.83,2.67,12.79
1,1546417699576,-6.69,2.65,13.3
1,1546417699576,-6.83,2.32,13.75
1,1546417699632,-6.89,2.34,13.9
1,1546417699633,-6.77,2.22,14.14
1,1546417699634,-6.79,2.83,14.06
1,1546417699634,-7.05,3.14,13.84
1,1546417699635,-7.32,3.24,13.94
1,1546417699635,-7.32,3.57,14.14
1,1546417699635,-7.79,3.67,14.6
1,1546417699636,-7.94,2.92,14.78
1,1546417699709,-7.77,2.57,15.39
1,1546417699710,-8.26,3.04,15.27
1,1546417699712,-8.02,3.35,15.41
1,1546417699712,-8.45,4.02,15.27
1,1546417699714,-8.51,4.08,15.23
1,1546417699714,-8.37,3.67,15.42
1,1546417699715,-8.41,3.71,15.48
1,1546417699797,-8.94,3.51,15.82
1,1546417699798,-9.19,3.41,16.09
1,1546417699798,-9.31,3.32,16.11
1,1546417699798,-9.21,3.37,16.38
1,1546417699799,-9.47,4.06,15.89
1,1546417699799,-9.08,3.82,16.09
1,1546417699799,-8.98,3.61,16.01
1,1546417699800,-9.53,4.19,15.54
1,1546417699857,-9.23,3.75,15.29
1,1546417699873,-9.39,2.96,15.05
1,1546417699874,-9.1,2.87,15.03
1,1546417699874,-9.12,3.12,14.84
1,1546417699874,-8.55,3.53,14.53
1,1546417699874,-8.61,3.37,13.96
1,1546417699874,-8.47,2.89,13.49
1,1546417699934,-8.16,2.42,13.2
1,1546417699935,-7.92,2.1,13.04
1,1546417699937,-7.55,1.25,12.44
1,1546417699938,-7.38,1.13,12.24
1,1546417699939,-7.1,1.01,12.24
1,1546417699941,-6.93,1.26,12.07
1,1546417699942,-6.91,0.85,11.77
1,1546417699944,-6.75,0.82,11.79
1,1546417700010,-6.77,0.89,11.58
1,1546417700010,-6.66,0.62,11.34
1,1546417700011,-6.56,0.52,10.56
1,1546417700011,-6.56,0.58,10.17
1,1546417700026,-6.38,0.68,9.94
1,1546417700026,-6.05,0.89,9.68
1,1546417700027,-5.6,0.5,9.08
1,1546417700027,-5.39,0.46,8.73
1,1546417700088,-5.37,0.5,8.33
1,1546417700089,-5.0,0.5,8.18
1,1546417700090,-4.55,0.03,7.51
1,1546417700090,-4.31,-0.15,7.12
1,1546417700091,-4.02,-0.17,6.71
1,1546417700091,-3.82,-0.13,6.3
1,1546417700091,-3.61,-0.13,5.74
1,1546417700160,-3.06,-0.39,4.7
1,1546417700160,-2.98,-0.31,4.0
1,1546417700161,-2.77,-0.15,3.32
1,1546417700162,-2.34,-0.39,2.79
1,1546417700175,-1.4,-1.56,2.3
1,1546417700176,-1.23,-1.75,2.16
1,1546417700176,-1.03,-1.77,1.95
1,1546417700176,-0.7,-1.81,1.67
1,1546417700234,-0.17,-2.01,0.89
1,1546417700235,0.03,-2.26,0.44
1,1546417700235,-0.01,-2.67,0.13
1,1546417700236,0.11,-2.94,-0.09
1,1546417700245,0.23,-3.16,-0.29
1,1546417700246,0.23,-3.22,-0.62
1,1546417700246,0.21,-3.53,-0.83
1,1546417700309,0.25,-4.12,-0.95
1,1546417700328,0.35,-4.62,-1.95
1,1546417700328,0.89,-5.31,-1.5
1,1546417700384,0.44,-5.64,-2.08
1,1546417700393,0.42,-6.3,-2.05
1,1546417700394,0.46,-6.77,-2.03
1,1546417700394,0.31,-7.3,-2.12
1,1546417700394,0.23,-7.65,-1.99
1,1546417700394,0.21,-8.24,-1.71
1,1546417700395,0.19,-8.9,-1.75
1,1546417700395,-0.37,-9.27,-2.01
1,1546417700462,-0.29,-9.45,-1.83
1,1546417700462,-0.5,-9.62,-1.75
1,1546417700462,-0.89,-10.62,-1.62
1,1546417700463,-1.21,-10.93,-1.44
1,1546417700463,-1.36,-11.46,-1.36
1,1546417700464,-1.85,-11.52,-1.83
1,1546417700464,-2.2,-11.83,-2.03
1,1546417700464,-2.42,-11.75,-1.93
1,1546417700535,-2.05,-11.91,-1.91
1,1546417700535,-1.89,-12.05,-2.12
1,1546417700536,-1.79,-12.07,-2.18
1,1546417700536,-1.66,-11.95,-2.24
1,1546417700536,-1.36,-12.05,-2.22
1,1546417700547,-0.95,-11.85,-1.83
1,1546417700548,-0.76,-11.71,-1.6
1,1546417700549,-0.74,-11.69,-1.44
1,1546417700609,-0.72,-11.56,-1.34
1,1546417700610,-0.8,-11.6,-1.3
1,1546417700632,-0.87,-11.66,-1.34
1,1546417700633,-1.01,-11.54,-1.36
1,1546417700633,-1.21,-11.44,-1.46
1,1546417700633,-1.17,-11.6,-1.23
1,1546417700634,-1.28,-11.66,-1.09
1,1546417700634,-1.42,-11.69,-0.95
1,1546417700687,-1.58,-11.73,-0.83
1,1546417700688,-1.71,-11.46,-0.46
1,1546417700688,-1.71,-11.26,-0.41
1,1546417700689,-1.64,-11.15,-0.31
1,1546417700708,-1.54,-10.95,-0.11
1,1546417700708,-1.34,-10.56,-0.05
1,1546417700708,-0.78,-10.17,0.19
1,1546417700709,-0.68,-10.13,0.09
1,1546417700759,-0.8,-10.29,-0.15
1,1546417700780,-1.07,-10.42,-0.41
1,1546417700781,-1.21,-10.6,-0.74
1,1546417700781,-1.38,-10.66,-0.78
1,1546417700781,-1.62,-10.6,-0.82
1,1546417700781,-1.6,-10.5,-0.74
1,1546417700781,-1.13,-10.21,-0.7
1,1546417700782,-0.87,-10.11,-0.74
1,1546417700833,-0.56,-10.17,-0.78
1,1546417700833,-0.27,-10.27,-0.87
1,1546417700834,-0.5,-11.48,-0.97
1,1546417700834,-0.83,-11.83,-1.07
1,1546417700834,-1.17,-11.95,-1.17
1,1546417700834,-1.32,-12.08,-1.17
1,1546417700834,-1.44,-12.12,-1.19
1,1546417700909,-1.36,-12.03,-0.93
1,1546417700910,-1.25,-12.05,-0.78
1,1546417700910,-1.17,-11.83,-0.76
1,1546417700910,-1.19,-11.48,-0.83
1,1546417700910,-1.13,-11.25,-1.09
1,1546417700911,-1.01,-10.97,-1.13
1,1546417700911,-1.09,-10.76,-1.23
1,1546417700947,-1.03,-10.41,-1.32
1,1546417701035,-0.6,-9.66,-1.46
1,1546417701035,-0.44,-9.37,-1.46
1,1546417701036,-0.35,-9.06,-1.36
1,1546417701036,-0.23,-8.8,-1.13
1,1546417701037,-0.37,-8.43,-0.78
1,1546417701037,-0.64,-8.24,-0.66
1,1546417701038,-0.82,-7.79,-0.6
1,1546417701083,-0.99,-7.22,-0.48
1,1546417701083,-1.34,-6.34,-0.29
1,1546417701084,-1.5,-5.83,-0.07
1,1546417701084,-1.56,-5.58,0.15
1,1546417701084,-1.6,-5.35,0.42
1,1546417701084,-1.5,-4.9,0.6
1,1546417701085,-1.07,-4.25,1.25
1,1546417701085,-1.11,-4.1,1.36
1,1546417701134,-1.19,-3.8,1.73
1,1546417701150,-0.8,-3.57,2.14
1,1546417701151,-1.05,-3.53,2.42
1,1546417701151,-1.19,-3.16,2.61
1,1546417701151,-1.34,-2.63,2.71
1,1546417701151,-1.42,-2.55,2.79
1,1546417701152,-1.83,-1.95,3.0
1,1546417701208,-1.79,-1.87,3.28
1,1546417701209,-1.81,-2.05,3.67
1,1546417701209,-2.08,-1.97,4.06
1,1546417701209,-2.3,-1.67,4.51
1,1546417701219,-2.55,-1.52,4.64
1,1546417701220,-2.71,-1.42,4.88
1,1546417701220,-2.75,-1.46,5.33
1,1546417701220,-2.89,-1.54,5.8
1,1546417701284,-3.28,-1.71,6.79
1,1546417701298,-3.57,-1.66,7.07
1,1546417701299,-3.76,-1.75,7.36
1,1546417701299,-4.1,-2.03,7.5
1,1546417701299,-4.58,-1.66,7.89
1,1546417701299,-4.53,-1.44,8.16
1,1546417701300,-4.64,-1.4,8.73
1,1546417701300,-4.76,-1.17,9.17
1,1546417701360,-5.58,-0.25,10.11
1,1546417701361,-5.82,0.21,10.37
1,1546417701388,-5.83,0.44,10.5
1,1546417701389,-5.89,0.54,10.6
1,1546417701390,-5.17,0.03,11.01
1,1546417701391,-4.98,-0.33,10.82
1,1546417701392,-5.05,-0.27,10.31
1,1546417701436,-5.17,-0.29,9.96
1,1546417701437,-5.85,0.23,9.43
1,1546417701438,-6.13,0.54,9.49
1,1546417701452,-6.58,0.85,9.8
1,1546417701454,-6.79,1.4,10.33
1,1546417701455,-6.67,1.87,11.15
1,1546417701455,-6.03,1.56,12.2
1,1546417701456,-6.17,1.6,12.22
1,1546417701511,-5.89,1.91,12.18
1,1546417701512,-5.6,2.3,11.93
1,1546417701513,-6.28,2.3,11.32
1,1546417701513,-6.73,2.34,11.03
1,1546417701514,-6.83,2.1,11.21
1,1546417701515,-6.85,2.24,11.69
1,1546417701515,-6.99,2.57,12.83
1,1546417701591,-6.83,2.53,13.24
1,1546417701603,-6.93,2.96,13.51
1,1546417701604,-6.77,3.63,13.35
1,1546417701605,-6.89,3.43,12.89
1,1546417701605,-7.1,3.49,12.65
1,1546417701606,-7.08,3.33,12.51
1,1546417701607,-7.05,3.1,12.59
1,1546417701607,-7.07,3.0,12.75
1,1546417701660,-7.46,3.9,13.61
1,1546417701661,-7.59,4.12,14.19
1,1546417701661,-7.91,4.51,14.39
1,1546417701661,-7.94,4.35,14.17
1,1546417701662,-8.12,4.08,14.06
1,1546417701662,-8.28,4.0,13.94
1,1546417701663,-8.55,3.8,14.0
1,1546417701663,-8.73,3.98,14.19
1,1546417701739,-8.78,4.51,15.11
1,1546417701755,-8.75,4.78,15.23
1,1546417701756,-8.76,4.74,15.25
1,1546417701756,-8.71,4.62,15.35
1,1546417701757,-8.65,4.86,15.52
1,1546417701757,-8.76,5.27,15.41
1,1546417701758,-8.8,5.41,15.35
1,1546417701811,-8.86,5.27,15.44
1,1546417701812,-8.94,4.9,15.85
1,1546417701814,-8.98,4.9,16.01
1,1546417701815,-9.19,5.03,15.99
1,1546417701815,-9.33,5.0,16.13
1,1546417701816,-9.25,5.05,16.19
1,1546417701817,-9.21,5.11,16.01
1,1546417701818,-9.1,4.92,16.19
1,1546417701883,-9.29,5.07,16.05
1,1546417701884,-9.25,5.0,15.99
1,1546417701885,-9.04,4.57,15.46
1,1546417701885,-8.9,4.23,15.23
1,1546417701886,-8.41,4.06,15.42
1,1546417701887,-8.53,4.19,15.27
1,1546417701887,-8.12,3.76,14.41
1,1546417701962,-7.96,3.55,13.94
1,1546417701964,-7.65,3.33,13.61
1,1546417701965,-7.42,3.26,13.3
1,1546417701966,-7.05,2.94,12.53
1,1546417701967,-6.93,3.0,12.05
1,1546417701968,-6.73,2.96,11.6
1,1546417701968,-6.4,2.73,11.26
1,1546417701969,-6.09,2.55,10.93
1,1546417702035,-5.76,2.14,10.42
1,1546417702036,-5.54,1.83,10.21
1,1546417702037,-5.44,1.73,9.84
1,1546417702037,-5.27,1.75,9.51
1,1546417702038,-4.9,1.56,8.45
1,1546417702038,-4.62,1.26,7.94
1,1546417702039,-4.45,0.72,7.55
1,1546417702039,-4.35,0.64,7.32
1,1546417702112,-4.16,0.82,6.3
1,1546417702114,-3.88,0.58,5.85
1,1546417702115,-3.69,0.54,5.33
1,1546417702116,-3.55,0.31,4.9
1,1546417702117,-3.18,-0.33,4.29
1,1546417702119,-3.06,-0.62,3.86
1,1546417702120,-2.79,-0.72,3.26
1,1546417702184,-2.55,-0.76,2.67
1,1546417702185,-2.16,-1.19,2.14
1,1546417702186,-1.89,-1.03,1.77
1,1546417702187,-1.48,-0.91,1.36
1,1546417702187,-1.42,-1.11,0.83
1,1546417702188,-0.7,-1.56,0.41
1,1546417702189,-0.41,-1.67,0.21
1,1546417702189,-0.13,-1.87,-0.13
1,1546417702260,0.03,-2.48,-0.42
1,1546417702260,0.19,-3.02,-0.7
1,1546417702261,0.25,-3.71,-1.09
1,1546417702262,0.25,-3.96,-1.15
1,1546417702262,0.25,-4.29,-1.25
1,1546417702275,0.21,-4.82,-1.28
1,1546417702276,0.0,-5.5,-1.58
1,1546417702335,-0.01,-5.82,-1.67
1,1546417702336,-0.05,-6.15,-1.62
1,1546417702337,-0.05,-6.36,-1.69
1,1546417702337,-0.09,-7.05,-1.56
1,1546417702338,-0.17,-7.61,-1.44
1,1546417702338,-0.29,-7.98,-1.34
1,1546417702339,-0.27,-8.45,-1.17
1,1546417702339,-0.37,-9.55,-0.76
1,1546417702410,-0.33,-10.0,-0.6
1,1546417702411,-0.41,-10.15,-0.6
1,1546417702412,-0.52,-10.19,-0.66
1,1546417702412,-0.74,-10.42,-0.83
1,1546417702413,-0.56,-10.87,-1.32
1,1546417702413,-0.37,-11.36,-0.8
1,1546417702414,-0.87,-10.7,-0.82
1,1546417702414,-1.11,-10.62,-0.76
1,1546417702488,-0.89,-11.32,-0.87
1,1546417702489,-1.01,-11.3,-1.07
1,1546417702490,-0.95,-11.34,-1.11
1,1546417702491,-0.97,-11.42,-1.15
1,1546417702492,-1.11,-11.3,-1.25
1,1546417702513,-1.05,-11.4,-1.17
1,1546417702514,-0.91,-11.66,-1.13
1,1546417702557,-0.95,-11.81,-1.11
1,1546417702558,-0.72,-11.67,-1.01
1,1546417702558,-0.68,-11.66,-1.01
1,1546417702559,-0.74,-11.69,-1.09
1,1546417702559,-0.68,-11.54,-1.11
1,1546417702559,-0.56,-11.54,-1.28
1,1546417702559,-0.54,-11.67,-1.36
1,1546417702560,-0.7,-11.66,-1.32
1,1546417702634,-0.78,-11.64,-1.26
1,1546417702635,-1.03,-11.75,-1.17
1,1546417702635,-1.13,-11.5,-1.01
1,1546417702635,-1.07,-11.58,-0.97
1,1546417702635,-1.03,-11.71,-0.85
1,1546417702636,-1.13,-11.79,-0.82
1,1546417702636,-1.21,-11.44,-0.66
1,1546417702713,-1.13,-11.23,-0.54
1,1546417702714,-1.19,-11.07,-0.54
1,1546417702714,-1.21,-11.11,-0.58
1,1546417702714,-1.03,-11.42,-0.54
1,1546417702730,-1.09,-11.42,-0.58
1,1546417702792,-1.05,-11.38,-0.64
1,1546417702792,-1.07,-11.42,-0.7
1,1546417702792,-1.01,-11.66,-0.95
1,1546417702793,-1.07,-11.67,-1.03
1,1546417702793,-1.05,-11.58,-1.09
1,1546417702793,-0.89,-11.38,-1.19
1,1546417702794,-0.85,-10.85,-1.32
1,1546417702794,-0.76,-10.39,-1.34
1,1546417702859,-0.68,-9.96,-1.42
1,1546417702859,-0.52,-9.51,-1.32
1,1546417702878,-0.39,-9.23,-1.19
1,1546417702879,-0.35,-9.17,-1.01
1,1546417702879,-0.37,-9.16,-0.91
1,1546417702879,-0.5,-8.94,-0.83
1,1546417702880,-1.09,-8.02,-0.74
1,1546417702880,-1.28,-7.75,-0.54
1,1546417702934,-1.52,-7.4,-0.35
1,1546417702935,-1.62,-6.99,-0.05
1,1546417702935,-1.75,-6.17,0.46
1,1546417702935,-1.62,-5.91,0.85
1,1546417702936,-1.34,-5.7,1.09
1,1546417702936,-1.19,-5.33,1.32
1,1546417702936,-1.15,-5.07,1.46
1,1546417702936,-1.09,-4.9,1.64
1,1546417703010,-1.21,-4.57,1.64
1,1546417703011,-1.34,-4.29,1.66
1,1546417703011,-1.62,-3.59,1.81
1,1546417703011,-1.46,-3.32,2.12
1,1546417703012,-1.5,-2.92,2.16
1,1546417703012,-1.62,-2.65,2.24
1,1546417703012,-1.71,-2.55,2.3
1,1546417703012,-2.03,-2.2,2.32
1,1546417703090,-2.05,-2.08,2.32
1,1546417703090,-2.26,-2.07,2.48
1,1546417703090,-2.36,-1.89,2.83
1,1546417703091,-2.3,-1.71,3.84
1,1546417703091,-2.73,-1.87,4.41
1,1546417703091,-3.1,-1.91,4.9
1,1546417703091,-3.37,-1.95,5.42
1,1546417703092,-3.94,-2.07,6.13
1,1546417703159,-4.39,-1.81,6.4
1,1546417703160,-4.58,-1.44,6.79
1,1546417703160,-4.57,-1.26,7.34
1,1546417703160,-4.84,-1.01,7.91
1,1546417703185,-5.11,-0.7,8.1
1,1546417703186,-5.11,-0.62,8.22
1,1546417703187,-5.21,-0.7,8.41
1,1546417703188,-5.58,-0.5,8.65
1,1546417703249,-5.41,0.13,9.29
1,1546417703250,-5.13,0.05,9.76
1,1546417703250,-5.19,0.37,9.92
1,1546417703251,-5.03,0.56,9.9
1,1546417703251,-5.13,0.62,9.84
1,1546417703251,-5.41,0.74,9.55
1,1546417703252,-5.85,0.62,9.39
1,1546417703309,-6.15,0.72,9.37
1,1546417703310,-6.15,0.68,9.76
1,1546417703332,-5.99,1.03,10.27
1,1546417703332,-5.52,1.75,10.68
1,1546417703333,-5.35,2.26,11.03
1,1546417703333,-5.21,2.26,11.38
1,1546417703333,-5.27,2.26,11.01
1,1546417703333,-5.19,2.14,10.64
1,1546417703383,-5.25,2.14,10.21
1,1546417703385,-5.91,2.89,9.76
1,1546417703386,-5.82,3.08,10.17
1,1546417703387,-5.48,3.35,10.93
1,1546417703387,-5.29,4.25,11.64
1,1546417703388,-5.6,4.82,12.08
1,1546417703388,-5.46,4.17,12.51
1,1546417703459,-5.46,4.12,12.2
1,1546417703460,-5.54,4.19,11.69
1,1546417703461,-5.83,4.02,11.46
1,1546417703461,-7.01,3.96,11.77
1,1546417703462,-7.22,4.35,13.41
1,1546417703462,-7.44,5.19,14.17
1,1546417703463,-7.46,5.8,14.7
1,1546417703463,-7.3,5.83,14.76
1,1546417703536,-7.4,5.85,14.51
1,1546417703552,-7.3,5.56,14.19
1,1546417703553,-7.28,5.07,14.06
1,1546417703554,-7.65,4.78,14.21
1,1546417703554,-7.57,5.37,14.37
1,1546417703554,-7.51,5.87,14.49
1,1546417703555,-7.44,6.28,14.68
1,1546417703608,-7.75,6.38,15.07
1,1546417703618,-7.77,6.26,15.33
1,1546417703618,-8.0,5.99,15.42
1,1546417703619,-8.33,6.42,15.46
1,1546417703619,-8.53,6.5,15.78
1,1546417703619,-9.02,6.5,16.62
1,1546417703619,-9.33,6.5,17.01
1,1546417703620,-9.51,6.32,17.26
1,1546417703686,-9.7,6.44,17.42
1,1546417703701,-9.7,6.69,17.34
1,1546417703701,-9.62,6.6,17.34
1,1546417703702,-9.7,6.81,17.48
1,1546417703702,-9.86,7.05,17.46
1,1546417703702,-9.47,7.14,17.28
1,1546417703702,-9.41,6.87,17.12
1,1546417703702,-9.35,6.67,16.95
1,1546417703760,-9.17,6.52,16.85
1,1546417703760,-9.08,6.54,16.23
1,1546417703760,-8.86,6.48,15.91
1,1546417703761,-8.67,6.5,15.48
1,1546417703761,-8.45,6.42,15.07
1,1546417703761,-8.3,6.13,14.78
1,1546417703770,-7.83,5.74,14.04
1,1546417703832,-7.59,5.68,13.67
1,1546417703853,-7.38,5.56,13.37
1,1546417703853,-7.07,5.39,13.06
1,1546417703853,-6.75,4.86,12.42
1,1546417703853,-6.6,4.6,11.97
1,1546417703854,-6.54,4.49,11.54
1,1546417703854,-6.36,4.41,11.03
1,1546417703854,-5.99,4.14,10.05
1,1546417703911,-5.68,3.82,9.68
1,1546417703915,-5.42,3.69,9.16
1,1546417703916,-5.07,3.47,8.67
1,1546417703917,-4.66,3.22,7.77
1,1546417703918,-4.33,3.02,7.48
1,1546417703919,-4.02,2.79,7.12
1,1546417703921,-3.73,2.73,6.66
1,1546417703984,-3.14,2.01,5.6
1,1546417703985,-2.91,1.4,5.19
1,1546417703985,-2.79,1.3,4.74
1,1546417704003,-2.53,1.21,4.17
1,1546417704004,-2.4,0.95,3.67
1,1546417704004,-2.38,0.52,2.69
1,1546417704004,-2.24,0.35,2.34
1,1546417704004,-1.93,0.09,2.32
1,1546417704057,-1.67,-0.01,2.12
1,1546417704058,-1.13,-0.23,1.46
1,1546417704058,-0.97,-0.27,1.01
1,1546417704058,-0.6,-0.35,0.46
1,1546417704059,-0.39,-0.76,0.03
1,1546417704059,0.03,-1.4,-0.46
1,1546417704071,0.17,-1.97,-0.66
1,1546417704071,0.17,-2.46,-0.85
1,1546417704133,0.23,-2.92,-1.13
1,1546417704133,0.19,-3.8,-1.42
1,1546417704133,0.23,-4.37,-1.3
1,1546417704134,0.19,-4.64,-1.28
1,1546417704134,0.03,-4.8,-1.19
1,1546417704134,-0.13,-5.25,-1.19
1,1546417704135,-0.01,-5.7,-1.15
1,1546417704208,-0.09,-6.07,-1.34
1,1546417704209,-0.13,-6.5,-1.48
1,1546417704222,-0.19,-6.89,-1.67
1,1546417704222,-0.27,-8.16,-1.58
1,1546417704223,-0.27,-8.84,-1.38
1,1546417704223,-0.37,-9.27,-1.19
1,1546417704223,-0.52,-9.35,-1.07
1,1546417704223,-0.85,-9.92,-0.7
1,1546417704284,-0.91,-10.11,-0.5
1,1546417704284,-0.89,-10.29,-0.46
1,1546417704285,-1.15,-10.44,-0.5
1,1546417704285,-1.26,-10.91,-0.42
1,1546417704285,-1.42,-11.19,-0.37
1,1546417704306,-1.4,-11.56,-0.29
1,1546417704307,-1.48,-11.95,-0.17
1,1546417704361,-1.87,-12.03,-0.23
1,1546417704361,-1.97,-11.93,-0.31
1,1546417704373,-2.1,-11.75,-0.35
1,1546417704373,-2.05,-11.54,-0.33
1,1546417704373,-1.67,-11.26,0.01
1,1546417704373,-1.52,-10.78,0.23
1,1546417704374,-1.26,-10.39,0.35
1,1546417704374,-1.15,-10.15,0.33
1,1546417704434,-1.07,-10.07,0.31
1,1546417704434,-1.05,-10.6,0.01
1,1546417704435,-1.09,-10.91,-0.25
1,1546417704435,-1.19,-11.19,-0.44
1,1546417704435,-1.3,-11.42,-0.58
1,1546417704435,-1.5,-11.56,-0.64
1,1546417704436,-1.46,-11.52,-0.58
1,1546417704511,-1.46,-11.42,-0.39
1,1546417704512,-1.5,-11.3,-0.23
1,1546417704512,-1.46,-11.09,0.15
1,1546417704512,-1.42,-11.11,0.29
1,1546417704513,-1.3,-11.15,0.39
1,1546417704513,-1.42,-11.25,0.39
1,1546417704513,-1.52,-11.03,0.29
1,1546417704514,-1.46,-10.95,0.21
1,1546417704584,-1.44,-11.11,0.13
1,1546417704585,-1.54,-11.21,0.13
1,1546417704586,-1.58,-11.44,0.17
1,1546417704586,-1.75,-11.34,0.17
1,1546417704587,-1.66,-11.32,0.17
1,1546417704587,-1.58,-11.44,0.27
1,1546417704587,-1.62,-11.56,0.31
1,1546417704587,-1.69,-11.56,0.41
1,1546417704657,-1.79,-11.46,0.42
1,1546417704658,-1.83,-11.25,0.39
1,1546417704658,-1.64,-11.07,0.23
1,1546417704659,-1.15,-10.78,-0.13
1,1546417704659,-0.85,-10.56,-0.31
1,1546417704660,-0.78,-10.35,-0.46
1,1546417704660,-0.66,-10.17,-0.62
1,1546417704737,-0.62,-9.96,-0.83
1,1546417704738,-0.64,-10.01,-0.91
1,1546417704738,-0.66,-9.96,-0.97
1,1546417704738,-0.64,-9.7,-0.97
1,1546417704759,-0.68,-9.12,-0.95
1,1546417704760,-0.68,-8.9,-0.93
1,1546417704761,-0.5,-8.82,-0.87
1,1546417704761,-0.33,-8.55,-0.78
1,1546417704824,-0.27,-8.3,-0.82
1,1546417704825,-0.27,-8.06,-0.83
1,1546417704825,-0.33,-7.81,-0.82
1,1546417704826,-0.42,-7.42,-0.78
1,1546417704826,-0.58,-7.08,-0.76
1,1546417704826,-0.62,-6.26,-0.37
1,1546417704827,-0.68,-5.85,-0.17
1,1546417704882,-0.78,-5.39,0.0
1,1546417704903,-0.87,-4.92,0.21
1,1546417704903,-0.78,-4.16,0.62
1,1546417704903,-0.8,-3.75,0.74
1,1546417704903,-0.8,-3.57,0.97
1,1546417704904,-0.91,-3.53,1.23
1,1546417704904,-1.17,-2.91,1.69
1,1546417704904,-1.28,-2.71,2.03
1,1546417704959,-1.6,-2.65,2.3
1,1546417704960,-1.89,-2.4,2.46
1,1546417704961,-2.16,-2.05,3.06
1,1546417704962,-2.51,-1.99,3.59
1,1546417704964,-2.81,-1.87,4.06
1,1546417704965,-3.0,-1.83,4.43
1,1546417704966,-3.47,-1.79,5.15
1,1546417704967,-3.69,-1.38,5.41
1,1546417705044,-3.78,-1.13,5.64
1,1546417705044,-3.86,-1.17,6.03
1,1546417705045,-4.06,-1.19,6.36
1,1546417705046,-4.55,-0.93,6.69
1,1546417705067,-5.09,-1.13,7.26
1,1546417705067,-5.17,-1.32,8.04
1,1546417705068,-4.88,-1.17,8.76
1,1546417705112,-5.13,-0.78,9.58
1,1546417705113,-5.35,-0.82,9.64
1,1546417705113,-5.8,-0.87,9.6
1,1546417705113,-6.58,-0.56,9.49
1,1546417705133,-6.66,-0.13,9.21
1,1546417705133,-6.54,-0.03,9.39
1,1546417705134,-6.48,0.46,9.58
1,1546417705134,-6.01,0.76,9.9
1,1546417705184,-5.99,1.13,10.37
1,1546417705185,-6.42,1.56,10.0
1,1546417705185,-6.66,1.17,9.8
1,1546417705204,-6.91,0.6,10.03
1,1546417705204,-7.14,0.6,10.37
1,1546417705205,-7.26,1.09,12.22
1,1546417705205,-7.34,1.64,12.57
1,1546417705258,-7.22,1.67,12.57
1,1546417705278,-7.28,1.54,12.42
1,1546417705279,-7.63,1.01,11.97
1,1546417705280,-7.94,0.74,12.05
1,1546417705280,-8.16,0.56,11.91
1,1546417705280,-7.89,0.39,12.73
1,1546417705280,-7.85,1.13,13.86
1,1546417705281,-7.4,1.48,14.62
1,1546417705336,-7.26,2.2,14.72
1,1546417705348,-7.01,2.34,14.6
1,1546417705349,-7.22,0.83,13.63
1,1546417705350,-7.42,0.52,12.81
1,1546417705350,-7.92,0.56,12.2
1,1546417705351,-8.57,0.54,12.34
1,1546417705352,-8.92,0.39,12.98
1,1546417705353,-8.71,0.95,14.1
1,1546417705410,-8.88,1.07,14.76
1,1546417705487,-9.0,1.09,15.19
1,1546417705507,-8.57,1.32,15.19
1,1546417705508,-8.61,0.62,14.62
1,1546417705509,-8.73,0.58,14.45
1,1546417705510,-8.71,0.54,14.27
1,1546417705510,-8.76,0.54,14.21
1,1546417705511,-8.86,0.99,14.51
1,1546417705512,-8.86,1.36,14.86
1,1546417705561,-8.92,1.32,15.15
1,1546417705562,-9.02,1.21,15.41
1,1546417705562,-9.7,1.46,15.82
1,1546417705562,-9.8,0.95,15.95
1,1546417705563,-9.76,0.87,16.17
1,1546417705564,-9.8,1.09,16.36
1,1546417705564,-10.07,1.44,16.62
1,1546417705565,-10.03,1.36,17.2
1,1546417705638,-9.82,1.4,17.32
1,1546417705640,-9.76,1.36,17.03
1,1546417705641,-9.74,1.44,16.71
1,1546417705642,-10.03,0.85,16.36
1,1546417705642,-10.05,0.91,16.69
1,1546417705643,-10.23,1.64,16.83
1,1546417705644,-10.17,1.36,16.71
1,1546417705645,-9.45,0.82,15.64
1,1546417705711,-9.16,0.78,15.01
1,1546417705712,-8.75,0.58,14.45
1,1546417705713,-8.69,0.68,13.71
1,1546417705713,-8.37,0.74,12.79
1,1546417705714,-8.04,0.66,12.5
1,1546417705714,-7.77,0.52,12.18
1,1546417705715,-7.44,0.44,11.81
1,1546417705715,-7.08,0.35,11.4
1,1546417705790,-6.38,0.64,10.52
1,1546417705791,-5.97,1.09,10.05
1,1546417705792,-5.64,0.89,9.6
1,1546417705815,-5.31,0.41,9.12
1,1546417705816,-4.64,0.01,7.87
1,1546417705816,-4.43,-0.07,7.34
1,1546417705817,-4.04,-0.27,6.85
1,1546417705817,-3.75,-0.27,6.21
1,1546417705860,-3.24,-0.29,5.35
1,1546417705881,-2.92,-0.29,5.01
1,1546417705882,-2.81,-0.31,4.43
1,1546417705882,-2.55,-0.48,4.0
1,1546417705883,-2.26,-0.64,3.22
1,1546417705884,-2.03,-0.66,2.79
1,1546417705885,-1.81,-0.93,2.48
1,1546417705885,-1.54,-1.09,2.2
1,1546417705937,-1.46,-1.6,1.26
1,1546417705941,-1.62,-1.73,0.87
1,1546417705944,-1.67,-1.83,0.54
1,1546417705945,-1.52,-1.75,0.44
1,1546417705947,-1.21,-1.75,0.58
1,1546417705948,-0.72,-1.32,0.39
1,1546417705949,-0.7,-1.36,0.15
1,1546417706015,-0.62,-1.34,-0.21
1,1546417706016,-0.39,-1.69,-0.52
1,1546417706017,0.0,-2.63,-1.03
1,1546417706017,0.07,-3.26,-1.34
1,1546417706018,0.09,-4.19,-1.52
1,1546417706018,0.05,-5.25,-1.6
1,1546417706019,-0.15,-6.85,-1.77
1,1546417706020,-0.25,-7.53,-1.87
1,1546417706088,-0.37,-7.91,-1.87
1,1546417706090,-0.5,-7.77,-1.81
1,1546417706090,-0.07,-7.05,-1.07
1,1546417706104,0.11,-7.77,-0.54
1,1546417706105,0.13,-8.49,-0.19
1,1546417706105,0.05,-9.21,-0.11
1,1546417706105,-0.29,-10.72,-0.31
1,1546417706159,-0.5,-11.03,-0.42
1,1546417706160,-0.8,-11.38,-0.46
1,1546417706160,-1.19,-11.66,-0.46
1,1546417706160,-1.64,-11.66,-0.31
1,1546417706161,-2.16,-11.17,-0.35
1,1546417706161,-2.05,-10.99,-0.29
1,1546417706161,-1.97,-11.23,-0.15
1,1546417706161,-1.87,-11.36,-0.11
1,1546417706238,-1.99,-11.48,-0.21
1,1546417706240,-1.87,-11.64,-0.09
1,1546417706242,-1.79,-11.81,-0.07
1,1546417706243,-1.83,-11.87,0.05
1,1546417706244,-2.14,-11.89,0.5
1,1546417706245,-2.12,-11.69,0.7
1,1546417706246,-2.08,-11.44,0.85
1,1546417706249,-1.99,-10.95,0.89
1,1546417706312,-1.75,-10.56,0.83
1,1546417706314,-1.69,-10.8,0.76
1,1546417706322,-1.75,-10.97,0.66
1,1546417706323,-1.75,-11.13,0.46
1,1546417706323,-1.75,-11.36,0.11
1,1546417706324,-1.81,-11.5,0.01
1,1546417706324,-1.81,-11.71,0.0
1,1546417706390,-1.91,-11.67,-0.01
1,1546417706391,-1.99,-11.46,-0.07
1,1546417706392,-1.97,-11.28,0.07
1,1546417706393,-1.97,-11.23,0.27
1,1546417706394,-1.99,-10.89,0.33
1,1546417706394,-2.03,-10.72,0.33
1,1546417706395,-1.91,-11.03,0.52
1,1546417706396,-1.85,-11.13,0.58
1,1546417706460,-1.93,-11.05,0.62
1,1546417706461,-1.97,-10.8,0.68
1,1546417706461,-1.91,-10.44,0.87
1,1546417706461,-2.01,-10.41,0.87
1,1546417706462,-2.08,-10.33,0.83
1,1546417706462,-2.1,-10.23,0.68
1,1546417706462,-2.2,-10.0,0.6
1,1546417706535,-2.32,-9.9,0.42
1,1546417706559,-2.32,-9.62,0.46
1,1546417706560,-2.24,-9.45,0.5
1,1546417706560,-2.46,-9.06,0.6
1,1546417706561,-2.79,-8.35,0.85
1,1546417706561,-2.51,-7.94,1.15
1,1546417706562,-2.36,-7.5,1.28
1,1546417706562,-2.22,-7.24,1.52
1,1546417706610,-2.16,-6.77,1.79
1,1546417706611,-2.07,-6.38,1.77
1,1546417706611,-2.03,-6.01,1.75
1,1546417706612,-2.18,-5.78,1.66
1,1546417706612,-2.3,-5.33,1.69
1,1546417706623,-2.3,-5.23,1.85
1,1546417706623,-2.28,-5.11,1.97
1,1546417706624,-2.2,-4.96,2.07
1,1546417706690,-2.24,-4.21,2.05
1,1546417706690,-2.07,-3.88,2.1
1,1546417706691,-2.07,-3.61,2.14
1,1546417706691,-2.07,-3.32,2.28
1,1546417706691,-2.05,-2.85,2.5
1,1546417706692,-1.95,-2.67,2.63
1,1546417706692,-1.99,-2.73,2.81
1,1546417706758,-2.12,-2.89,2.98
1,1546417706774,-2.2,-3.2,3.16
1,1546417706774,-2.81,-2.87,3.82
1,1546417706774,-2.81,-2.67,4.31
1,1546417706775,-2.81,-2.44,4.78
1,1546417706775,-2.87,-2.05,5.11
1,1546417706775,-3.32,-1.52,5.41
1,1546417706775,-3.86,-1.28,5.35
1,1546417706831,-4.23,-1.42,5.56
1,1546417706832,-4.6,-1.73,6.09
1,1546417706833,-4.66,-2.3,6.83
1,1546417706833,-4.92,-2.69,7.01
1,1546417706834,-4.9,-2.83,7.5
1,1546417706834,-5.0,-2.59,7.61
1,1546417706834,-5.35,-1.6,8.14
1,1546417706910,-5.27,-1.25,8.51
1,1546417706911,-5.48,-0.85,8.75
1,1546417706911,-5.8,-0.5,8.86
1,1546417706912,-5.66,-0.05,9.25
1,1546417706926,-5.58,-0.37,9.45
1,1546417706926,-5.68,-0.8,9.55
1,1546417706927,-5.56,-1.17,9.57
1,1546417706927,-5.41,-1.09,9.37
1,1546417706991,-6.05,-0.33,9.49
1,1546417706991,-6.03,-0.07,9.72
1,1546417706991,-6.03,0.25,9.84
1,1546417706992,-6.03,0.5,10.0
1,1546417706992,-5.56,1.25,10.44
1,1546417706992,-5.42,1.71,10.58
1,1546417706992,-5.66,2.18,10.99
1,1546417706992,-5.82,2.59,11.21
1,1546417707063,-5.74,3.08,11.5
1,1546417707065,-5.8,3.18,11.13
1,1546417707066,-6.28,2.73,10.99
1,1546417707068,-6.73,2.12,11.15
1,1546417707069,-7.05,0.93,11.83
1,1546417707070,-7.14,1.09,12.48
1,1546417707071,-7.44,1.6,13.06
1,1546417707136,-7.22,2.59,13.43
1,1546417707137,-6.58,4.16,12.83
1,1546417707137,-6.44,4.12,12.28
1,1546417707138,-6.85,3.73,12.07
1,1546417707138,-7.07,3.22,12.16
1,1546417707139,-7.16,2.48,12.59
1,1546417707139,-7.85,1.71,13.45
1,1546417707139,-7.57,2.1,13.8
1,1546417707212,-7.63,2.89,13.96
1,1546417707213,-7.69,3.55,14.04
1,1546417707213,-7.07,4.06,14.25
1,1546417707213,-7.2,4.04,14.0
1,1546417707229,-7.75,3.84,13.67
1,1546417707230,-8.14,3.06,13.76
1,1546417707230,-8.63,2.73,14.55
1,1546417707294,-8.63,2.92,14.82
1,1546417707294,-8.76,3.2,14.8
1,1546417707294,-8.78,3.67,14.98
1,1546417707295,-8.67,4.58,15.54
1,1546417707295,-8.75,4.53,15.58
1,1546417707295,-9.0,4.23,15.41
1,1546417707295,-9.45,3.63,15.23
1,1546417707296,-9.84,2.63,15.82
1,1546417707359,-10.23,2.92,16.25
1,1546417707360,-10.41,3.47,16.81
1,1546417707360,-10.41,3.92,17.28
1,1546417707360,-10.6,4.08,17.65
1,1546417707361,-10.6,4.74,18.1
1,1546417707361,-10.56,4.92,18.1
1,1546417707361,-10.46,4.84,18.1
1,1546417707361,-10.27,4.76,18.06
1,1546417707438,-10.01,5.23,18.0
1,1546417707439,-9.78,5.33,17.89
1,1546417707439,-9.57,5.0,17.67
1,1546417707471,-9.57,4.66,17.38
1,1546417707473,-9.41,4.21,16.67
1,1546417707473,-9.29,4.1,16.15
1,1546417707474,-9.25,3.84,15.56
1,1546417707526,-9.06,3.55,15.19
1,1546417707527,-8.37,3.98,14.66
1,1546417707527,-8.04,4.08,14.37
1,1546417707528,-7.75,3.78,14.06
1,1546417707528,-7.38,3.73,13.53
1,1546417707528,-6.66,3.57,12.26
1,1546417707528,-6.42,3.26,11.5
1,1546417707529,-6.15,2.73,10.97
1,1546417707597,-5.91,2.69,10.42
1,1546417707598,-5.58,2.92,9.86
1,1546417707599,-4.94,2.69,8.61
1,1546417707599,-4.66,2.55,8.04
1,1546417707600,-4.29,2.26,7.51
1,1546417707601,-3.98,2.18,6.91
1,1546417707601,-3.33,1.83,5.58
1,1546417707661,-2.91,1.32,4.98
1,1546417707663,-2.67,0.83,4.47
1,1546417707664,-2.38,0.56,3.96
1,1546417707664,-1.89,0.72,2.65
1,1546417707665,-1.5,0.74,2.3
1,1546417707665,-1.21,0.54,2.22
1,1546417707665,-0.97,0.56,1.83
1,1546417707665,-0.48,0.56,0.95
1,1546417707735,-0.35,0.29,0.68
1,1546417707748,-0.11,-0.15,0.44
1,1546417707749,0.05,-0.48,0.35
1,1546417707749,0.15,-0.64,0.15
1,1546417707749,0.25,-1.67,-0.42
1,1546417707750,0.21,-2.26,-0.7
1,1546417707750,0.05,-2.61,-0.93
1,1546417707750,0.11,-3.28,-1.15
1,1546417707809,-0.05,-4.02,-1.32
1,1546417707898,-0.05,-4.35,-1.25
1,1546417707898,-0.01,-4.6,-1.21
1,1546417707899,-0.13,-4.94,-1.13
1,1546417707899,-0.03,-5.17,-0.95
1,1546417707899,0.0,-5.39,-0.95
1,1546417707900,0.03,-5.64,-1.01
1,1546417707900,0.17,-6.19,-1.11
1,1546417707900,0.11,-7.89,-1.34
1,1546417707958,0.03,-8.75,-1.48
1,1546417707965,-0.13,-9.43,-1.42
1,1546417707966,-1.93,-10.78,0.13
1,1546417707966,-1.95,-10.72,0.37
1,1546417707966,-1.75,-10.7,0.64
1,1546417707966,-1.52,-11.07,0.42
1,1546417707967,-1.28,-11.19,0.21
1,1546417707967,-1.11,-11.11,-0.19
1,1546417708037,-1.03,-10.78,-0.46
1,1546417708038,-0.97,-10.7,-0.41
1,1546417708039,-1.13,-10.95,-0.27
1,1546417708040,-0.95,-11.25,-0.13
1,1546417708041,-1.19,-11.4,-0.25
1,1546417708042,-1.13,-11.66,-0.33
1,1546417708043,-1.34,-11.75,-0.48
1,1546417708044,-1.38,-11.64,-0.58
1,1546417708202,-1.25,-11.34,-0.66
1,1546417708203,-1.28,-11.4,-0.62
1,1546417708203,-1.19,-11.34,-0.58
1,1546417708204,-1.15,-11.4,-0.44
1,1546417708204,-1.23,-11.48,-0.44
1,1546417708260,-1.36,-11.4,-0.21
1,1546417708261,-1.26,-11.56,-0.07
1,1546417708269,-1.38,-11.56,0.03
1,1546417708272,-1.5,-11.32,0.05
1,1546417708274,-1.5,-11.3,-0.01
1,1546417708275,-1.81,-11.28,0.0
1,1546417708276,-1.85,-11.13,-0.03
1,1546417708277,-1.81,-11.09,-0.03
1,1546417708337,-1.87,-11.03,-0.05
1,1546417708338,-1.62,-10.25,-0.39
1,1546417708339,-1.64,-10.05,-0.46
1,1546417708339,-1.73,-9.94,-0.48
1,1546417708340,-1.6,-9.51,-0.54
1,1546417708340,-1.52,-9.19,-0.58
1,1546417708341,-1.54,-9.06,-0.5
1,1546417708342,-1.58,-8.8,-0.41
1,1546417708409,-1.69,-7.98,-0.25
1,1546417708410,-1.69,-7.57,-0.19
1,1546417708421,-1.73,-7.28,-0.01
1,1546417708422,-1.75,-6.85,0.09
1,1546417708422,-1.93,-6.07,0.44
1,1546417708423,-1.91,-5.72,0.7
1,1546417708423,-1.69,-5.27,0.93
1,1546417708423,-1.67,-4.94,1.07
1,1546417708483,-1.52,-4.72,1.21
1,1546417708485,-1.46,-4.37,1.4
1,1546417708486,-1.28,-4.31,1.46
1,1546417708488,-1.4,-4.04,1.38
1,1546417708488,-1.54,-3.88,1.28
1,1546417708489,-1.95,-3.53,1.32
1,1546417708491,-2.03,-3.1,1.32
1,1546417708492,-1.87,-2.79,1.52
1,1546417708562,-1.85,-2.32,1.73
1,1546417708562,-1.64,-1.83,2.3
1,1546417708563,-1.54,-1.71,2.5
1,1546417708572,-1.69,-1.44,2.73
1,1546417708572,-1.79,-1.28,3.14
1,1546417708573,-1.97,-1.36,3.65
1,1546417708573,-2.34,-1.56,4.72
1,1546417708573,-2.53,-1.56,5.05
1,1546417708633,-2.71,-1.36,5.21
1,1546417708656,-2.87,-1.25,5.37
1,1546417708657,-3.45,-0.95,5.72
1,1546417708657,-3.69,-0.87,5.87
1,1546417708658,-3.86,-0.76,5.85
1,1546417708658,-4.08,-0.39,5.87
1,1546417708658,-4.16,-0.01,6.46
1,1546417708659,-4.02,0.15,6.91
1,1546417708715,-3.94,0.5,7.53
1,1546417708717,-3.98,0.78,8.06
1,1546417708718,-4.35,1.09,9.12
1,1546417708719,-5.23,1.46,9.51
1,1546417708721,-5.01,1.5,9.53
1,1546417708722,-5.01,1.75,9.49
1,1546417708725,-5.29,2.59,9.29
1,1546417708783,-5.17,2.67,9.58
1,1546417708819,-5.62,2.87,9.84
1,1546417708821,-6.21,3.2,10.31
1,1546417708822,-6.64,3.08,10.93
1,1546417708823,-7.2,2.85,12.46
1,1546417708824,-7.12,3.04,12.73
1,1546417708824,-6.79,3.08,12.65
1,1546417708825,-6.73,3.37,12.61
1,1546417708881,-7.14,4.68,12.32
1,1546417708882,-7.3,4.7,12.34
1,1546417708882,-7.63,4.51,12.4
1,1546417708882,-7.83,4.29,12.65
1,1546417708883,-7.79,3.55,13.08
1,1546417708883,-7.81,3.53,13.16
1,1546417708883,-7.67,4.25,13.0
1,1546417708884,-7.85,4.96,12.92
1,1546417708935,-8.26,5.37,13.3
1,1546417708938,-8.53,5.27,13.59
1,1546417708939,-8.69,5.23,13.92
1,1546417708940,-8.69,4.96,14.16
1,1546417708942,-8.69,4.62,14.29
1,1546417708943,-8.43,5.01,14.76
1,1546417708944,-8.49,5.42,15.03
1,1546417709009,-8.59,6.01,15.25
1,1546417709010,-8.78,6.62,15.37
1,1546417709010,-9.23,6.75,15.13
1,1546417709010,-9.37,6.03,15.17
1,1546417709033,-9.41,5.89,15.21
1,1546417709034,-9.49,5.68,15.07
1,1546417709035,-9.62,5.52,15.05
1,1546417709035,-9.35,5.87,15.13
1,1546417709115,-9.21,6.36,15.13
1,1546417709116,-9.17,6.54,15.03
1,1546417709116,-8.96,6.83,15.25
1,1546417709116,-8.96,6.5,15.33
1,1546417709116,-9.17,6.21,15.33
1,1546417709117,-9.21,5.89,15.42
1,1546417709117,-9.06,5.76,15.44
1,1546417709162,-9.27,6.4,15.62
1,1546417709162,-9.29,7.08,15.72
1,1546417709163,-9.25,7.14,15.8
1,1546417709164,-9.08,6.67,16.01
1,1546417709177,-9.29,6.3,15.78
1,1546417709177,-9.39,5.95,15.78
1,1546417709178,-9.51,5.83,15.72
1,1546417709178,-9.37,6.03,15.52
1,1546417709235,-9.19,5.8,15.11
1,1546417709236,-9.19,5.5,14.96
1,1546417709236,-9.1,5.33,14.96
1,1546417709243,-9.02,5.39,15.03
1,1546417709243,-8.9,5.52,14.88
1,1546417709244,-8.71,5.56,14.66
1,1546417709244,-8.45,5.21,14.29
1,1546417709244,-8.3,4.7,13.96
1,1546417709310,-7.89,4.04,13.14
1,1546417709326,-7.91,4.08,12.77
1,1546417709327,-7.73,4.1,12.42
1,1546417709328,-7.46,3.96,12.08
1,1546417709329,-7.22,3.88,11.71
1,1546417709329,-6.62,3.88,11.03
1,1546417709329,-6.3,3.71,10.7
1,1546417709382,-5.93,3.63,10.27
1,1546417709391,-5.66,3.37,9.64
1,1546417709391,-5.42,2.71,8.37
1,1546417709391,-5.23,2.24,7.85
1,1546417709392,-5.01,2.12,7.28
1,1546417709392,-4.78,2.18,6.67
1,1546417709392,-4.1,1.97,5.62
1,1546417709392,-3.71,1.69,5.23
1,1546417709558,-3.24,1.46,4.78
1,1546417709560,-2.75,1.23,4.19
1,1546417709561,-2.26,0.52,2.89
1,1546417709562,-2.16,0.54,2.38
1,1546417709563,-1.99,0.58,2.2
1,1546417709612,-1.67,0.56,1.83
1,1546417709629,-1.3,0.56,1.48
1,1546417709630,-0.48,0.33,0.7
1,1546417709630,-0.23,0.07,0.37
1,1546417709631,0.89,-2.71,-2.42
1,1546417709631,0.97,-3.1,-2.53
1,1546417709632,1.09,-3.61,-2.63
1,1546417709632,0.99,-4.04,-2.77
1,1546417709686,0.97,-4.47,-2.69
1,1546417709688,0.54,-6.89,-2.85
1,1546417709690,0.54,-7.44,-2.75
1,1546417709691,0.48,-9.14,-2.38
1,1546417709692,0.37,-9.78,-2.07
1,1546417709694,0.31,-10.29,-1.81
1,1546417709695,0.25,-10.76,-1.48
1,1546417709697,-0.13,-11.34,-0.56
1,1546417709761,-0.37,-11.54,-0.46
1,1546417709763,-0.89,-11.23,-0.56
1,1546417709763,-1.01,-11.05,-0.85
1,1546417709764,-0.78,-11.25,-1.46
1,1546417709764,-0.6,-11.56,-1.62
1,1546417709765,-0.52,-12.05,-1.66
1,1546417709766,-0.48,-12.36,-1.66
1,1546417709766,-0.21,-12.28,-1.3
1,1546417709837,-0.33,-11.83,-1.11
1,1546417709851,-0.42,-11.34,-0.87
1,1546417709852,-0.46,-11.11,-0.7
1,1546417709853,-0.58,-10.99,-0.72
1,1546417709854,-0.68,-11.13,-1.03
1,1546417709854,-0.68,-11.17,-1.25
1,1546417709855,-0.56,-11.34,-1.25
1,1546417709855,-0.64,-11.38,-1.21
1,1546417709911,-0.52,-11.3,-1.03
1,1546417709912,-0.58,-11.25,-0.97
1,1546417709912,-0.66,-11.17,-0.85
1,1546417709913,-0.72,-11.15,-0.6
1,1546417709913,-0.85,-11.01,-0.35
1,1546417709914,-0.89,-11.11,-0.19
1,1546417709914,-0.95,-11.05,-0.11
1,1546417709914,-1.15,-10.99,-0.19
1,1546417709995,-1.36,-11.09,0.07
1,1546417709996,-1.46,-11.11,0.29
1,1546417709996,-1.44,-10.99,0.44
1,1546417709997,-1.42,-10.85,0.6
1,1546417709997,-1.42,-10.68,0.74
1,1546417709997,-1.67,-10.82,0.93
1,1546417709998,-1.66,-10.89,0.97
1,1546417710055,-1.71,-10.91,0.99
1,1546417710056,-1.85,-10.91,1.17
1,1546417710056,-2.01,-10.91,1.11
1,1546417710057,-2.12,-10.76,0.95
1,1546417710063,-2.12,-10.64,0.91
1,1546417710064,-2.1,-10.62,0.87
1,1546417710064,-2.18,-10.58,0.91
1,1546417710064,-2.22,-10.5,0.91
