1,1547706627469,-0.87,-10.07,1.87
1,1547706627470,-0.89,-10.07,1.62
1,1547706627470,-1.05,-9.8,1.54
1,1547706627470,-1.28,-9.06,1.89
1,1547706627470,-1.15,-8.9,1.85
1,1547706627470,-0.99,-8.94,1.77
1,1547706627470,-0.89,-9.0,1.64
1,1547706627471,-0.85,-9.16,1.44
1,1547706627538,-0.87,-9.17,1.36
1,1547706627538,-0.89,-9.1,1.34
1,1547706627539,-0.91,-8.9,1.36
1,1547706627539,-0.99,-8.33,1.5
1,1547706627543,-1.07,-8.35,1.69
1,1547706627543,-1.01,-8.37,1.79
1,1547706627543,-0.99,-8.32,1.83
1,1547706627615,-1.17,-7.92,1.85
1,1547706627615,-1.3,-7.71,1.83
1,1547706627616,-1.36,-7.53,1.87
1,1547706627616,-1.32,-7.38,1.91
1,1547706627616,-1.26,-6.95,2.07
1,1547706627617,-1.3,-6.81,2.22
1,1547706627617,-1.48,-6.75,2.48
1,1547706627617,-1.67,-6.67,2.79
1,1547706627688,-2.03,-6.3,3.28
1,1547706627689,-2.14,-6.03,3.47
1,1547706627689,-2.18,-5.83,3.71
1,1547706627689,-2.24,-5.83,3.8
1,1547706627690,-2.22,-6.23,3.96
1,1547706627694,-2.34,-6.36,4.23
1,1547706627694,-2.55,-6.32,4.49
1,1547706627764,-2.81,-6.09,4.7
1,1547706627766,-3.41,-5.5,5.05
1,1547706627766,-3.51,-5.21,5.17
1,1547706627767,-3.57,-5.01,5.23
1,1547706627767,-3.51,-4.86,5.29
1,1547706627767,-3.24,-5.01,5.68
1,1547706627767,-3.14,-5.09,5.99
1,1547706627767,-3.08,-5.09,6.23
1,1547706627841,-3.0,-5.05,6.48
1,1547706627841,-3.35,-4.92,6.95
1,1547706627842,-3.63,-5.01,7.1
1,1547706627843,-3.96,-5.03,7.2
1,1547706627843,-4.06,-4.9,7.22
1,1547706627844,-3.86,-4.37,6.89
1,1547706627844,-3.76,-4.39,6.83
1,1547706627914,-3.67,-4.51,7.03
1,1547706627931,-3.53,-4.68,7.26
1,1547706627932,-3.55,-5.17,7.79
1,1547706627932,-3.92,-5.44,8.26
1,1547706627932,-4.27,-5.5,8.63
1,1547706627932,-4.62,-5.35,9.04
1,1547706627933,-4.74,-4.58,8.59
1,1547706627933,-4.64,-4.02,8.37
1,1547706627990,-4.41,-3.59,8.3
1,1547706627991,-4.14,-3.47,8.35
1,1547706627992,-3.61,-3.88,8.45
1,1547706627992,-3.69,-4.37,8.75
1,1547706627992,-3.96,-4.92,9.12
1,1547706627993,-4.29,-5.23,9.43
1,1547706627993,-4.55,-4.68,9.6
1,1547706628064,-4.37,-4.1,9.49
1,1547706628065,-4.19,-3.71,9.39
1,1547706628067,-4.23,-3.71,9.47
1,1547706628067,-4.84,-5.07,9.86
1,1547706628068,-5.0,-5.82,10.07
1,1547706628068,-4.98,-5.97,10.23
1,1547706628068,-4.82,-5.7,10.27
1,1547706628068,-4.76,-4.31,10.25
1,1547706628141,-4.88,-3.82,10.21
1,1547706628142,-4.94,-3.55,10.29
1,1547706628142,-5.0,-3.41,10.33
1,1547706628142,-5.21,-3.61,10.56
1,1547706628142,-5.23,-4.08,10.82
1,1547706628143,-5.17,-4.64,11.11
1,1547706628143,-5.03,-5.15,11.36
1,1547706628214,-5.01,-5.42,11.73
1,1547706628214,-5.25,-5.17,11.93
1,1547706628215,-5.6,-4.66,12.2
1,1547706628232,-5.89,-4.04,12.42
1,1547706628233,-6.32,-3.67,12.96
1,1547706628233,-6.48,-3.92,13.43
1,1547706628233,-6.36,-4.16,13.82
1,1547706628233,-6.3,-4.49,14.0
1,1547706628290,-6.48,-5.01,14.19
1,1547706628291,-6.66,-5.01,14.16
1,1547706628291,-6.85,-4.8,14.23
1,1547706628291,-7.08,-4.27,14.12
1,1547706628292,-6.95,-3.57,13.96
1,1547706628292,-6.69,-3.8,14.06
1,1547706628293,-6.48,-4.41,14.21
1,1547706628364,-6.42,-5.13,14.45
1,1547706628365,-6.44,-5.93,14.49
1,1547706628365,-6.36,-5.89,14.19
1,1547706628365,-6.34,-5.89,13.86
1,1547706628365,-6.32,-5.56,13.78
1,1547706628384,-6.09,-4.16,14.0
1,1547706628385,-6.11,-3.49,14.08
1,1547706628385,-6.25,-3.0,14.06
1,1547706628440,-6.3,-2.96,13.88
1,1547706628441,-6.25,-4.39,13.53
1,1547706628441,-6.19,-5.23,13.43
1,1547706628441,-6.15,-5.64,13.49
1,1547706628442,-6.07,-5.39,13.41
1,1547706628442,-5.95,-4.27,13.16
1,1547706628442,-5.82,-4.17,13.16
1,1547706628514,-5.7,-4.33,12.98
1,1547706628515,-5.89,-4.6,12.67
1,1547706628515,-5.99,-5.11,12.22
1,1547706628515,-5.7,-5.09,12.05
1,1547706628516,-5.37,-5.0,11.75
1,1547706628536,-4.92,-4.72,11.11
1,1547706628536,-4.84,-4.43,10.99
1,1547706628536,-4.92,-4.04,10.76
1,1547706628589,-5.01,-3.84,10.5
1,1547706628590,-5.03,-4.02,9.96
1,1547706628590,-4.88,-4.45,9.66
1,1547706628591,-4.72,-4.88,9.41
1,1547706628591,-4.6,-5.09,9.29
1,1547706628592,-4.47,-5.17,9.19
1,1547706628592,-4.17,-4.9,8.92
1,1547706628663,-4.12,-4.55,8.78
1,1547706628664,-4.0,-4.31,8.49
1,1547706628664,-3.92,-4.37,8.08
1,1547706628665,-3.86,-4.49,7.79
1,1547706628665,-3.73,-4.76,7.46
1,1547706628688,-3.59,-5.05,7.14
1,1547706628688,-3.37,-5.52,6.79
1,1547706628688,-3.24,-5.42,6.54
1,1547706628739,-3.1,-5.23,6.5
1,1547706628739,-2.94,-5.05,6.4
1,1547706628740,-2.26,-4.92,6.11
1,1547706628753,-2.07,-4.98,5.82
1,1547706628753,-1.87,-5.07,5.37
1,1547706628753,-1.77,-5.11,4.92
1,1547706628754,-1.77,-5.27,4.23
1,1547706628817,-1.87,-5.52,4.16
1,1547706628818,-1.89,-5.68,4.1
1,1547706628818,-1.75,-5.85,3.92
1,1547706628818,-1.46,-5.54,3.82
1,1547706628819,-1.36,-5.15,3.75
1,1547706628819,-1.26,-4.88,3.53
1,1547706628819,-1.13,-4.92,3.28
1,1547706628819,-0.89,-5.87,2.81
1,1547706628891,-0.97,-6.48,2.5
1,1547706628891,-1.07,-6.95,2.3
1,1547706628892,-1.17,-7.14,2.24
1,1547706628892,-1.11,-6.77,2.32
1,1547706628892,-1.05,-6.62,2.38
1,1547706628892,-1.01,-6.77,2.38
1,1547706628893,-0.95,-7.08,2.46
1,1547706628965,-0.62,-7.55,2.32
1,1547706628966,-0.52,-7.51,2.18
1,1547706628990,-0.56,-7.44,1.87
1,1547706628991,-0.52,-7.48,1.64
1,1547706628991,-0.54,-7.94,1.32
1,1547706628991,-0.52,-8.16,1.25
1,1547706628992,-0.39,-8.33,1.21
1,1547706628992,-0.35,-8.3,1.23
1,1547706629040,-0.56,-8.04,1.07
1,1547706629056,-0.78,-7.96,1.09
1,1547706629057,-0.87,-8.06,1.19
1,1547706629057,-0.8,-8.22,1.23
1,1547706629057,-0.46,-8.63,1.25
1,1547706629057,-0.35,-8.86,1.21
1,1547706629057,-0.27,-9.04,1.11
1,1547706629116,-0.33,-9.25,1.03
1,1547706629117,-0.42,-9.39,0.76
1,1547706629117,-0.5,-9.55,0.46
1,1547706629117,-0.66,-9.8,0.35
1,1547706629118,-0.68,-9.98,0.39
1,1547706629144,-0.27,-9.8,0.56
1,1547706629145,0.0,-9.55,0.62
1,1547706629196,0.17,-9.41,0.6
1,1547706629197,0.23,-9.37,0.54
1,1547706629197,0.09,-9.6,0.19
1,1547706629197,0.07,-9.8,0.07
1,1547706629197,0.21,-10.15,-0.03
1,1547706629198,0.44,-10.7,-0.35
1,1547706629198,0.91,-12.01,-1.07
1,1547706629198,0.93,-12.69,-1.19
1,1547706629265,0.74,-13.22,-1.07
1,1547706629266,0.6,-13.45,-0.82
1,1547706629266,0.07,-13.1,0.13
1,1547706629266,-0.01,-12.79,0.37
1,1547706629275,0.05,-12.32,0.58
1,1547706629275,0.19,-11.75,0.7
1,1547706629275,0.46,-10.78,0.46
1,1547706629339,0.41,-10.68,0.33
1,1547706629341,0.27,-10.68,0.13
1,1547706629342,0.33,-10.7,-0.05
1,1547706629343,0.42,-10.66,-0.07
1,1547706629343,0.44,-10.54,0.07
1,1547706629343,0.37,-10.44,0.29
1,1547706629344,0.19,-10.54,0.33
1,1547706629344,0.17,-10.58,0.52
1,1547706629419,0.09,-10.35,0.74
1,1547706629420,0.0,-10.17,0.85
1,1547706629420,-0.03,-10.11,0.76
1,1547706629420,-0.21,-10.76,0.23
1,1547706629421,-0.19,-11.11,0.0
1,1547706629446,-0.13,-11.4,-0.07
1,1547706629447,-0.19,-11.56,0.05
1,1547706629566,-0.33,-11.46,0.52
1,1547706629567,-0.27,-11.05,1.01
1,1547706629567,-0.17,-10.48,1.21
1,1547706629567,-0.13,-9.9,1.23
1,1547706629567,-0.33,-9.14,1.28
1,1547706629643,-0.46,-8.92,1.28
1,1547706629646,-0.52,-8.75,1.25
1,1547706629647,-0.41,-8.75,1.17
1,1547706629649,-0.19,-8.47,0.46
1,1547706629650,-0.27,-8.39,1.23
1,1547706629651,-0.33,-8.28,1.25
1,1547706629652,-0.35,-8.28,1.28
1,1547706629653,-0.39,-8.22,1.21
1,1547706629719,-0.48,-7.92,1.07
1,1547706629720,-0.93,-6.03,1.11
1,1547706629720,-0.91,-5.83,1.23
1,1547706629721,-0.72,-5.54,1.95
1,1547706629721,-0.46,-5.31,2.38
1,1547706629721,-0.31,-4.94,2.69
1,1547706629722,-0.41,-4.6,2.79
1,1547706629723,-0.97,-4.49,3.08
1,1547706629791,-1.01,-4.84,3.3
1,1547706629813,-0.97,-5.01,3.55
1,1547706629814,-0.91,-4.88,3.75
1,1547706629814,-0.99,-4.35,4.55
1,1547706629814,-1.05,-4.14,4.96
1,1547706629814,-1.11,-3.94,5.23
1,1547706629815,-1.19,-3.57,5.42
1,1547706629815,-1.69,-3.14,5.72
1,1547706629868,-1.93,-3.04,6.07
1,1547706629881,-2.01,-2.91,6.44
1,1547706629881,-1.89,-2.85,6.71
1,1547706629882,-1.73,-2.81,7.07
1,1547706629882,-1.79,-2.69,7.18
1,1547706629882,-1.91,-2.51,7.28
1,1547706629882,-2.12,-2.34,7.53
1,1547706629882,-2.51,-2.22,8.3
1,1547706629940,-2.65,-2.07,8.73
1,1547706629965,-2.75,-1.97,9.1
1,1547706629965,-2.85,-2.05,9.35
1,1547706629965,-2.96,-3.08,10.25
1,1547706629965,-2.85,-3.1,10.31
1,1547706629966,-2.75,-2.79,10.25
1,1547706629966,-2.63,-2.28,10.03
1,1547706629966,-3.06,-1.46,10.29
1,1547706630016,-3.55,-1.44,10.46
1,1547706630031,-4.1,-1.54,10.64
1,1547706630031,-4.41,-1.6,11.11
1,1547706630031,-4.0,-1.17,11.54
1,1547706630032,-3.71,-1.05,11.48
1,1547706630032,-3.71,-0.99,11.5
1,1547706630032,-4.0,-1.11,11.58
1,1547706630092,-4.88,-1.48,11.95
1,1547706630093,-4.88,-1.3,12.12
1,1547706630093,-4.62,-1.11,12.08
1,1547706630093,-4.49,-1.09,12.1
1,1547706630093,-4.37,-1.15,12.08
1,1547706630094,-4.29,-1.07,12.12
1,1547706630094,-4.29,-0.54,12.08
1,1547706630094,-4.31,0.33,11.95
1,1547706630168,-4.49,1.28,11.95
1,1547706630169,-4.78,1.15,12.4
1,1547706630170,-5.01,0.68,12.77
1,1547706630171,-5.05,-0.03,13.18
1,1547706630172,-5.48,-1.11,13.71
1,1547706630172,-5.76,-1.13,13.98
1,1547706630173,-5.97,-0.93,14.41
1,1547706630241,-6.01,0.11,14.37
1,1547706630243,-6.32,1.54,14.82
1,1547706630244,-6.36,1.38,15.29
1,1547706630245,-6.38,1.07,15.58
1,1547706630246,-6.46,0.64,15.8
1,1547706630247,-6.69,0.62,15.95
1,1547706630248,-6.91,1.28,15.83
1,1547706630249,-7.07,2.05,15.64
1,1547706630398,-7.12,2.44,15.42
1,1547706630398,-7.05,1.34,15.27
1,1547706630399,-6.87,0.58,15.54
1,1547706630399,-6.58,0.05,16.01
1,1547706630400,-6.42,0.15,16.34
1,1547706630476,-6.73,0.97,16.28
1,1547706630477,-7.05,1.13,16.19
1,1547706630477,-7.08,1.07,15.99
1,1547706630477,-6.99,1.03,15.87
1,1547706630496,-6.69,1.89,15.78
1,1547706630497,-6.67,2.18,15.42
1,1547706630497,-6.56,1.34,15.25
1,1547706630497,-6.38,0.66,15.17
1,1547706630541,-6.19,0.35,14.66
1,1547706630552,-5.72,0.72,13.57
1,1547706630552,-5.66,0.48,13.35
1,1547706630552,-5.62,0.35,13.16
1,1547706630553,-5.39,0.23,12.75
1,1547706630553,-5.23,0.52,12.63
1,1547706630553,-5.07,1.07,12.4
1,1547706630553,-4.96,1.56,12.16
1,1547706630616,-4.76,1.46,11.75
1,1547706630638,-4.64,0.85,11.5
1,1547706630639,-4.57,0.19,11.23
1,1547706630640,-4.53,-0.39,11.01
1,1547706630640,-4.27,-0.82,10.27
1,1547706630641,-4.1,-1.01,9.68
1,1547706630642,-4.0,-1.13,9.35
1,1547706630642,-3.92,-1.11,9.23
1,1547706630691,-3.26,-0.54,9.02
1,1547706630691,-2.85,-0.35,8.73
1,1547706630692,-2.61,-0.72,8.39
1,1547706630692,-2.57,-1.25,8.2
1,1547706630693,-2.4,-2.69,8.04
1,1547706630693,-2.22,-3.0,7.89
1,1547706630694,-2.14,-3.04,7.65
1,1547706630694,-2.14,-2.85,7.34
1,1547706630768,-2.42,-1.89,6.71
1,1547706630788,-2.46,-1.3,6.36
1,1547706630788,-2.44,-1.07,6.03
1,1547706630789,-2.32,-0.95,5.74
1,1547706630789,-1.93,-1.23,5.27
1,1547706630789,-1.66,-1.66,5.01
1,1547706630789,-1.44,-2.22,4.74
1,1547706630842,-1.4,-2.77,4.47
1,1547706630843,-1.58,-3.49,4.17
1,1547706630844,-1.6,-3.69,4.04
1,1547706630846,-1.64,-3.73,4.0
1,1547706630846,-1.75,-3.69,4.0
1,1547706630847,-1.75,-3.59,3.96
1,1547706630847,-1.62,-3.65,4.04
1,1547706630847,-1.46,-3.73,4.02
1,1547706630914,-1.21,-3.92,3.98
1,1547706630914,-0.8,-4.37,3.76
1,1547706630914,-0.7,-4.62,3.63
1,1547706630915,-0.66,-4.92,3.24
1,1547706630915,-0.76,-5.11,2.81
1,1547706630919,-0.72,-5.35,1.95
1,1547706630919,-0.68,-5.58,1.66
1,1547706630989,-0.64,-5.91,1.42
1,1547706630990,-0.68,-6.28,1.5
1,1547706630990,-0.72,-7.4,1.64
1,1547706630990,-0.74,-7.79,1.77
1,1547706630991,-0.5,-7.89,1.79
1,1547706630992,-0.23,-7.92,1.71
1,1547706630992,0.01,-7.83,1.4
1,1547706631064,-0.05,-7.81,1.36
1,1547706631065,-0.21,-7.85,1.3
1,1547706631065,-0.42,-8.04,1.34
1,1547706631070,-0.7,-8.2,1.69
1,1547706631070,-0.6,-8.08,1.81
1,1547706631071,-0.39,-7.98,1.83
1,1547706631071,-0.17,-7.91,1.93
1,1547706631071,0.15,-8.12,2.1
1,1547706631144,0.21,-8.33,2.08
1,1547706631145,0.31,-8.76,1.99
1,1547706631146,0.29,-9.02,1.85
1,1547706631146,0.27,-9.55,1.66
1,1547706631147,0.23,-9.82,1.6
1,1547706631148,0.23,-10.15,1.58
1,1547706631148,0.25,-10.6,1.71
1,1547706631220,0.52,-11.17,1.77
1,1547706631221,0.6,-11.21,1.66
1,1547706631223,0.52,-11.23,1.48
1,1547706631224,0.21,-11.28,1.4
1,1547706631224,-0.58,-11.73,1.26
1,1547706631225,-0.82,-12.05,1.23
1,1547706631226,-0.78,-12.22,1.23
1,1547706631227,-0.6,-12.3,1.25
1,1547706631294,-0.21,-12.18,1.54
1,1547706631296,-0.23,-12.24,1.73
1,1547706631297,-0.23,-12.57,1.85
1,1547706631298,-0.21,-12.96,2.05
1,1547706631298,-0.29,-13.84,2.28
1,1547706631299,-0.39,-13.86,2.07
1,1547706631300,-0.37,-13.32,1.69
1,1547706631301,-0.23,-12.38,1.23
1,1547706631368,-0.01,-11.09,0.44
1,1547706631374,0.0,-10.97,0.29
1,1547706631375,-0.03,-11.17,0.23
1,1547706631375,-0.13,-11.46,0.03
1,1547706631376,0.0,-11.3,-0.21
1,1547706631376,0.09,-10.76,-0.33
1,1547706631376,0.19,-10.23,-0.41
1,1547706631442,0.27,-10.03,-0.39
1,1547706631443,0.54,-10.42,0.07
1,1547706631443,0.62,-10.7,0.35
1,1547706631462,0.62,-10.85,0.62
1,1547706631464,0.64,-10.25,1.19
1,1547706631464,0.72,-9.68,1.23
1,1547706631465,0.76,-9.25,1.28
1,1547706631517,0.7,-9.19,1.32
1,1547706631517,0.64,-9.33,1.36
1,1547706631518,0.48,-10.11,1.44
1,1547706631526,0.23,-10.27,1.5
1,1547706631526,0.11,-10.13,1.44
1,1547706631527,0.13,-9.78,1.36
1,1547706631527,0.35,-8.9,1.34
1,1547706631527,0.37,-8.59,1.4
1,1547706631595,0.35,-8.41,1.52
1,1547706631596,0.35,-8.3,1.87
1,1547706631597,0.37,-8.22,2.07
1,1547706631611,0.31,-8.08,2.22
1,1547706631611,0.19,-7.89,2.28
1,1547706631612,-0.19,-7.44,2.24
1,1547706631612,-0.19,-7.26,2.26
1,1547706631668,-0.11,-7.01,2.24
1,1547706631669,-0.09,-6.73,2.26
1,1547706631669,-0.05,-6.15,2.36
1,1547706631670,0.0,-5.83,2.46
1,1547706631670,0.07,-5.56,2.55
1,1547706631671,0.13,-5.21,2.55
1,1547706631671,0.01,-4.35,2.71
1,1547706631672,-0.11,-4.0,2.71
1,1547706631742,-0.21,-3.71,2.85
1,1547706631744,-0.31,-3.57,2.96
1,1547706631745,-0.31,-3.16,3.51
1,1547706631746,-0.25,-2.85,3.71
1,1547706631747,-0.17,-2.71,3.82
1,1547706631748,-0.29,-2.55,4.04
1,1547706631748,-1.07,-2.14,4.58
1,1547706631821,-1.56,-1.95,4.84
1,1547706631822,-1.93,-1.77,5.01
1,1547706631823,-2.16,-1.6,5.21
1,1547706631823,-2.32,-1.48,5.7
1,1547706631824,-2.26,-1.54,5.97
1,1547706631824,-2.12,-1.6,6.38
1,1547706631825,-2.03,-1.64,6.81
1,1547706631825,-1.99,-1.77,7.38
1,1547706631893,-2.03,-1.71,7.85
1,1547706631895,-1.93,-1.54,7.94
1,1547706631895,-1.99,-1.54,8.08
1,1547706631896,-2.59,-1.56,8.43
1,1547706631897,-2.87,-1.67,8.45
1,1547706631898,-3.02,-1.83,8.39
1,1547706631898,-3.0,-1.93,8.16
1,1547706631971,-2.83,-1.66,7.87
1,1547706631972,-2.94,-1.34,7.89
1,1547706631974,-3.1,-1.23,8.26
1,1547706631974,-3.35,-1.25,8.75
1,1547706631975,-3.76,-1.09,10.25
1,1547706631976,-3.94,-0.85,10.99
1,1547706631977,-4.27,-0.5,11.73
1,1547706631978,-4.78,-0.21,12.24
1,1547706632041,-5.58,-0.68,12.55
1,1547706632042,-5.76,-1.32,12.36
1,1547706632042,-5.68,-1.99,12.16
1,1547706632043,-5.46,-2.08,12.12
1,1547706632043,-4.84,-1.05,11.95
1,1547706632043,-4.68,-0.48,11.89
1,1547706632043,-4.74,-0.09,11.95
1,1547706632118,-4.84,0.11,12.07
1,1547706632119,-5.35,-1.05,12.69
1,1547706632119,-5.76,-1.79,13.39
1,1547706632120,-5.87,-2.48,13.61
1,1547706632121,-5.68,-2.48,13.45
1,1547706632121,-5.87,-1.32,13.06
1,1547706632122,-6.15,-0.52,13.1
1,1547706632123,-6.32,0.42,13.12
1,1547706632193,-6.38,0.66,13.28
1,1547706632194,-6.42,-0.42,13.88
1,1547706632195,-6.42,-1.03,14.25
1,1547706632196,-6.67,-1.3,14.6
1,1547706632196,-7.05,-1.38,14.98
1,1547706632197,-7.51,-0.95,15.87
1,1547706632197,-7.51,-0.46,16.23
1,1547706632275,-7.79,-0.03,16.36
1,1547706632275,-8.04,0.29,16.95
1,1547706632295,-8.16,0.74,17.42
1,1547706632296,-8.06,0.44,17.53
1,1547706632296,-7.81,-0.11,17.44
1,1547706632297,-7.67,-0.76,17.28
1,1547706632297,-7.96,-1.11,17.4
1,1547706632297,-8.3,-1.05,17.51
1,1547706632341,-8.41,0.03,17.36
1,1547706632341,-8.14,0.48,17.16
1,1547706632342,-7.65,0.07,17.14
1,1547706632342,-7.5,-0.15,17.12
1,1547706632350,-7.59,0.05,17.16
1,1547706632353,-7.75,0.58,17.03
1,1547706632354,-8.12,1.19,16.67
1,1547706632416,-8.16,1.05,16.36
1,1547706632419,-8.0,0.76,16.15
1,1547706632421,-7.77,0.35,15.74
1,1547706632421,-7.07,-0.64,15.01
1,1547706632422,-6.71,-0.87,14.78
1,1547706632423,-6.4,-0.8,14.45
1,1547706632423,-6.19,-0.6,14.1
1,1547706632424,-6.32,-0.46,13.33
1,1547706632494,-6.6,-0.64,12.98
1,1547706632495,-6.77,-0.89,12.69
1,1547706632496,-6.69,-0.97,12.44
1,1547706632498,-6.13,-1.01,11.75
1,1547706632499,-5.97,-1.07,11.48
1,1547706632499,-5.87,-1.07,11.23
1,1547706632500,-5.66,-1.07,10.91
1,1547706632577,-5.07,-1.13,10.27
1,1547706632578,-4.74,-1.23,9.98
1,1547706632580,-4.53,-1.52,9.7
1,1547706632581,-4.39,-1.79,9.51
1,1547706632582,-4.17,-2.53,9.02
1,1547706632583,-4.17,-2.83,8.92
1,1547706632585,-4.14,-2.92,8.82
1,1547706632586,-4.04,-2.94,8.53
1,1547706632643,-3.57,-2.98,7.81
1,1547706632643,-3.43,-3.26,7.44
1,1547706632644,-3.41,-3.61,7.1
1,1547706632644,-3.45,-3.82,6.93
1,1547706632644,-3.12,-3.73,6.69
1,1547706632645,-2.83,-3.61,6.69
1,1547706632645,-2.71,-3.45,6.6
1,1547706632716,-2.69,-3.43,6.42
1,1547706632718,-2.71,-3.78,5.82
1,1547706632719,-2.67,-4.04,5.48
1,1547706632719,-2.63,-4.17,5.0
1,1547706632720,-2.57,-4.16,4.72
1,1547706632721,-2.2,-3.78,4.27
1,1547706632722,-1.95,-3.73,4.06
1,1547706632722,-1.73,-3.75,3.9
1,1547706632794,-1.54,-3.9,3.8
1,1547706632795,-1.26,-4.45,3.47
1,1547706632795,-1.28,-4.72,3.33
1,1547706632795,-1.36,-4.82,3.18
1,1547706632796,-1.34,-4.72,3.04
1,1547706632796,-1.03,-4.49,2.59
1,1547706632796,-0.93,-4.68,2.4
1,1547706632870,-0.8,-5.09,2.26
1,1547706632871,-0.72,-5.52,2.01
1,1547706632871,-0.56,-6.34,1.48
1,1547706632872,-0.56,-6.62,1.21
1,1547706632872,-0.52,-6.71,1.21
1,1547706632872,-0.46,-6.73,1.15
1,1547706632872,-0.21,-6.25,1.05
1,1547706632873,-0.03,-5.91,0.91
1,1547706632942,0.21,-5.76,0.8
1,1547706632942,0.39,-5.78,0.7
1,1547706632959,0.42,-6.5,0.68
1,1547706632961,0.35,-6.93,0.66
1,1547706632962,0.29,-7.38,0.64
1,1547706632962,0.21,-7.71,0.58
1,1547706632963,0.17,-8.12,0.5
1,1547706633016,0.21,-8.37,0.52
1,1547706633017,0.25,-8.73,0.54
1,1547706633018,0.31,-9.04,0.58
1,1547706633018,0.5,-9.45,0.62
1,1547706633018,0.56,-9.53,0.68
1,1547706633019,0.52,-9.49,0.74
1,1547706633019,0.5,-9.35,0.91
1,1547706633093,0.42,-9.35,1.19
1,1547706633107,0.52,-9.49,1.23
1,1547706633108,0.62,-9.76,1.21
1,1547706633108,0.62,-10.11,1.25
1,1547706633108,0.6,-10.76,1.23
1,1547706633108,0.62,-10.99,1.21
1,1547706633108,0.64,-11.19,1.13
1,1547706633165,0.62,-11.36,0.93
1,1547706633174,0.5,-11.6,0.6
1,1547706633174,0.29,-11.66,0.54
1,1547706633174,0.19,-11.67,0.44
1,1547706633175,0.27,-11.85,0.37
1,1547706633175,0.54,-12.46,0.48
1,1547706633175,0.52,-12.81,0.54
1,1547706633175,0.25,-13.04,0.56
1,1547706633243,-0.15,-13.1,0.52
1,1547706633244,-0.85,-12.81,0.46
1,1547706633245,-1.03,-12.57,0.39
1,1547706633246,-1.05,-12.14,0.21
1,1547706633246,-0.99,-11.52,0.07
1,1547706633247,-1.01,-10.52,-0.13
1,1547706633248,-0.87,-10.31,-0.07
1,1547706633249,-0.66,-10.25,0.07
1,1547706633322,-0.39,-10.27,0.25
1,1547706633323,0.09,-10.25,0.41
1,1547706633324,0.27,-10.09,0.54
1,1547706633324,0.35,-9.94,0.72
1,1547706633325,0.35,-9.86,0.8
1,1547706633325,0.64,-9.9,1.11
1,1547706633326,0.62,-9.9,1.23
1,1547706633391,0.64,-9.76,1.44
1,1547706633393,0.58,-9.53,1.69
1,1547706633395,0.13,-9.06,2.01
1,1547706633396,0.01,-8.96,1.99
1,1547706633397,-0.03,-8.84,1.99
1,1547706633398,-0.03,-8.75,1.85
1,1547706633398,-0.09,-8.57,1.64
1,1547706633398,-0.17,-8.39,1.46
1,1547706633465,-0.25,-8.12,1.36
1,1547706633466,-0.35,-7.91,1.26
1,1547706633486,-0.42,-7.63,1.26
1,1547706633487,-0.54,-7.65,1.44
1,1547706633488,-0.78,-7.67,1.54
1,1547706633488,-1.09,-7.63,1.64
1,1547706633488,-1.87,-6.6,1.73
1,1547706633542,-2.01,-6.09,1.85
1,1547706633543,-2.1,-5.54,2.03
1,1547706633559,-2.03,-5.0,2.2
1,1547706633559,-1.38,-4.06,3.04
1,1547706633559,-1.05,-4.06,3.47
1,1547706633559,-0.89,-4.31,3.84
1,1547706633560,-0.82,-4.43,4.0
1,1547706633560,-1.05,-3.86,3.9
1,1547706633617,-1.26,-3.24,3.92
1,1547706633618,-1.48,-2.57,4.1
1,1547706633618,-1.71,-2.07,4.58
1,1547706633618,-1.89,-1.58,5.8
1,1547706633619,-1.5,-1.56,6.25
1,1547706633619,-0.99,-1.77,6.52
1,1547706633619,-0.72,-2.03,6.71
1,1547706633693,-1.19,-2.57,6.93
1,1547706633693,-1.58,-2.44,6.97
1,1547706633694,-1.79,-1.99,6.97
1,1547706633711,-1.87,-1.5,6.83
1,1547706633712,-2.05,-1.15,6.56
1,1547706633712,-2.18,-1.3,6.5
1,1547706633712,-2.5,-1.5,6.54
1,1547706633712,-2.81,-1.5,6.64
1,1547706633767,-3.08,-1.09,7.01
1,1547706633768,-2.87,-0.97,7.32
1,1547706633769,-2.51,-0.91,7.69
1,1547706633770,-2.16,-0.97,8.18
1,1547706633771,-1.71,-1.05,8.63
1,1547706633772,-1.91,-1.07,8.65
1,1547706633772,-2.42,-0.91,8.71
1,1547706633841,-3.04,-0.64,8.71
1,1547706633864,-3.45,-0.17,9.0
1,1547706633865,-3.39,-0.05,9.47
1,1547706633865,-3.22,-0.07,9.92
1,1547706633865,-2.92,-0.07,10.85
1,1547706633865,-3.0,-0.03,10.95
1,1547706633866,-3.24,0.05,10.93
1,1547706633866,-3.75,0.17,10.93
1,1547706633916,-4.9,0.48,10.93
1,1547706633916,-5.17,0.72,11.03
1,1547706633917,-5.05,0.95,11.17
1,1547706633917,-4.74,0.93,11.23
1,1547706633917,-4.55,0.7,11.5
1,1547706633917,-4.78,-0.03,12.16
1,1547706633918,-4.98,0.01,12.5
1,1547706633993,-5.23,0.39,12.83
1,1547706634016,-5.37,0.87,13.18
1,1547706634016,-5.27,1.58,13.94
1,1547706634017,-5.21,1.62,14.14
1,1547706634017,-5.31,1.52,14.33
1,1547706634017,-5.97,1.44,14.53
1,1547706634018,-6.34,1.67,14.6
1,1547706634018,-6.77,2.05,14.84
1,1547706634088,-7.14,2.42,15.09
1,1547706634088,-7.26,3.8,15.97
1,1547706634088,-6.81,4.51,16.23
1,1547706634089,-6.52,4.64,16.46
1,1547706634089,-6.62,4.23,16.58
1,1547706634089,-7.1,2.75,16.85
1,1547706634089,-7.05,2.05,16.95
1,1547706634142,-6.99,1.73,16.95
1,1547706634143,-6.95,1.85,16.79
1,1547706634144,-6.99,2.2,16.46
1,1547706634165,-7.32,3.14,15.8
1,1547706634165,-7.5,3.59,15.6
1,1547706634166,-7.67,4.04,15.82
1,1547706634166,-7.73,4.64,16.19
1,1547706634166,-7.65,4.74,16.34
1,1547706634219,-7.5,4.82,16.36
1,1547706634219,-7.36,4.92,16.26
1,1547706634220,-7.32,4.53,15.76
1,1547706634221,-7.38,3.98,15.6
1,1547706634232,-7.44,3.35,15.5
1,1547706634233,-7.42,2.91,15.46
1,1547706634233,-7.34,2.67,15.48
1,1547706634290,-7.18,2.81,15.54
1,1547706634291,-7.01,3.0,15.56
1,1547706634302,-6.89,3.22,15.5
1,1547706634302,-6.85,3.33,15.15
1,1547706634303,-6.97,3.12,14.84
1,1547706634303,-7.08,2.71,14.51
1,1547706634303,-7.22,2.36,14.33
1,1547706634303,-6.89,2.03,13.98
1,1547706634364,-6.64,2.05,13.78
1,1547706634365,-6.42,2.18,13.63
1,1547706634366,-6.23,2.22,13.37
1,1547706634366,-6.07,2.08,13.08
1,1547706634367,-5.99,1.93,12.89
1,1547706634367,-5.95,1.81,12.59
1,1547706634387,-5.93,1.73,12.22
1,1547706634442,-5.58,1.62,11.4
1,1547706634443,-5.39,1.46,10.99
1,1547706634449,-5.25,1.34,10.62
1,1547706634450,-5.09,1.26,10.25
1,1547706634450,-4.74,1.19,9.6
1,1547706634450,-4.62,1.01,9.33
1,1547706634450,-4.49,0.74,8.98
1,1547706634451,-4.31,0.39,8.71
1,1547706634518,-3.88,-0.23,8.26
1,1547706634519,-3.63,-0.48,8.0
1,1547706634520,-3.39,-0.68,7.71
1,1547706634520,-3.28,-0.89,7.32
1,1547706634521,-3.18,-1.09,6.75
1,1547706634521,-3.04,-1.11,6.5
1,1547706634521,-2.89,-1.09,6.28
1,1547706634592,-2.79,-1.09,6.15
1,1547706634671,-2.73,-1.28,5.95
1,1547706634673,-2.53,-1.6,5.93
1,1547706634673,-2.34,-1.99,5.85
1,1547706634674,-2.14,-2.38,5.72
1,1547706634675,-1.97,-2.89,5.44
1,1547706634676,-1.87,-3.06,5.23
1,1547706634676,-1.83,-3.32,4.94
1,1547706634677,-1.79,-3.61,4.8
1,1547706634757,-1.93,-3.88,4.47
1,1547706634758,-0.97,-4.02,2.96
1,1547706634758,-0.82,-4.14,2.53
1,1547706634759,-0.87,-4.39,1.99
1,1547706634759,-0.87,-4.66,1.64
1,1547706634760,-0.89,-4.92,1.46
1,1547706634760,-0.99,-5.11,1.28
1,1547706634761,-0.95,-5.37,1.23
1,1547706634817,-0.74,-5.56,1.26
1,1547706634837,-0.5,-5.83,1.26
1,1547706634837,-0.19,-6.17,1.28
1,1547706634838,0.27,-6.6,1.38
1,1547706634838,0.39,-6.62,1.4
1,1547706634839,0.44,-6.62,1.36
1,1547706634839,0.35,-6.56,1.26
1,1547706634839,-0.05,-6.89,1.21
1,1547706634890,-0.41,-7.36,1.15
1,1547706634904,-0.72,-7.81,1.05
1,1547706634905,-0.8,-8.2,0.87
1,1547706634906,-0.91,-8.76,0.6
1,1547706634906,-1.03,-8.96,0.42
1,1547706634907,-1.21,-9.23,0.31
1,1547706634907,-1.4,-9.47,0.31
1,1547706634976,-1.6,-10.13,0.37
1,1547706634976,-1.62,-10.48,0.46
1,1547706634977,-1.6,-10.78,0.42
1,1547706634977,-1.64,-10.99,0.46
1,1547706634977,-1.46,-11.48,0.56
1,1547706634977,-1.26,-11.77,0.68
1,1547706634977,-1.09,-12.18,0.89
1,1547706634978,-1.15,-12.57,1.03
1,1547706635042,-1.73,-12.94,1.19
1,1547706635043,-2.08,-12.89,1.23
1,1547706635044,-2.34,-12.75,1.21
1,1547706635045,-2.38,-12.61,1.28
1,1547706635046,-2.16,-12.51,1.46
1,1547706635046,-2.2,-12.34,1.54
1,1547706635047,-2.18,-12.1,1.52
1,1547706635121,-2.14,-11.75,1.36
1,1547706635123,-1.89,-11.01,1.25
1,1547706635125,-1.71,-10.97,1.21
1,1547706635126,-1.6,-11.21,1.17
1,1547706635127,-1.5,-11.48,1.03
1,1547706635129,-1.34,-11.46,0.66
1,1547706635130,-1.25,-11.23,0.48
1,1547706635131,-1.03,-11.05,0.39
1,1547706635198,-0.76,-10.91,0.35
1,1547706635199,-0.21,-10.89,0.46
1,1547706635200,-0.17,-10.95,0.41
1,1547706635201,-0.19,-10.97,0.52
1,1547706635201,-0.27,-10.87,0.64
1,1547706635202,-0.37,-10.54,0.72
1,1547706635203,-0.23,-10.27,0.78
1,1547706635277,0.0,-10.0,0.91
1,1547706635279,0.23,-9.7,1.01
1,1547706635279,0.03,-9.64,1.09
1,1547706635280,-0.29,-9.66,1.15
1,1547706635281,-0.64,-9.86,1.17
1,1547706635282,-1.07,-10.01,1.21
1,1547706635282,-1.38,-9.51,1.32
1,1547706635283,-1.48,-8.96,1.23
1,1547706635347,-1.66,-8.63,1.19
1,1547706635348,-1.83,-8.51,1.21
1,1547706635349,-1.77,-8.92,1.23
1,1547706635349,-1.44,-9.14,1.23
1,1547706635350,-1.15,-9.35,1.23
1,1547706635351,-0.87,-9.45,1.23
1,1547706635351,-0.82,-9.33,1.54
1,1547706635419,-0.83,-9.02,1.71
1,1547706635420,-0.83,-8.61,1.93
1,1547706635422,-0.89,-8.1,2.2
1,1547706635423,-0.99,-7.3,2.81
1,1547706635424,-0.93,-6.97,3.28
1,1547706635425,-0.82,-6.5,3.57
1,1547706635426,-0.6,-6.03,3.65
1,1547706635427,-0.31,-5.41,3.55
1,1547706635494,-0.37,-5.17,3.43
1,1547706635497,-0.44,-4.96,3.43
1,1547706635530,-0.54,-4.78,3.3
1,1547706635531,-0.72,-4.37,3.12
1,1547706635532,-0.6,-3.94,3.06
1,1547706635533,-0.39,-3.57,2.98
1,1547706635534,-0.19,-3.3,2.96
1,1547706635602,-0.6,-2.94,3.12
1,1547706635605,-1.03,-2.83,3.16
1,1547706635606,-1.32,-2.61,3.16
1,1547706635607,-1.4,-2.4,3.04
1,1547706635607,-1.42,-2.3,2.89
1,1547706635607,-1.62,-2.44,3.04
1,1547706635608,-1.99,-2.61,3.04
1,1547706635608,-2.36,-2.59,3.28
1,1547706635640,-2.53,-1.42,4.14
1,1547706635660,-2.34,-0.8,4.88
1,1547706635661,-2.2,-0.05,5.58
1,1547706635662,-2.03,0.42,6.56
1,1547706635663,-2.08,0.29,8.51
1,1547706635664,-2.2,-0.03,9.23
1,1547706635665,-2.2,-0.42,9.53
1,1547706635721,-2.18,-0.91,9.37
1,1547706635722,-2.48,-1.46,8.3
1,1547706635723,-2.94,-1.64,7.91
1,1547706635724,-3.41,-1.5,7.89
1,1547706635725,-3.82,-1.26,8.1
1,1547706635794,-4.19,-0.68,9.02
1,1547706635811,-4.19,-0.17,9.35
1,1547706635812,-4.17,0.25,9.58
1,1547706635813,-4.35,0.6,9.94
1,1547706635813,-5.13,1.19,10.62
1,1547706635814,-5.58,1.13,10.82
1,1547706635814,-5.89,0.91,10.87
1,1547706635815,-6.13,0.52,10.91
1,1547706635879,-6.48,0.39,10.74
1,1547706635942,-6.46,1.5,10.68
1,1547706635943,-6.48,1.97,10.83
1,1547706635944,-6.56,2.28,11.87
1,1547706635946,-6.5,2.18,12.22
1,1547706635948,-6.58,2.07,12.46
1,1547706635949,-6.66,2.05,12.51
1,1547706635950,-6.91,2.2,12.42
1,1547706635951,-6.99,2.14,12.42
1,1547706636017,-6.95,2.01,12.51
1,1547706636018,-7.96,2.77,13.94
1,1547706636018,-7.89,2.96,14.06
1,1547706636019,-7.65,3.33,14.1
1,1547706636019,-7.34,3.57,14.47
1,1547706636020,-7.46,3.0,14.84
1,1547706636020,-7.87,2.01,15.25
1,1547706636021,-8.33,1.26,15.56
1,1547706636181,-8.35,2.01,16.07
1,1547706636183,-7.87,2.87,16.23
1,1547706636184,-7.5,3.43,16.44
1,1547706636185,-7.28,3.73,16.42
1,1547706636186,-7.48,3.73,16.09
1,1547706636239,-7.65,3.8,15.8
1,1547706636240,-7.65,4.0,15.54
1,1547706636241,-7.5,4.04,15.31
1,1547706636241,-7.24,3.88,14.98
1,1547706636242,-6.79,3.92,16.28
1,1547706636242,-6.77,2.98,15.44
1,1547706636243,-7.01,2.44,14.94
1,1547706636243,-7.28,2.05,14.6
1,1547706636320,-7.5,1.93,14.37
1,1547706636323,-6.83,3.28,14.33
1,1547706636324,-6.5,2.48,13.8
1,1547706636325,-6.4,2.26,13.53
1,1547706636326,-6.3,2.08,13.2
1,1547706636327,-6.17,1.95,12.71
1,1547706636328,-6.07,1.69,11.67
1,1547706636328,-6.09,1.6,11.13
1,1547706636394,-6.11,1.56,10.85
1,1547706636396,-5.54,1.38,10.48
1,1547706636397,-5.09,1.19,10.27
1,1547706636397,-4.72,0.93,9.92
1,1547706636398,-4.43,0.7,9.57
1,1547706636398,-4.02,0.39,8.8
1,1547706636399,-3.82,0.37,8.35
1,1547706636399,-3.73,0.35,7.91
1,1547706636469,-3.63,0.17,7.55
1,1547706636471,-3.57,-0.37,6.97
1,1547706636472,-3.53,-0.56,6.77
1,1547706636473,-3.51,-0.78,6.56
1,1547706636474,-3.55,-0.89,6.38
1,1547706636475,-3.67,-1.07,6.13
1,1547706636476,-3.47,-1.11,6.17
1,1547706636544,-3.12,-1.17,6.17
1,1547706636548,-2.83,-1.42,6.11
1,1547706636549,-2.61,-1.79,6.01
1,1547706636549,-2.38,-2.5,5.78
1,1547706636550,-2.36,-2.73,5.56
1,1547706636550,-2.32,-2.79,5.41
1,1547706636550,-2.36,-2.79,5.03
1,1547706636551,-2.36,-2.87,4.8
1,1547706636617,-2.42,-3.0,4.74
1,1547706636619,-2.46,-3.06,4.7
1,1547706636619,-2.44,-3.06,4.68
1,1547706636619,-2.16,-3.12,4.62
1,1547706636620,-2.03,-3.3,4.55
1,1547706636620,-1.83,-3.45,4.49
1,1547706636636,-1.6,-3.86,4.23
1,1547706636694,-1.52,-4.1,3.98
1,1547706636694,-1.52,-4.37,3.78
1,1547706636695,-1.58,-4.58,3.59
1,1547706636695,-1.79,-4.51,3.2
1,1547706636695,-1.95,-4.37,3.08
1,1547706636695,-1.99,-4.33,2.94
1,1547706636696,-1.93,-4.39,2.92
1,1547706636696,-1.52,-5.11,2.92
1,1547706636767,-1.3,-5.62,2.96
1,1547706636767,-1.19,-6.07,2.96
1,1547706636768,-1.09,-6.44,2.85
1,1547706636792,-0.93,-6.91,2.69
1,1547706636794,-0.89,-7.08,2.59
1,1547706636795,-0.93,-7.26,2.67
1,1547706636795,-0.93,-7.5,2.61
1,1547706636843,-0.89,-7.94,2.61
1,1547706636845,-0.91,-8.1,2.5
1,1547706636859,-0.87,-8.26,2.57
1,1547706636859,-0.99,-8.39,2.48
1,1547706636860,-1.11,-8.47,2.36
1,1547706636860,-1.07,-8.35,2.34
1,1547706636860,-0.97,-8.24,2.28
1,1547706636861,-0.83,-8.16,2.2
1,1547706636917,-0.68,-8.3,2.26
1,1547706636918,-0.6,-8.59,2.22
1,1547706636918,-0.52,-8.92,2.2
1,1547706636936,-0.41,-9.19,2.26
1,1547706636936,-0.37,-9.64,2.01
1,1547706636937,-0.46,-9.82,1.89
1,1547706636937,-0.76,-9.94,1.91
1,1547706636992,-0.87,-10.0,1.93
1,1547706636993,-0.6,-10.23,1.85
1,1547706637003,-0.39,-10.48,1.75
1,1547706637003,-0.31,-10.8,1.56
1,1547706637003,-0.5,-11.11,1.38
1,1547706637004,-1.13,-11.4,1.19
1,1547706637004,-1.34,-11.11,0.87
1,1547706637004,-1.28,-11.03,0.78
1,1547706637066,-1.07,-11.09,0.7
1,1547706637142,-0.56,-11.62,0.8
1,1547706637143,-0.5,-12.01,0.76
1,1547706637143,-0.68,-12.34,0.66
1,1547706637144,-0.99,-12.53,0.56
1,1547706637144,-1.67,-11.97,0.52
1,1547706637144,-1.81,-11.52,0.54
1,1547706637144,-1.77,-11.15,0.46
1,1547706637145,-1.6,-10.99,0.54
1,1547706637218,-1.11,-11.07,0.89
1,1547706637218,-0.93,-11.28,1.09
1,1547706637219,-0.78,-11.4,0.95
1,1547706637219,-0.74,-11.13,0.85
1,1547706637219,-0.68,-10.97,0.78
1,1547706637219,-0.66,-11.21,0.72
1,1547706637220,-0.56,-11.42,0.78
1,1547706637220,-0.39,-11.64,0.74
1,1547706637294,-0.29,-11.89,0.7
1,1547706637294,-1.01,-11.3,0.31
1,1547706637295,-1.3,-10.56,0.29
1,1547706637295,-1.48,-9.86,0.33
1,1547706637296,-1.15,-9.37,0.8
1,1547706637296,-0.93,-9.47,1.15
1,1547706637308,-0.83,-9.6,1.26
1,1547706637308,-0.82,-9.68,1.56
1,1547706637367,-0.85,-9.6,1.95
1,1547706637368,-0.82,-9.62,2.1
1,1547706637368,-0.89,-9.58,2.18
1,1547706637368,-0.91,-9.43,2.24
1,1547706637369,-0.83,-8.98,2.32
1,1547706637369,-0.62,-8.71,2.26
1,1547706637370,-0.42,-8.41,2.18
1,1547706637370,-0.31,-8.22,2.05
1,1547706637444,-0.56,-8.04,1.87
1,1547706637445,-0.68,-7.91,1.93
1,1547706637445,-0.5,-7.73,1.81
1,1547706637446,-0.42,-7.51,1.85
1,1547706637446,-1.62,-7.03,2.22
1,1547706637447,-1.95,-6.64,2.4
1,1547706637447,-1.83,-6.23,2.32
1,1547706637447,-1.48,-5.8,2.03
1,1547706637617,-0.97,-5.0,1.97
1,1547706637619,-1.01,-4.7,2.03
1,1547706637620,-1.25,-4.49,2.26
1,1547706637621,-1.67,-4.25,2.63
1,1547706637622,-2.12,-3.86,2.71
1,1547706637670,-2.16,-3.65,3.28
1,1547706637671,-2.01,-3.47,3.65
1,1547706637672,-1.64,-3.41,3.75
1,1547706637673,-0.72,-3.55,3.78
1,1547706637673,-0.35,-3.86,3.84
1,1547706637674,-1.15,-2.51,4.7
1,1547706637675,-1.32,-2.46,5.21
1,1547706637676,-1.46,-2.44,5.83
1,1547706637744,-1.44,-2.03,5.76
1,1547706637745,-1.91,-1.23,6.56
1,1547706637745,-2.12,-0.99,7.51
1,1547706637746,-2.75,-0.6,8.75
1,1547706637746,-2.94,-0.41,9.41
1,1547706637747,-3.02,-0.27,9.9
1,1547706637748,-3.04,-0.23,10.25
1,1547706637748,-2.71,-0.31,10.48
1,1547706637818,-2.42,-0.46,10.33
1,1547706637819,-2.28,-0.58,10.39
1,1547706637820,-2.32,-0.78,10.35
1,1547706637828,-2.79,-1.15,10.82
1,1547706637828,-3.16,-1.3,11.11
1,1547706637828,-3.55,-1.17,11.42
1,1547706637829,-3.84,-0.85,11.64
1,1547706637829,-3.9,0.74,12.42
1,1547706637892,-3.69,1.3,12.65
1,1547706637910,-3.35,1.66,12.79
1,1547706637911,-3.3,1.93,12.79
1,1547706637912,-3.78,2.32,12.38
1,1547706637913,-4.1,2.32,12.26
1,1547706637913,-4.27,2.1,12.22
1,1547706637914,-4.33,1.56,12.22
1,1547706637915,-4.08,0.48,12.67
1,1547706637967,-3.78,0.31,12.85
1,1547706637968,-3.47,0.6,12.92
1,1547706637978,-3.26,0.97,12.94
1,1547706637979,-3.35,1.64,12.83
1,1547706637979,-3.8,1.91,12.87
1,1547706637979,-4.31,2.08,13.0
1,1547706637979,-4.8,1.81,13.41
1,1547706638042,-5.0,0.95,14.04
1,1547706638043,-4.68,1.36,13.82
1,1547706638062,-4.45,2.16,13.39
1,1547706638062,-4.41,2.89,13.16
1,1547706638063,-4.98,3.8,13.9
1,1547706638063,-5.23,4.41,14.74
1,1547706638063,-5.5,5.07,15.68
1,1547706638063,-5.56,5.52,16.83
1,1547706638124,-5.09,4.84,18.26
1,1547706638125,-4.78,3.86,18.82
1,1547706638125,-4.53,2.85,18.88
1,1547706638126,-4.35,2.08,18.75
1,1547706638126,-4.43,2.26,17.69
1,1547706638127,-4.78,2.65,17.36
1,1547706638127,-4.78,3.0,17.01
1,1547706638281,-4.72,3.37,16.77
1,1547706638282,-4.78,3.61,16.28
1,1547706638313,-4.94,3.53,16.34
1,1547706638315,-4.94,3.65,16.21
1,1547706638316,-4.84,4.39,16.05
1,1547706638372,-5.0,5.17,16.19
1,1547706638373,-5.0,5.33,16.4
1,1547706638373,-5.19,4.84,16.52
1,1547706638374,-5.37,3.9,16.71
1,1547706638374,-3.86,3.43,13.37
1,1547706638374,-3.75,3.37,13.28
1,1547706638375,-3.75,3.0,12.98
1,1547706638375,-3.84,2.77,12.92
1,1547706638414,-3.76,2.44,12.87
1,1547706638416,-3.08,1.17,11.64
1,1547706638416,-3.16,1.05,11.32
1,1547706638416,-3.37,1.09,10.99
1,1547706638417,-3.41,1.64,10.6
1,1547706638417,-3.18,1.83,10.41
1,1547706638417,-3.02,1.73,10.25
1,1547706638417,-2.94,1.44,10.0
1,1547706638491,-2.94,0.58,9.53
1,1547706638493,-2.91,0.31,9.23
1,1547706638494,-2.83,0.13,9.0
1,1547706638494,-2.73,-0.03,8.82
1,1547706638495,-2.79,-0.56,8.59
1,1547706638495,-2.83,-0.82,8.53
1,1547706638495,-2.79,-1.03,8.49
1,1547706638495,-2.65,-1.11,8.47
1,1547706638566,-2.26,-1.38,8.28
1,1547706638583,-2.12,-1.58,8.02
1,1547706638584,-2.1,-1.64,7.77
1,1547706638584,-2.18,-1.62,7.46
1,1547706638584,-2.36,-1.4,6.81
1,1547706638584,-2.48,-1.42,6.58
1,1547706638584,-2.48,-1.52,6.4
1,1547706638585,-2.36,-1.67,6.34
1,1547706638640,-2.05,-2.26,5.97
1,1547706638649,-1.91,-2.61,5.95
1,1547706638650,-1.73,-2.91,5.85
1,1547706638650,-1.62,-3.24,5.82
1,1547706638650,-1.54,-3.78,5.64
1,1547706638650,-1.6,-3.96,5.5
1,1547706638650,-1.79,-4.14,5.31
1,1547706638718,-2.03,-4.17,5.13
1,1547706638718,-2.18,-3.94,4.6
1,1547706638719,-2.1,-3.9,4.33
1,1547706638719,-1.91,-4.0,4.08
1,1547706638719,-1.81,-4.21,3.92
1,1547706638719,-1.75,-4.94,3.59
1,1547706638719,-1.75,-5.13,3.43
1,1547706638720,-1.69,-5.23,3.14
1,1547706638792,-1.6,-5.27,2.81
1,1547706638806,-1.54,-5.42,2.28
1,1547706638808,-1.48,-5.54,2.14
1,1547706638808,-1.38,-5.6,1.95
1,1547706638809,-1.36,-5.66,1.97
1,1547706638809,-1.32,-6.09,1.85
1,1547706638809,-1.26,-6.32,1.64
1,1547706638868,-1.21,-6.48,1.52
1,1547706638886,-1.34,-6.48,1.38
1,1547706638886,-1.6,-6.54,1.34
1,1547706638887,-1.85,-6.66,1.23
1,1547706638887,-2.24,-6.62,1.42
1,1547706638887,-2.38,-6.67,1.56
1,1547706638887,-1.25,-7.69,1.67
1,1547706638888,-0.19,-8.43,1.66
1,1547706638940,0.54,-9.41,1.62
1,1547706638952,0.74,-10.27,1.44
1,1547706638952,0.91,-10.62,0.78
1,1547706638952,0.76,-9.9,-0.15
1,1547706638953,0.6,-9.16,-1.11
1,1547706638953,0.44,-8.57,-1.89
1,1547706638953,-0.25,-8.94,-2.87
1,1547706639017,-0.23,-9.72,-3.14
1,1547706639017,0.21,-10.56,-3.18
1,1547706639018,0.58,-11.15,-3.0
1,1547706639018,1.09,-12.22,-2.44
1,1547706639018,1.23,-12.91,-1.89
1,1547706639018,0.97,-13.65,-1.25
1,1547706639019,0.66,-14.1,-0.42
1,1547706639037,0.48,-13.37,0.42
1,1547706639092,0.54,-12.2,0.37
1,1547706639092,0.6,-11.13,0.09
1,1547706639093,0.62,-10.44,-0.19
1,1547706639093,0.62,-10.8,-0.64
1,1547706639104,0.58,-11.23,-0.99
1,1547706639105,0.5,-11.5,-1.42
1,1547706639105,0.39,-11.46,-1.89
1,1547706639167,0.11,-11.05,-2.48
1,1547706639168,0.07,-10.97,-2.51
1,1547706639168,0.29,-11.05,-2.22
1,1547706639168,0.46,-11.4,-1.89
1,1547706639189,0.62,-12.48,-1.32
1,1547706639189,0.64,-12.5,-0.97
1,1547706639190,0.62,-12.07,-0.87
1,1547706639190,0.64,-11.26,-1.01
1,1547706639241,0.62,-11.15,-1.13
1,1547706639242,0.54,-11.28,-1.23
1,1547706639254,0.39,-11.32,-1.26
1,1547706639255,0.05,-11.13,-1.36
1,1547706639255,0.05,-10.82,-1.34
1,1547706639255,0.11,-10.46,-1.28
1,1547706639255,0.21,-10.11,-1.01
1,1547706639316,0.23,-9.8,-0.27
1,1547706639350,0.21,-9.74,0.17
1,1547706639351,0.11,-9.68,0.52
1,1547706639352,0.0,-9.64,0.82
1,1547706639352,-0.07,-9.49,1.15
1,1547706639353,0.09,-9.45,1.26
1,1547706639354,0.33,-9.58,1.3
1,1547706639354,0.42,-9.76,1.26
1,1547706639417,-0.11,-9.96,0.76
1,1547706639418,-0.44,-9.53,0.39
1,1547706639418,-0.7,-8.94,0.05
1,1547706639418,-0.85,-8.45,0.01
1,1547706639418,-1.32,-8.06,0.56
1,1547706639419,-1.36,-7.94,1.03
1,1547706639419,-1.26,-7.71,1.26
1,1547706639471,-1.05,-7.42,1.58
1,1547706639474,-0.74,-6.81,2.03
1,1547706639475,-0.72,-6.5,2.24
1,1547706639475,-0.78,-6.15,2.26
1,1547706639476,-0.8,-5.89,2.1
1,1547706639477,-0.76,-5.54,1.87
1,1547706639478,-0.82,-5.41,1.79
1,1547706639491,-0.97,-5.21,1.89
1,1547706639546,-1.25,-4.78,2.08
1,1547706639548,-1.52,-3.86,2.75
1,1547706639549,-1.32,-3.71,3.06
1,1547706639550,-1.13,-3.76,3.35
1,1547706639551,-0.91,-3.94,3.59
1,1547706639552,-0.83,-4.23,3.78
1,1547706639552,-1.09,-4.29,3.76
1,1547706639619,-1.28,-4.16,3.76
1,1547706639620,-1.44,-3.98,3.76
1,1547706639621,-1.69,-3.41,3.86
1,1547706639622,-1.67,-3.12,3.84
1,1547706639644,-1.62,-2.85,3.92
1,1547706639645,-1.52,-2.46,4.02
1,1547706639646,-1.56,-1.95,4.31
1,1547706639647,-1.58,-1.73,4.53
1,1547706639697,-1.5,-1.44,4.84
1,1547706639698,-1.42,-1.07,5.15
1,1547706639699,-1.48,-0.52,5.27
1,1547706639700,-1.77,-0.41,5.41
1,1547706639702,-1.99,-0.5,5.68
1,1547706639703,-2.08,-0.68,5.91
1,1547706639704,-2.34,-0.95,6.32
1,1547706639770,-2.51,-0.76,6.58
1,1547706639772,-2.53,-0.42,6.71
1,1547706639774,-2.5,0.03,6.89
1,1547706639775,-3.06,1.07,7.32
1,1547706639797,-3.67,1.56,7.79
1,1547706639799,-4.21,1.95,8.43
1,1547706639800,-4.58,2.18,9.29
1,1547706639801,-4.84,1.64,10.52
1,1547706639851,-4.82,1.21,10.83
1,1547706639853,-4.86,0.78,11.15
1,1547706639855,-5.07,0.23,11.46
1,1547706639856,-5.54,-0.05,11.66
1,1547706639857,-5.6,0.11,11.56
1,1547706639859,-5.64,0.39,11.42
1,1547706639860,-5.8,0.78,11.3
1,1547706639919,-6.32,1.56,11.77
1,1547706639920,-6.44,2.07,12.07
1,1547706639921,-6.28,2.5,12.42
1,1547706639922,-5.87,2.81,12.57
1,1547706639922,-4.92,3.3,12.57
1,1547706639923,-4.72,3.47,12.46
1,1547706639923,-4.78,3.76,12.42
1,1547706639924,-5.01,4.06,12.46
1,1547706639996,-5.97,4.02,12.85
1,1547706639998,-6.28,3.82,13.16
1,1547706639998,-6.66,3.61,13.41
1,1547706639998,-6.56,3.78,13.49
1,1547706639999,-6.23,4.43,13.22
1,1547706640069,-6.25,4.51,13.28
1,1547706640073,-6.36,4.49,13.57
1,1547706640074,-6.46,4.45,14.04
1,1547706640075,-6.97,4.39,14.98
1,1547706640076,-7.24,4.57,15.29
1,1547706640077,-7.42,4.74,15.64
1,1547706640079,-7.4,4.96,15.83
1,1547706640080,-6.95,5.74,15.89
1,1547706640232,-6.83,6.26,15.93
1,1547706640233,-6.87,6.58,15.85
1,1547706640245,-7.1,6.66,15.87
1,1547706640246,-7.57,5.83,16.17
1,1547706640246,-7.65,5.31,16.4
1,1547706640292,-7.61,4.8,16.66
1,1547706640292,-7.57,4.45,16.93
1,1547706640292,-7.42,4.45,17.14
1,1547706640293,-7.53,4.8,17.07
1,1547706640312,-6.15,5.37,14.92
1,1547706640313,-6.19,5.41,14.78
1,1547706640313,-6.34,5.41,14.55
1,1547706640313,-6.44,5.09,14.21
1,1547706640372,-6.3,5.0,13.98
1,1547706640375,-5.56,4.92,13.22
1,1547706640376,-5.48,4.62,13.08
1,1547706640377,-5.48,4.31,13.08
1,1547706640378,-5.52,4.12,12.96
1,1547706640380,-5.64,4.04,12.87
1,1547706640384,-5.72,3.98,12.71
1,1547706640385,-5.62,3.84,12.48
1,1547706640443,-5.19,3.32,11.73
1,1547706640444,-5.11,2.91,11.52
1,1547706640444,-5.09,2.61,11.38
1,1547706640444,-5.05,2.4,11.17
1,1547706640445,-4.86,2.07,10.83
1,1547706640463,-4.66,1.91,10.5
1,1547706640464,-4.51,1.71,10.19
1,1547706640464,-4.39,1.44,9.86
1,1547706640520,-4.02,1.01,9.31
1,1547706640521,-3.78,0.93,9.14
1,1547706640522,-3.61,0.93,9.0
1,1547706640535,-3.49,1.01,8.84
1,1547706640536,-3.16,1.21,8.26
1,1547706640537,-2.94,1.15,7.87
1,1547706640565,-2.61,0.35,7.24
1,1547706640601,-2.55,-0.15,7.01
1,1547706640602,-2.46,-0.87,6.42
1,1547706640602,-2.4,-1.09,6.21
1,1547706640603,-2.4,-1.15,5.93
1,1547706640604,-2.38,-1.28,5.68
1,1547706640604,-2.48,-1.6,5.23
1,1547706640605,-2.44,-1.71,4.96
1,1547706640605,-2.3,-1.85,4.78
1,1547706640666,-2.24,-1.95,4.62
1,1547706640668,-2.05,-2.08,4.49
1,1547706640669,-1.87,-2.07,4.43
1,1547706640670,-1.71,-2.18,4.45
1,1547706640671,-1.64,-2.44,4.33
1,1547706640671,-1.89,-3.16,3.94
1,1547706640672,-2.1,-3.49,3.8
1,1547706640743,-2.22,-3.67,3.53
1,1547706640744,-2.1,-3.71,3.3
1,1547706640745,-1.42,-3.73,2.98
1,1547706640745,-1.03,-3.88,2.87
1,1547706640746,-0.72,-4.14,2.69
1,1547706640747,-0.48,-4.41,2.55
1,1547706640747,-0.44,-4.88,2.01
1,1547706640748,-0.66,-5.03,1.77
1,1547706640818,-0.87,-5.23,1.54
1,1547706640821,-1.03,-5.29,1.46
1,1547706640823,-1.03,-5.54,1.46
1,1547706640824,-0.95,-5.76,1.44
1,1547706640825,-0.87,-5.99,1.44
1,1547706640899,-0.76,-6.21,1.28
1,1547706640902,-0.72,-6.54,1.21
1,1547706640903,-0.58,-6.6,1.19
1,1547706640905,-0.48,-6.66,1.13
1,1547706640906,-0.42,-6.71,1.05
1,1547706640907,-0.54,-6.97,0.76
1,1547706640908,-0.56,-7.1,0.7
1,1547706640909,-0.5,-7.26,0.52
1,1547706640967,-0.37,-7.36,0.33
1,1547706640968,-0.35,-7.79,0.33
1,1547706640968,-0.33,-8.16,0.27
1,1547706640986,-0.31,-8.75,0.23
1,1547706640987,-0.25,-9.47,0.23
1,1547706640988,-0.25,-10.78,0.48
1,1547706640988,-0.33,-11.23,0.52
1,1547706640988,-0.5,-11.56,0.52
1,1547706641042,-0.6,-11.71,0.62
1,1547706641052,-0.74,-11.67,0.89
1,1547706641052,-0.68,-11.44,0.91
1,1547706641054,-0.66,-11.23,1.01
1,1547706641055,-0.68,-11.26,0.97
1,1547706641055,-1.01,-12.12,0.8
1,1547706641056,-1.3,-12.71,0.64
1,1547706641056,-1.52,-13.22,0.5
1,1547706641116,-1.71,-13.33,0.29
1,1547706641117,-1.83,-12.61,-0.33
1,1547706641117,-1.75,-12.07,-0.68
1,1547706641118,-1.69,-11.71,-1.07
1,1547706641118,-1.54,-11.42,-1.13
1,1547706641119,-1.05,-11.71,-1.15
1,1547706641119,-0.82,-11.99,-1.07
1,1547706641119,-0.66,-12.14,-0.99
1,1547706641191,-0.58,-12.14,-1.03
1,1547706641193,-0.52,-11.85,-1.09
1,1547706641193,-0.44,-11.75,-1.11
1,1547706641194,-0.41,-11.85,-1.05
1,1547706641194,-0.41,-11.91,-0.91
1,1547706641194,-0.46,-11.99,-0.72
1,1547706641195,-0.42,-11.75,-0.54
1,1547706641195,-0.42,-11.48,-0.41
1,1547706641268,-0.41,-11.19,-0.15
1,1547706641270,-0.42,-10.97,0.41
1,1547706641271,-0.5,-11.05,0.66
1,1547706641271,-0.6,-11.05,0.83
1,1547706641272,-0.72,-11.09,0.7
1,1547706641272,-1.13,-11.13,0.37
1,1547706641273,-1.36,-11.11,0.27
1,1547706641343,-1.56,-10.99,0.17
1,1547706641344,-1.5,-10.85,0.31
1,1547706641344,-1.17,-10.58,0.66
1,1547706641344,-1.03,-10.46,0.93
1,1547706641345,-0.97,-10.39,1.23
1,1547706641345,-0.93,-10.25,1.26
1,1547706641361,-0.85,-10.17,1.6
1,1547706641361,-0.82,-10.05,1.81
1,1547706641414,-0.78,-9.96,1.91
1,1547706641415,-0.6,-9.84,1.95
1,1547706641438,-0.27,-9.6,2.03
1,1547706641439,-0.13,-9.49,2.03
1,1547706641439,0.01,-9.41,1.93
1,1547706641439,0.05,-9.29,1.81
1,1547706641439,-0.23,-8.82,1.38
1,1547706641493,-0.46,-8.49,1.25
1,1547706641494,-0.6,-8.16,1.23
1,1547706641494,-0.66,-7.89,1.19
1,1547706641494,-0.68,-7.42,1.15
1,1547706641494,-0.74,-7.08,1.21
1,1547706641495,-0.78,-6.73,1.23
1,1547706641495,-0.72,-6.46,1.36
1,1547706641505,-0.7,-5.91,1.87
1,1547706641572,-0.64,-5.72,2.01
1,1547706641573,-0.56,-5.5,2.18
1,1547706641573,-0.5,-5.39,2.24
1,1547706641574,-0.46,-5.41,2.24
1,1547706641590,-0.5,-5.23,2.2
1,1547706641590,-0.52,-4.86,2.1
1,1547706641591,-0.52,-4.43,2.07
1,1547706641644,-1.01,-3.45,2.1
1,1547706641720,-1.38,-3.0,2.16
1,1547706641721,-1.62,-2.51,2.2
1,1547706641721,-1.77,-2.18,2.44
1,1547706641722,-1.6,-1.77,3.06
1,1547706641722,-1.26,-1.71,3.49
1,1547706641722,-0.97,-1.64,3.92
1,1547706641722,-0.7,-1.52,4.21
1,1547706641723,-1.03,-1.15,4.7
1,1547706641796,-1.52,-1.05,4.82
1,1547706641797,-2.07,-0.87,4.94
1,1547706641797,-1.4,-0.13,7.57
1,1547706641798,-1.69,-0.03,8.47
1,1547706641799,-2.18,0.27,8.96
1,1547706641799,-2.65,0.7,9.47
1,1547706641799,-2.94,1.15,10.15
1,1547706641800,-2.91,1.69,11.36
1,1547706641866,-2.77,1.54,11.6
1,1547706641868,-2.67,1.11,11.67
1,1547706641868,-2.65,0.6,11.34
1,1547706641869,-2.85,0.11,10.07
1,1547706641870,-2.96,0.5,9.39
1,1547706641871,-3.08,1.21,8.98
1,1547706641872,-3.14,1.83,8.84
1,1547706641873,-3.43,2.55,9.66
1,1547706641945,-3.59,2.71,10.17
1,1547706641946,-3.71,2.87,10.72
1,1547706641946,-3.82,3.16,11.17
1,1547706641946,-3.88,3.67,11.79
1,1547706641947,-3.98,3.71,11.93
1,1547706641947,-4.04,3.73,11.99
1,1547706641947,-4.12,3.63,12.03
1,1547706641948,-4.33,3.67,12.53
1,1547706642018,-4.31,3.88,13.1
1,1547706642019,-4.21,4.0,13.84
1,1547706642019,-4.16,3.9,15.13
1,1547706642026,-4.25,3.73,15.35
1,1547706642027,-4.27,3.61,14.98
1,1547706642027,-4.37,3.63,14.35
1,1547706642027,-4.6,4.23,12.98
1,1547706642027,-4.49,4.45,12.96
1,1547706642093,-4.14,4.57,13.0
1,1547706642094,-3.8,4.49,13.14
1,1547706642095,-3.78,4.29,13.26
1,1547706642095,-4.23,4.14,13.28
1,1547706642096,-4.51,4.35,13.26
1,1547706642096,-4.62,4.88,13.37
1,1547706642097,-4.29,5.87,13.55
1,1547706642169,-4.33,6.23,13.65
1,1547706642170,-4.45,6.48,13.88
1,1547706642171,-4.55,6.69,14.29
1,1547706642172,-4.6,6.91,14.74
1,1547706642182,-4.66,6.83,15.74
1,1547706642183,-4.74,6.48,16.11
1,1547706642183,-4.92,6.05,16.15
1,1547706642184,-5.35,6.38,15.99
1,1547706642245,-5.33,7.08,15.89
1,1547706642246,-5.25,7.44,15.82
1,1547706642247,-5.31,7.2,15.85
1,1547706642248,-5.66,5.7,16.17
1,1547706642248,-5.62,5.15,16.32
1,1547706642249,-5.48,4.88,16.3
1,1547706642249,-5.44,4.96,16.11
1,1547706642250,-5.41,5.72,15.64
1,1547706642316,-5.54,5.91,15.62
1,1547706642316,-5.66,5.89,15.66
1,1547706642317,-5.7,5.76,15.7
1,1547706642317,-5.25,5.6,15.41
1,1547706642318,-4.98,5.46,15.05
1,1547706642334,-4.76,5.23,14.68
1,1547706642335,-4.53,5.01,14.31
1,1547706642388,-4.29,5.0,13.67
1,1547706642389,-4.33,5.05,13.32
1,1547706642389,-4.43,5.11,12.92
1,1547706642413,-4.49,5.13,12.55
1,1547706642414,-4.58,4.94,11.85
1,1547706642415,-4.58,4.51,11.69
1,1547706642416,-4.51,4.14,11.67
1,1547706642468,-4.27,3.92,11.67
1,1547706642470,-3.71,3.63,11.87
1,1547706642471,-3.49,3.28,11.79
1,1547706642472,-3.39,2.98,11.62
1,1547706642473,-3.35,2.75,11.46
1,1547706642474,-3.26,2.59,11.15
1,1547706642475,-3.37,2.36,10.64
1,1547706642476,-3.49,2.32,10.37
1,1547706642539,-3.57,2.22,10.09
1,1547706642539,-3.63,1.87,9.7
1,1547706642546,-3.51,1.69,9.55
1,1547706642547,-3.37,1.38,9.37
1,1547706642547,-3.22,1.05,9.23
1,1547706642547,-2.77,0.31,9.04
1,1547706642547,-2.53,-0.03,8.92
1,1547706642618,-2.38,-0.29,8.78
1,1547706642619,-2.24,-0.42,8.59
1,1547706642619,-2.2,-0.68,8.0
1,1547706642620,-2.26,-0.78,7.65
1,1547706642620,-2.42,-0.82,7.34
1,1547706642621,-2.46,-0.83,7.1
1,1547706642621,-2.42,-1.05,6.73
1,1547706642621,-2.26,-1.11,6.62
1,1547706642691,-2.05,-1.28,6.52
1,1547706642692,-1.97,-1.62,6.34
1,1547706642692,-1.93,-1.97,6.05
1,1547706642693,-1.97,-2.08,5.97
1,1547706642693,-1.97,-2.24,5.85
1,1547706642693,-1.97,-2.44,5.8
1,1547706642693,-2.14,-2.87,5.64
1,1547706642768,-2.16,-3.02,5.62
1,1547706642770,-2.12,-3.08,5.48
1,1547706642771,-1.87,-3.18,5.41
1,1547706642772,-1.26,-3.45,5.29
1,1547706642774,-0.95,-3.69,5.11
1,1547706642775,-0.8,-3.86,4.98
1,1547706642776,-0.7,-4.02,4.74
1,1547706642777,-0.85,-4.25,4.29
1,1547706642927,-0.99,-4.35,4.08
1,1547706642929,-1.28,-4.47,3.88
1,1547706642930,-1.42,-4.58,3.76
1,1547706642931,-1.36,-4.84,3.43
1,1547706642932,-1.11,-5.0,3.24
1,1547706642998,-0.97,-5.23,3.16
1,1547706643000,-0.82,-5.46,3.1
1,1547706643002,-0.54,-5.87,3.04
1,1547706643003,-0.52,-6.11,2.91
1,1547706643003,-1.67,-6.93,3.51
1,1547706643004,-1.6,-7.4,3.69
1,1547706643005,-1.26,-7.46,3.69
1,1547706643006,-1.11,-7.42,3.65
1,1547706643067,-1.28,-7.38,3.53
1,1547706643068,-3.02,-7.77,3.1
1,1547706643068,-2.77,-8.22,3.16
1,1547706643069,-2.53,-8.41,3.06
1,1547706643069,-2.4,-8.59,3.06
1,1547706643069,-2.34,-8.55,3.0
1,1547706643087,-2.08,-8.35,3.02
1,1547706643088,-1.81,-8.43,2.96
1,1547706643143,-1.54,-8.63,2.85
1,1547706643143,-1.21,-8.9,2.79
1,1547706643144,-0.44,-9.55,2.22
1,1547706643144,-0.37,-9.82,1.69
1,1547706643145,-0.6,-10.05,1.32
1,1547706643164,-0.89,-10.15,1.23
1,1547706643165,-0.89,-10.0,0.66
1,1547706643165,-0.72,-9.86,0.37
1,1547706643215,-0.37,-9.84,0.11
1,1547706643244,-0.09,-10.03,-0.21
1,1547706643245,0.41,-10.68,-0.6
1,1547706643245,0.48,-10.78,-0.52
1,1547706643246,0.46,-10.83,-0.5
1,1547706643247,0.42,-10.8,-0.5
1,1547706643247,0.11,-10.39,-0.48
1,1547706643248,-0.15,-10.41,-0.62
1,1547706643299,-0.58,-10.48,-0.83
1,1547706643300,-1.07,-10.33,-0.95
1,1547706643300,-1.44,-9.62,-1.09
1,1547706643300,-1.44,-9.43,-1.17
1,1547706643301,-1.32,-8.82,-1.3
1,1547706643301,-1.48,-7.3,-1.4
1,1547706643301,-1.71,-6.5,-1.6
1,1547706643367,-2.1,-7.07,-1.64
1,1547706643368,-2.53,-7.24,-1.77
1,1547706643368,-2.75,-7.1,-1.99
1,1547706643388,-2.59,-6.64,-2.46
1,1547706643388,-2.5,-6.32,-2.75
1,1547706643389,-2.34,-6.03,-3.0
1,1547706643389,-2.32,-5.72,-3.24
1,1547706643389,-2.28,-5.27,-3.45
1,1547706643442,-2.1,-5.03,-3.37
1,1547706643466,-1.58,-4.74,-3.26
1,1547706643467,-0.5,-4.37,-3.02
1,1547706643467,1.77,-2.85,-2.32
1,1547706643467,3.3,-1.07,-1.36
1,1547706643467,4.25,1.23,-1.4
1,1547706643468,4.9,3.63,-2.44
1,1547706643532,7.3,6.99,-9.92
1,1547706643533,6.11,6.52,-5.07
1,1547706643533,6.44,8.33,-5.27
1,1547706643533,7.77,10.62,-5.87
1,1547706643533,11.36,16.15,-6.87
1,1547706643533,13.26,16.85,-5.87
1,1547706643534,13.06,15.58,-4.86
1,1547706643534,11.75,12.87,-3.57
