1,1544062092035,6.66,-0.44,0.09
1,1544062092035,8.32,0.68,-0.89
1,1544062092036,9.0,1.28,-1.26
1,1544062092036,9.17,1.95,-1.46
1,1544062092036,9.06,2.24,-1.52
1,1544062092036,7.89,1.56,-1.42
1,1544062092036,7.69,1.11,-1.28
1,1544062092036,7.85,0.78,-0.78
1,1544062092170,8.35,0.52,-0.58
1,1544062092170,10.37,0.54,-1.15
1,1544062092170,11.42,0.8,-1.67
1,1544062092171,12.16,1.01,-2.07
1,1544062092171,12.34,1.17,-2.14
1,1544062092244,11.4,1.21,-1.99
1,1544062092245,10.85,1.09,-2.05
1,1544062092245,10.54,0.82,-2.1
1,1544062092245,10.7,0.54,-1.93
1,1544062092245,11.81,0.23,-1.32
1,1544062092246,11.64,1.34,-1.64
1,1544062092246,10.87,1.01,-1.52
1,1544062092246,10.5,0.56,-1.54
1,1544062092318,9.86,-0.21,-1.77
1,1544062092318,10.23,0.41,-0.76
1,1544062092318,10.31,0.11,-0.48
1,1544062092338,10.11,-0.15,0.13
1,1544062092339,10.01,-0.42,-0.15
1,1544062092339,9.72,-0.21,-0.76
1,1544062092339,9.57,0.37,-1.23
1,1544062092339,9.37,0.74,-1.54
1,1544062092393,9.29,0.87,-2.05
1,1544062092393,9.23,0.78,-2.1
1,1544062092393,9.25,0.5,-2.14
1,1544062092468,9.37,0.25,-2.07
1,1544062092469,9.88,0.27,-1.91
1,1544062092469,10.29,0.35,-1.73
1,1544062092490,10.56,0.09,-1.75
1,1544062092490,10.54,-0.17,-1.69
1,1544062092491,9.88,-0.41,-1.4
1,1544062092491,9.14,-0.46,-1.3
1,1544062092491,8.33,-0.29,-1.07
1,1544062092543,7.79,0.01,-1.07
1,1544062092557,8.61,0.19,-1.66
1,1544062092557,11.07,0.74,-1.34
1,1544062092557,11.17,0.87,-1.36
1,1544062092557,10.76,0.91,-1.32
1,1544062092558,10.09,0.93,-1.32
1,1544062092558,9.37,0.95,-1.38
1,1544062092558,9.0,0.85,-1.44
1,1544062092618,9.86,1.03,-1.6
1,1544062092619,12.2,1.3,-1.77
1,1544062092620,12.59,0.6,-1.52
1,1544062092620,12.14,-0.25,-1.77
1,1544062092621,11.34,-0.97,-2.08
1,1544062092621,10.46,-1.15,-2.07
1,1544062092622,9.51,-1.15,-1.93
1,1544062092622,9.72,-0.95,-1.99
1,1544062092693,10.25,-0.03,-1.71
1,1544062092694,11.11,1.05,-1.69
1,1544062092694,11.95,1.77,-1.38
1,1544062092694,11.67,1.34,-1.09
1,1544062092709,11.05,0.48,-1.01
1,1544062092709,10.17,-0.5,-1.11
1,1544062092710,8.35,-1.19,-0.97
1,1544062092710,7.83,-1.25,-1.01
1,1544062092770,7.51,-1.01,-0.74
1,1544062092771,7.26,-0.31,-0.87
1,1544062092771,7.18,0.95,-0.91
1,1544062092772,7.36,1.09,-0.89
1,1544062092772,7.38,0.8,-0.93
1,1544062092772,7.18,0.19,-1.19
1,1544062092773,6.6,-0.44,-0.72
1,1544062092773,6.71,-0.78,-0.01
1,1544062092844,6.69,-1.13,0.39
1,1544062092845,6.42,-1.3,0.39
1,1544062092846,5.58,-0.39,-0.93
1,1544062092846,5.89,0.82,-1.3
1,1544062092846,6.81,1.67,-1.19
1,1544062092846,7.63,1.99,-0.89
1,1544062092847,8.65,0.82,-0.23
1,1544062092917,8.45,-0.19,0.19
1,1544062092918,8.02,-0.91,0.39
1,1544062092918,7.73,-1.26,0.39
1,1544062092918,7.28,-1.3,-0.52
1,1544062092926,7.53,-0.54,-0.74
1,1544062092926,7.92,0.93,-0.78
1,1544062092926,8.04,1.75,-0.68
1,1544062092926,7.55,1.21,-0.07
1,1544062092993,7.42,0.05,0.64
1,1544062092994,7.48,-1.03,0.83
1,1544062092995,7.63,-1.32,0.29
1,1544062092995,8.43,-0.64,-0.93
1,1544062092995,8.65,0.35,-1.15
1,1544062092996,8.75,1.07,-1.28
1,1544062092996,8.73,1.34,-1.05
1,1544062093068,8.2,0.39,-0.64
1,1544062093068,7.98,-0.33,-0.01
1,1544062093069,8.28,-0.64,0.31
1,1544062093078,9.02,-0.19,0.23
1,1544062093079,10.46,1.95,-0.15
1,1544062093079,10.21,2.91,-0.82
1,1544062093079,9.49,3.18,-1.64
1,1544062093080,9.57,3.0,-1.32
1,1544062093142,10.74,1.4,-1.56
1,1544062093162,10.82,0.66,-2.01
1,1544062093162,10.42,-0.03,-2.26
1,1544062093163,10.09,-0.09,-2.22
1,1544062093164,10.8,0.83,-2.32
1,1544062093165,11.5,1.19,-1.81
1,1544062093165,11.87,1.21,-0.97
1,1544062093218,11.87,0.87,-0.58
1,1544062093233,10.62,-0.17,-0.31
1,1544062093234,10.17,0.33,-0.5
1,1544062093234,10.13,1.15,-0.89
1,1544062093234,10.31,1.66,-1.34
1,1544062093234,11.36,1.69,-2.91
1,1544062093234,11.81,2.2,-3.96
1,1544062093445,11.93,2.57,-4.19
1,1544062093446,11.44,2.01,-3.53
1,1544062093446,9.94,-0.5,-0.85
1,1544062093446,9.6,-0.23,-0.7
1,1544062093446,9.41,1.21,-1.58
1,1544062093594,9.0,2.03,-2.2
1,1544062093595,8.8,1.66,-2.91
1,1544062093595,9.19,2.32,-3.53
1,1544062093595,9.57,3.06,-3.47
1,1544062093595,9.55,2.89,-3.02
1,1544062093668,10.31,0.72,-3.0
1,1544062093670,10.44,1.15,-2.73
1,1544062093670,10.41,1.64,-2.42
1,1544062093671,9.62,3.49,-2.24
1,1544062093671,8.98,3.35,-1.95
1,1544062093671,9.19,2.34,-2.2
1,1544062093671,9.58,1.07,-2.08
1,1544062093743,10.01,0.11,-1.93
1,1544062093743,10.21,0.74,-2.26
1,1544062093743,37.18,0.11,-9.74
1,1544062093743,22.83,-13.76,10.13
1,1544062093767,-2.44,6.89,19.35
1,1544062093767,-2.81,10.72,-11.32
1,1544062093767,17.69,17.03,-7.77
1,1544062093768,12.61,5.48,5.09
1,1544062093818,-0.07,5.87,1.73
1,1544062093818,12.89,2.08,2.1
1,1544062093832,9.86,2.92,-1.81
1,1544062093832,9.98,2.75,-1.38
1,1544062093832,9.12,2.44,-0.89
1,1544062093833,8.69,3.39,1.13
1,1544062093833,9.04,3.88,0.82
1,1544062093833,9.7,2.94,0.83
1,1544062093893,9.64,2.38,0.83
1,1544062093893,9.33,3.88,0.25
1,1544062093893,9.47,3.41,0.09
1,1544062093893,9.64,2.67,-0.19
1,1544062093900,9.78,2.24,-0.03
1,1544062093901,9.68,2.01,0.03
1,1544062093901,9.8,2.4,-0.25
1,1544062093902,9.8,2.5,-0.31
1,1544062093968,9.68,2.5,-0.01
1,1544062093969,9.35,3.32,0.17
1,1544062093970,9.45,3.69,0.33
1,1544062093970,9.39,3.69,0.27
1,1544062093971,9.62,3.88,0.31
1,1544062093971,10.05,0.87,0.21
1,1544062093971,9.96,2.14,-0.82
1,1544062094120,9.96,3.49,-1.93
1,1544062094121,9.92,2.83,-2.03
1,1544062094121,10.05,1.25,-2.77
1,1544062094122,10.11,-0.48,-2.16
1,1544062094122,9.94,-1.19,-2.08
1,1544062094193,9.96,-0.41,-2.42
1,1544062094194,9.72,1.13,-2.48
1,1544062094194,9.92,0.42,-2.26
1,1544062094195,9.84,0.42,-2.08
1,1544062094195,9.82,0.93,-1.99
1,1544062094195,9.62,2.12,-0.97
1,1544062094196,9.68,2.42,-0.72
1,1544062094196,9.84,2.2,-0.39
1,1544062094268,9.88,2.07,-0.48
1,1544062094268,9.84,2.08,0.64
1,1544062094268,9.84,2.55,0.7
1,1544062094288,9.88,2.36,0.6
1,1544062094288,9.84,2.1,0.64
1,1544062094288,9.88,1.87,0.46
1,1544062094289,9.88,2.18,-0.09
1,1544062094289,9.8,2.2,-0.25
1,1544062094343,9.8,2.38,-0.29
1,1544062094343,9.8,2.46,-0.56
1,1544062094343,9.78,2.3,-0.62
1,1544062094343,9.7,2.26,-0.62
1,1544062094344,9.72,2.08,-0.54
1,1544062094353,9.57,2.07,-0.56
1,1544062094354,9.64,2.2,-0.74
1,1544062094354,9.68,2.12,-1.01
1,1544062094418,9.76,1.91,-1.21
1,1544062094419,9.74,2.16,-1.62
1,1544062094420,9.72,2.08,-1.6
1,1544062094420,9.68,1.97,-1.64
1,1544062094421,9.68,2.01,-1.64
1,1544062094421,9.64,2.32,-1.95
1,1544062094423,9.6,2.2,-1.77
1,1544062094423,9.82,1.46,-1.54
1,1544062094494,9.76,1.3,-1.15
1,1544062094495,9.8,1.95,-1.09
1,1544062094496,9.76,1.91,-1.03
1,1544062094496,9.8,1.75,-1.09
1,1544062094497,9.8,1.71,-1.07
1,1544062094497,9.7,1.79,-1.03
1,1544062094497,9.72,1.79,-0.93
1,1544062094497,9.66,1.97,-0.85
1,1544062094568,9.58,2.08,-0.66
1,1544062094596,10.19,1.79,0.66
1,1544062094597,9.82,1.75,0.27
1,1544062094597,9.43,2.24,-0.93
1,1544062094598,9.98,1.19,-0.44
1,1544062094599,10.0,2.07,-1.05
1,1544062094599,9.7,1.91,-0.7
1,1544062094645,9.72,2.3,-0.87
1,1544062094646,9.94,2.01,-0.83
1,1544062094647,9.82,2.07,-1.21
1,1544062094647,9.84,1.67,-1.17
1,1544062094647,9.82,1.66,-1.25
1,1544062094648,9.88,1.73,-1.25
1,1544062094648,9.82,1.73,-0.83
1,1544062094648,9.78,1.89,-0.8
1,1544062094721,9.78,1.89,-0.76
1,1544062094722,9.72,1.89,-0.72
1,1544062094723,9.7,1.99,-0.66
1,1544062094727,9.7,2.07,-0.6
1,1544062094728,9.7,2.03,-0.6
1,1544062094729,9.72,2.14,-0.64
1,1544062094730,9.86,1.87,-0.56
1,1544062094794,9.86,1.67,-0.5
1,1544062094795,9.78,1.89,-0.64
1,1544062094796,9.7,2.08,-0.78
1,1544062094796,9.72,1.95,-0.83
1,1544062094796,9.66,2.05,-0.91
1,1544062094796,9.68,2.03,-0.91
1,1544062094808,9.78,1.73,-0.8
1,1544062094809,9.82,1.73,-0.64
1,1544062094869,9.84,1.69,-0.56
1,1544062094870,9.78,1.75,-0.48
1,1544062094870,9.82,1.77,-0.46
1,1544062094871,9.84,1.91,-0.44
1,1544062094871,9.82,1.79,-0.48
1,1544062094892,9.82,1.81,-0.54
1,1544062094893,9.78,1.93,-0.56
1,1544062094955,9.78,1.75,-0.46
1,1544062094956,9.78,1.77,-0.5
1,1544062094956,9.84,1.66,-0.48
1,1544062094956,9.86,1.64,-0.54
1,1544062094957,9.84,1.56,-0.64
1,1544062094957,9.8,1.5,-0.68
1,1544062094957,9.84,1.69,-0.7
1,1544062094957,9.84,1.77,-0.68
1,1544062095020,9.88,1.67,-0.52
1,1544062095021,9.82,1.83,-0.5
1,1544062095021,9.78,1.81,-0.44
1,1544062095022,9.78,1.73,-0.5
1,1544062095023,9.72,1.87,-0.33
1,1544062095023,9.74,1.85,-0.29
1,1544062095024,9.76,1.73,-0.09
1,1544062095093,9.74,1.67,0.05
1,1544062095109,9.76,1.91,-0.07
1,1544062095110,9.76,2.14,-0.15
1,1544062095110,9.76,2.03,-0.25
1,1544062095110,9.8,2.01,-0.33
1,1544062095110,9.76,1.97,-0.39
1,1544062095111,9.76,1.91,-0.44
1,1544062095111,9.8,1.83,-0.42
1,1544062095167,9.76,1.83,-0.37
1,1544062095247,9.74,1.97,-0.41
1,1544062095261,9.76,2.07,-0.44
1,1544062095262,9.76,2.07,-0.5
1,1544062095262,9.74,2.01,-0.54
1,1544062095262,9.74,2.07,-0.42
1,1544062095262,9.74,1.93,-0.23
1,1544062095262,9.76,1.93,-0.11
1,1544062095262,9.76,1.91,-0.01
1,1544062095321,9.72,2.07,-0.13
1,1544062095323,9.72,2.16,-0.21
1,1544062095323,9.74,2.05,-0.15
1,1544062095323,9.76,1.89,-0.11
1,1544062095347,9.76,1.83,-0.01
1,1544062095350,9.76,2.01,-0.09
1,1544062095351,9.76,1.99,-0.15
1,1544062095352,9.8,2.12,-0.27
1,1544062095396,9.76,2.2,-0.33
1,1544062095397,9.74,2.01,-0.03
1,1544062095412,9.78,1.99,-0.09
1,1544062095413,9.76,2.07,-0.15
1,1544062095413,9.74,2.14,-0.29
1,1544062095413,9.72,2.16,-0.33
1,1544062095413,9.72,2.16,-0.31
1,1544062095414,9.7,2.22,-0.25
1,1544062095469,9.76,1.95,0.17
1,1544062095470,9.68,2.16,0.21
1,1544062095470,9.72,2.24,0.13
1,1544062095470,9.74,2.12,0.09
1,1544062095479,9.74,2.14,-0.07
1,1544062095480,9.74,2.14,-0.21
1,1544062095480,9.76,2.14,-0.23
1,1544062095480,9.7,2.14,-0.31
1,1544062095545,9.74,2.3,-0.41
1,1544062095546,9.74,2.3,-0.48
1,1544062095547,9.76,2.08,-0.44
1,1544062095548,9.78,2.07,-0.39
1,1544062095568,9.72,2.08,-0.19
1,1544062095568,9.74,2.12,-0.17
1,1544062095569,9.78,2.1,-0.17
1,1544062095569,9.78,2.03,-0.11
1,1544062095640,9.74,2.22,-0.27
1,1544062095640,9.78,2.26,-0.33
1,1544062095640,9.74,2.2,-0.35
1,1544062095641,9.74,2.28,-0.48
1,1544062095641,9.8,2.22,-0.44
1,1544062095641,9.78,2.2,-0.52
1,1544062095642,9.82,1.99,-0.56
1,1544062095695,9.62,1.85,0.01
1,1544062095696,9.57,2.16,1.09
1,1544062095717,9.58,1.81,1.23
1,1544062095718,9.57,2.03,1.21
1,1544062095718,9.58,2.14,1.21
1,1544062095718,9.7,2.3,0.66
1,1544062095719,9.72,2.26,0.31
1,1544062095774,9.72,2.26,0.07
1,1544062095799,9.74,2.32,-0.13
1,1544062095799,9.74,2.18,-0.13
1,1544062095799,9.76,2.01,0.0
1,1544062095799,9.78,1.99,0.15
1,1544062095800,9.76,1.97,0.25
1,1544062095800,9.7,2.03,0.6
1,1544062095800,9.74,2.01,0.62
1,1544062095845,9.72,1.95,0.64
1,1544062095845,9.76,2.07,0.56
1,1544062095848,9.76,1.95,0.27
1,1544062095848,9.76,2.03,0.17
1,1544062095849,9.76,2.08,0.05
1,1544062095849,9.78,2.03,-0.01
1,1544062095850,9.72,2.18,-0.05
1,1544062095923,9.76,2.07,0.0
1,1544062095924,9.7,2.05,0.11
1,1544062095925,9.72,2.07,0.11
1,1544062095925,9.8,1.95,0.15
1,1544062095926,9.74,1.97,0.25
1,1544062095926,9.76,2.03,0.21
1,1544062095927,9.74,2.08,0.23
1,1544062095927,9.74,2.2,0.11
1,1544062095999,9.74,2.14,0.07
1,1544062096001,9.74,2.16,0.03
1,1544062096002,9.74,2.22,0.01
1,1544062096003,9.74,2.07,-0.07
1,1544062096004,9.76,2.08,-0.07
1,1544062096005,9.74,2.18,-0.01
1,1544062096006,9.72,2.16,0.03
1,1544062096073,9.74,2.12,0.25
1,1544062096076,9.7,2.2,0.31
1,1544062096077,9.66,2.3,0.31
1,1544062096078,9.7,2.32,0.37
1,1544062096079,9.7,2.22,0.37
1,1544062096080,9.74,2.2,0.29
1,1544062096081,9.68,2.28,0.25
1,1544062096082,9.68,2.24,0.19
1,1544062096147,9.68,2.3,0.17
1,1544062096169,9.7,2.28,0.21
1,1544062096170,9.72,2.28,0.15
1,1544062096170,9.68,2.28,0.19
1,1544062096171,9.68,2.24,0.21
1,1544062096172,9.66,2.24,0.13
1,1544062096172,9.7,2.22,0.13
1,1544062096221,9.68,2.24,0.15
1,1544062096221,9.7,2.22,0.13
1,1544062096222,9.7,2.22,0.13
1,1544062096222,9.7,2.28,0.09
1,1544062096223,9.7,2.34,0.05
1,1544062096224,9.68,2.24,0.0
1,1544062096224,9.72,2.24,-0.03
1,1544062096225,9.68,2.26,0.01
1,1544062096296,9.68,2.26,0.0
1,1544062096297,9.7,2.28,0.11
1,1544062096297,9.72,2.22,0.17
1,1544062096373,9.7,2.22,0.25
1,1544062096376,9.66,2.28,0.13
1,1544062096376,9.7,2.26,0.11
1,1544062096377,9.68,2.26,0.15
1,1544062096378,9.68,2.34,0.21
1,1544062096378,9.68,2.2,0.19
1,1544062096379,9.7,2.3,0.09
1,1544062096379,9.72,2.18,0.05
1,1544062096444,9.7,2.24,0.05
1,1544062096520,9.7,2.28,0.01
1,1544062096539,9.72,2.08,-0.05
1,1544062096540,9.76,2.05,-0.07
1,1544062096541,9.74,2.18,-0.01
1,1544062096542,9.74,2.26,0.03
1,1544062096542,9.7,2.24,0.03
1,1544062096543,9.7,2.26,-0.03
1,1544062096543,9.68,2.26,-0.11
1,1544062096597,9.72,2.26,-0.19
1,1544062096599,9.72,2.18,-0.23
1,1544062096600,9.72,2.24,-0.13
1,1544062096602,9.7,2.28,-0.13
1,1544062096603,9.74,2.26,-0.19
1,1544062096604,9.7,2.16,-0.25
1,1544062096606,9.72,2.16,-0.25
1,1544062096607,9.72,2.16,-0.25
1,1544062096669,9.72,2.18,-0.21
1,1544062096686,9.72,2.24,-0.11
1,1544062096686,9.76,2.12,-0.13
1,1544062096686,9.72,2.12,-0.05
1,1544062096686,9.7,2.26,0.09
1,1544062096687,9.7,2.07,0.19
1,1544062096687,9.7,2.2,0.13
1,1544062096687,9.7,2.32,0.09
1,1544062096742,9.72,2.16,0.01
1,1544062096743,9.78,2.05,-0.48
1,1544062096743,9.8,1.97,-0.6
1,1544062096744,9.76,1.95,-0.54
1,1544062096745,9.8,1.87,-0.54
1,1544062096745,9.82,1.93,-0.27
1,1544062096745,9.78,1.89,-0.15
1,1544062096746,9.76,2.12,-0.09
1,1544062096818,9.74,2.18,-0.11
1,1544062096818,9.7,2.22,-0.01
1,1544062096819,9.66,2.18,-0.07
1,1544062096837,9.7,2.16,-0.13
1,1544062096837,9.7,2.16,-0.19
1,1544062096837,9.68,2.2,-0.21
1,1544062096837,9.74,2.2,-0.25
1,1544062096838,9.7,2.26,-0.37
1,1544062096893,9.7,2.24,-0.33
1,1544062096893,9.72,2.2,-0.17
1,1544062096893,9.72,2.16,-0.15
1,1544062096894,9.72,2.1,-0.19
1,1544062096894,9.68,2.16,-0.23
1,1544062096894,9.68,2.28,-0.33
1,1544062096895,9.7,2.34,-0.44
1,1544062096968,9.7,2.3,-0.5
1,1544062096969,9.68,2.3,-0.52
1,1544062096969,9.7,2.26,-0.33
1,1544062096970,9.68,2.3,-0.21
1,1544062096971,9.68,2.26,-0.07
1,1544062096971,9.7,2.22,-0.11
1,1544062096971,9.68,2.1,-0.09
1,1544062096972,9.74,2.05,-0.13
1,1544062097043,9.7,2.12,-0.23
1,1544062097044,9.72,2.26,-0.27
1,1544062097045,9.78,2.12,-0.27
1,1544062097045,9.76,2.18,-0.39
1,1544062097045,9.74,2.16,-0.44
1,1544062097045,9.76,2.14,-0.46
1,1544062097046,9.76,2.1,-0.41
1,1544062097119,9.76,2.03,-0.23
1,1544062097119,9.76,1.97,-0.01
1,1544062097120,9.76,2.01,-0.05
1,1544062097120,9.76,1.93,-0.23
1,1544062097121,9.72,2.03,-0.39
1,1544062097121,9.74,2.05,-0.41
1,1544062097121,9.78,2.01,-0.48
1,1544062097122,9.74,1.97,-0.37
1,1544062097194,9.74,1.99,-0.39
1,1544062097195,9.76,2.01,-0.31
1,1544062097196,9.72,2.07,-0.29
1,1544062097196,9.74,2.08,-0.17
1,1544062097196,9.76,1.99,-0.23
1,1544062097196,9.76,1.95,-0.19
1,1544062097197,9.74,2.08,-0.25
1,1544062097268,9.74,2.14,-0.35
1,1544062097268,9.76,2.12,-0.37
1,1544062097269,9.78,2.14,-0.44
1,1544062097270,9.76,2.16,-0.54
1,1544062097270,9.76,2.16,-0.62
1,1544062097271,9.76,2.16,-0.64
1,1544062097271,9.76,2.12,-0.58
1,1544062097272,9.72,2.14,-0.52
1,1544062097343,9.7,2.12,-0.31
1,1544062097343,9.74,2.08,-0.21
1,1544062097358,9.72,2.12,-0.27
1,1544062097359,9.68,2.12,-0.25
1,1544062097359,9.74,2.22,-0.35
1,1544062097359,9.7,2.24,-0.41
1,1544062097360,9.7,2.18,-0.44
1,1544062097418,9.7,2.18,-0.39
1,1544062097419,9.74,2.14,-0.5
1,1544062097419,9.72,2.14,-0.48
1,1544062097425,9.74,2.16,-0.46
1,1544062097426,9.76,2.12,-0.37
1,1544062097493,9.72,2.18,-0.33
1,1544062097494,9.68,2.18,-0.31
1,1544062097495,9.72,2.12,-0.21
1,1544062097496,9.72,2.12,-0.21
1,1544062097496,9.7,2.14,-0.29
1,1544062097497,9.7,2.16,-0.25
1,1544062097497,9.72,2.2,-0.27
1,1544062097497,9.76,2.22,-0.19
1,1544062097568,9.74,2.14,-0.27
1,1544062097568,9.7,2.18,-0.29
1,1544062097577,9.66,2.26,-0.25
1,1544062097577,9.68,2.24,-0.27
1,1544062097578,9.72,2.2,-0.37
1,1544062097578,9.72,2.22,-0.5
1,1544062097578,9.72,2.22,-0.54
1,1544062097578,9.74,2.24,-0.62
1,1544062097643,9.74,2.16,-0.74
1,1544062097643,9.7,2.22,-0.7
1,1544062097717,9.7,2.26,-0.68
1,1544062097727,9.7,2.18,-0.58
1,1544062097727,9.72,2.2,-0.44
1,1544062097727,9.7,2.14,-0.35
1,1544062097728,9.7,2.16,-0.31
1,1544062097728,9.68,2.24,-0.31
1,1544062097728,9.72,2.18,-0.46
1,1544062097728,9.72,2.18,-0.41
1,1544062097793,9.74,2.2,-0.48
1,1544062097793,9.7,2.18,-0.15
1,1544062097793,9.72,2.26,-0.23
1,1544062097812,9.7,2.22,-0.27
1,1544062097812,9.72,2.12,-0.25
1,1544062097813,9.72,2.12,-0.37
1,1544062097813,9.74,2.05,-0.35
1,1544062097813,9.74,2.03,-0.29
1,1544062097947,9.76,2.07,-0.33
1,1544062097948,9.74,2.03,-0.33
1,1544062097948,9.74,2.1,-0.44
1,1544062097948,9.7,2.08,-0.5
1,1544062098018,9.72,2.14,-0.44
1,1544062098018,9.72,2.1,-0.39
1,1544062098019,9.72,2.12,-0.35
1,1544062098020,9.72,2.08,-0.33
1,1544062098021,9.7,2.16,-0.25
1,1544062098021,9.68,2.2,-0.37
1,1544062098022,9.72,2.2,-0.33
1,1544062098022,9.68,2.22,-0.23
1,1544062098093,9.72,2.28,-0.27
1,1544062098094,9.68,2.3,-0.27
1,1544062098114,9.66,2.42,-0.19
1,1544062098114,9.68,2.28,-0.17
1,1544062098114,9.68,2.3,-0.23
1,1544062098115,9.68,2.4,-0.33
1,1544062098115,9.72,2.22,-0.37
1,1544062098115,9.7,2.28,-0.41
1,1544062098170,9.7,2.2,-0.41
1,1544062098170,9.7,2.24,-0.41
1,1544062098171,9.7,2.26,-0.37
1,1544062098171,9.7,2.22,-0.39
1,1544062098171,9.68,2.16,-0.35
1,1544062098172,9.64,2.36,-0.33
1,1544062098172,9.64,2.28,-0.19
1,1544062098172,9.68,2.4,-0.15
1,1544062098246,9.68,2.36,-0.15
1,1544062098247,9.68,2.3,-0.21
1,1544062098248,9.68,2.28,-0.27
1,1544062098248,9.7,2.34,-0.35
1,1544062098249,9.7,2.26,-0.33
1,1544062098250,9.7,2.32,-0.39
1,1544062098251,9.68,2.34,-0.27
1,1544062098252,9.72,2.36,-0.27
1,1544062098322,9.7,2.22,-0.21
1,1544062098323,9.72,2.1,-0.17
1,1544062098324,9.72,2.3,-0.15
1,1544062098325,9.66,2.3,-0.11
1,1544062098325,9.66,2.34,-0.19
1,1544062098350,9.64,2.4,-0.03
1,1544062098351,9.68,2.32,-0.09
1,1544062098396,9.68,2.26,-0.13
1,1544062098398,9.7,2.18,-0.17
1,1544062098398,9.7,2.18,-0.17
1,1544062098399,9.7,2.16,-0.19
1,1544062098400,9.66,2.2,-0.19
1,1544062098401,9.7,2.24,-0.29
1,1544062098403,9.68,2.32,-0.37
1,1544062098403,9.7,2.28,-0.33
1,1544062098472,9.66,2.3,-0.29
1,1544062098485,9.68,2.3,-0.23
1,1544062098486,9.68,2.16,-0.17
1,1544062098486,9.68,2.22,-0.15
1,1544062098486,9.7,2.22,-0.13
1,1544062098487,9.72,2.24,-0.25
1,1544062098487,9.72,2.26,-0.37
1,1544062098543,9.72,2.2,-0.58
1,1544062098544,9.76,2.16,-0.56
1,1544062098545,9.76,2.12,-0.54
1,1544062098545,9.74,2.14,-0.44
1,1544062098545,9.72,2.14,-0.27
1,1544062098574,9.74,2.18,-0.27
1,1544062098575,9.72,2.24,-0.21
1,1544062098576,9.7,2.12,-0.17
1,1544062098628,9.7,2.2,-0.42
1,1544062098628,9.72,2.24,-0.5
1,1544062098629,9.72,2.2,-0.5
1,1544062098629,9.76,2.12,-0.52
1,1544062098629,9.7,2.2,-0.54
1,1544062098630,9.74,2.24,-0.46
1,1544062098630,9.72,2.2,-0.33
1,1544062098695,9.74,2.18,-0.37
1,1544062098696,9.72,2.2,-0.31
1,1544062098720,9.74,2.16,-0.31
1,1544062098721,9.7,2.14,-0.29
1,1544062098721,9.7,2.16,-0.37
1,1544062098721,9.68,2.22,-0.42
1,1544062098722,9.7,2.18,-0.42
1,1544062098722,9.66,2.2,-0.37
1,1544062098768,9.66,2.18,-0.27
1,1544062098787,9.66,2.22,-0.37
1,1544062098787,9.64,2.3,-0.35
1,1544062098788,9.68,2.22,-0.39
1,1544062098789,9.68,2.3,-0.41
1,1544062098789,9.66,2.32,-0.42
1,1544062098789,9.68,2.24,-0.46
1,1544062098845,9.7,2.3,-0.52
1,1544062098846,9.74,2.28,-0.56
1,1544062098846,9.78,1.97,-0.54
1,1544062098854,9.76,2.07,-0.54
1,1544062098854,9.76,2.14,-0.56
1,1544062098855,9.74,2.07,-0.56
1,1544062098855,9.72,2.05,-0.58
1,1544062098855,9.7,2.08,-0.54
1,1544062098919,9.72,2.1,-0.56
1,1544062098994,9.7,2.12,-0.58
1,1544062099071,9.72,2.14,-0.68
1,1544062099072,9.7,2.16,-0.76
1,1544062099073,9.66,2.14,-0.76
1,1544062099073,9.68,2.16,-0.66
1,1544062099074,9.68,2.03,-0.6
1,1544062099074,9.72,2.05,-0.62
1,1544062099076,9.78,2.03,-0.72
1,1544062099076,9.76,2.08,-0.64
1,1544062099144,9.74,2.12,-0.6
1,1544062099145,9.72,2.12,-0.95
1,1544062099146,9.72,2.18,-0.87
1,1544062099158,9.7,2.16,-0.8
1,1544062099159,9.68,2.12,-0.76
1,1544062099159,9.7,2.12,-0.76
1,1544062099160,9.72,2.18,-0.76
1,1544062099160,9.72,2.07,-0.85
1,1544062099225,9.74,2.05,-0.89
1,1544062099226,9.7,2.12,-1.03
1,1544062099226,9.72,2.14,-0.99
1,1544062099226,9.76,2.22,-1.01
1,1544062099227,9.76,2.14,-0.93
1,1544062099227,9.72,2.2,-0.68
1,1544062099227,9.68,2.2,-0.56
1,1544062099228,9.66,2.24,-0.48
1,1544062099294,9.66,2.28,-0.44
1,1544062099294,9.66,2.28,-0.58
1,1544062099295,9.66,2.3,-0.62
1,1544062099295,9.7,2.24,-0.76
1,1544062099295,9.7,2.3,-0.8
1,1544062099295,9.7,2.28,-0.72
1,1544062099296,9.74,2.1,-0.66
1,1544062099296,9.72,2.1,-0.58
1,1544062099370,9.72,2.14,-0.54
1,1544062099372,9.72,2.07,-0.5
1,1544062099373,9.72,2.03,-0.56
1,1544062099374,9.72,2.1,-0.62
1,1544062099376,9.72,2.16,-0.68
1,1544062099377,9.7,2.12,-0.74
1,1544062099378,9.72,2.12,-0.72
1,1544062099447,9.68,2.16,-0.6
1,1544062099447,9.74,2.08,-0.62
1,1544062099448,9.74,2.05,-0.54
1,1544062099448,9.78,1.97,-0.52
1,1544062099448,9.74,2.01,-0.58
1,1544062099449,9.72,2.1,-0.64
1,1544062099450,9.7,1.99,-0.78
1,1544062099450,9.7,1.93,-0.8
1,1544062099523,9.76,2.03,-0.8
1,1544062099524,9.76,2.08,-0.82
1,1544062099524,9.76,2.08,-0.83
1,1544062099524,9.74,2.08,-0.85
1,1544062099524,9.72,1.91,-0.76
1,1544062099525,9.76,1.91,-0.76
1,1544062099525,9.74,1.97,-0.83
1,1544062099595,9.72,2.08,-0.85
1,1544062099596,9.7,2.18,-0.91
1,1544062099597,9.72,2.08,-0.83
1,1544062099598,9.72,2.16,-0.7
1,1544062099598,9.72,2.18,-0.62
1,1544062099599,9.72,2.16,-0.54
1,1544062099599,9.7,2.12,-0.5
1,1544062099600,9.7,2.01,-0.6
1,1544062099671,9.7,2.07,-0.66
1,1544062099671,9.66,2.16,-0.68
1,1544062099672,9.66,2.16,-0.66
1,1544062099672,9.74,2.07,-0.72
1,1544062099672,9.74,1.99,-0.7
1,1544062099673,9.72,1.97,-0.8
1,1544062099674,9.76,2.07,-0.74
1,1544062099744,9.7,2.08,-0.87
1,1544062099760,9.76,2.08,-0.89
1,1544062099760,9.74,2.14,-0.89
1,1544062099760,9.74,2.16,-0.7
1,1544062099760,9.72,2.16,-0.5
1,1544062099760,9.74,2.16,-0.39
1,1544062099761,9.74,2.12,-0.31
1,1544062099761,9.7,2.22,-0.35
1,1544062099821,9.7,2.18,-0.46
1,1544062099822,9.72,2.1,-0.52
1,1544062099823,9.72,2.08,-0.6
1,1544062099831,9.74,2.03,-0.64
1,1544062099831,9.74,2.03,-0.74
1,1544062099832,9.76,1.97,-0.72
1,1544062099832,9.74,1.99,-0.7
1,1544062099896,9.7,1.97,-0.66
1,1544062099915,9.72,1.99,-0.64
1,1544062099916,9.72,2.03,-0.58
1,1544062099916,9.7,2.05,-0.54
1,1544062099916,9.76,2.01,-0.54
1,1544062099917,9.72,2.03,-0.62
1,1544062099917,9.74,2.07,-0.64
1,1544062099971,9.72,2.07,-0.64
1,1544062099973,9.72,2.08,-0.72
1,1544062099974,9.72,2.14,-0.68
1,1544062099975,9.74,2.07,-0.56
1,1544062099976,9.72,2.07,-0.5
1,1544062099977,9.76,2.03,-0.42
1,1544062100046,9.8,1.95,-0.46
1,1544062100048,9.76,2.1,-0.58
1,1544062100049,9.74,2.12,-0.68
1,1544062100050,9.74,2.05,-0.72
1,1544062100051,9.74,2.05,-0.76
1,1544062100053,9.74,2.05,-0.76
1,1544062100053,9.76,1.97,-0.83
1,1544062100055,9.74,2.07,-0.7
1,1544062100162,9.74,2.01,-0.5
1,1544062100162,9.72,1.99,-0.39
1,1544062100163,9.76,1.99,-0.39
1,1544062100163,9.76,2.01,-0.39
1,1544062100163,9.68,2.2,-0.58
1,1544062100164,9.68,2.24,-0.64
1,1544062100165,9.72,2.16,-0.68
1,1544062100165,9.7,2.14,-0.62
1,1544062100195,9.7,2.12,-0.68
1,1544062100195,9.74,2.07,-0.62
1,1544062100210,9.7,2.08,-0.58
1,1544062100210,9.72,2.03,-0.52
1,1544062100210,9.74,2.03,-0.64
1,1544062100211,9.7,2.05,-0.66
1,1544062100211,9.74,2.05,-0.66
1,1544062100211,9.72,2.03,-0.68
1,1544062100273,9.74,2.07,-0.66
1,1544062100275,9.68,2.07,-0.56
1,1544062100276,9.72,2.03,-0.52
1,1544062100277,9.7,1.97,-0.54
1,1544062100277,9.72,2.01,-0.7
1,1544062100278,9.72,2.07,-0.76
1,1544062100279,9.74,2.07,-0.74
1,1544062100280,9.78,1.99,-0.85
1,1544062100346,9.8,1.83,-0.85
1,1544062100348,9.78,1.81,-0.89
1,1544062100350,9.78,1.91,-0.97
1,1544062100351,9.8,1.95,-1.07
1,1544062100432,9.78,1.85,-1.11
1,1544062100434,9.78,1.91,-1.11
1,1544062100435,9.74,1.95,-0.99
1,1544062100436,9.78,1.87,-1.01
1,1544062100437,9.72,2.01,-1.03
1,1544062100439,9.7,2.08,-1.03
1,1544062100440,9.76,2.07,-1.09
1,1544062100440,9.76,2.08,-1.05
1,1544062100498,9.72,1.93,-1.03
1,1544062100500,9.7,1.89,-0.87
1,1544062100501,9.7,2.08,-0.93
1,1544062100503,9.74,2.01,-0.95
1,1544062100504,9.72,2.07,-0.99
1,1544062100505,9.72,2.1,-1.11
1,1544062100506,9.7,2.14,-1.15
1,1544062100507,9.72,2.22,-1.17
1,1544062100574,9.8,1.93,-1.15
1,1544062100602,9.7,1.93,-1.11
1,1544062100603,9.8,1.89,-1.21
1,1544062100604,9.74,2.07,-1.25
1,1544062100605,9.68,1.95,-1.26
1,1544062100606,9.64,1.97,-1.26
1,1544062100607,9.66,2.22,-1.21
1,1544062100608,9.74,2.1,-1.23
1,1544062100645,9.76,1.85,-1.28
1,1544062100646,9.74,1.75,-1.3
1,1544062100647,9.76,1.75,-1.32
1,1544062100647,9.82,1.38,-1.09
1,1544062100648,9.88,1.26,-1.05
1,1544062100648,9.8,1.5,-1.05
1,1544062100649,9.82,1.66,-1.15
1,1544062100649,9.78,1.69,-1.28
1,1544062100720,9.76,1.73,-1.3
1,1544062100748,9.78,1.79,-1.34
1,1544062100749,9.78,1.73,-1.32
1,1544062100750,9.74,1.79,-1.21
1,1544062100750,9.76,1.77,-1.15
1,1544062100751,9.78,1.66,-1.11
1,1544062100752,9.82,1.62,-1.05
1,1544062100752,9.76,1.75,-1.15
1,1544062100794,9.8,1.71,-1.21
1,1544062100796,9.76,1.87,-1.25
1,1544062100796,9.76,1.87,-1.25
1,1544062100818,9.76,1.81,-1.11
1,1544062100818,9.74,1.79,-0.97
1,1544062100819,9.74,1.75,-0.89
1,1544062100819,9.76,1.79,-0.91
1,1544062100870,9.78,1.83,-1.05
1,1544062100871,9.78,1.75,-1.11
1,1544062100871,9.8,1.77,-1.15
1,1544062100871,9.76,1.83,-1.19
1,1544062100872,9.78,1.85,-1.11
1,1544062100872,9.76,1.81,-1.01
1,1544062100872,9.78,1.79,-0.89
1,1544062100873,9.78,1.81,-0.95
1,1544062100949,9.76,1.83,-1.07
1,1544062100951,9.76,1.79,-1.15
1,1544062100953,9.76,1.77,-1.13
1,1544062100954,9.78,1.77,-1.07
1,1544062100956,9.74,1.75,-1.09
1,1544062100957,9.74,1.73,-1.05
1,1544062100958,9.76,1.77,-0.99
1,1544062101031,9.76,1.77,-1.03
1,1544062101032,9.8,1.81,-1.11
1,1544062101033,9.78,1.79,-1.13
1,1544062101033,9.78,1.79,-1.15
1,1544062101034,9.76,1.81,-1.05
1,1544062101034,9.78,1.81,-1.09
1,1544062101035,9.76,1.77,-1.13
1,1544062101035,9.78,1.75,-1.15
1,1544062101095,9.78,1.77,-1.07
1,1544062101102,9.8,1.67,-1.05
1,1544062101103,9.78,1.77,-0.99
1,1544062101103,9.76,1.83,-1.01
1,1544062101104,9.76,1.81,-0.99
1,1544062101104,9.78,1.79,-0.99
1,1544062101104,9.76,1.85,-1.03
1,1544062101173,9.74,1.87,-1.03
1,1544062101174,9.76,1.83,-1.07
1,1544062101175,9.78,1.73,-1.17
1,1544062101176,9.72,1.85,-1.13
1,1544062101177,9.8,1.81,-1.13
1,1544062101177,9.76,1.75,-1.19
1,1544062101178,9.76,1.89,-1.05
1,1544062101178,9.78,1.83,-1.03
1,1544062101246,9.78,1.79,-0.99
1,1544062101247,9.8,1.75,-0.97
1,1544062101247,9.74,1.87,-0.87
1,1544062101249,9.78,1.75,-0.8
1,1544062101250,9.78,1.73,-0.87
1,1544062101250,9.76,1.75,-0.83
1,1544062101251,9.78,1.83,-0.85
1,1544062101329,9.78,1.85,-0.91
1,1544062101330,9.74,1.85,-0.95
1,1544062101331,9.74,1.83,-0.97
1,1544062101332,9.8,1.79,-0.99
1,1544062101334,9.78,1.79,-1.05
1,1544062101335,9.76,1.69,-1.05
1,1544062101336,9.8,1.69,-0.99
1,1544062101337,9.8,1.58,-1.07
1,1544062101393,9.78,1.58,-1.09
1,1544062101394,9.8,1.67,-1.11
1,1544062101394,9.76,1.81,-1.09
1,1544062101404,9.74,1.85,-1.07
1,1544062101405,9.76,1.85,-0.95
1,1544062101405,9.78,1.77,-0.91
1,1544062101405,9.8,1.75,-0.93
1,1544062101471,9.78,1.75,-1.09
1,1544062101471,9.8,1.66,-1.21
1,1544062101490,9.82,1.67,-1.21
1,1544062101491,9.82,1.71,-1.23
1,1544062101491,9.8,1.73,-1.13
1,1544062101492,9.76,1.83,-0.97
1,1544062101492,9.78,1.83,-0.87
1,1544062101493,9.82,1.77,-0.87
1,1544062101546,9.8,1.77,-1.01
1,1544062101547,9.76,1.75,-1.09
1,1544062101547,9.8,1.66,-1.05
1,1544062101547,9.78,1.58,-0.99
1,1544062101548,9.78,1.73,-1.05
1,1544062101548,9.76,1.81,-0.99
1,1544062101548,9.8,1.75,-0.93
1,1544062101701,9.82,1.83,-0.97
1,1544062101703,9.82,1.71,-1.05
1,1544062101775,9.82,1.73,-1.05
1,1544062101777,9.82,1.79,-1.15
1,1544062101779,9.8,1.67,-1.05
1,1544062101780,9.84,1.64,-0.85
1,1544062101781,9.84,1.69,-0.6
1,1544062101782,9.84,1.71,-0.46
1,1544062101783,9.58,1.85,-0.62
1,1544062101784,9.7,2.05,-0.87
1,1544062101846,9.82,1.75,-0.74
1,1544062101847,9.78,1.79,-0.8
1,1544062101847,9.78,1.89,-0.27
1,1544062101926,9.72,2.03,-0.46
1,1544062101928,9.76,2.08,-0.46
1,1544062101929,9.8,1.89,-0.58
1,1544062101929,9.8,1.85,-0.7
1,1544062101930,9.86,1.66,-0.82
1,1544062101931,9.88,1.5,-0.83
1,1544062101932,9.86,1.58,-0.82
1,1544062101932,9.84,1.6,-0.78
1,1544062101999,9.8,1.6,-0.66
1,1544062101999,9.82,1.5,-0.52
1,1544062102000,9.8,1.73,-0.35
1,1544062102000,9.82,1.95,-0.58
1,1544062102068,9.8,1.75,-0.66
1,1544062102068,9.88,1.56,-0.68
1,1544062102069,9.82,1.79,-0.85
1,1544062102069,9.82,1.73,-0.72
1,1544062102077,9.8,1.93,-0.58
1,1544062102077,9.9,1.52,-0.25
1,1544062102077,9.86,1.54,-0.37
1,1544062102078,9.86,1.54,-0.46
1,1544062102143,9.84,1.52,-0.52
1,1544062102143,9.82,1.6,-0.41
1,1544062102161,9.88,1.34,-0.03
1,1544062102161,9.84,1.44,-0.05
1,1544062102162,9.84,1.46,-0.23
1,1544062102226,9.9,1.38,-0.41
1,1544062102227,9.86,1.4,-0.62
1,1544062102227,9.88,1.52,-0.85
1,1544062102227,9.82,1.46,-0.85
1,1544062102227,9.84,1.44,-0.7
1,1544062102228,9.88,1.4,-0.56
1,1544062102228,9.86,1.46,-0.6
1,1544062102228,9.84,1.56,-0.74
1,1544062102292,9.82,1.64,-0.82
1,1544062102293,9.84,1.56,-0.91
1,1544062102294,9.86,1.71,-1.05
1,1544062102310,9.82,1.79,-1.15
1,1544062102310,9.86,1.67,-1.05
1,1544062102311,9.86,1.67,-1.09
1,1544062102311,9.86,1.71,-1.09
1,1544062102311,9.86,1.58,-0.97
1,1544062102372,9.82,1.34,-0.58
1,1544062102373,9.76,1.62,-0.41
1,1544062102373,9.82,1.62,-0.44
1,1544062102373,9.9,1.69,-0.56
1,1544062102373,9.96,1.71,-0.78
1,1544062102373,9.9,1.64,-0.76
1,1544062102374,9.9,1.69,-0.89
1,1544062102374,9.82,1.44,-0.78
1,1544062102445,9.9,1.34,-0.85
1,1544062102445,9.92,1.3,-0.91
1,1544062102445,9.86,1.6,-0.87
1,1544062102445,9.6,1.66,0.03
1,1544062102445,9.82,1.3,0.64
1,1544062102446,9.72,1.52,0.87
1,1544062102446,9.84,1.28,0.95
1,1544062102446,9.88,1.36,0.62
1,1544062102594,9.86,1.66,0.21
1,1544062102595,9.82,1.75,-0.19
1,1544062102668,9.86,1.71,-0.52
1,1544062102681,9.82,1.54,-0.76
1,1544062102681,9.84,1.48,-0.66
1,1544062102682,9.9,1.28,-0.44
1,1544062102682,9.92,1.23,-0.33
1,1544062102682,9.94,1.09,0.03
1,1544062102682,9.92,1.15,0.01
1,1544062102683,9.92,1.32,0.11
1,1544062102743,9.9,1.19,-0.11
1,1544062102745,9.96,1.21,-0.01
1,1544062102745,9.9,1.32,-0.17
1,1544062102746,9.9,1.25,-0.23
1,1544062102746,9.88,1.32,-0.03
1,1544062102747,9.86,1.26,0.09
1,1544062102747,9.86,1.36,0.05
1,1544062102747,9.82,1.46,0.09
1,1544062102830,9.86,1.42,0.25
1,1544062102831,9.88,1.36,0.29
1,1544062102831,9.86,1.26,0.23
1,1544062102831,9.86,1.3,0.19
1,1544062102831,9.84,1.34,0.13
1,1544062102833,9.84,1.34,0.15
1,1544062102833,9.86,1.34,0.01
1,1544062102833,9.9,1.25,-0.05
1,1544062102893,9.9,1.25,-0.01
1,1544062102900,9.9,1.23,0.09
1,1544062102901,9.92,0.89,0.48
1,1544062102901,9.96,0.91,0.54
1,1544062102901,9.9,1.03,0.66
1,1544062102901,9.94,0.85,0.74
1,1544062102901,9.9,1.48,0.27
1,1544062102902,9.86,1.5,0.01
1,1544062103044,9.88,1.48,-0.07
1,1544062103045,9.96,1.21,0.0
1,1544062103045,9.98,1.05,0.07
1,1544062103046,9.98,1.05,0.17
1,1544062103046,9.96,1.13,0.17
1,1544062103120,9.88,1.32,0.11
1,1544062103120,9.86,1.32,-0.09
1,1544062103121,9.9,1.56,-0.42
1,1544062103122,9.82,1.66,-0.46
1,1544062103122,9.68,1.91,-0.66
1,1544062103123,9.55,2.24,-0.68
1,1544062103123,9.74,2.03,-0.97
1,1544062103124,9.86,1.56,-1.05
1,1544062103192,9.84,1.44,-0.95
1,1544062103201,9.84,1.48,-0.74
1,1544062103201,9.76,1.58,-0.89
1,1544062103201,9.82,1.5,-0.99
1,1544062103202,9.76,1.48,-0.97
1,1544062103202,9.74,1.99,-0.89
1,1544062103202,9.76,1.87,-0.89
1,1544062103203,9.8,1.75,-0.95
1,1544062103267,9.94,1.48,-1.07
1,1544062103285,9.8,1.58,-1.17
1,1544062103285,9.82,1.56,-1.11
1,1544062103285,9.96,1.4,-0.89
1,1544062103286,9.8,1.32,-0.87
1,1544062103286,9.82,1.77,-1.05
1,1544062103286,9.8,1.87,-0.93
1,1544062103287,9.66,1.91,-1.07
1,1544062103342,9.86,1.89,-1.25
1,1544062103343,9.66,1.73,-0.83
1,1544062103344,9.84,1.66,-0.76
1,1544062103344,9.92,1.42,-0.91
1,1544062103345,9.86,1.26,-0.95
1,1544062103345,9.9,1.42,-1.32
1,1544062103346,9.84,1.17,-1.28
1,1544062103346,9.8,1.17,-1.23
1,1544062103420,9.84,1.54,-1.26
1,1544062103421,9.86,1.58,-0.74
1,1544062103422,9.84,1.58,-0.74
1,1544062103422,9.8,1.62,-0.87
1,1544062103493,9.88,1.48,-0.99
1,1544062103495,9.8,1.62,-1.21
1,1544062103495,9.8,1.58,-1.11
1,1544062103496,9.8,1.26,-1.23
1,1544062103496,9.98,1.34,-1.28
1,1544062103497,9.8,1.19,-1.11
1,1544062103497,9.86,1.54,-1.03
1,1544062103497,9.78,1.56,-0.93
1,1544062103578,9.76,1.32,-0.72
1,1544062103578,9.82,1.64,-0.89
1,1544062103579,9.9,1.67,-1.25
1,1544062103579,9.82,1.56,-1.32
1,1544062103579,9.88,1.34,-1.36
1,1544062103580,9.78,1.34,-1.32
1,1544062103580,9.82,1.36,-1.3
1,1544062103580,9.76,1.21,-1.11
1,1544062103642,9.7,1.21,-1.34
1,1544062103643,9.76,1.44,-1.36
1,1544062103643,9.74,1.38,-1.3
1,1544062103644,9.72,1.56,-1.19
1,1544062103645,9.82,1.5,-1.13
1,1544062103645,9.88,1.4,-1.01
1,1544062103655,9.84,1.38,-1.15
1,1544062103655,9.76,1.46,-1.28
1,1544062103717,10.11,1.28,-1.38
1,1544062103723,10.05,1.81,-1.79
1,1544062103723,9.92,1.87,-1.93
1,1544062103723,9.88,1.11,-1.87
1,1544062103723,9.74,1.13,-1.67
1,1544062103724,9.51,1.42,-1.64
1,1544062103724,9.57,1.42,-1.48
1,1544062103724,9.68,1.52,-1.6
1,1544062103792,9.82,1.87,-1.95
1,1544062103793,9.84,1.66,-2.08
1,1544062103793,9.84,1.4,-2.12
1,1544062103793,10.03,1.23,-2.42
1,1544062103807,9.53,1.58,-2.87
1,1544062103808,9.49,1.44,-2.79
1,1544062103808,9.58,1.23,-2.48
1,1544062103808,9.6,1.58,-1.62
1,1544062103872,9.53,1.79,-1.21
1,1544062103873,9.51,1.52,-1.38
1,1544062103873,9.55,1.87,-1.48
1,1544062103873,9.76,1.95,-2.1
1,1544062103873,10.11,1.38,-2.16
1,1544062103873,10.13,0.93,-2.28
1,1544062103874,9.84,1.05,-2.26
1,1544062103945,9.7,1.5,-2.01
1,1544062103946,9.7,1.32,-1.48
1,1544062103946,9.76,0.99,-1.15
1,1544062103946,9.76,1.3,-1.11
1,1544062103947,9.7,1.3,-0.93
1,1544062103947,9.8,1.58,-0.35
1,1544062103948,9.84,1.4,-0.17
1,1544062103948,10.15,1.34,-1.01
1,1544062104029,10.0,1.25,-1.77
1,1544062104029,9.96,1.36,-2.1
1,1544062104030,9.57,1.48,-2.22
1,1544062104030,9.47,1.44,-2.55
1,1544062104030,9.74,1.28,-2.57
1,1544062104030,9.86,-0.01,-1.75
1,1544062104031,9.66,1.13,-1.44
1,1544062104114,9.47,1.58,-1.13
1,1544062104114,9.78,1.48,-1.17
1,1544062104115,9.98,1.19,-1.62
1,1544062104115,10.23,1.26,-2.22
1,1544062104115,9.82,1.28,-2.08
1,1544062104115,9.43,1.25,-2.34
1,1544062104115,9.64,1.5,-2.24
1,1544062104178,9.78,1.01,-1.97
1,1544062104179,9.84,0.58,-1.85
1,1544062104179,9.53,1.34,-1.52
1,1544062104179,9.58,1.44,-1.38
1,1544062104180,9.6,1.42,-1.19
1,1544062104180,9.72,1.34,-1.4
1,1544062104180,10.03,1.46,-1.62
1,1544062104180,10.0,1.28,-2.03
1,1544062104248,9.82,1.23,-2.05
1,1544062104248,9.74,1.21,-2.22
1,1544062104248,9.72,0.68,-2.07
1,1544062104249,9.86,0.64,-2.12
1,1544062104249,9.84,1.07,-2.12
1,1544062104249,9.64,1.13,-1.99
1,1544062104249,9.66,1.03,-1.48
1,1544062104249,9.72,1.42,-1.32
1,1544062104317,9.68,1.6,-1.79
1,1544062104318,9.86,1.73,-1.99
1,1544062104318,9.86,1.67,-2.59
1,1544062104318,9.8,1.6,-2.69
1,1544062104319,9.66,1.09,-2.48
1,1544062104327,9.66,0.64,-2.4
1,1544062104328,9.72,0.58,-2.14
1,1544062104393,9.68,0.66,-2.14
1,1544062104411,9.62,0.91,-1.99
1,1544062104411,9.6,1.3,-2.14
1,1544062104412,9.78,1.62,-2.5
1,1544062104412,9.82,1.46,-2.46
1,1544062104412,9.76,1.38,-2.46
1,1544062104412,9.7,1.4,-2.48
1,1544062104412,9.64,1.19,-2.2
1,1544062104468,9.74,1.19,-1.71
1,1544062104468,9.6,1.07,-1.5
1,1544062104469,9.62,1.17,-1.95
1,1544062104469,9.58,1.62,-2.48
1,1544062104470,9.64,1.46,-2.53
1,1544062104470,9.84,1.34,-2.5
1,1544062104471,9.9,1.67,-2.63
1,1544062104543,9.76,1.52,-2.48
1,1544062104545,9.8,1.3,-2.01
1,1544062104545,9.82,1.07,-1.89
1,1544062104546,9.8,1.38,-1.77
1,1544062104546,9.57,1.52,-1.83
1,1544062104546,9.62,1.42,-1.77
1,1544062104547,9.6,1.32,-1.73
1,1544062104547,9.68,1.23,-1.79
1,1544062104618,9.78,1.25,-2.1
1,1544062104619,9.84,1.58,-2.26
1,1544062104620,9.78,1.66,-2.05
1,1544062104620,9.72,1.44,-1.87
1,1544062104620,9.94,1.5,-1.85
1,1544062104621,9.86,1.64,-1.77
1,1544062104621,9.72,1.75,-1.69
1,1544062104693,9.62,1.58,-1.3
1,1544062104693,9.74,1.07,-1.28
1,1544062104694,9.78,1.48,-1.58
1,1544062104694,9.74,2.08,-1.97
1,1544062104695,9.72,2.14,-2.05
1,1544062104696,9.94,1.17,-1.95
1,1544062104696,9.96,1.21,-1.97
1,1544062104696,9.96,1.52,-2.05
1,1544062104769,9.78,1.66,-2.05
1,1544062104769,9.7,1.34,-1.71
1,1544062104786,9.7,1.48,-1.66
1,1544062104786,9.6,1.52,-1.75
1,1544062104786,9.68,1.52,-1.75
1,1544062104787,9.64,1.58,-1.75
1,1544062104787,9.68,1.52,-1.73
1,1544062104843,9.74,1.48,-1.73
1,1544062104844,9.8,1.48,-1.71
1,1544062104844,9.8,1.56,-1.83
1,1544062104845,9.74,1.6,-1.81
1,1544062104918,9.74,1.54,-1.77
1,1544062104919,9.78,1.52,-1.73
1,1544062104928,9.7,1.34,-1.48
1,1544062104929,9.64,1.32,-1.36
1,1544062104929,9.58,1.44,-1.42
1,1544062104929,9.66,1.6,-1.44
1,1544062104930,9.82,1.66,-1.58
1,1544062104930,9.84,1.73,-1.64
1,1544062104993,9.8,1.64,-1.67
1,1544062104994,9.78,1.56,-1.69
1,1544062104994,9.84,1.56,-1.75
1,1544062104994,9.76,1.56,-1.73
1,1544062104995,9.76,1.48,-1.67
1,1544062104995,9.72,1.62,-1.71
1,1544062104995,9.68,1.69,-1.87
1,1544062104996,9.7,1.6,-1.83
1,1544062105069,9.66,1.56,-1.69
1,1544062105069,9.66,1.89,-1.99
1,1544062105070,9.74,1.89,-2.01
1,1544062105070,9.78,1.69,-1.91
1,1544062105070,9.76,1.64,-1.95
1,1544062105070,9.7,1.67,-1.95
1,1544062105071,9.68,1.6,-1.81
1,1544062105071,9.66,1.6,-1.83
1,1544062105143,9.68,1.6,-1.91
1,1544062105144,9.68,1.66,-1.81
1,1544062105145,9.68,1.67,-1.89
1,1544062105145,9.68,1.67,-1.87
1,1544062105146,9.72,1.52,-1.77
1,1544062105146,9.72,1.69,-1.71
1,1544062105146,9.74,1.69,-1.71
1,1544062105146,9.82,1.66,-1.75
1,1544062105218,9.76,1.64,-1.71
1,1544062105218,9.76,1.67,-1.69
1,1544062105219,9.74,1.71,-1.77
1,1544062105220,9.74,1.64,-1.73
1,1544062105220,9.72,1.56,-1.56
1,1544062105221,9.7,1.62,-1.64
1,1544062105221,9.7,1.71,-1.58
1,1544062105221,9.7,1.62,-1.54
1,1544062105295,9.72,1.62,-1.64
1,1544062105295,9.72,1.66,-1.71
1,1544062105296,9.78,1.6,-1.71
1,1544062105296,9.78,1.64,-1.67
1,1544062105296,9.74,1.71,-1.67
1,1544062105296,9.72,1.56,-1.58
1,1544062105297,9.76,1.64,-1.62
1,1544062105368,9.76,1.6,-1.58
1,1544062105369,9.76,1.48,-1.54
1,1544062105370,9.7,1.6,-1.58
1,1544062105370,9.64,1.67,-1.6
1,1544062105371,9.7,1.58,-1.58
1,1544062105371,9.74,1.52,-1.56
1,1544062105371,9.8,1.75,-1.85
1,1544062105371,9.78,1.77,-1.79
1,1544062105443,9.74,1.56,-1.67
1,1544062105445,9.7,1.52,-1.62
1,1544062105445,9.78,1.66,-1.73
1,1544062105466,9.74,1.67,-1.67
1,1544062105467,9.7,1.6,-1.64
1,1544062105467,9.7,1.56,-1.67
1,1544062105468,9.7,1.67,-1.77
1,1544062105518,9.7,1.69,-1.79
1,1544062105518,9.7,1.69,-1.83
1,1544062105519,9.74,1.73,-1.87
1,1544062105533,9.72,1.58,-1.83
1,1544062105533,9.74,1.56,-1.77
1,1544062105533,9.7,1.52,-1.73
1,1544062105533,9.72,1.52,-1.71
1,1544062105534,9.68,1.5,-1.66
1,1544062105594,9.66,1.56,-1.62
1,1544062105597,9.66,1.75,-1.6
1,1544062105597,9.68,1.71,-1.73
1,1544062105598,9.82,1.71,-1.87
1,1544062105598,9.84,1.54,-1.89
1,1544062105599,9.82,1.46,-1.83
1,1544062105599,9.8,1.5,-1.85
1,1544062105672,9.72,1.56,-1.75
1,1544062105673,9.7,1.52,-1.71
1,1544062105673,9.7,1.48,-1.69
1,1544062105674,9.72,1.44,-1.67
1,1544062105674,9.66,1.58,-1.75
1,1544062105675,9.7,1.58,-1.79
1,1544062105675,9.78,1.6,-1.81
1,1544062105676,9.74,1.56,-1.73
1,1544062105745,9.72,1.56,-1.62
1,1544062105746,9.7,1.5,-1.64
1,1544062105747,9.72,1.52,-1.75
1,1544062105748,9.74,1.58,-1.79
1,1544062105749,9.72,1.5,-1.73
1,1544062105750,9.7,1.52,-1.64
1,1544062105751,9.72,1.56,-1.67
1,1544062105821,9.76,1.64,-1.71
1,1544062105839,9.78,1.4,-1.62
1,1544062105840,9.74,1.38,-1.52
1,1544062105840,9.7,1.44,-1.44
1,1544062105841,9.66,1.42,-1.4
1,1544062105841,9.78,1.66,-1.58
1,1544062105842,9.78,1.54,-1.66
1,1544062105842,9.8,1.52,-1.66
1,1544062105897,9.8,1.58,-1.69
1,1544062105899,9.78,1.64,-1.71
1,1544062105900,9.76,1.62,-1.69
1,1544062105902,9.8,1.58,-1.66
1,1544062105902,9.76,1.48,-1.64
1,1544062105903,9.6,1.52,-1.54
1,1544062105904,9.6,1.66,-1.46
1,1544062105972,9.68,1.67,-1.48
1,1544062105989,9.76,1.48,-1.6
1,1544062105990,9.74,1.62,-1.83
1,1544062105990,9.78,1.58,-1.87
1,1544062105990,9.82,1.62,-1.95
1,1544062105991,9.78,1.56,-1.89
1,1544062105991,9.78,1.5,-1.85
1,1544062105991,9.78,1.54,-1.89
1,1544062106047,9.72,1.58,-1.91
1,1544062106047,9.68,1.5,-1.77
1,1544062106048,9.7,1.4,-1.67
1,1544062106048,9.76,1.56,-1.77
1,1544062106048,9.74,1.71,-1.89
1,1544062106049,9.72,1.64,-1.87
1,1544062106049,9.6,1.62,-1.69
1,1544062106140,9.66,1.66,-1.91
1,1544062106141,9.78,1.85,-1.95
1,1544062106142,9.74,1.48,-1.77
1,1544062106142,9.82,1.56,-2.08
1,1544062106143,9.86,1.79,-2.18
1,1544062106143,9.74,1.93,-2.07
1,1544062106144,9.7,1.87,-1.93
1,1544062106144,9.7,1.75,-1.93
1,1544062106195,9.76,1.99,-2.05
1,1544062106206,9.62,1.75,-2.07
1,1544062106206,9.84,1.09,-1.79
1,1544062106206,9.74,0.89,-1.6
1,1544062106206,9.84,0.52,-1.17
1,1544062106207,9.49,0.6,-0.72
1,1544062106207,9.66,1.05,-0.78
1,1544062106271,9.94,1.54,-1.48
1,1544062106272,9.8,1.34,-1.6
1,1544062106295,10.0,1.77,-1.81
1,1544062106296,10.29,1.97,-1.97
1,1544062106297,9.74,1.19,-1.44
1,1544062106298,10.48,1.17,-1.38
1,1544062106298,9.41,1.64,-1.4
1,1544062106299,9.0,2.92,-1.46
1,1544062106349,9.12,3.39,-1.62
1,1544062106351,9.72,2.79,-1.38
1,1544062106352,9.74,2.01,-0.93
1,1544062106353,9.6,1.67,-0.89
1,1544062106355,10.19,2.44,-1.44
1,1544062106356,9.98,2.38,-1.48
1,1544062106357,9.98,2.36,-1.54
1,1544062106423,10.17,2.5,-1.67
1,1544062106424,10.15,2.38,-1.93
1,1544062106424,10.17,2.22,-1.67
1,1544062106425,10.19,2.1,-1.42
1,1544062106425,10.39,2.05,-0.89
1,1544062106425,10.93,2.07,0.99
1,1544062106426,11.52,2.59,1.83
1,1544062106426,13.02,3.65,2.61
1,1544062106498,14.16,4.82,3.12
1,1544062106498,17.18,5.39,3.59
1,1544062106498,18.45,4.53,0.91
1,1544062106499,18.67,2.98,-6.81
1,1544062106499,16.91,1.46,-11.03
1,1544062106500,11.48,1.21,-11.54
1,1544062106500,8.43,-0.09,-9.25
1,1544062106572,5.0,-4.23,-12.05
1,1544062106572,7.61,-3.45,-11.21
1,1544062106573,20.74,2.5,-7.69
1,1544062106573,22.92,0.89,-4.19
1,1544062106574,22.87,-2.2,-1.77
1,1544062106574,20.82,-5.01,-0.33
1,1544062106597,15.05,-5.05,-1.21
1,1544062106598,12.51,-2.81,-1.6
1,1544062106655,10.66,0.05,-0.72
1,1544062106655,9.41,3.26,0.42
1,1544062106656,7.75,6.67,0.91
1,1544062106656,7.24,6.25,0.23
1,1544062106656,6.91,4.58,-1.17
1,1544062106656,7.08,2.14,-2.12
1,1544062106657,9.29,-1.58,-2.08
1,1544062106728,10.56,-2.32,-2.03
1,1544062106729,11.67,-2.07,-2.69
1,1544062106730,12.46,-1.01,-3.76
1,1544062106731,12.32,2.14,-5.09
1,1544062106732,11.91,3.28,-5.37
1,1544062106732,11.66,3.67,-5.31
1,1544062106733,11.64,3.41,-4.88
1,1544062106733,11.56,2.26,-4.12
1,1544062106797,11.6,1.95,-3.69
1,1544062106798,11.38,1.66,-3.22
1,1544062106799,10.93,1.42,-2.92
1,1544062106799,10.15,1.71,-2.42
1,1544062106799,9.8,2.05,-2.4
1,1544062106800,9.64,2.3,-2.38
1,1544062106800,9.51,2.24,-2.71
1,1544062106870,9.45,1.81,-2.67
1,1544062106871,9.82,1.21,-2.12
1,1544062106872,10.15,-0.15,-1.83
1,1544062106872,10.5,-1.36,-1.77
1,1544062106873,10.97,-1.99,-2.71
1,1544062106873,10.78,-1.17,-3.1
1,1544062106873,10.46,-0.35,-2.81
1,1544062106874,10.07,0.37,-2.46
1,1544062106945,9.8,0.58,-2.4
1,1544062106946,10.17,0.42,-2.42
1,1544062106946,10.52,0.27,-2.46
1,1544062106947,10.72,0.29,-2.55
1,1544062106947,10.21,0.66,-2.32
1,1544062106948,9.68,0.91,-2.16
1,1544062106948,9.04,0.97,-1.93
1,1544062107020,8.55,0.82,-1.67
1,1544062107021,8.02,-0.39,-1.15
1,1544062107022,7.85,-0.85,-1.25
1,1544062107022,7.69,-0.93,-1.44
1,1544062107022,7.59,-0.56,-1.54
1,1544062107031,7.28,-0.03,-1.62
1,1544062107031,7.12,0.0,-1.67
1,1544062107032,7.08,0.0,-1.67
1,1544062107095,7.08,0.15,-1.67
1,1544062107113,7.16,0.87,-1.75
1,1544062107115,7.14,1.01,-1.75
1,1544062107118,7.18,0.78,-1.79
1,1544062107119,7.3,0.54,-1.93
1,1544062107120,8.22,0.7,-2.36
1,1544062107121,8.69,0.83,-2.57
1,1544062107170,9.08,0.89,-2.73
1,1544062107172,9.29,0.97,-2.91
1,1544062107174,8.41,1.07,-2.75
1,1544062107176,7.83,1.07,-2.51
1,1544062107177,7.77,0.87,-2.22
1,1544062107179,8.49,0.33,-1.89
1,1544062107180,9.33,-0.64,-2.4
1,1544062107182,9.31,-0.7,-2.46
1,1544062107248,9.45,-0.44,-2.22
1,1544062107249,9.55,-0.05,-1.87
1,1544062107250,8.94,0.7,-0.78
1,1544062107250,8.33,0.56,-0.05
1,1544062107251,7.65,-0.01,0.39
1,1544062107252,7.2,-0.89,0.48
1,1544062107252,6.69,-1.95,0.54
1,1544062107321,6.4,-1.6,0.85
1,1544062107322,6.13,-0.76,1.01
1,1544062107322,5.99,0.58,0.76
1,1544062107322,6.19,2.55,-0.39
1,1544062107323,6.44,2.73,-0.8
1,1544062107323,6.46,2.48,-0.5
1,1544062107323,6.32,1.42,-0.09
1,1544062107324,6.05,-0.72,-1.23
1,1544062107397,6.09,-1.11,-2.51
1,1544062107400,6.3,-0.82,-2.77
1,1544062107402,6.66,-1.07,-2.46
1,1544062107403,8.94,-1.48,0.13
1,1544062107404,9.6,-1.19,0.6
1,1544062107405,9.9,-1.52,1.56
1,1544062107407,10.0,-1.5,1.93
1,1544062107470,7.38,27.65,4.92
1,1544062107483,9.92,-12.94,-8.45
1,1544062107484,9.29,-2.38,8.9
1,1544062107484,6.89,-6.11,2.3
1,1544062107484,6.83,-2.3,2.85
1,1544062107485,12.75,2.55,-5.5
1,1544062107485,15.85,-1.23,-0.66
1,1544062107485,16.71,-2.91,1.42
1,1544062107546,10.8,-2.61,1.4
1,1544062107546,8.53,-2.42,1.3
1,1544062107547,7.89,-2.67,1.15
1,1544062107547,9.49,-3.02,1.46
1,1544062107548,13.82,-4.14,1.28
1,1544062107548,13.51,-4.58,0.85
1,1544062107548,12.22,-4.53,0.15
1,1544062107623,10.07,-3.32,-0.62
1,1544062107625,6.85,-2.59,-1.03
1,1544062107626,6.5,-2.12,-0.95
1,1544062107627,6.07,-2.34,-0.58
1,1544062107629,5.44,-3.14,0.21
1,1544062107630,7.12,0.64,-1.07
1,1544062107630,7.08,2.01,-2.36
1,1544062107696,8.86,1.95,-0.48
1,1544062107717,9.7,2.96,-0.54
1,1544062107718,6.25,2.83,-2.89
1,1544062107718,6.19,2.53,-2.77
1,1544062107718,6.99,1.97,-2.98
1,1544062107718,7.71,1.38,-2.81
1,1544062107719,8.22,0.39,-1.85
1,1544062107719,7.91,0.13,-1.6
1,1544062107770,7.48,0.01,-1.85
1,1544062107770,6.89,0.0,-1.89
1,1544062107771,7.12,0.19,-2.3
1,1544062107771,8.41,-0.03,-3.2
1,1544062107771,10.11,-0.29,-3.92
1,1544062107771,11.81,-0.42,-4.33
1,1544062107771,13.92,0.37,-4.78
1,1544062107844,13.96,0.95,-4.14
1,1544062107875,13.94,1.42,-3.26
1,1544062107876,13.86,1.79,-3.02
1,1544062107876,12.87,1.36,-3.32
1,1544062107876,12.69,0.62,-3.71
1,1544062107877,13.1,0.21,-3.96
1,1544062107877,13.76,0.5,-3.98
1,1544062107878,14.9,1.23,-3.51
1,1544062107918,14.78,1.23,-3.0
1,1544062107920,14.27,1.11,-2.61
1,1544062107920,13.55,0.95,-2.46
1,1544062107921,12.03,0.56,-2.77
1,1544062107921,11.56,0.33,-2.96
1,1544062107922,11.23,-0.01,-3.16
1,1544062107922,11.17,-0.46,-2.83
1,1544062107991,10.78,-0.83,-3.43
1,1544062107992,10.35,-0.64,-3.02
1,1544062107992,10.07,-0.62,-2.79
1,1544062107993,9.7,-0.89,-2.55
1,1544062108002,9.04,-1.11,-2.08
1,1544062108003,8.71,-1.11,-2.05
1,1544062108003,8.53,-1.03,-1.99
1,1544062108003,8.35,-0.82,-1.91
1,1544062108067,8.14,-0.21,-1.81
1,1544062108068,8.0,-0.05,-1.62
1,1544062108069,7.85,-0.15,-1.5
1,1544062108070,7.44,-0.56,-1.44
1,1544062108070,7.3,-0.74,-1.19
1,1544062108070,7.2,-0.83,-0.87
1,1544062108086,7.26,-0.91,-0.76
1,1544062108146,7.81,-0.91,-1.11
1,1544062108146,8.08,-0.8,-1.38
1,1544062108146,8.12,-0.6,-1.52
1,1544062108147,8.14,-0.29,-1.69
1,1544062108147,8.26,0.0,-1.81
1,1544062108147,8.69,0.42,-2.14
1,1544062108148,8.96,0.42,-1.99
1,1544062108148,9.35,0.27,-1.62
1,1544062108221,10.0,-1.07,-1.81
1,1544062108221,10.41,-1.23,-2.01
1,1544062108245,10.87,-1.13,-2.07
1,1544062108246,11.26,-0.76,-2.1
1,1544062108246,11.99,0.6,-2.34
1,1544062108247,12.24,0.74,-2.48
1,1544062108247,12.42,0.52,-2.67
1,1544062108296,12.65,0.03,-2.92
1,1544062108321,13.37,-1.09,-2.63
1,1544062108321,13.45,-1.32,-2.51
1,1544062108321,13.35,-1.52,-2.51
1,1544062108322,13.39,-1.21,-2.73
1,1544062108322,14.35,0.48,-3.04
1,1544062108322,15.17,1.67,-2.28
1,1544062108369,15.99,2.53,-1.01
1,1544062108370,16.38,2.79,0.42
1,1544062108445,14.78,1.05,1.44
1,1544062108459,12.92,-0.29,1.62
1,1544062108460,11.07,-1.07,1.44
1,1544062108460,9.64,-1.15,1.38
1,1544062108460,7.28,-0.35,1.23
1,1544062108461,6.13,0.39,1.09
1,1544062108461,4.98,0.62,0.68
1,1544062108461,4.02,0.23,0.82
1,1544062108519,3.16,-1.03,0.42
1,1544062108520,3.45,-1.15,0.27
1,1544062108520,6.83,-1.77,-3.04
1,1544062108551,7.03,-1.6,-3.04
1,1544062108552,7.05,-1.46,-3.0
1,1544062108553,7.12,-0.11,-2.34
1,1544062108554,7.34,1.3,-1.79
1,1544062108554,7.65,2.55,-1.34
1,1544062108614,8.18,3.35,-0.62
1,1544062108614,11.26,1.05,2.89
1,1544062108615,12.3,-0.72,3.55
1,1544062108615,12.98,-1.48,3.51
1,1544062108615,12.83,-1.25,3.32
1,1544062108616,12.1,-0.82,2.98
1,1544062108616,11.19,-0.03,2.51
1,1544062108616,10.27,0.66,1.81
1,1544062108671,8.78,1.58,0.54
1,1544062108672,8.49,1.91,-0.41
1,1544062108673,8.43,2.1,-1.07
1,1544062108673,8.59,2.12,-1.66
1,1544062108674,8.75,1.89,-2.08
1,1544062108675,8.82,1.54,-1.91
1,1544062108678,8.98,0.74,-0.82
1,1544062108679,9.02,-0.11,-0.27
1,1544062108748,9.66,-0.76,1.17
1,1544062108750,9.68,-0.41,1.48
1,1544062108752,9.57,0.07,1.89
1,1544062108753,9.08,0.64,2.05
1,1544062108755,7.98,1.42,1.15
1,1544062108756,7.77,1.58,0.62
1,1544062108758,7.77,1.46,0.17
1,1544062108759,7.92,1.05,-0.11
1,1544062108820,8.26,-0.03,-0.05
1,1544062108843,8.51,-0.62,-0.09
1,1544062108845,8.78,-1.28,0.09
1,1544062108846,8.82,-2.1,-0.25
1,1544062108846,8.49,-1.97,-2.16
1,1544062108847,8.41,-0.68,-3.02
1,1544062108848,8.41,1.07,-3.18
1,1544062108900,8.51,2.44,-3.63
1,1544062108901,10.29,3.33,-2.89
1,1544062108901,11.46,2.85,-1.97
1,1544062108902,12.46,1.97,-1.42
1,1544062108902,13.0,1.17,-1.21
1,1544062108903,12.75,0.72,-1.26
1,1544062108926,12.59,1.13,-1.03
1,1544062108927,13.02,1.44,-0.15
1,1544062108972,14.0,1.17,1.09
1,1544062108974,15.44,-1.52,3.37
1,1544062108975,14.74,-2.71,4.43
1,1544062108979,13.2,-3.12,4.21
1,1544062108981,11.23,-2.51,3.22
1,1544062108982,9.08,0.72,0.58
1,1544062108983,9.08,2.65,-0.56
1,1544062109044,9.35,3.92,-1.17
1,1544062109202,9.78,4.41,-1.13
1,1544062109203,10.68,3.1,-1.95
1,1544062109371,11.3,1.97,-2.75
1,1544062109373,12.03,1.15,-3.1
1,1544062109374,12.83,0.66,-3.2
1,1544062109375,13.71,-0.03,-3.63
1,1544062109376,13.71,-0.39,-3.67
1,1544062109423,13.57,-0.52,-3.49
1,1544062109426,13.22,-0.5,-3.14
1,1544062109427,12.1,-0.35,-2.5
1,1544062109429,8.3,-1.15,1.03
1,1544062109430,8.57,-0.91,-1.01
1,1544062109431,9.25,1.28,-1.83
1,1544062109433,9.53,1.09,-2.12
1,1544062109434,9.45,1.42,-1.95
1,1544062109495,9.41,1.42,-1.6
1,1544062109496,10.41,1.91,-2.16
1,1544062109496,9.88,1.3,-2.28
1,1544062109496,9.88,0.95,-2.36
1,1544062109513,10.07,0.56,-2.55
1,1544062109513,10.44,0.19,-2.96
1,1544062109514,11.62,-0.21,-3.78
1,1544062109514,12.28,-0.17,-3.84
1,1544062109571,12.91,0.09,-4.17
1,1544062109572,13.41,0.64,-4.43
1,1544062109573,11.95,9.82,-6.23
1,1544062109573,12.83,-6.54,-3.26
1,1544062109574,14.68,-1.93,-0.56
1,1544062109574,16.36,-0.8,-4.72
1,1544062109575,16.73,-0.39,-4.43
1,1544062109575,16.25,-0.97,-4.12
1,1544062109646,15.7,-1.21,-2.73
1,1544062109647,13.8,-1.13,-1.3
1,1544062109650,10.19,4.27,-2.69
1,1544062109652,9.7,7.08,-3.86
1,1544062109654,8.22,4.39,-0.74
1,1544062109655,7.2,2.61,0.05
1,1544062109656,6.34,-1.44,3.76
1,1544062109719,6.42,-2.05,4.53
1,1544062109720,6.52,-2.26,4.37
1,1544062109720,6.83,-1.01,4.33
1,1544062109720,7.28,-8.37,5.85
1,1544062109721,7.16,-3.65,1.4
1,1544062109721,7.46,-6.89,2.4
1,1544062109722,7.16,-4.76,-0.29
1,1544062109723,6.54,5.66,-5.25
1,1544062109794,7.26,-3.86,-0.15
1,1544062109795,7.83,4.51,-4.49
1,1544062109795,7.87,0.82,-1.91
1,1544062109796,9.86,-0.82,-0.83
1,1544062109796,10.7,-1.21,-0.48
1,1544062109797,11.07,-1.44,-0.41
1,1544062109797,11.19,-1.66,-0.05
1,1544062109872,11.17,-1.67,-0.13
1,1544062109874,10.29,-0.48,-0.99
1,1544062109875,6.5,8.71,-8.61
1,1544062109875,8.71,8.65,-2.12
1,1544062109876,10.97,-1.03,2.07
1,1544062109877,9.21,-4.08,5.58
1,1544062109878,6.11,-6.75,1.3
1,1544062109879,5.46,-5.95,-0.48
1,1544062109946,6.97,0.7,-1.3
1,1544062109947,7.61,2.5,-2.22
1,1544062109948,8.37,2.69,-2.67
1,1544062110020,8.84,1.48,-2.3
1,1544062110034,8.02,-2.18,-0.23
1,1544062110035,7.36,-3.43,0.03
1,1544062110035,7.1,-3.1,-0.56
1,1544062110035,7.4,-1.62,-1.26
1,1544062110035,8.26,1.95,-2.5
1,1544062110036,8.51,3.59,-2.51
1,1544062110036,8.49,3.12,-1.83
1,1544062110095,8.65,1.77,-0.87
1,1544062110097,9.08,-1.38,0.41
1,1544062110098,9.94,-1.01,-0.44
1,1544062110101,10.01,1.11,-1.4
1,1544062110103,9.92,1.85,-1.26
1,1544062110104,9.74,1.77,-1.26
1,1544062110105,9.6,1.05,-1.26
1,1544062110106,9.72,-0.35,-0.99
1,1544062110171,9.68,-0.39,-1.3
1,1544062110175,9.62,-0.01,-1.42
1,1544062110176,9.58,0.27,-1.4
1,1544062110178,10.13,0.07,-1.17
1,1544062110179,10.68,-0.29,-0.27
1,1544062110181,11.15,-0.91,0.39
1,1544062110182,11.32,-1.25,0.13
1,1544062110183,12.87,-0.46,-0.83
1,1544062110245,13.61,0.83,-1.81
1,1544062110246,13.65,1.71,-3.08
1,1544062110247,13.14,2.22,-3.76
1,1544062110247,13.22,1.64,-4.21
1,1544062110247,13.63,0.27,-3.1
1,1544062110248,13.86,-1.36,-2.5
1,1544062110248,14.14,-2.42,-2.57
1,1544062110249,14.92,-0.99,-3.0
1,1544062110322,15.03,0.37,-3.22
1,1544062110322,14.72,1.48,-3.28
1,1544062110323,14.08,1.91,-3.04
1,1544062110324,12.5,1.03,-2.2
1,1544062110325,11.44,-0.05,-2.03
1,1544062110325,10.48,-0.97,-1.73
1,1544062110337,9.68,-1.42,-1.44
1,1544062110339,8.57,-2.03,-1.58
1,1544062110395,8.59,-1.56,-1.6
1,1544062110396,8.94,-1.05,-1.73
1,1544062110396,9.72,-0.13,-1.52
1,1544062110397,9.92,0.11,-1.38
1,1544062110397,9.92,0.19,-1.17
1,1544062110398,9.86,0.11,-0.85
1,1544062110399,9.62,-0.11,-1.09
1,1544062110472,9.58,-0.29,-1.26
1,1544062110473,9.68,-0.5,-1.4
1,1544062110474,9.94,-0.66,-1.23
1,1544062110475,10.19,-0.83,-1.19
1,1544062110489,10.58,-0.41,-1.21
1,1544062110489,10.64,0.25,-1.36
1,1544062110489,10.78,0.74,-1.32
1,1544062110490,10.97,0.42,-1.13
1,1544062110544,10.83,0.15,-1.19
1,1544062110545,10.68,0.35,-1.38
1,1544062110546,10.39,0.68,-1.79
1,1544062110547,9.8,1.58,-2.94
1,1544062110548,9.88,2.07,-3.12
1,1544062110548,10.05,1.79,-3.16
1,1544062110549,10.44,0.7,-2.89
1,1544062110632,11.48,-1.69,-1.21
1,1544062110633,11.5,-1.62,-0.83
1,1544062110635,11.09,-1.07,-1.01
1,1544062110636,10.31,-0.83,-1.17
1,1544062110637,9.04,-0.56,-1.19
1,1544062110638,9.08,0.39,-1.58
1,1544062110639,9.55,2.07,-2.36
1,1544062110640,10.15,3.63,-3.14
1,1544062110706,11.3,4.57,-2.91
1,1544062110708,11.52,3.96,-2.48
1,1544062110709,11.42,2.91,-2.2
1,1544062110710,11.15,1.6,-1.81
1,1544062110711,10.33,1.19,-1.52
1,1544062110712,9.9,2.44,-1.71
1,1544062110713,9.62,3.84,-1.38
1,1544062110770,9.37,4.55,-1.42
1,1544062110771,9.02,5.35,-1.73
1,1544062110771,9.19,5.87,-2.03
1,1544062110772,9.27,5.48,-2.03
1,1544062110772,8.96,3.86,-1.11
1,1544062110772,8.57,2.36,0.11
1,1544062110790,8.16,2.5,-0.09
1,1544062110791,8.37,4.14,-1.17
1,1544062110845,8.71,5.74,-1.91
1,1544062110846,8.33,6.87,-1.46
1,1544062110846,7.98,6.5,-0.25
1,1544062110846,7.63,5.93,0.85
1,1544062110846,7.38,5.62,1.19
1,1544062110920,7.44,5.09,0.05
1,1544062110921,7.4,4.45,-0.11
1,1544062110922,7.24,4.1,-0.09
1,1544062110922,7.12,4.47,-0.5
1,1544062110922,7.18,5.7,-1.09
1,1544062110923,7.22,6.09,-1.01
1,1544062110923,7.3,6.67,-0.85
1,1544062110923,7.34,7.4,-0.83
1,1544062110996,7.38,7.77,-0.68
1,1544062110998,7.48,7.24,-0.23
1,1544062110999,7.73,7.01,0.17
1,1544062111000,7.91,6.95,-0.05
1,1544062111001,7.38,5.82,-0.6
1,1544062111157,7.81,5.09,-0.29
1,1544062111176,8.55,5.17,-0.07
1,1544062111177,9.17,6.38,-0.41
1,1544062111177,8.84,8.53,-1.21
1,1544062111177,8.84,8.47,-1.34
1,1544062111220,9.1,8.22,-1.64
1,1544062111242,9.23,8.28,-1.6
1,1544062111243,9.0,7.87,-1.13
1,1544062111243,8.65,6.09,-0.25
1,1544062111243,8.18,3.28,-0.52
1,1544062111243,8.57,5.7,-2.57
1,1544062111244,7.57,4.88,-2.5
1,1544062111244,7.05,4.55,-1.15
1,1544062111296,7.24,3.53,0.19
1,1544062111309,7.36,5.09,-1.28
1,1544062111309,5.37,5.44,-1.09
1,1544062111310,4.55,5.82,-1.01
1,1544062111310,4.06,6.23,-0.93
1,1544062111310,3.73,6.52,-0.83
1,1544062111310,4.45,8.57,-2.1
1,1544062111310,6.4,8.73,-1.13
1,1544062111373,7.1,6.66,0.23
1,1544062111375,7.63,4.98,1.23
1,1544062111376,6.03,2.96,0.97
1,1544062111377,5.37,4.76,1.09
1,1544062111378,4.88,6.81,0.56
1,1544062111379,4.39,7.34,-0.93
1,1544062111380,4.51,8.37,-0.25
1,1544062111381,5.19,9.02,-0.23
1,1544062111446,5.46,8.26,0.62
1,1544062111448,5.78,6.5,-0.44
1,1544062111448,5.62,4.68,1.36
1,1544062111465,4.41,3.28,-0.31
1,1544062111466,3.14,3.28,-0.58
1,1544062111520,2.71,5.11,-0.44
1,1544062111520,3.28,9.51,-0.87
1,1544062111521,3.75,10.09,-0.78
1,1544062111528,4.72,9.14,-0.23
1,1544062111529,5.8,7.18,0.85
1,1544062111593,6.58,4.17,1.3
1,1544062111594,6.15,4.1,1.07
1,1544062111595,5.42,4.74,0.15
1,1544062111597,4.57,5.58,-0.41
1,1544062111597,3.96,6.26,-0.97
1,1544062111670,4.53,6.44,-0.87
1,1544062111671,5.27,6.85,0.23
1,1544062111673,5.99,7.16,0.87
1,1544062111674,6.01,6.46,1.25
1,1544062111675,5.46,5.66,1.23
1,1544062111676,6.77,10.01,-0.29
1,1544062111676,6.5,9.04,-0.58
1,1544062111677,5.85,6.79,-0.39
1,1544062111747,5.99,6.11,0.35
1,1544062111749,7.07,7.48,0.07
1,1544062111749,7.01,8.37,-1.89
1,1544062111750,7.32,7.98,-1.81
1,1544062111751,7.42,7.87,-1.85
1,1544062111752,7.24,8.26,-1.97
1,1544062111753,6.21,6.46,-3.12
1,1544062111753,5.8,4.9,-3.02
1,1544062111822,6.17,4.51,-3.04
1,1544062111824,8.55,8.32,-3.16
1,1544062111825,7.96,9.39,-2.77
1,1544062111826,7.65,10.19,-2.42
1,1544062111828,7.87,9.96,-2.16
1,1544062111829,7.75,6.13,-2.01
1,1544062111830,7.46,5.01,-2.28
1,1544062111831,7.53,5.31,-2.96
1,1544062111914,7.65,6.17,-3.67
1,1544062111914,7.2,7.32,-3.37
1,1544062111915,6.91,7.91,-2.87
1,1544062111915,7.05,8.78,-2.67
1,1544062111915,7.1,9.17,-2.51
1,1544062111915,6.6,6.62,-1.19
1,1544062111916,6.38,4.98,-1.23
1,1544062111916,6.25,3.88,-1.79
1,1544062111969,6.25,3.98,-2.32
1,1544062111969,6.6,7.14,-3.45
1,1544062111970,6.95,8.49,-4.04
1,1544062111970,7.1,8.69,-4.31
1,1544062111970,6.81,7.98,-4.14
1,1544062111970,6.32,6.83,-1.97
1,1544062111971,6.75,6.58,-1.13
1,1544062112048,6.87,6.23,-1.36
1,1544062112049,7.07,6.5,-1.25
1,1544062112073,7.46,7.67,-2.01
1,1544062112075,7.48,7.46,-2.03
1,1544062112075,7.59,7.2,-1.89
1,1544062112076,7.63,7.24,-2.05
1,1544062112076,6.95,8.51,-1.46
1,1544062112077,6.95,9.39,-0.76
1,1544062112129,7.05,9.78,-0.85
1,1544062112129,6.99,9.21,-1.42
1,1544062112129,6.81,5.23,-1.03
1,1544062112130,7.2,4.45,-0.78
1,1544062112130,7.5,5.07,-1.38
1,1544062112130,7.18,6.6,-1.67
1,1544062112131,6.34,9.29,-2.01
1,1544062112193,6.26,8.92,-1.95
1,1544062112216,6.52,7.85,-1.6
1,1544062112217,7.28,6.89,-0.97
1,1544062112217,7.5,5.91,-1.32
1,1544062112217,7.38,6.23,-1.28
1,1544062112217,7.12,6.85,-1.52
1,1544062112218,6.97,7.16,-1.79
1,1544062112218,6.87,6.75,-1.71
1,1544062112268,6.91,6.62,-1.62
1,1544062112347,6.99,6.54,-1.34
1,1544062112348,7.05,6.64,-0.78
1,1544062112349,7.42,6.5,-4.45
1,1544062112350,9.1,7.92,-5.44
1,1544062112425,11.83,9.31,-0.05
1,1544062112426,10.85,7.65,0.39
1,1544062112427,4.21,3.84,-0.85
1,1544062112428,4.25,3.22,-1.97
1,1544062112428,6.3,3.82,-2.65
1,1544062112429,8.02,5.03,-3.16
1,1544062112430,5.44,3.28,1.4
1,1544062112430,5.83,4.19,0.52
1,1544062112498,5.0,5.91,-0.33
1,1544062112499,3.63,6.77,-5.15
1,1544062112523,7.59,5.09,-1.79
1,1544062112524,4.58,6.32,-3.3
1,1544062112524,6.26,8.2,-1.79
1,1544062112524,7.36,7.63,-1.64
1,1544062112524,8.43,7.69,0.66
1,1544062112525,7.08,6.07,-0.74
1,1544062112570,7.01,7.03,-1.3
1,1544062112585,6.89,7.24,-3.47
1,1544062112586,7.1,6.64,-5.07
1,1544062112586,7.94,7.26,-4.06
1,1544062112587,7.42,7.14,-4.51
1,1544062112587,6.99,7.2,-4.47
1,1544062112588,6.48,6.99,-4.88
1,1544062112588,6.21,6.34,-4.53
1,1544062112647,6.81,6.23,-3.96
1,1544062112649,7.4,5.6,-3.73
1,1544062112650,7.85,5.27,-2.92
1,1544062112651,8.06,5.78,-2.14
1,1544062112652,7.81,6.5,-1.62
1,1544062112653,7.3,6.91,-1.66
1,1544062112653,6.99,7.08,-1.42
1,1544062112654,7.28,5.7,-1.73
1,1544062112719,7.87,4.72,-1.56
1,1544062112737,9.12,4.62,-1.25
1,1544062112737,9.16,5.23,-1.67
1,1544062112737,8.49,5.74,-1.81
1,1544062112738,8.08,5.46,-2.2
1,1544062112738,8.18,5.78,-2.34
1,1544062112738,8.14,6.26,-2.63
1,1544062112738,7.89,5.74,-2.83
1,1544062112794,7.92,5.42,-2.79
1,1544062112795,7.96,5.41,-2.73
1,1544062112812,7.96,5.42,-2.61
1,1544062112812,7.91,5.42,-3.14
1,1544062112813,7.67,5.39,-3.14
1,1544062112813,7.5,5.33,-3.16
1,1544062112813,7.55,5.31,-2.79
1,1544062112814,7.46,4.98,-2.08
1,1544062112868,7.22,4.84,-1.66
1,1544062112869,6.95,4.64,-1.36
1,1544062112869,6.93,4.39,-0.89
1,1544062112870,7.18,4.37,-2.79
1,1544062112871,7.36,5.39,-3.47
1,1544062112871,7.61,6.73,-3.49
1,1544062112872,7.63,7.69,-3.2
1,1544062112943,7.24,7.3,-1.75
1,1544062112956,6.97,6.38,-0.76
1,1544062112956,6.93,5.68,-0.33
1,1544062112956,6.93,5.64,-0.48
1,1544062112956,7.03,7.01,-1.62
1,1544062112957,6.85,7.59,-2.05
1,1544062112957,6.81,7.73,-2.24
1,1544062112957,7.18,7.08,-2.01
1,1544062113020,7.4,6.77,-1.52
1,1544062113021,7.75,6.52,-0.58
1,1544062113022,7.77,6.25,0.07
1,1544062113024,7.16,5.99,1.19
1,1544062113024,6.85,5.93,1.28
1,1544062113025,6.87,6.17,1.21
1,1544062113025,7.28,6.67,0.8
1,1544062113093,8.71,7.24,-0.01
1,1544062113105,8.8,7.05,-0.83
1,1544062113105,8.1,6.83,-1.46
1,1544062113105,7.08,6.85,-1.42
1,1544062113105,6.21,7.77,-2.1
1,1544062113106,6.77,8.53,-2.24
1,1544062113106,7.61,9.1,-2.05
1,1544062113168,8.02,9.33,-1.6
1,1544062113169,7.14,8.3,-0.39
1,1544062113170,6.54,7.34,0.29
1,1544062113170,6.25,6.38,0.89
1,1544062113171,6.23,5.76,1.09
1,1544062113171,6.85,6.07,-1.03
1,1544062113172,7.32,7.26,-1.81
1,1544062113172,7.79,8.33,-2.08
1,1544062113248,7.96,8.65,-2.12
1,1544062113249,7.63,7.22,-1.38
1,1544062113249,7.53,6.17,-0.8
1,1544062113250,7.55,5.44,-0.21
1,1544062113250,7.53,4.94,0.07
1,1544062113251,7.55,4.43,0.52
1,1544062113252,7.53,4.16,0.8
1,1544062113252,7.44,3.71,1.19
1,1544062113321,7.46,3.3,1.23
1,1544062113322,8.37,2.85,2.08
1,1544062113323,8.88,3.16,2.63
1,1544062113323,9.0,3.71,2.55
1,1544062113324,8.61,4.47,2.05
1,1544062113324,7.73,6.77,1.73
1,1544062113325,7.48,7.65,1.73
1,1544062113396,7.38,8.33,1.79
1,1544062113397,7.59,8.69,1.87
1,1544062113397,8.2,7.83,1.75
1,1544062113398,8.61,6.91,1.71
1,1544062113398,8.71,6.21,1.46
1,1544062113399,8.55,5.85,1.19
1,1544062113408,7.22,5.46,0.83
1,1544062113472,6.81,5.74,0.58
1,1544062113473,6.54,6.5,0.29
1,1544062113474,6.6,7.4,0.11
1,1544062113475,6.97,8.32,0.03
1,1544062113492,6.83,8.28,0.25
1,1544062113493,6.91,7.83,0.58
1,1544062113494,6.79,7.03,0.66
1,1544062113495,6.03,6.11,1.07
1,1544062113546,6.01,6.25,1.23
1,1544062113547,6.32,6.6,1.01
1,1544062113549,6.6,7.07,0.83
1,1544062113549,6.66,7.28,0.74
1,1544062113550,6.89,6.77,0.19
1,1544062113551,7.69,6.38,0.19
1,1544062113552,8.32,6.05,0.46
1,1544062113553,7.16,6.3,1.15
1,1544062113623,6.77,7.05,1.34
1,1544062113624,7.08,7.79,1.38
1,1544062113625,7.05,7.92,1.26
1,1544062113625,6.56,7.81,1.58
1,1544062113626,6.42,7.61,1.4
1,1544062113626,6.66,7.22,1.19
1,1544062113627,6.73,7.05,1.21
1,1544062113694,6.48,8.9,0.97
1,1544062113695,6.62,9.78,0.46
1,1544062113696,6.91,9.9,0.33
1,1544062113696,7.26,9.43,0.33
1,1544062113697,7.87,7.79,0.6
1,1544062113698,7.46,8.32,1.09
1,1544062113772,7.14,9.7,1.13
1,1544062113773,6.64,11.07,1.11
1,1544062113795,5.64,12.53,1.23
1,1544062113796,5.37,12.22,1.42
1,1544062113797,5.03,11.4,1.6
1,1544062113798,5.31,10.58,1.83
1,1544062113798,5.44,9.23,2.22
1,1544062113799,5.62,9.12,2.59
1,1544062113846,6.07,8.76,2.85
1,1544062113846,5.99,8.16,3.26
1,1544062113922,5.82,7.87,4.0
1,1544062113924,5.82,7.83,4.1
1,1544062113925,5.83,7.48,4.06
1,1544062113926,5.95,7.14,3.9
1,1544062113927,5.91,6.91,4.0
1,1544062113928,5.85,7.08,4.17
1,1544062113928,5.76,7.18,4.47
1,1544062113929,5.87,7.1,4.78
1,1544062113997,6.52,6.19,5.17
1,1544062113998,6.87,5.76,5.25
1,1544062114004,9.06,-1.25,3.28
1,1544062114005,8.78,-0.72,2.77
1,1544062114005,8.32,1.58,1.26
1,1544062114005,8.18,1.91,1.09
1,1544062114006,8.32,1.79,0.89
1,1544062114006,8.53,1.42,0.56
1,1544062114070,8.86,0.41,0.09
1,1544062114072,8.78,-0.41,-0.5
1,1544062114074,8.67,-0.46,-0.6
1,1544062114075,8.57,-0.29,-0.68
1,1544062114077,8.47,0.15,-0.87
1,1544062114078,8.55,0.23,-0.95
1,1544062114080,8.61,0.17,-0.83
1,1544062114081,8.65,0.0,-0.7
1,1544062114147,8.65,-0.39,-0.31
1,1544062114148,8.69,-0.48,-0.05
1,1544062114149,8.73,-0.48,0.07
1,1544062114149,8.76,-0.39,0.29
1,1544062114151,8.92,0.01,0.62
1,1544062114151,9.1,0.33,0.78
1,1544062114164,9.27,0.62,0.91
1,1544062114165,9.49,0.89,1.13
1,1544062114221,10.01,1.44,1.32
1,1544062114222,10.19,1.66,1.5
1,1544062114222,10.25,1.85,1.62
1,1544062114223,10.27,2.08,1.67
1,1544062114233,10.0,2.28,1.52
1,1544062114234,9.84,2.3,1.4
1,1544062114235,9.72,2.18,1.23
1,1544062114235,9.7,2.07,1.21
1,1544062114301,9.84,1.91,0.8
1,1544062114313,9.92,1.87,0.6
1,1544062114313,9.96,1.87,0.39
1,1544062114313,9.96,1.89,0.25
1,1544062114313,9.78,1.91,0.11
1,1544062114314,9.74,1.99,0.05
1,1544062114314,9.72,2.12,0.09
1,1544062114371,9.74,2.28,0.09
1,1544062114371,9.82,2.67,0.13
1,1544062114372,9.84,2.77,0.13
1,1544062114373,9.84,2.87,0.11
1,1544062114373,9.78,2.92,0.03
1,1544062114444,9.9,2.85,-0.03
1,1544062114445,10.09,2.92,-0.21
1,1544062114445,10.42,2.98,-0.41
1,1544062114521,10.89,3.02,-0.54
1,1544062114522,12.36,3.26,-0.68
1,1544062114522,13.35,3.51,-0.68
1,1544062114522,14.39,3.88,-0.6
1,1544062114523,15.29,4.21,-0.56
1,1544062114523,16.03,4.58,-0.41
1,1544062114523,15.74,4.51,-0.39
1,1544062114524,15.05,4.45,-0.37
1,1544062114598,14.23,4.27,-0.44
1,1544062114600,12.75,3.82,-0.89
1,1544062114600,11.44,2.4,-0.62
1,1544062114601,10.97,2.05,-0.42
1,1544062114602,10.5,1.81,-0.33
1,1544062114602,9.7,1.73,-0.39
1,1544062114603,9.39,1.81,-0.48
1,1544062114604,9.14,1.99,-0.5
1,1544062114672,9.12,2.3,-0.56
1,1544062114673,10.07,3.51,-0.97
1,1544062114674,10.58,3.9,-1.07
1,1544062114675,11.15,4.17,-1.11
1,1544062114675,11.95,4.58,-1.38
1,1544062114676,12.12,4.62,-1.48
1,1544062114677,12.2,4.58,-1.62
1,1544062114677,12.14,4.49,-1.73
1,1544062114746,11.73,4.04,-1.89
1,1544062114747,11.44,3.69,-1.83
1,1544062114748,11.17,3.26,-1.83
1,1544062114748,10.89,2.83,-1.79
1,1544062114749,10.62,2.12,-1.64
1,1544062114749,10.52,1.83,-1.54
1,1544062114749,10.48,1.56,-1.44
1,1544062114750,10.42,1.28,-1.34
1,1544062114824,10.25,0.82,-1.15
1,1544062114826,10.15,0.6,-1.07
1,1544062114828,10.07,0.52,-1.01
1,1544062114830,10.01,0.56,-1.07
1,1544062114832,9.88,0.89,-1.23
1,1544062114833,9.88,1.15,-1.28
1,1544062114833,9.84,1.3,-1.4
1,1544062114835,9.76,1.3,-1.52
1,1544062114900,9.53,1.38,-1.62
1,1544062114901,9.39,1.4,-1.64
1,1544062114905,9.19,1.54,-1.64
1,1544062114906,9.17,1.89,-1.66
1,1544062114907,9.35,2.65,-1.64
1,1544062114909,9.64,3.06,-1.81
1,1544062114910,9.94,3.26,-2.14
1,1544062114970,10.07,3.12,-2.32
1,1544062115047,9.96,2.18,-2.51
1,1544062115048,9.82,1.71,-2.57
1,1544062115073,9.74,1.66,-2.77
1,1544062115074,9.8,1.95,-2.94
1,1544062115075,9.88,3.22,-2.98
1,1544062115075,9.72,3.92,-2.89
1,1544062115076,9.51,4.58,-3.0
1,1544062115125,9.29,4.98,-3.22
1,1544062115126,9.12,5.15,-3.47
1,1544062115127,8.96,5.13,-3.49
1,1544062115128,9.02,6.67,-4.78
1,1544062115129,9.23,6.81,-5.11
1,1544062115129,9.6,6.85,-5.74
1,1544062115130,9.72,6.81,-6.05
1,1544062115131,9.78,6.77,-6.48
1,1544062115196,9.62,6.75,-6.54
1,1544062115198,8.49,6.97,-6.05
1,1544062115199,7.91,7.46,-5.74
1,1544062115200,7.44,8.14,-5.44
1,1544062115201,6.69,9.14,-5.41
1,1544062115202,6.23,9.12,-5.66
1,1544062115203,5.66,8.9,-5.74
1,1544062115205,5.09,8.94,-5.64
1,1544062115355,3.69,8.88,-4.62
1,1544062115356,3.33,8.69,-3.92
1,1544062115358,3.1,8.28,-3.57
1,1544062115359,3.0,7.75,-3.37
1,1544062115360,2.98,7.18,-3.82
1,1544062115423,3.04,7.03,-4.57
1,1544062115424,2.98,7.07,-5.17
1,1544062115424,2.75,7.12,-5.89
1,1544062115425,2.71,7.3,-6.28
1,1544062115425,2.91,7.3,-6.3
1,1544062115425,2.28,5.66,-6.11
1,1544062115426,1.71,6.05,-5.89
1,1544062115426,1.11,6.19,-5.62
1,1544062115494,0.64,5.93,-5.48
1,1544062115495,0.33,3.06,-6.17
1,1544062115496,0.15,4.29,-6.01
1,1544062115497,-0.03,5.19,-5.68
1,1544062115497,-0.54,5.78,-5.31
1,1544062115498,-1.23,5.87,-4.96
1,1544062115498,-1.64,4.84,-4.58
1,1544062115498,-1.38,4.39,-4.64
1,1544062115573,-0.93,4.45,-4.92
1,1544062115573,-0.58,4.74,-5.54
1,1544062115589,-1.19,5.17,-6.46
1,1544062115589,-1.56,5.41,-6.44
1,1544062115590,-1.81,5.56,-6.3
1,1544062115590,-1.99,5.52,-6.09
1,1544062115590,-2.73,5.29,-5.21
1,1544062115590,-2.03,6.62,-4.49
1,1544062115646,-0.8,6.48,-5.6
1,1544062115647,-3.37,6.15,-5.42
1,1544062115647,-1.21,5.46,-6.28
1,1544062115647,-1.46,5.7,-6.99
1,1544062115647,-2.12,6.5,-7.63
1,1544062115648,-2.05,7.05,-8.04
1,1544062115648,-2.2,7.2,-7.71
1,1544062115648,-2.42,6.64,-7.71
1,1544062115718,-1.93,5.95,-7.67
1,1544062115719,-2.18,5.19,-7.61
1,1544062115720,-2.85,5.46,-7.4
1,1544062115720,-2.81,5.93,-8.06
1,1544062115721,-3.51,5.29,-7.91
1,1544062115721,-3.61,3.84,-7.94
1,1544062115721,-3.12,2.2,-7.48
1,1544062115722,-3.32,2.91,-7.61
1,1544062115799,-3.53,3.82,-7.71
1,1544062115800,-3.71,4.25,-7.5
1,1544062115800,-3.33,3.8,-6.83
1,1544062115800,-3.53,3.76,-6.62
1,1544062115800,-2.71,4.21,-6.64
1,1544062115801,-2.57,4.45,-6.77
1,1544062115801,-2.24,4.12,-6.44
