1,1547693785958,12.42,-2.59,-2.44
1,1547693785958,12.53,-2.46,-2.38
1,1547693785976,12.57,-2.53,-2.5
1,1547693785976,12.51,-2.46,-2.16
1,1547693785976,12.24,-2.42,-2.38
1,1547693785976,12.26,-2.48,-2.3
1,1547693785976,12.46,-2.67,-2.2
1,1547693785977,12.48,-2.75,-2.01
1,1547693786035,12.22,-2.5,-2.1
1,1547693786036,12.36,-2.48,-2.18
1,1547693786036,12.44,-2.57,-2.07
1,1547693786036,12.34,-2.48,-1.95
1,1547693786036,11.97,-2.55,-1.85
1,1547693786036,11.99,-2.48,-1.81
1,1547693786036,12.08,-2.28,-2.01
1,1547693786102,12.2,-2.38,-2.28
1,1547693786103,12.14,-2.53,-2.07
1,1547693786104,11.97,-2.53,-1.91
1,1547693786113,11.87,-2.5,-1.71
1,1547693786113,11.91,-2.57,-1.81
1,1547693786113,11.95,-2.48,-1.66
1,1547693786113,11.67,-2.26,-1.77
1,1547693786113,11.62,-2.22,-1.73
1,1547693786178,11.42,-2.38,-1.64
1,1547693786179,11.56,-2.18,-1.5
1,1547693786180,11.28,-2.32,-1.4
1,1547693786180,11.03,-2.34,-1.38
1,1547693786180,10.93,-2.18,-1.3
1,1547693786181,11.03,-2.22,-1.28
1,1547693786181,10.97,-2.36,-1.23
1,1547693786254,10.78,-2.3,-1.11
1,1547693786255,10.54,-2.24,-1.11
1,1547693786255,10.6,-1.91,-1.17
1,1547693786256,10.62,-1.87,-1.28
1,1547693786256,10.46,-1.93,-1.11
1,1547693786257,10.23,-1.79,-0.7
1,1547693786257,9.84,-1.73,-0.76
1,1547693786257,9.88,-1.71,-0.44
1,1547693786329,9.76,-1.73,-0.29
1,1547693786330,9.49,-1.79,-0.25
1,1547693786331,9.6,-1.93,-0.44
1,1547693786331,9.96,-1.83,-0.41
1,1547693786331,9.96,-1.85,-0.41
1,1547693786332,9.6,-1.91,-0.23
1,1547693786332,9.14,-1.71,-0.11
1,1547693786403,9.43,-1.38,0.19
1,1547693786404,9.43,-1.97,0.41
1,1547693786404,9.14,-1.85,-0.03
1,1547693786414,8.78,-1.46,-0.01
1,1547693786415,8.73,-1.5,-0.11
1,1547693786415,8.82,-1.48,0.23
1,1547693786415,8.73,-1.46,0.42
1,1547693786415,8.47,-1.5,0.23
1,1547693786477,8.53,-1.85,0.15
1,1547693786478,8.49,-2.16,0.11
1,1547693786478,8.57,-2.12,0.11
1,1547693786499,8.32,-1.64,0.25
1,1547693786499,8.02,-1.44,0.56
1,1547693786499,7.79,-1.25,0.87
1,1547693786500,7.79,-1.26,0.93
1,1547693786552,7.96,-1.34,0.89
1,1547693786554,7.67,-1.34,0.93
1,1547693786555,7.51,-1.25,0.76
1,1547693786555,7.42,-1.28,0.66
1,1547693786555,7.55,-1.13,0.82
1,1547693786556,7.59,-1.28,0.93
1,1547693786556,7.5,-1.44,1.21
1,1547693786556,7.42,-1.46,1.17
1,1547693786628,7.36,-1.34,1.01
1,1547693786629,7.22,-1.26,1.15
1,1547693786629,7.26,-1.4,1.15
1,1547693786630,7.26,-1.19,1.05
1,1547693786630,7.36,-1.13,0.93
1,1547693786631,7.48,-1.01,1.09
1,1547693786631,7.63,-1.15,0.93
1,1547693786703,7.65,-1.28,1.09
1,1547693786704,7.73,-1.25,1.21
1,1547693786705,7.69,-1.62,1.32
1,1547693786706,7.57,-1.54,1.46
1,1547693786706,7.61,-1.44,1.38
1,1547693786706,7.81,-1.44,1.48
1,1547693786707,8.08,-0.46,1.46
1,1547693786707,7.75,-0.83,1.85
1,1547693786781,7.53,-0.95,2.22
1,1547693786782,7.51,-1.05,2.03
1,1547693786782,7.53,-1.6,1.91
1,1547693786782,7.61,-1.87,1.79
1,1547693786782,7.79,-1.81,2.01
1,1547693786854,7.91,-1.66,1.83
1,1547693786855,8.18,-1.54,1.52
1,1547693786855,8.2,-1.21,1.62
1,1547693786856,8.37,-0.82,1.81
1,1547693786856,8.41,-0.66,1.87
1,1547693786856,8.39,-0.68,1.73
1,1547693786857,8.76,-0.89,1.87
1,1547693786857,8.88,-1.25,2.2
1,1547693786930,9.19,-1.69,2.3
1,1547693786931,9.51,-2.14,2.57
1,1547693786931,9.53,-1.85,3.47
1,1547693786931,9.37,-1.58,3.96
1,1547693786932,9.37,-1.05,3.67
1,1547693787005,9.49,-1.15,3.33
1,1547693787006,9.27,-0.83,4.41
1,1547693787006,9.16,-0.97,4.33
1,1547693787007,8.73,-1.25,4.78
1,1547693787007,9.12,-1.09,3.98
1,1547693787007,9.37,-0.78,3.96
1,1547693787008,9.16,-0.48,3.98
1,1547693787008,9.16,-0.07,3.78
1,1547693787082,10.39,-0.48,2.2
1,1547693787083,9.62,-1.5,3.1
1,1547693787083,9.17,-2.24,2.67
1,1547693787083,9.72,-1.97,2.81
1,1547693787084,9.51,-1.66,2.59
1,1547693787153,9.37,-1.36,2.38
1,1547693787154,9.49,-0.82,2.3
1,1547693787167,9.33,-0.82,2.5
1,1547693787167,9.37,-0.6,3.04
1,1547693787168,9.19,-0.78,3.04
1,1547693787168,8.92,-1.03,2.67
1,1547693787168,8.71,-0.99,2.59
1,1547693787168,8.53,-1.01,2.69
1,1547693787230,8.59,-1.03,2.92
1,1547693787231,8.71,-0.99,2.71
1,1547693787232,8.82,-0.97,2.61
1,1547693787233,8.92,-0.87,3.0
1,1547693787233,8.73,-0.83,3.14
1,1547693787234,8.76,-0.87,3.16
1,1547693787234,8.92,-0.97,3.16
1,1547693787234,9.02,-1.23,2.69
1,1547693787306,8.96,-1.32,2.69
1,1547693787306,8.86,-1.21,2.57
1,1547693787319,8.86,-1.11,2.71
1,1547693787319,8.53,-0.95,3.04
1,1547693787319,8.47,-0.93,3.02
1,1547693787320,8.33,-0.82,3.2
1,1547693787320,8.08,-0.99,3.16
1,1547693787320,7.83,-1.11,2.81
1,1547693787382,7.81,-1.13,2.63
1,1547693787382,7.73,-1.21,2.53
1,1547693787383,7.69,-1.11,2.26
1,1547693787383,7.92,-0.83,2.12
1,1547693787383,7.73,-1.01,2.01
1,1547693787461,7.53,-0.99,1.93
1,1547693787463,7.42,-0.87,1.89
1,1547693787464,7.65,-1.09,1.36
1,1547693787465,7.71,-1.11,1.48
1,1547693787466,7.77,-1.13,1.44
1,1547693787468,7.77,-1.11,1.44
1,1547693787469,8.28,-1.11,1.28
1,1547693787470,8.43,-1.25,1.32
1,1547693787533,8.33,-1.23,1.32
1,1547693787534,8.2,-1.11,1.6
1,1547693787534,8.53,-1.11,1.32
1,1547693787535,8.8,-1.11,1.26
1,1547693787535,8.86,-1.05,1.23
1,1547693787536,8.75,-1.17,1.21
1,1547693787536,8.86,-1.3,1.15
1,1547693787537,8.9,-1.34,1.07
1,1547693787608,8.96,-1.23,0.97
1,1547693787629,8.8,-1.15,0.87
1,1547693787631,8.75,-1.11,1.15
1,1547693787632,8.88,-0.99,1.11
1,1547693787632,9.06,-0.91,0.95
1,1547693787633,9.04,-0.87,0.76
1,1547693787634,9.02,-0.89,0.5
1,1547693787635,9.1,-0.95,0.48
1,1547693787687,8.98,-1.09,0.41
1,1547693787688,9.12,-1.25,0.44
1,1547693787688,9.35,-1.19,0.54
1,1547693787689,9.55,-1.11,0.46
1,1547693787689,9.74,-1.09,0.41
1,1547693787692,9.62,-1.07,0.17
1,1547693787692,9.62,-1.11,0.09
1,1547693787693,9.58,-1.11,0.31
1,1547693787759,9.58,-1.05,0.44
1,1547693787774,9.66,-1.13,0.13
1,1547693787774,10.13,-1.13,-0.11
1,1547693787775,10.46,-1.25,-0.21
1,1547693787775,10.33,-1.15,-0.13
1,1547693787775,9.47,-1.19,-0.25
1,1547693787776,9.33,-1.28,-0.09
1,1547693787776,9.58,-1.15,-0.05
1,1547693787830,10.13,-1.15,-0.42
1,1547693787831,10.52,-1.46,-0.41
1,1547693787831,10.15,-1.38,-0.41
1,1547693787832,9.82,-1.23,-0.35
1,1547693787832,9.82,-1.13,-0.25
1,1547693787833,10.09,-1.3,-0.44
1,1547693787833,9.86,-1.32,-0.23
1,1547693787906,9.62,-1.15,0.0
1,1547693787907,9.55,-1.11,0.01
1,1547693787907,10.15,-1.3,-0.33
1,1547693787908,10.42,-1.28,-0.42
1,1547693787908,10.52,-1.11,-0.6
1,1547693787909,10.72,-1.11,-1.07
1,1547693787910,10.27,-1.77,-0.82
1,1547693787911,10.09,-1.52,-0.68
1,1547693787983,10.31,-1.3,-0.48
1,1547693787984,10.5,-1.21,-0.25
1,1547693787985,10.8,-1.28,-0.23
1,1547693787985,10.8,-1.64,-0.48
1,1547693787985,10.64,-1.69,-0.5
1,1547693787987,10.82,-1.36,-0.95
1,1547693787987,11.03,-2.07,-1.42
1,1547693788076,10.95,-1.81,-1.28
1,1547693788076,10.68,-1.69,-1.01
1,1547693788077,10.44,-1.54,-0.58
1,1547693788077,10.48,-1.11,-0.23
1,1547693788077,10.99,-1.23,-0.95
1,1547693788077,11.28,-1.46,-1.07
1,1547693788078,11.05,-1.36,-1.05
1,1547693788078,10.62,-1.26,-1.07
1,1547693788131,10.46,-1.62,-0.68
1,1547693788131,10.52,-1.62,-0.72
1,1547693788132,10.8,-1.48,-0.5
1,1547693788132,11.07,-1.44,-0.09
1,1547693788132,11.48,-1.91,-0.46
1,1547693788143,11.05,-2.2,-0.72
1,1547693788144,10.7,-1.75,-1.23
1,1547693788204,10.95,-1.34,-1.77
1,1547693788228,11.01,-2.22,-1.28
1,1547693788229,10.97,-1.85,-0.6
1,1547693788229,10.56,-1.62,-0.87
1,1547693788230,10.46,-1.5,-1.15
1,1547693788230,10.93,-1.69,-0.82
1,1547693788230,11.09,-1.54,-0.93
1,1547693788230,11.32,-1.17,-0.82
1,1547693788281,11.21,-1.34,-1.21
1,1547693788282,10.35,-1.91,-0.89
1,1547693788282,10.17,-1.69,-0.64
1,1547693788282,10.33,-1.44,-0.56
1,1547693788282,10.68,-1.32,-0.46
1,1547693788282,11.05,-1.34,-0.82
1,1547693788294,11.19,-1.44,-1.36
1,1547693788356,11.26,-1.56,-1.46
1,1547693788357,11.4,-1.44,-1.54
1,1547693788357,11.4,-1.99,-1.54
1,1547693788358,11.21,-1.87,-0.78
1,1547693788359,11.07,-1.6,-0.35
1,1547693788378,11.13,-1.56,-0.5
1,1547693788378,12.01,-1.54,-0.46
1,1547693788378,12.36,-1.62,-0.74
1,1547693788428,12.57,-1.79,-0.93
1,1547693788429,12.91,-1.56,-1.07
1,1547693788429,12.98,-1.95,-1.38
1,1547693788430,13.02,-2.36,-1.07
1,1547693788430,13.28,-2.16,-0.58
1,1547693788444,13.51,-1.95,-0.62
1,1547693788445,13.55,-2.28,-1.07
1,1547693788507,13.51,-2.53,-1.17
1,1547693788529,13.41,-2.69,-1.38
1,1547693788530,13.35,-2.83,-1.44
1,1547693788530,13.67,-2.5,-1.46
1,1547693788530,13.59,-2.59,-1.36
1,1547693788530,13.45,-2.61,-1.15
1,1547693788531,13.33,-2.4,-0.87
1,1547693788531,13.18,-2.03,-0.7
1,1547693788581,13.26,-2.01,-0.68
1,1547693788596,13.24,-1.95,-0.58
1,1547693788597,13.22,-1.79,-0.35
1,1547693788597,12.87,-1.97,-0.64
1,1547693788597,12.85,-2.14,-0.6
1,1547693788597,12.65,-2.42,-0.64
1,1547693788597,12.38,-2.61,-0.78
1,1547693788653,12.38,-2.2,-0.83
1,1547693788653,12.51,-2.03,-0.83
1,1547693788654,12.53,-1.97,-0.72
1,1547693788655,12.36,-2.05,-0.7
1,1547693788655,11.81,-2.14,-0.62
1,1547693788656,11.77,-2.01,-0.48
1,1547693788656,11.79,-1.95,-0.23
1,1547693788656,11.67,-1.91,-0.01
1,1547693788731,11.21,-1.75,-0.03
1,1547693788749,11.09,-1.81,0.03
1,1547693788750,10.97,-1.87,-0.03
1,1547693788750,10.87,-1.75,-0.31
1,1547693788750,10.91,-1.97,-0.19
1,1547693788751,10.54,-2.1,-0.35
1,1547693788751,10.31,-2.05,-0.48
1,1547693788806,10.23,-2.14,-0.56
1,1547693788806,10.31,-2.3,-0.48
1,1547693788806,10.21,-2.16,-0.54
1,1547693788815,10.01,-2.07,-0.37
1,1547693788816,9.64,-1.95,-0.25
1,1547693788816,9.41,-1.83,-0.23
1,1547693788816,9.6,-1.6,-0.15
1,1547693788817,9.76,-1.28,0.03
1,1547693788880,9.7,-1.21,0.25
1,1547693788881,8.94,-1.48,0.54
1,1547693788905,8.88,-1.48,0.64
1,1547693788906,8.9,-1.54,0.44
1,1547693788907,8.82,-1.71,0.37
1,1547693788907,8.26,-1.62,0.56
1,1547693788908,8.14,-1.38,0.72
1,1547693788971,8.16,-1.19,0.78
1,1547693788972,8.06,-1.34,0.68
1,1547693788972,7.87,-1.69,0.7
1,1547693788973,7.77,-1.56,0.72
1,1547693788974,7.69,-1.48,0.62
1,1547693788974,7.55,-1.26,0.74
1,1547693788975,7.22,-1.09,0.85
1,1547693788976,6.97,-1.07,0.93
1,1547693789029,6.95,-1.05,0.87
1,1547693789058,7.05,-1.01,0.95
1,1547693789059,6.83,-1.11,0.99
1,1547693789060,6.64,-1.21,0.85
1,1547693789061,6.44,-1.15,1.05
1,1547693789062,6.44,-0.85,1.26
1,1547693789063,6.79,-0.37,1.36
1,1547693789110,6.42,-0.66,1.6
1,1547693789111,5.99,-0.7,1.66
1,1547693789112,5.62,-0.62,1.6
1,1547693789112,5.39,-0.03,2.05
1,1547693789113,5.42,0.33,2.1
1,1547693789114,5.52,0.25,1.91
1,1547693789137,5.6,-0.33,1.95
1,1547693789137,5.93,-1.05,1.21
1,1547693789181,6.25,-0.89,1.17
1,1547693789200,6.4,-0.8,1.23
1,1547693789201,6.52,-0.83,1.46
1,1547693789201,7.01,-1.13,1.28
1,1547693789201,7.38,-1.01,1.28
1,1547693789201,7.73,-0.64,1.54
1,1547693789202,8.08,-0.5,1.89
1,1547693789257,7.94,-0.11,2.5
1,1547693789258,8.37,0.11,2.4
1,1547693789259,8.88,-0.07,3.16
1,1547693789260,8.92,-1.15,3.67
1,1547693789261,9.49,-1.6,2.81
1,1547693789261,9.72,-1.34,3.06
1,1547693789262,9.76,-1.13,3.57
1,1547693789262,9.84,-0.97,3.65
1,1547693789331,9.92,-0.7,3.84
1,1547693789360,9.96,-0.87,3.75
1,1547693789361,10.13,-1.11,4.04
1,1547693789362,9.98,-1.11,4.6
1,1547693789362,9.23,-1.01,4.12
1,1547693789363,9.7,-0.91,4.02
1,1547693789363,9.23,-0.03,4.43
1,1547693789411,8.76,0.5,4.33
1,1547693789413,9.08,0.31,4.02
1,1547693789414,9.12,0.09,4.39
1,1547693789415,8.8,-0.31,4.25
1,1547693789416,8.94,-0.5,4.12
1,1547693789417,9.21,-1.15,4.19
1,1547693789418,9.17,-1.11,3.96
1,1547693789419,9.16,-1.05,3.2
1,1547693789480,9.35,-0.89,2.94
1,1547693789482,9.0,-0.87,2.34
1,1547693789484,8.98,-1.01,1.75
1,1547693789485,9.16,-0.95,2.16
1,1547693789486,9.17,-0.76,2.46
1,1547693789489,8.88,-0.54,2.77
1,1547693789491,8.76,-0.48,2.94
1,1547693789560,8.67,-0.41,3.06
1,1547693789561,8.73,-0.27,3.22
1,1547693789561,8.61,0.31,3.76
1,1547693789562,8.55,0.29,3.86
1,1547693789563,8.67,-0.11,3.92
1,1547693789564,8.61,-0.44,3.82
1,1547693789564,8.71,-0.39,3.28
1,1547693789596,8.8,-0.62,2.36
1,1547693789642,8.78,-0.27,2.79
1,1547693789644,8.98,0.19,3.14
1,1547693789645,9.17,-0.17,3.32
1,1547693789646,9.12,-0.19,3.0
1,1547693789647,9.1,-0.17,2.59
1,1547693789649,8.96,-0.62,2.22
1,1547693789651,8.71,-1.01,2.14
1,1547693789703,8.47,-0.72,2.2
1,1547693789704,8.49,-0.41,2.5
1,1547693789705,8.43,-0.05,3.18
1,1547693789736,8.49,-0.17,2.63
1,1547693789737,8.3,-0.54,2.1
1,1547693789738,8.04,-0.83,2.22
1,1547693789738,7.73,-0.87,2.32
1,1547693789739,7.59,-0.72,2.18
1,1547693789786,7.96,-0.37,2.07
1,1547693789787,7.91,-0.44,2.08
1,1547693789787,7.91,-0.41,2.14
1,1547693789787,7.98,-0.48,2.07
1,1547693789788,7.98,-0.89,1.48
1,1547693789788,7.96,-0.83,1.58
1,1547693789788,7.94,-0.85,1.83
1,1547693789856,7.83,-0.82,2.03
1,1547693789876,7.94,-0.72,1.85
1,1547693789877,8.14,-0.85,1.64
1,1547693789877,8.22,-0.97,1.66
1,1547693789877,8.08,-1.03,1.69
1,1547693789877,8.14,-1.05,1.52
1,1547693789878,8.08,-0.95,1.46
1,1547693789878,8.08,-0.85,1.28
1,1547693789929,8.12,-0.89,1.23
1,1547693789948,8.14,-0.93,1.19
1,1547693789949,8.3,-0.82,1.21
1,1547693789949,8.39,-0.87,1.17
1,1547693789950,8.45,-1.01,1.13
1,1547693789950,8.69,-1.01,0.95
1,1547693789951,8.63,-1.11,0.93
1,1547693790009,8.51,-1.11,0.85
1,1547693790011,8.51,-1.11,0.8
1,1547693790012,8.57,-0.8,1.21
1,1547693790014,8.78,-0.5,1.07
1,1547693790015,9.1,-0.54,0.87
1,1547693790015,9.23,-0.66,0.83
1,1547693790017,9.27,-0.85,0.58
1,1547693790018,9.23,-1.09,0.62
1,1547693790081,9.12,-1.13,0.8
1,1547693790081,9.17,-1.21,0.83
1,1547693790081,9.57,-1.23,0.41
1,1547693790082,9.55,-1.26,0.27
1,1547693790082,9.57,-1.11,0.15
1,1547693790095,9.68,-0.97,0.21
1,1547693790095,9.96,-0.87,-0.19
1,1547693790158,10.03,-1.03,-0.23
1,1547693790158,9.88,-1.11,-0.11
1,1547693790158,9.58,-1.19,0.19
1,1547693790159,9.74,-1.15,0.78
1,1547693790159,9.92,-0.97,0.56
1,1547693790159,10.07,-0.6,0.25
1,1547693790160,10.42,-0.48,0.11
1,1547693790233,10.48,-1.07,0.01
1,1547693790234,10.19,-1.23,-0.15
1,1547693790235,10.01,-1.5,-0.31
1,1547693790236,10.01,-1.71,-0.11
1,1547693790237,10.31,-1.5,0.23
1,1547693790238,10.13,-1.25,0.31
1,1547693790239,10.15,-1.11,-0.03
1,1547693790239,10.68,-1.11,-0.62
1,1547693790311,10.76,-1.15,-0.52
1,1547693790313,10.58,-1.21,-0.8
1,1547693790315,10.17,-1.38,-1.05
1,1547693790316,9.76,-1.19,-0.41
1,1547693790317,10.0,-1.19,-0.23
1,1547693790318,10.15,-1.15,0.17
1,1547693790320,10.21,-1.21,0.19
1,1547693790321,10.29,-1.48,-0.39
1,1547693790381,10.58,-1.05,-0.85
1,1547693790381,10.6,-0.87,-0.91
1,1547693790382,10.46,-1.25,-0.89
1,1547693790382,10.35,-1.77,-0.7
1,1547693790383,10.09,-1.25,-0.27
1,1547693790395,10.17,-1.34,-0.27
1,1547693790395,10.58,-1.58,-0.37
1,1547693790488,11.05,-1.58,-0.48
1,1547693790488,11.89,-1.03,-1.19
1,1547693790489,11.44,-1.48,-1.56
1,1547693790489,10.58,-2.24,-1.5
1,1547693790489,10.15,-2.22,-1.11
1,1547693790490,10.42,-1.28,-0.64
1,1547693790490,10.66,-1.19,-0.19
1,1547693790530,11.05,-1.21,-0.42
1,1547693790545,11.64,-1.36,-1.23
1,1547693790545,11.91,-1.75,-1.4
1,1547693790545,11.32,-1.89,-1.42
1,1547693790545,10.97,-1.95,-1.54
1,1547693790546,10.83,-1.97,-1.25
1,1547693790546,10.87,-1.38,-0.64
1,1547693790546,10.85,-1.17,-0.6
1,1547693790605,10.87,-1.21,-0.35
1,1547693790641,10.91,-1.23,-0.31
1,1547693790642,11.11,-1.09,-0.8
1,1547693790643,11.38,-1.01,-1.13
1,1547693790644,11.42,-1.17,-1.38
1,1547693790645,11.03,-1.66,-1.38
1,1547693790645,10.56,-1.91,-1.25
1,1547693790707,10.87,-1.56,-0.93
1,1547693790708,11.44,-1.36,-0.72
1,1547693790708,12.14,-1.42,-1.03
1,1547693790709,10.72,-2.32,-1.38
1,1547693790709,10.62,-2.01,-1.44
1,1547693790709,11.03,-1.87,-1.32
1,1547693790709,11.23,-1.93,-1.13
1,1547693790710,11.56,-1.11,-1.15
1,1547693790770,11.48,-1.19,-0.99
1,1547693790770,11.42,-1.4,-1.13
1,1547693790771,11.5,-1.69,-1.3
1,1547693790771,11.25,-1.75,-1.17
1,1547693790771,11.34,-1.6,-1.3
1,1547693790771,11.71,-1.48,-1.13
1,1547693790771,12.07,-1.48,-1.09
1,1547693790772,12.53,-1.6,-1.54
1,1547693790831,12.67,-1.67,-1.62
1,1547693790831,12.91,-1.73,-1.56
1,1547693790832,12.94,-1.99,-1.64
1,1547693790832,12.65,-2.38,-1.34
1,1547693790833,12.71,-1.99,-0.93
1,1547693790833,12.94,-1.79,-0.66
1,1547693790849,13.24,-1.81,-0.7
1,1547693790904,13.69,-1.77,-1.07
1,1547693790904,13.57,-1.79,-1.5
1,1547693790905,13.39,-1.97,-1.87
1,1547693790906,13.14,-2.22,-1.87
1,1547693790907,12.89,-1.85,-1.32
1,1547693790907,12.96,-1.83,-1.13
1,1547693790908,13.14,-1.67,-0.95
1,1547693790908,13.33,-1.66,-1.11
1,1547693790983,13.2,-1.71,-0.99
1,1547693791001,13.06,-1.66,-0.91
1,1547693791002,13.04,-1.73,-1.3
1,1547693791003,13.08,-2.05,-1.4
1,1547693791004,12.44,-2.22,-1.17
1,1547693791005,12.51,-2.03,-1.03
1,1547693791005,12.69,-2.01,-0.87
1,1547693791067,12.69,-1.95,-0.64
1,1547693791068,12.38,-1.5,-0.64
1,1547693791068,12.24,-1.44,-0.66
1,1547693791069,12.26,-1.38,-0.68
1,1547693791070,12.2,-1.52,-0.85
1,1547693791071,12.22,-1.97,-1.03
1,1547693791071,12.01,-2.01,-0.87
1,1547693791134,11.54,-2.08,-0.87
1,1547693791135,11.38,-2.1,-0.8
1,1547693791136,11.26,-1.95,-0.7
1,1547693791137,11.17,-1.89,-0.64
1,1547693791137,11.05,-1.77,-0.39
1,1547693791138,10.82,-1.54,-0.15
1,1547693791138,10.54,-1.34,-0.42
1,1547693791139,10.52,-1.58,-0.44
1,1547693791209,10.37,-1.5,-0.17
1,1547693791210,10.21,-1.28,0.05
1,1547693791211,9.94,-1.67,-0.09
1,1547693791211,9.82,-1.77,-0.19
1,1547693791212,9.6,-1.77,-0.11
1,1547693791212,9.49,-1.6,-0.07
1,1547693791213,9.39,-1.3,0.05
1,1547693791283,9.39,-1.26,0.11
1,1547693791284,9.49,-1.17,0.11
1,1547693791285,9.53,-1.19,0.21
1,1547693791285,9.25,-1.46,0.54
1,1547693791286,8.98,-1.67,0.54
1,1547693791286,8.75,-1.66,0.52
1,1547693791287,8.57,-1.5,0.44
1,1547693791288,8.49,-1.09,0.89
1,1547693791371,8.41,-1.09,0.93
1,1547693791372,8.39,-1.19,0.76
1,1547693791373,8.3,-1.5,0.52
1,1547693791375,8.2,-1.25,0.05
1,1547693791375,8.2,-1.15,-0.01
1,1547693791376,8.08,-1.17,0.15
1,1547693791377,7.83,-1.13,0.17
1,1547693791378,7.79,-1.09,0.62
1,1547693791429,7.65,-1.07,1.11
1,1547693791430,7.34,-1.07,1.19
1,1547693791430,7.07,-1.05,1.17
1,1547693791431,6.95,-1.09,1.17
1,1547693791431,7.18,-1.05,1.01
1,1547693791432,7.38,-0.95,1.13
1,1547693791432,7.12,-1.11,1.21
1,1547693791509,6.69,-0.91,1.05
1,1547693791532,6.25,-0.8,1.09
1,1547693791534,6.34,-0.54,1.23
1,1547693791534,6.4,-0.7,1.23
1,1547693791535,6.36,-0.97,1.21
1,1547693791536,5.64,-1.09,1.23
1,1547693791537,5.33,-0.87,1.21
1,1547693791585,5.31,-0.58,1.21
1,1547693791605,5.41,-0.25,1.23
1,1547693791606,6.01,0.56,1.44
1,1547693791606,6.48,0.56,1.34
1,1547693791607,6.75,0.29,1.46
1,1547693791607,6.85,-0.23,1.32
1,1547693791608,6.71,-0.7,1.48
1,1547693791608,6.73,-0.54,1.56
1,1547693791670,6.81,-0.5,1.81
1,1547693791671,6.81,-0.56,2.3
1,1547693791672,7.26,-0.07,3.43
1,1547693791672,7.81,-0.85,3.0
1,1547693791673,8.24,-0.76,1.97
1,1547693791673,8.63,-0.87,2.18
1,1547693791674,9.66,-0.99,2.51
1,1547693791731,9.92,-0.66,3.04
1,1547693791758,9.9,-0.52,3.16
1,1547693791759,9.72,-0.87,2.63
1,1547693791760,10.23,-1.07,2.2
1,1547693791761,10.27,-1.11,2.38
1,1547693791761,10.13,-1.03,2.77
1,1547693791762,9.82,-0.56,3.84
1,1547693791762,8.92,0.21,4.33
1,1547693791808,8.86,0.58,4.76
1,1547693791809,9.0,0.87,5.82
1,1547693791810,9.31,1.23,5.87
1,1547693791810,9.08,0.21,5.37
1,1547693791810,8.69,0.44,5.21
1,1547693791811,8.78,0.85,4.55
1,1547693791811,9.57,0.72,3.67
1,1547693791886,10.11,-1.03,3.14
1,1547693791887,9.47,-1.15,2.61
1,1547693791888,9.37,-1.11,2.42
1,1547693791888,9.64,-1.09,2.51
1,1547693791889,9.47,-0.95,2.83
1,1547693791975,9.47,-0.31,2.63
1,1547693791976,9.64,0.07,2.59
1,1547693791977,9.62,0.07,3.1
1,1547693791978,8.61,-0.09,3.47
1,1547693791978,8.53,0.15,3.67
1,1547693791979,8.73,0.42,3.9
1,1547693791979,8.94,0.15,3.57
1,1547693791980,9.0,-1.07,1.99
1,1547693792033,9.0,-1.09,1.93
1,1547693792057,8.92,-0.37,2.44
1,1547693792058,8.88,-0.17,2.51
1,1547693792058,9.02,-0.5,2.32
1,1547693792058,8.96,-0.95,2.22
1,1547693792059,8.61,-0.89,2.34
1,1547693792059,7.98,0.13,3.1
1,1547693792059,7.94,0.17,3.14
1,1547693792106,7.79,0.03,2.96
1,1547693792107,7.65,-0.17,2.61
1,1547693792107,7.98,-0.68,2.3
1,1547693792123,7.98,-0.78,2.28
1,1547693792124,7.92,-0.78,1.93
1,1547693792124,7.92,-0.91,1.79
1,1547693792124,7.77,-0.42,2.34
1,1547693792125,7.83,-0.25,2.34
1,1547693792181,7.89,-0.37,2.22
1,1547693792181,7.79,-0.48,2.03
1,1547693792182,7.61,-0.87,1.73
1,1547693792182,7.34,-1.07,1.79
1,1547693792190,7.14,-0.95,1.95
1,1547693792191,7.05,-0.74,1.81
1,1547693792191,7.63,-0.52,1.91
1,1547693792191,7.75,-0.52,2.03
1,1547693792277,7.53,-0.46,1.85
1,1547693792278,7.42,-0.42,1.5
1,1547693792279,7.44,-0.68,1.26
1,1547693792279,7.61,-0.64,1.4
1,1547693792280,7.92,-0.64,1.4
1,1547693792280,8.16,-0.87,1.3
1,1547693792281,8.3,-0.68,1.44
1,1547693792344,8.39,-0.82,1.38
1,1547693792344,8.35,-0.91,1.23
1,1547693792345,8.53,-0.68,1.23
1,1547693792345,9.02,-1.05,1.15
1,1547693792346,9.14,-1.13,1.17
1,1547693792347,9.17,-1.11,1.21
1,1547693792347,9.19,-1.15,1.21
1,1547693792359,9.1,-1.11,1.25
1,1547693792417,9.12,-0.97,1.25
1,1547693792417,9.37,-0.87,1.15
1,1547693792418,9.62,-0.87,0.83
1,1547693792418,9.45,-1.28,0.35
1,1547693792418,9.27,-1.34,-0.05
1,1547693792419,9.27,-1.25,0.33
1,1547693792419,9.33,-1.13,0.74
1,1547693792419,9.31,-0.95,1.03
1,1547693792481,9.6,-0.74,1.15
1,1547693792481,9.96,-0.64,1.07
1,1547693792481,10.19,-0.83,0.6
1,1547693792482,10.48,-1.07,-0.33
1,1547693792482,10.17,-1.25,0.03
1,1547693792482,9.6,-1.73,0.56
1,1547693792482,9.39,-1.83,0.85
1,1547693792579,9.66,-1.05,1.26
1,1547693792580,9.96,-0.7,1.17
1,1547693792580,10.66,-0.85,0.62
1,1547693792581,11.13,-1.17,0.01
1,1547693792582,10.42,-1.13,-0.07
1,1547693792582,9.86,-1.3,0.03
1,1547693792583,9.62,-1.56,0.11
1,1547693792638,9.78,-1.38,0.41
1,1547693792638,10.23,-0.78,0.68
1,1547693792639,10.25,-0.97,0.58
1,1547693792640,10.39,-1.17,0.48
1,1547693792640,10.64,-1.13,0.31
1,1547693792641,10.85,-1.11,-0.48
1,1547693792641,10.44,-1.34,-0.54
1,1547693792642,9.98,-1.5,-0.23
1,1547693792705,9.68,-1.36,0.25
1,1547693792706,10.17,-1.07,0.68
1,1547693792707,10.64,-1.09,0.78
1,1547693792707,10.93,-1.17,0.25
1,1547693792707,10.85,-1.56,-0.25
1,1547693792707,10.23,-1.38,-0.48
1,1547693792708,10.03,-1.34,-0.64
1,1547693792782,9.8,-1.32,-0.5
1,1547693792783,9.9,-1.09,-0.25
1,1547693792783,10.33,-1.03,-0.07
1,1547693792796,10.44,-1.09,0.05
1,1547693792797,10.6,-1.11,-0.05
1,1547693792798,10.99,-1.28,-0.68
1,1547693792799,10.52,-1.62,-0.35
1,1547693792801,10.09,-1.44,-0.21
1,1547693792855,10.05,-1.38,-0.11
1,1547693792893,10.09,-1.42,0.21
1,1547693792894,10.62,-1.13,0.0
1,1547693792895,10.87,-1.11,-0.41
1,1547693792895,10.89,-1.13,-0.21
1,1547693792896,10.74,-1.11,-0.48
1,1547693792897,10.8,-1.52,-0.72
1,1547693792936,10.85,-1.6,-0.8
1,1547693792937,10.64,-1.58,-0.19
1,1547693792938,10.29,-1.54,-0.21
1,1547693792939,10.42,-1.23,-0.25
1,1547693792939,11.58,-1.48,-0.48
1,1547693792940,11.28,-2.01,-1.19
1,1547693792941,11.11,-1.77,-1.25
1,1547693792942,11.01,-1.6,-0.82
1,1547693793005,10.99,-1.71,-0.42
1,1547693793006,11.19,-1.56,0.01
1,1547693793006,11.3,-1.26,0.19
1,1547693793007,11.58,-1.11,-0.21
1,1547693793007,11.64,-1.77,-0.74
1,1547693793008,11.23,-1.75,-0.42
1,1547693793008,11.01,-1.38,-0.33
1,1547693793009,11.21,-1.11,-0.56
1,1547693793085,11.73,-1.62,-0.54
1,1547693793086,11.5,-1.6,-0.23
1,1547693793088,11.36,-1.23,0.09
1,1547693793088,11.6,-1.17,0.31
1,1547693793089,12.5,-1.64,-0.05
1,1547693793100,12.59,-2.01,-0.8
1,1547693793101,12.24,-2.26,-1.07
1,1547693793160,12.03,-2.08,-1.36
1,1547693793229,12.81,-2.01,-1.34
1,1547693793308,12.55,-2.24,-0.95
1,1547693793310,12.14,-1.93,-0.89
1,1547693793312,12.01,-1.3,-0.23
1,1547693793313,12.81,-1.15,0.46
1,1547693793314,13.49,-1.25,0.07
1,1547693793316,13.92,-1.44,-0.48
1,1547693793318,13.57,-1.87,-0.54
1,1547693793319,12.69,-2.79,-0.21
1,1547693793386,13.14,-1.34,-0.39
1,1547693793387,12.77,-1.71,0.07
1,1547693793388,12.5,-1.66,0.05
1,1547693793388,12.4,-1.62,-0.09
1,1547693793389,12.28,-1.87,-0.21
1,1547693793390,12.22,-1.83,0.27
1,1547693793391,12.4,-1.6,0.15
1,1547693793391,12.61,-1.64,0.17
1,1547693793455,12.24,-1.91,-0.15
1,1547693793456,12.12,-1.66,-0.17
1,1547693793470,12.1,-1.54,0.07
1,1547693793470,11.97,-1.75,0.17
1,1547693793471,11.93,-1.71,0.09
1,1547693793471,12.01,-1.69,0.21
1,1547693793471,11.97,-1.69,0.21
1,1547693793471,11.85,-1.75,0.01
1,1547693793532,11.46,-1.89,0.23
1,1547693793553,11.4,-1.73,0.13
1,1547693793553,11.4,-1.71,0.13
1,1547693793554,11.28,-1.6,0.27
1,1547693793554,11.28,-1.66,0.15
1,1547693793554,11.05,-1.69,0.15
1,1547693793554,10.62,-1.64,0.21
1,1547693793554,10.33,-1.46,0.35
1,1547693793605,10.19,-1.15,0.74
1,1547693793618,10.21,-1.13,0.7
1,1547693793618,10.0,-1.32,0.64
1,1547693793619,9.55,-1.58,0.64
1,1547693793619,8.75,-1.64,0.82
1,1547693793619,8.73,-1.48,0.89
1,1547693793619,8.73,-1.36,0.99
1,1547693793680,8.73,-1.13,1.03
1,1547693793680,8.76,-1.13,1.07
1,1547693793708,8.32,-1.23,0.87
1,1547693793709,7.87,-1.15,0.64
1,1547693793710,7.71,-1.11,0.78
1,1547693793711,8.04,-1.07,1.01
1,1547693793711,7.96,-1.11,0.99
1,1547693793712,7.87,-1.11,1.05
1,1547693793759,7.73,-1.13,1.21
1,1547693793760,7.36,-1.13,1.23
1,1547693793760,7.28,-1.19,1.19
1,1547693793761,7.3,-1.23,1.17
1,1547693793761,7.36,-1.11,1.17
1,1547693793761,7.26,-1.07,1.19
1,1547693793762,7.07,-0.91,1.13
1,1547693793831,7.08,-0.91,1.03
1,1547693793831,7.2,-1.15,1.13
1,1547693793863,7.24,-1.11,1.26
1,1547693793865,7.28,-1.13,1.25
1,1547693793865,7.2,-1.11,1.28
1,1547693793866,6.99,-1.3,1.66
1,1547693793866,6.99,-0.31,1.67
1,1547693793867,6.71,-0.85,1.97
1,1547693793908,6.67,-0.74,1.64
1,1547693793909,6.52,-1.28,1.58
1,1547693793909,6.97,-1.36,1.48
1,1547693793937,7.1,-0.91,1.52
1,1547693793938,7.24,-0.68,1.69
1,1547693793938,7.16,-0.78,1.66
1,1547693793939,6.83,-0.54,1.34
1,1547693793979,6.79,-0.68,1.26
1,1547693793988,6.95,-0.68,1.3
1,1547693793989,7.07,-0.54,1.67
1,1547693793989,7.28,-0.6,2.18
1,1547693793990,7.07,-0.52,2.53
1,1547693793990,6.87,-0.54,2.81
1,1547693793990,7.18,-0.6,2.73
1,1547693793990,7.77,-0.64,3.39
1,1547693794055,8.12,-0.62,3.2
1,1547693794077,7.71,-0.15,3.47
1,1547693794078,7.77,-0.03,3.0
1,1547693794079,8.1,-0.41,2.92
1,1547693794079,8.2,-0.62,3.2
1,1547693794079,8.33,0.15,2.79
1,1547693794080,8.26,0.13,3.22
1,1547693794080,9.04,-0.41,3.24
1,1547693794130,8.76,-0.78,3.14
1,1547693794132,8.53,-0.74,3.04
1,1547693794132,8.59,-0.99,2.81
1,1547693794157,8.92,-0.85,3.33
1,1547693794158,8.8,-0.44,3.32
1,1547693794158,8.86,-0.33,2.98
1,1547693794158,9.0,-0.42,2.85
1,1547693794206,8.94,-0.35,3.55
1,1547693794224,8.94,-0.37,3.69
1,1547693794224,9.06,-0.6,3.73
1,1547693794224,9.04,-0.7,3.88
1,1547693794225,8.71,-0.42,4.08
1,1547693794225,8.96,-0.25,3.94
1,1547693794225,9.14,0.03,4.31
1,1547693794280,8.92,0.01,4.6
1,1547693794281,8.73,-0.35,4.19
1,1547693794283,8.9,-0.52,4.23
1,1547693794284,9.06,-0.5,4.21
1,1547693794285,9.04,-0.29,4.21
1,1547693794286,9.08,-0.07,4.21
1,1547693794288,9.04,-0.29,4.16
1,1547693794288,8.86,-0.39,4.12
1,1547693794355,8.71,-0.46,3.9
1,1547693794356,8.94,-1.05,3.02
1,1547693794356,8.92,-1.11,2.94
1,1547693794356,8.82,-0.93,3.0
1,1547693794357,8.69,-0.7,2.94
1,1547693794377,8.39,-0.74,2.57
1,1547693794378,8.22,-0.82,2.34
1,1547693794450,7.98,-0.82,2.48
1,1547693794451,7.94,-0.66,2.55
1,1547693794451,8.08,-0.83,2.36
1,1547693794451,7.94,-0.72,2.26
1,1547693794451,7.73,-0.62,2.12
1,1547693794452,7.67,-0.8,1.93
1,1547693794452,7.57,-0.89,1.91
1,1547693794452,7.5,-0.8,2.05
1,1547693794505,7.48,-0.82,2.01
1,1547693794506,7.5,-0.76,1.93
1,1547693794525,7.46,-0.66,1.64
1,1547693794526,7.38,-0.78,1.6
1,1547693794526,7.36,-0.97,1.44
1,1547693794526,7.36,-1.09,1.36
1,1547693794527,7.5,-0.99,1.25
1,1547693794582,7.48,-1.07,1.25
1,1547693794582,7.5,-1.03,1.25
1,1547693794593,7.48,-0.99,1.25
1,1547693794593,7.55,-0.74,1.4
1,1547693794594,7.57,-0.66,1.36
1,1547693794594,7.63,-0.66,1.25
1,1547693794594,7.67,-0.7,1.19
1,1547693794594,7.91,-0.8,0.95
1,1547693794656,8.35,-0.85,1.13
1,1547693794677,8.51,-0.99,0.97
1,1547693794678,8.55,-1.11,1.01
1,1547693794678,8.45,-1.11,1.11
1,1547693794678,8.45,-0.87,1.21
1,1547693794679,8.47,-0.7,1.21
1,1547693794679,8.57,-0.72,1.11
1,1547693794731,8.78,-0.91,0.99
1,1547693794732,9.41,-1.15,0.89
1,1547693794732,9.41,-1.21,1.09
1,1547693794732,9.49,-1.07,0.99
1,1547693794733,9.43,-1.11,0.91
1,1547693794745,9.21,-0.87,0.99
1,1547693794745,9.58,-0.62,0.85
1,1547693794745,10.15,-0.68,0.76
1,1547693794805,10.48,-1.01,0.39
1,1547693794805,9.9,-1.56,0.25
1,1547693794806,9.41,-1.77,0.31
1,1547693794807,9.33,-1.69,0.52
1,1547693794807,9.7,-1.48,0.7
1,1547693794828,10.64,-1.3,0.39
1,1547693794829,10.64,-0.99,0.19
1,1547693794881,10.56,-0.62,-0.03
1,1547693794882,10.56,-0.83,0.01
1,1547693794882,9.9,-1.15,0.15
1,1547693794896,9.66,-1.19,0.44
1,1547693794896,9.68,-1.44,0.89
1,1547693794896,9.86,-1.5,1.19
1,1547693794897,10.97,-0.85,-0.21
1,1547693794897,12.03,-0.8,-0.87
1,1547693794953,11.62,-1.56,-0.42
1,1547693794959,10.25,-2.03,0.0
1,1547693794960,9.43,-1.81,0.44
1,1547693794960,9.9,-1.36,0.62
1,1547693794960,10.11,-1.23,0.5
1,1547693794961,10.15,-1.07,0.85
1,1547693794961,10.72,-0.62,-0.29
1,1547693795034,11.28,-0.82,-1.17
1,1547693795036,11.28,-1.6,-1.07
1,1547693795038,10.11,-2.22,-1.11
1,1547693795039,9.1,-1.56,0.41
1,1547693795040,9.96,-1.11,0.52
1,1547693795041,10.52,-1.05,0.42
1,1547693795041,10.66,-1.19,0.46
1,1547693795042,10.03,-1.32,0.82
1,1547693795108,10.42,-1.01,0.15
1,1547693795109,10.8,-0.89,-0.83
1,1547693795110,10.58,-1.19,-0.7
1,1547693795110,9.58,-1.52,0.19
1,1547693795111,9.8,-1.52,0.19
1,1547693795111,10.46,-1.19,0.46
1,1547693795112,10.7,-1.09,0.58
1,1547693795186,9.78,-1.62,0.42
1,1547693795188,10.11,-1.85,-0.03
1,1547693795189,11.4,-1.6,-0.82
1,1547693795191,12.36,-1.62,-1.21
1,1547693795192,10.27,-1.97,-0.8
1,1547693795193,9.49,-1.81,0.03
1,1547693795194,10.19,-1.38,0.58
1,1547693795194,11.56,-0.89,0.93
1,1547693795257,12.38,-1.17,0.48
1,1547693795258,11.48,-1.66,0.68
1,1547693795259,10.89,-1.62,0.91
1,1547693795259,11.34,-1.32,0.33
1,1547693795259,12.34,-2.3,-0.95
1,1547693795260,11.19,-2.94,-0.42
1,1547693795261,9.96,-2.65,-0.03
1,1547693795330,9.66,-1.97,0.05
1,1547693795331,11.64,-0.85,0.09
1,1547693795350,12.3,-0.93,-0.17
1,1547693795351,12.2,-1.36,-0.44
1,1547693795352,11.69,-1.77,-0.44
1,1547693795353,11.93,-1.83,-1.17
1,1547693795354,11.85,-2.28,-1.3
1,1547693795355,11.19,-2.92,-1.15
1,1547693795406,10.89,-2.48,-0.64
1,1547693795409,11.13,-1.46,0.13
1,1547693795409,11.6,-1.36,0.09
1,1547693795410,12.12,-1.4,-0.19
1,1547693795411,12.2,-1.6,-0.19
1,1547693795412,12.16,-1.19,-0.52
1,1547693795412,12.42,-1.46,-0.52
1,1547693795481,12.51,-2.01,-0.39
1,1547693795483,12.59,-2.28,-0.15
1,1547693795484,13.0,-2.26,-0.15
1,1547693795484,13.51,-2.36,-0.41
1,1547693795485,13.73,-2.3,-0.78
1,1547693795486,13.41,-2.3,-0.95
1,1547693795486,13.08,-2.12,-0.62
1,1547693795487,13.24,-2.03,-0.35
1,1547693795559,13.33,-2.1,-0.29
1,1547693795561,13.55,-1.81,-0.17
1,1547693795561,13.61,-1.67,-0.37
1,1547693795562,13.37,-1.79,-0.23
1,1547693795563,13.26,-1.91,-0.25
1,1547693795563,13.37,-2.05,-0.23
1,1547693795564,13.57,-2.28,-0.29
1,1547693795631,13.55,-2.32,-0.15
1,1547693795649,13.22,-2.32,-0.11
1,1547693795650,12.87,-2.2,-0.05
1,1547693795650,13.2,-1.69,0.09
1,1547693795651,13.41,-1.62,0.0
1,1547693795651,13.16,-1.79,-0.05
1,1547693795651,12.85,-1.95,-0.05
1,1547693795652,12.67,-1.79,-0.21
1,1547693795707,12.65,-2.01,-0.35
1,1547693795708,12.69,-2.12,-0.33
1,1547693795708,12.61,-2.14,-0.17
1,1547693795708,12.05,-2.03,0.09
1,1547693795709,11.89,-1.85,0.07
1,1547693795709,11.81,-1.79,-0.03
1,1547693795709,11.77,-1.81,0.07
1,1547693795783,11.64,-1.52,0.25
1,1547693795785,11.42,-1.64,0.01
1,1547693795786,11.34,-1.66,-0.01
1,1547693795787,11.34,-1.58,0.09
1,1547693795788,11.09,-1.77,0.17
1,1547693795856,10.97,-1.93,0.29
1,1547693795857,10.85,-1.75,0.23
1,1547693795857,10.7,-1.87,0.13
1,1547693795858,10.56,-1.85,0.01
1,1547693795858,10.66,-1.62,-0.07
1,1547693795858,10.64,-1.62,-0.03
1,1547693795859,10.39,-1.77,-0.07
1,1547693795859,9.98,-1.64,0.25
1,1547693795932,9.96,-1.5,0.5
1,1547693795956,9.55,-1.77,0.33
1,1547693795957,9.49,-1.32,0.39
1,1547693795957,9.45,-1.36,0.19
1,1547693795958,9.43,-1.4,0.09
1,1547693795958,9.53,-1.17,0.11
1,1547693795959,9.23,-1.36,0.17
1,1547693795959,9.21,-1.4,0.27
1,1547693796005,9.16,-1.38,0.54
1,1547693796084,9.06,-1.56,0.8
1,1547693796084,8.53,-1.75,1.05
1,1547693796107,8.49,-1.66,0.93
1,1547693796108,8.65,-1.44,0.7
1,1547693796108,8.9,-1.23,0.58
1,1547693796157,8.18,-2.07,0.11
1,1547693796173,8.18,-2.07,0.11
1,1547693796175,8.1,-1.73,-0.09
1,1547693796175,8.39,-1.71,0.03
1,1547693796176,7.71,-2.14,-0.44
1,1547693796176,6.15,-0.13,1.11
1,1547693796177,5.87,-0.03,1.28
1,1547693796177,5.6,-0.03,1.54
1,1547693796231,5.31,-0.09,3.26
1,1547693796232,5.31,-0.03,1.25
1,1547693796232,5.64,-0.13,1.34
1,1547693796232,5.82,-0.48,1.5
1,1547693796233,5.85,-0.39,2.26
1,1547693796233,6.01,-0.39,2.38
1,1547693796234,6.6,-0.21,2.3
1,1547693796234,6.97,-0.39,2.32
1,1547693796307,6.99,-0.09,2.2
1,1547693796308,7.59,0.11,2.67
1,1547693796309,7.81,-0.07,3.04
1,1547693796309,7.61,-0.05,3.33
1,1547693796309,7.55,0.23,3.41
1,1547693796310,7.87,0.19,3.8
1,1547693796310,8.1,0.01,4.08
1,1547693796311,8.33,-0.05,3.78
1,1547693796383,9.17,0.05,3.67
1,1547693796384,9.16,-0.37,3.55
1,1547693796408,8.8,-0.64,3.28
1,1547693796409,8.69,-0.44,3.32
1,1547693796410,9.14,-0.27,3.37
1,1547693796411,9.45,-0.58,2.81
1,1547693796411,8.9,-0.48,2.96
1,1547693796412,8.86,-0.15,3.2
1,1547693796455,9.43,-0.39,3.32
1,1547693796457,9.08,-0.58,3.32
1,1547693796475,8.73,-0.21,3.63
1,1547693796476,8.76,0.31,4.02
1,1547693796476,9.14,0.35,4.14
1,1547693796477,9.35,-0.39,3.61
1,1547693796477,9.04,-0.48,3.73
1,1547693796530,8.9,-0.44,3.86
1,1547693796550,9.12,-0.39,4.02
1,1547693796551,9.41,-0.29,3.67
1,1547693796551,8.92,-0.13,3.94
1,1547693796551,8.61,0.11,4.29
1,1547693796552,8.78,0.31,4.41
1,1547693796552,9.23,0.39,4.43
1,1547693796552,9.43,0.31,4.17
1,1547693796609,9.12,-0.05,4.04
1,1547693796612,8.78,-0.25,3.84
1,1547693796627,8.71,-0.29,3.69
1,1547693796627,8.49,-0.31,3.51
1,1547693796628,8.57,-0.15,3.32
1,1547693796628,8.78,-0.19,3.12
1,1547693796628,8.94,-0.44,2.48
1,1547693796700,8.9,-0.64,2.28
1,1547693796701,8.73,-0.66,2.26
1,1547693796701,8.47,-0.64,2.07
1,1547693796702,8.32,-0.13,2.4
1,1547693796703,8.28,-0.05,2.89
1,1547693796703,8.2,-0.15,2.94
1,1547693796704,8.18,-0.48,2.67
1,1547693796704,7.89,-0.48,2.42
1,1547693796753,7.79,-0.52,2.36
1,1547693796833,7.87,-0.68,2.28
1,1547693796910,7.83,-0.8,2.14
1,1547693796914,7.65,-0.48,1.91
1,1547693796916,7.67,-0.5,1.83
1,1547693796918,7.61,-0.56,1.73
1,1547693796919,7.55,-0.56,1.73
1,1547693796920,7.42,-0.58,1.67
1,1547693796921,7.36,-0.72,1.42
1,1547693796922,7.42,-0.68,1.28
1,1547693796985,7.67,-0.6,1.4
1,1547693796987,8.94,-1.05,0.5
1,1547693796989,8.94,-1.07,0.72
1,1547693796990,8.88,-0.97,0.91
1,1547693796991,9.0,-0.95,1.13
1,1547693796992,9.02,-1.03,1.21
1,1547693796993,9.72,-1.01,0.82
1,1547693796994,9.92,-1.07,0.56
1,1547693797055,9.72,-1.17,0.64
1,1547693797079,9.47,-1.15,0.68
1,1547693797079,9.23,-1.17,0.39
1,1547693797080,9.33,-1.19,0.25
1,1547693797080,9.55,-1.11,0.13
1,1547693797080,9.88,-0.95,0.17
1,1547693797080,9.84,-1.11,-0.11
1,1547693797081,9.8,-1.09,-0.05
1,1547693797131,9.68,-1.11,0.05
1,1547693797145,9.58,-1.23,0.15
1,1547693797145,10.0,-1.13,0.25
1,1547693797145,10.01,-1.09,-0.05
1,1547693797146,9.98,-1.05,-0.25
1,1547693797146,10.27,-0.66,-0.27
1,1547693797146,11.15,-0.89,-0.7
1,1547693797146,10.87,-1.44,-0.5
1,1547693797205,10.07,-2.01,-0.39
1,1547693797206,9.58,-2.22,-0.11
1,1547693797206,9.7,-1.56,0.0
1,1547693797207,10.21,-1.07,0.07
1,1547693797207,11.05,-0.72,-0.19
1,1547693797208,11.19,-0.95,-0.52
1,1547693797208,10.42,-1.19,-0.76
1,1547693797281,10.01,-1.44,-0.91
1,1547693797282,9.6,-1.75,-0.72
1,1547693797282,9.64,-1.54,-0.62
1,1547693797282,10.48,-1.03,-0.23
1,1547693797283,11.01,-1.03,-0.83
1,1547693797283,11.56,-1.05,-1.48
1,1547693797283,11.52,-0.99,-1.03
1,1547693797284,10.15,-1.54,-1.01
1,1547693797356,9.96,-1.79,-0.76
1,1547693797357,10.09,-1.79,-0.35
1,1547693797357,10.29,-1.67,-0.29
1,1547693797357,10.27,-1.54,-0.6
1,1547693797357,10.41,-1.19,-0.66
1,1547693797358,10.91,-1.07,-0.68
1,1547693797358,10.95,-1.07,-0.91
1,1547693797440,10.95,-1.32,-1.64
1,1547693797441,10.31,-2.24,-1.28
1,1547693797441,10.27,-1.91,-1.07
1,1547693797441,10.46,-1.34,-0.64
1,1547693797442,9.94,-1.21,-0.64
1,1547693797442,10.15,-1.05,-0.52
1,1547693797442,10.68,-0.8,-0.48
1,1547693797443,11.11,-1.09,-1.07
1,1547693797505,10.76,-1.64,-1.17
1,1547693797514,10.19,-1.93,-1.01
1,1547693797515,10.09,-2.03,-0.78
1,1547693797515,10.33,-1.73,-0.66
1,1547693797515,10.85,-1.64,-0.85
1,1547693797516,11.25,-1.19,-0.87
1,1547693797516,11.64,-1.21,-0.78
1,1547693797580,11.32,-1.54,-0.97
1,1547693797580,10.78,-1.5,-1.19
1,1547693797581,10.93,-1.6,-0.76
1,1547693797605,10.99,-1.89,-0.64
1,1547693797606,11.21,-1.87,-0.85
1,1547693797607,10.97,-1.3,-0.5
1,1547693797607,10.93,-1.25,-0.68
1,1547693797608,11.05,-1.15,-0.39
1,1547693797677,11.17,-1.32,-0.29
1,1547693797678,11.36,-1.54,-0.85
1,1547693797678,11.21,-1.5,-1.15
1,1547693797678,11.05,-2.44,-1.4
1,1547693797679,10.97,-3.02,-1.28
1,1547693797679,11.66,-1.69,-1.05
1,1547693797679,11.83,-1.5,-1.44
1,1547693797728,11.83,-1.67,-1.62
1,1547693797751,11.79,-1.91,-1.5
1,1547693797751,11.6,-1.62,-1.05
1,1547693797752,11.5,-1.54,-1.23
1,1547693797752,11.5,-1.85,-0.8
1,1547693797752,11.54,-1.83,-0.39
1,1547693797752,12.46,-1.15,-1.07
1,1547693797753,12.87,-1.23,-1.34
1,1547693797805,12.87,-1.44,-0.97
1,1547693797805,12.51,-1.66,-0.74
1,1547693797805,12.38,-2.05,-1.07
1,1547693797806,12.55,-2.08,-0.6
1,1547693797806,12.63,-1.93,-0.68
1,1547693797806,12.77,-1.93,-0.8
1,1547693797816,13.35,-1.83,-0.91
1,1547693797882,13.63,-1.85,-1.19
1,1547693797883,13.8,-2.1,-1.58
1,1547693797883,13.55,-2.48,-1.46
1,1547693797883,13.08,-2.57,-1.11
1,1547693797883,12.65,-2.1,-0.97
1,1547693797884,12.75,-1.85,-0.85
1,1547693797902,13.08,-1.46,-0.74
1,1547693797903,13.12,-1.3,-0.68
1,1547693797958,12.83,-1.5,-0.74
1,1547693797959,12.67,-1.54,-0.72
1,1547693797961,12.69,-1.64,-0.76
1,1547693797962,12.79,-1.87,-0.89
1,1547693797963,12.44,-2.4,-0.97
1,1547693797964,12.38,-2.3,-0.83
1,1547693797965,12.46,-2.2,-0.76
1,1547693798031,12.67,-1.99,-0.56
1,1547693798032,12.67,-1.5,-0.62
1,1547693798034,12.57,-1.5,-0.74
1,1547693798036,12.5,-1.6,-0.62
1,1547693798038,12.42,-1.69,-0.5
1,1547693798039,12.48,-2.42,-0.99
1,1547693798039,12.2,-2.55,-0.76
1,1547693798040,12.12,-2.38,-0.46
1,1547693798107,12.48,-2.16,-0.48
1,1547693798108,12.18,-2.59,-0.66
1,1547693798109,11.48,-2.12,-0.17
1,1547693798111,11.23,-1.42,0.25
1,1547693798112,11.28,-1.11,0.64
1,1547693798113,11.05,-0.58,1.11
1,1547693798114,10.8,-0.56,0.95
1,1547693798180,10.41,-0.83,0.72
1,1547693798181,10.33,-1.09,0.78
1,1547693798181,9.86,-1.38,0.5
1,1547693798182,9.62,-1.75,0.37
1,1547693798205,9.62,-1.71,0.58
1,1547693798205,9.68,-1.67,0.76
1,1547693798206,10.05,-1.66,0.37
1,1547693798206,9.9,-1.44,-0.07
1,1547693798264,9.78,-1.21,-0.52
1,1547693798265,9.7,-1.11,-0.5
1,1547693798265,9.29,-1.13,0.27
1,1547693798265,9.31,-1.21,0.5
1,1547693798266,9.14,-1.3,0.64
1,1547693798266,8.8,-1.4,0.64
1,1547693798266,8.26,-1.15,1.01
1,1547693798329,8.32,-1.01,0.97
1,1547693798341,8.45,-0.85,0.85
1,1547693798341,8.28,-0.93,0.76
1,1547693798342,7.94,-1.03,0.82
1,1547693798342,7.79,-1.09,1.15
1,1547693798342,7.61,-1.09,1.25
1,1547693798342,7.48,-1.07,1.3
1,1547693798343,7.71,-1.01,1.25
1,1547693798405,7.96,-0.87,1.15
1,1547693798405,7.65,-0.7,1.05
1,1547693798406,7.28,-0.07,1.05
1,1547693798406,7.61,-0.23,1.23
1,1547693798407,7.5,-0.87,1.25
1,1547693798407,7.4,-1.09,1.36
1,1547693798407,7.63,-1.05,1.25
1,1547693798480,7.83,-0.39,1.23
1,1547693798489,7.85,-0.33,1.23
1,1547693798490,7.67,-0.46,1.21
1,1547693798491,7.46,-0.44,1.25
1,1547693798491,7.61,-0.58,1.52
1,1547693798491,7.38,-1.01,1.66
1,1547693798491,7.32,-1.01,1.81
1,1547693798491,7.48,-0.72,1.62
1,1547693798559,7.2,-0.87,1.95
1,1547693798560,6.79,-0.54,2.05
1,1547693798574,7.24,0.19,1.93
1,1547693798574,7.79,0.23,1.91
1,1547693798574,6.69,-0.52,2.44
1,1547693798575,6.62,0.0,2.63
1,1547693798575,6.46,-0.15,2.98
1,1547693798634,6.26,-0.29,3.43
1,1547693798635,6.97,0.01,2.48
1,1547693798636,7.44,-0.29,2.03
1,1547693798637,7.4,-0.42,1.42
1,1547693798639,7.18,-0.41,1.23
1,1547693798640,7.01,0.29,2.51
1,1547693798643,6.79,0.35,2.69
1,1547693798644,6.71,0.17,2.65
1,1547693798703,6.77,0.19,3.0
1,1547693798704,7.5,0.17,3.9
1,1547693798705,7.81,0.0,4.08
1,1547693798706,7.91,-0.11,3.94
1,1547693798707,7.85,0.21,3.65
1,1547693798708,8.78,0.64,3.69
1,1547693798708,9.6,-0.11,3.94
1,1547693798782,9.55,-0.91,3.78
1,1547693798782,9.27,-1.03,3.49
1,1547693798783,9.7,-0.39,3.16
1,1547693798794,10.0,-0.72,3.32
1,1547693798795,10.21,-1.07,3.32
1,1547693798796,10.09,-1.15,2.65
1,1547693798796,10.19,-0.8,3.49
1,1547693798797,9.72,-0.66,3.45
1,1547693798862,9.25,-0.66,3.2
1,1547693798863,9.23,-0.6,3.06
1,1547693798864,9.41,-0.48,3.53
1,1547693798864,9.16,-0.25,3.82
1,1547693798864,9.04,-0.01,3.59
1,1547693798865,8.9,-0.11,3.1
1,1547693798865,8.71,-0.05,2.98
1,1547693798930,8.75,0.19,3.49
1,1547693798943,8.61,0.09,3.63
1,1547693798943,8.65,-0.09,3.45
1,1547693798944,8.82,-0.44,3.32
1,1547693798944,8.82,-0.29,3.32
1,1547693798944,8.86,-0.09,3.51
1,1547693798944,8.96,0.23,3.55
1,1547693798944,8.88,-0.03,3.39
1,1547693799006,8.82,-0.29,3.57
1,1547693799031,8.82,-0.27,3.71
1,1547693799032,8.86,-0.19,3.76
1,1547693799032,9.21,-0.19,3.33
1,1547693799033,9.14,-0.35,3.22
1,1547693799033,9.21,-0.27,3.06
1,1547693799034,9.08,-0.25,3.12
1,1547693799082,8.84,-0.41,3.28
1,1547693799083,8.88,-0.39,3.22
1,1547693799085,8.94,-0.41,3.14
1,1547693799087,8.92,-0.46,2.91
1,1547693799089,8.22,-0.6,3.12
1,1547693799090,8.22,-0.39,3.0
1,1547693799091,8.3,-0.19,2.94
1,1547693799092,8.33,-0.15,2.92
1,1547693799154,8.2,-0.35,2.79
1,1547693799155,8.0,-0.39,2.63
1,1547693799156,7.92,-0.41,2.61
1,1547693799156,8.0,-0.5,2.38
1,1547693799156,7.73,-0.89,2.28
1,1547693799156,7.5,-0.82,2.22
1,1547693799156,7.44,-0.78,2.05
1,1547693799230,7.42,-0.78,2.08
1,1547693799232,7.46,-0.74,2.12
1,1547693799233,7.34,-0.68,2.05
1,1547693799233,7.32,-0.64,1.99
1,1547693799234,7.32,-0.68,1.97
1,1547693799234,7.03,-0.91,1.75
1,1547693799244,7.01,-0.93,1.48
1,1547693799244,7.12,-0.89,1.34
1,1547693799307,7.14,-0.83,1.44
1,1547693799308,6.95,-0.66,1.42
1,1547693799308,6.89,-0.66,1.38
1,1547693799309,6.91,-0.56,1.36
1,1547693799309,7.03,-0.41,1.28
1,1547693799309,7.38,-0.42,1.38
1,1547693799310,7.53,-0.42,1.5
1,1547693799386,7.79,-0.54,1.52
1,1547693799389,8.0,-0.68,1.32
1,1547693799390,8.04,-0.76,1.32
1,1547693799392,7.75,-0.85,1.4
1,1547693799394,7.42,-0.99,1.42
1,1547693799455,7.34,-0.82,1.64
1,1547693799462,7.61,-0.82,2.83
1,1547693799463,7.01,-1.01,2.22
1,1547693799464,7.53,-0.39,1.4
1,1547693799464,8.8,0.23,0.52
1,1547693799465,10.82,-0.82,-0.11
1,1547693799465,10.93,-1.13,0.21
1,1547693799466,10.6,-1.13,0.27
1,1547693799532,9.86,-1.5,-0.05
1,1547693799533,10.52,-1.46,0.37
1,1547693799533,10.7,-1.3,0.46
1,1547693799534,10.58,-1.15,0.25
1,1547693799534,11.23,-0.89,-0.33
1,1547693799535,11.25,-1.13,0.44
1,1547693799535,10.76,-1.36,0.78
1,1547693799535,10.11,-1.54,0.85
1,1547693799609,9.88,-1.66,1.23
1,1547693799610,10.39,-1.46,1.17
1,1547693799611,10.82,-1.3,0.72
1,1547693799611,11.25,-0.85,-0.19
1,1547693799613,11.09,-0.85,-0.29
1,1547693799614,10.37,-1.23,-0.05
1,1547693799615,10.37,-1.52,-0.17
1,1547693799616,10.85,-1.77,-0.25
1,1547693799684,11.09,-1.93,-0.21
1,1547693799686,10.83,-2.03,-0.03
1,1547693799688,10.76,-1.87,0.23
1,1547693799689,10.76,-1.64,0.05
1,1547693799692,10.89,-1.42,-0.54
1,1547693799693,10.8,-1.15,-0.62
1,1547693799695,10.5,-1.28,-0.27
1,1547693799696,10.23,-1.46,0.09
1,1547693799758,10.19,-1.3,0.39
1,1547693799760,10.05,-1.17,0.48
1,1547693799761,10.11,-1.32,0.56
1,1547693799762,10.35,-1.4,0.29
1,1547693799762,10.87,-1.56,-0.39
1,1547693799763,10.78,-1.46,-0.91
1,1547693799764,9.88,-1.95,-0.72
1,1547693799829,9.37,-2.08,-0.35
1,1547693799830,9.68,-1.99,-0.42
1,1547693799831,10.8,-1.6,-0.27
1,1547693799832,10.83,-1.28,-0.07
1,1547693799832,10.52,-1.09,0.09
1,1547693799833,10.35,-1.19,-0.13
1,1547693799835,10.89,-1.23,-1.05
1,1547693799835,10.89,-1.15,-0.99
1,1547693799910,10.35,-1.25,-0.7
1,1547693799911,9.8,-1.5,-0.33
1,1547693799911,10.19,-1.5,0.09
1,1547693799912,10.82,-1.36,0.29
1,1547693799912,11.25,-1.38,0.23
1,1547693799912,11.48,-1.58,0.11
1,1547693799913,10.56,-1.75,0.0
1,1547693799982,10.27,-1.85,-0.19
1,1547693799983,10.27,-1.44,-0.29
1,1547693799984,10.56,-1.44,-0.56
1,1547693800002,11.48,-1.52,-0.82
1,1547693800003,11.83,-1.28,-0.76
1,1547693800003,11.69,-1.66,-0.76
1,1547693800004,11.15,-2.16,-0.78
1,1547693800004,10.64,-2.42,-0.66
1,1547693800056,10.78,-2.03,-0.83
1,1547693800057,10.8,-1.81,-0.64
1,1547693800057,10.85,-1.79,-0.66
1,1547693800057,10.82,-1.26,-0.56
1,1547693800058,10.74,-1.21,-0.37
1,1547693800058,11.09,-0.99,-0.31
1,1547693800058,11.5,-0.95,-0.29
1,1547693800130,11.01,-2.07,-0.62
1,1547693800151,10.89,-2.36,-0.56
1,1547693800152,11.01,-2.2,-0.35
1,1547693800153,11.28,-1.87,-0.39
1,1547693800153,11.66,-1.73,-0.5
1,1547693800154,12.03,-1.75,-0.85
1,1547693800154,12.26,-1.81,-1.13
1,1547693800155,11.91,-1.99,-1.21
1,1547693800208,11.5,-1.95,-0.62
1,1547693800208,11.99,-1.71,-0.33
1,1547693800209,12.38,-1.48,-0.33
1,1547693800209,12.5,-1.42,-0.37
1,1547693800210,12.75,-1.4,-0.89
1,1547693800210,12.53,-1.69,-1.03
1,1547693800218,12.28,-2.03,-1.11
1,1547693800280,12.1,-2.46,-1.13
1,1547693800281,12.18,-2.36,-0.85
1,1547693800282,12.26,-2.46,-1.11
1,1547693800283,12.28,-2.71,-1.3
1,1547693800284,12.32,-2.51,-0.97
1,1547693800284,12.73,-1.11,-0.21
1,1547693800284,12.89,-1.17,-0.33
1,1547693800285,12.92,-1.28,-0.11
1,1547693800355,12.75,-1.23,-0.01
1,1547693800356,12.44,-1.44,-0.25
1,1547693800357,12.59,-1.46,-0.11
1,1547693800357,12.89,-1.42,-0.15
1,1547693800358,13.14,-1.66,-0.5
1,1547693800358,12.98,-2.48,-0.91
1,1547693800359,12.96,-2.91,-0.64
1,1547693800431,13.04,-2.61,-1.32
1,1547693800454,13.0,-2.67,-1.26
1,1547693800454,12.75,-2.69,-1.17
1,1547693800455,12.73,-2.5,-0.72
1,1547693800455,12.63,-2.08,-0.27
1,1547693800456,12.53,-1.91,-0.41
1,1547693800456,12.65,-1.5,-0.58
1,1547693800456,12.5,-1.52,-0.5
1,1547693800505,12.1,-1.67,-0.44
1,1547693800521,11.79,-1.62,-0.46
1,1547693800522,11.81,-1.87,-0.25
1,1547693800522,11.99,-1.97,-0.21
1,1547693800523,11.85,-2.12,-0.29
1,1547693800524,11.62,-2.22,-0.37
1,1547693800525,11.44,-1.81,-0.25
1,1547693800580,11.4,-1.69,-0.31
1,1547693800606,11.32,-1.56,-0.33
1,1547693800606,11.3,-1.42,-0.37
1,1547693800607,10.78,-1.97,-0.37
1,1547693800607,10.44,-2.3,-0.29
1,1547693800607,10.31,-2.12,-0.13
1,1547693800608,10.42,-1.81,0.05
1,1547693800608,9.96,-1.64,0.15
1,1547693800656,9.86,-1.38,0.27
1,1547693800657,9.78,-1.25,0.48
1,1547693800658,9.47,-1.3,0.62
1,1547693800658,9.29,-1.32,0.62
1,1547693800659,9.41,-1.32,0.54
1,1547693800659,9.49,-1.19,0.58
1,1547693800659,9.41,-1.21,0.41
1,1547693800731,9.16,-1.25,-0.07
1,1547693800731,9.35,-1.52,0.09
1,1547693800732,9.39,-1.73,0.27
1,1547693800732,9.17,-1.85,0.35
1,1547693800732,8.88,-1.5,0.66
1,1547693800732,8.69,-1.48,0.68
1,1547693800733,8.59,-1.5,0.89
1,1547693800733,8.8,-1.26,1.03
1,1547693800807,8.98,-1.62,1.09
1,1547693800809,8.67,-1.97,1.15
1,1547693800828,8.26,-2.12,0.97
1,1547693800829,8.12,-1.81,0.82
1,1547693800830,8.02,-1.11,0.99
1,1547693800831,8.0,-1.01,1.11
1,1547693800831,8.02,-0.89,1.19
1,1547693800881,8.06,-1.07,1.23
1,1547693800890,7.85,-1.44,1.21
1,1547693800891,7.71,-1.19,1.23
1,1547693800891,7.63,-1.07,1.21
1,1547693800891,7.57,-0.95,1.21
1,1547693800891,7.36,-1.09,1.19
1,1547693800892,7.26,-1.23,1.23
1,1547693800892,7.14,-1.38,1.36
1,1547693800954,7.05,-1.46,1.67
1,1547693800955,7.51,-1.13,1.36
1,1547693800955,7.63,-0.97,1.28
1,1547693800956,7.57,-0.82,1.56
1,1547693800956,7.77,-0.74,1.67
1,1547693800973,7.71,-1.48,1.32
1,1547693800973,7.69,-1.83,1.71
1,1547693801038,7.53,-1.17,1.44
1,1547693801039,7.08,-0.89,1.34
1,1547693801039,6.66,-0.85,2.24
1,1547693801040,7.12,-0.85,2.4
1,1547693801040,7.26,-0.97,2.22
1,1547693801040,6.95,-1.13,2.18
1,1547693801041,6.91,-0.01,1.93
1,1547693801041,6.95,0.48,1.95
1,1547693801106,6.89,0.48,2.08
1,1547693801109,6.97,0.72,1.95
1,1547693801110,7.3,0.76,1.99
1,1547693801112,7.34,0.83,2.12
1,1547693801113,7.34,0.62,2.34
1,1547693801114,7.55,0.8,3.0
1,1547693801116,7.59,0.66,4.43
1,1547693801181,7.69,0.8,3.94
1,1547693801182,7.79,0.68,4.12
1,1547693801183,8.02,0.5,3.57
1,1547693801183,8.55,-0.41,3.71
1,1547693801184,8.82,-0.39,3.75
1,1547693801184,9.17,-0.29,3.75
1,1547693801184,9.39,-0.03,3.9
1,1547693801185,9.12,-0.21,3.84
1,1547693801256,9.0,-0.66,3.47
1,1547693801257,9.35,-0.64,3.51
1,1547693801257,9.62,-0.03,3.76
1,1547693801258,9.0,-0.03,3.22
1,1547693801258,9.29,-0.05,3.2
1,1547693801258,9.29,-0.17,3.55
1,1547693801259,9.23,0.31,4.02
1,1547693801333,8.45,0.39,4.16
1,1547693801334,8.32,0.66,4.45
1,1547693801335,8.32,0.66,4.41
1,1547693801335,8.57,0.74,4.31
1,1547693801335,8.51,0.76,4.25
1,1547693801336,8.14,0.33,3.82
1,1547693801336,8.51,0.11,3.69
1,1547693801336,8.92,0.0,3.75
1,1547693801406,8.59,0.5,4.08
1,1547693801406,8.67,0.68,4.02
1,1547693801407,8.57,0.27,3.84
1,1547693801407,8.61,0.39,3.67
1,1547693801431,8.88,0.07,3.82
1,1547693801431,8.61,-0.01,3.9
1,1547693801432,8.45,-0.05,3.73
1,1547693801482,8.35,-0.01,3.67
1,1547693801484,8.82,0.46,3.71
1,1547693801485,8.82,0.52,3.69
1,1547693801485,8.65,0.42,3.57
1,1547693801486,8.57,0.09,3.43
1,1547693801487,8.61,-0.27,3.33
1,1547693801488,8.92,-0.17,2.98
1,1547693801558,9.08,-0.17,2.81
1,1547693801561,8.8,-0.21,2.91
1,1547693801588,8.51,-0.11,2.98
1,1547693801589,8.49,0.33,3.33
1,1547693801590,8.43,0.13,3.65
1,1547693801591,8.3,-0.15,3.55
1,1547693801591,8.16,-0.15,3.45
1,1547693801592,8.39,-0.33,2.83
1,1547693801686,8.35,-0.42,2.59
1,1547693801687,8.12,-0.5,2.36
1,1547693801687,7.81,-0.56,2.34
1,1547693801688,7.61,-0.48,2.34
1,1547693801688,7.55,-0.27,2.51
1,1547693801688,7.55,-0.05,2.59
1,1547693801689,7.44,0.0,2.51
1,1547693801724,7.05,-0.31,1.85
1,1547693801724,7.07,-0.33,1.89
1,1547693801725,7.05,-0.39,1.91
1,1547693801725,7.12,-0.27,1.99
1,1547693801725,7.18,-0.25,1.91
1,1547693801725,7.14,-0.23,1.97
1,1547693801725,7.26,-0.01,2.1
1,1547693801726,7.36,0.03,2.2
1,1547693801780,7.67,-0.03,2.14
1,1547693801796,7.79,-0.29,2.03
1,1547693801796,7.81,-0.58,1.97
1,1547693801797,7.85,-0.72,1.95
1,1547693801797,8.02,-0.78,1.89
1,1547693801797,8.26,-0.58,1.89
1,1547693801797,8.63,-0.64,1.66
1,1547693801797,8.84,-0.85,1.38
1,1547693801855,9.0,-0.68,1.21
1,1547693801855,9.02,-0.64,1.23
1,1547693801855,9.0,-0.5,1.34
1,1547693801856,9.0,-0.68,1.58
1,1547693801856,8.92,-1.11,1.52
1,1547693801856,8.88,-1.11,1.34
1,1547693801856,8.92,-1.01,1.23
1,1547693801930,9.23,-0.72,1.09
1,1547693801931,9.37,-0.54,0.93
1,1547693801932,9.16,-0.44,0.97
1,1547693801933,9.21,-0.37,1.11
1,1547693801933,9.39,-0.64,1.21
1,1547693801933,9.66,-1.19,1.21
1,1547693801934,9.86,-1.4,1.17
1,1547693802006,9.7,-1.23,1.05
1,1547693802006,9.47,-1.09,1.05
1,1547693802015,9.86,-0.97,0.68
1,1547693802015,9.96,-0.87,0.64
1,1547693802016,9.82,-0.83,0.5
1,1547693802016,9.7,-0.8,0.33
1,1547693802016,10.01,-0.6,0.64
1,1547693802016,10.31,-1.07,0.35
1,1547693802079,10.48,-1.44,0.21
1,1547693802099,10.37,-1.71,0.07
1,1547693802099,10.01,-1.42,0.68
1,1547693802099,10.13,-1.07,1.03
1,1547693802100,10.6,-0.46,1.17
1,1547693802100,11.56,0.0,0.76
1,1547693802100,11.64,-1.6,0.03
1,1547693802100,10.46,-2.36,0.05
1,1547693802157,9.78,-2.26,0.29
1,1547693802165,9.9,-1.93,0.5
1,1547693802166,11.07,-1.36,0.27
1,1547693802166,11.34,-1.09,0.46
1,1547693802166,11.09,-1.09,0.42
1,1547693802166,10.8,-1.05,0.11
1,1547693802167,10.8,-1.13,0.13
1,1547693802230,10.85,-1.21,-0.11
1,1547693802249,10.68,-1.44,-0.35
1,1547693802250,10.25,-1.58,-0.19
1,1547693802250,10.03,-1.34,0.07
1,1547693802250,10.23,-1.11,0.17
1,1547693802250,10.37,-1.09,0.27
1,1547693802251,10.6,-1.05,0.11
1,1547693802251,10.62,-1.44,-0.39
1,1547693802305,10.19,-1.89,-0.33
1,1547693802306,9.84,-1.66,-0.29
1,1547693802306,9.8,-1.23,-0.21
1,1547693802317,10.19,-1.17,0.0
1,1547693802318,10.35,-1.13,-0.19
1,1547693802318,10.35,-1.13,-0.33
1,1547693802318,10.31,-1.15,-0.46
1,1547693802380,10.19,-1.4,-0.6
1,1547693802381,10.35,-1.21,-0.56
1,1547693802382,10.5,-1.13,-0.25
1,1547693802403,10.39,-1.28,-0.48
1,1547693802404,10.27,-1.66,-0.39
1,1547693802404,10.31,-1.73,-0.44
1,1547693802404,10.62,-1.6,-0.6
1,1547693802405,11.01,-1.4,-0.83
1,1547693802465,10.87,-1.83,-0.76
1,1547693802466,10.66,-1.66,-0.68
1,1547693802467,10.78,-1.3,-0.62
1,1547693802467,11.01,-1.32,-0.41
1,1547693802468,11.52,-1.54,-0.39
1,1547693802468,11.91,-1.3,-0.62
1,1547693802469,11.99,-1.73,-1.05
1,1547693802541,11.99,-1.99,-1.3
1,1547693802542,12.12,-2.28,-1.17
1,1547693802542,12.32,-1.93,-0.58
1,1547693802542,12.73,-1.21,-0.05
1,1547693802543,12.83,-1.15,0.23
1,1547693802543,12.81,-1.17,0.35
1,1547693802543,13.06,-1.4,0.19
1,1547693802607,13.41,-1.66,-0.11
1,1547693802607,13.84,-1.62,-0.44
1,1547693802607,14.04,-2.05,-0.89
1,1547693802608,13.57,-2.65,-1.23
1,1547693802608,13.14,-2.67,-1.13
1,1547693802608,13.0,-2.32,-0.83
1,1547693802608,14.21,-1.07,-0.44
1,1547693802608,14.17,-1.11,0.01
1,1547693802679,13.57,-1.56,-0.09
1,1547693802680,13.22,-1.91,-0.37
1,1547693802680,13.57,-2.08,-0.19
1,1547693802680,13.59,-1.91,0.09
1,1547693802681,13.41,-1.66,0.15
1,1547693802681,13.33,-1.48,0.35
1,1547693802681,13.12,-1.83,-0.19
1,1547693802757,13.06,-1.77,-0.41
1,1547693802773,13.22,-1.69,-0.31
1,1547693802774,13.43,-1.81,-0.31
1,1547693802774,13.35,-2.34,-0.5
1,1547693802775,13.32,-1.95,-0.15
1,1547693802775,13.22,-1.56,-0.01
1,1547693802775,13.18,-1.6,-0.03
1,1547693802776,13.2,-1.38,0.15
1,1547693802827,13.0,-1.48,0.39
1,1547693802828,12.48,-1.85,0.46
1,1547693802828,12.05,-2.01,0.41
1,1547693802829,12.1,-1.95,0.48
1,1547693802852,12.1,-1.85,0.31
1,1547693802852,12.1,-1.62,-0.09
1,1547693802852,12.1,-1.58,-0.37
1,1547693802852,12.01,-1.56,0.03
1,1547693802906,11.66,-1.6,0.03
1,1547693802906,11.32,-1.54,0.11
1,1547693802927,11.03,-1.54,0.35
1,1547693802927,10.76,-1.52,0.62
1,1547693802928,10.66,-1.58,0.64
1,1547693802928,10.35,-1.34,1.03
1,1547693802928,10.15,-1.15,0.85
1,1547693802978,9.8,-1.34,0.72
1,1547693802989,9.8,-1.13,0.8
1,1547693802990,9.82,-1.09,0.68
1,1547693802991,9.84,-1.13,0.64
1,1547693802991,9.76,-1.3,0.72
1,1547693802991,9.58,-1.56,0.76
1,1547693802991,9.53,-1.79,0.66
1,1547693803058,9.47,-1.99,0.54
1,1547693803060,9.19,-1.3,0.58
1,1547693803061,9.0,-1.09,0.7
1,1547693803062,9.02,-1.13,0.7
1,1547693803064,9.06,-1.32,0.89
1,1547693803066,8.33,-1.3,1.07
1,1547693803068,8.2,-1.11,1.15
1,1547693803069,8.26,-1.19,1.13
1,1547693803134,8.35,-1.28,1.01
1,1547693803157,8.2,-1.15,0.68
1,1547693803158,8.0,-1.19,0.87
1,1547693803158,7.79,-1.09,1.13
1,1547693803159,7.63,-0.7,1.23
1,1547693803159,7.55,-0.31,1.36
1,1547693803160,7.5,-0.48,1.25
1,1547693803208,7.3,-0.82,1.23
1,1547693803210,7.3,-1.05,1.26
1,1547693803211,7.51,-0.89,1.11
1,1547693803212,7.53,-0.95,0.99
1,1547693803213,7.63,-0.78,0.99
1,1547693803214,7.67,-0.85,0.87
1,1547693803215,8.08,-1.09,1.07
1,1547693803217,8.06,-0.7,1.3
1,1547693803284,7.79,-0.62,1.28
1,1547693803286,7.83,-0.62,1.48
1,1547693803288,8.33,-0.29,2.24
1,1547693803289,8.53,-1.01,1.54
1,1547693803290,7.96,-2.1,1.19
1,1547693803292,7.34,-1.52,1.58
1,1547693803293,7.01,0.68,2.22
1,1547693803358,6.95,1.05,2.4
1,1547693803359,7.12,0.68,2.71
1,1547693803361,7.18,0.27,3.51
1,1547693803362,7.2,0.54,2.87
1,1547693803363,7.67,0.78,2.92
1,1547693803364,7.77,0.87,2.55
1,1547693803365,7.5,0.58,2.34
1,1547693803365,7.12,-0.44,3.33
1,1547693803434,6.44,-0.21,3.84
1,1547693803435,6.07,0.37,4.12
1,1547693803465,6.4,0.83,4.58
1,1547693803467,7.28,-0.15,3.63
1,1547693803467,7.3,-0.05,3.39
1,1547693803504,7.08,0.05,3.1
1,1547693803505,6.87,0.03,2.65
1,1547693803506,6.79,0.17,2.53
1,1547693803507,7.07,0.41,3.04
1,1547693803507,7.34,0.7,3.57
1,1547693803508,7.28,0.72,3.76
1,1547693803509,6.97,0.39,3.71
1,1547693803509,7.55,1.09,4.19
1,1547693803588,7.87,0.72,4.41
1,1547693803592,7.53,0.62,4.12
1,1547693803593,8.84,0.58,4.51
1,1547693803594,8.45,0.09,4.47
1,1547693803595,8.43,-0.13,4.21
1,1547693803595,8.8,-0.07,4.21
1,1547693803597,9.62,-0.19,4.02
1,1547693803597,9.72,0.07,4.12
1,1547693803656,9.82,-0.01,4.23
1,1547693803658,10.13,-0.07,4.29
1,1547693803659,9.49,-0.52,4.1
1,1547693803659,9.41,-0.15,4.08
1,1547693803660,9.49,-0.15,3.98
1,1547693803661,9.43,-0.39,3.84
1,1547693803662,9.02,-0.17,3.9
1,1547693803662,9.08,0.07,3.9
1,1547693803738,9.0,0.19,3.82
1,1547693803739,8.55,0.15,3.63
1,1547693803739,8.22,0.58,3.98
1,1547693803739,8.14,0.44,4.0
1,1547693803740,8.06,0.29,3.86
1,1547693803740,8.24,0.11,3.57
1,1547693803741,8.1,0.09,3.41
1,1547693803810,8.06,0.19,3.37
1,1547693803814,8.12,0.33,3.53
1,1547693803815,8.1,0.29,3.57
1,1547693803817,8.08,0.03,3.53
1,1547693803818,8.26,0.15,3.61
1,1547693803818,8.55,0.01,3.51
1,1547693803819,8.61,-0.39,3.18
1,1547693803821,8.24,-0.52,2.79
1,1547693803884,8.02,-0.39,2.77
1,1547693803885,8.0,-0.37,2.85
1,1547693803885,8.14,-0.31,3.02
1,1547693803887,8.33,-0.66,2.89
1,1547693803887,8.1,-0.85,2.57
1,1547693803888,7.81,-0.62,2.22
1,1547693803888,7.57,-0.56,2.05
1,1547693803957,7.4,-0.5,2.34
1,1547693803958,7.28,-0.42,2.5
1,1547693803958,7.22,-0.46,2.44
1,1547693803959,7.44,-0.42,2.3
1,1547693803959,7.59,-0.33,2.28
1,1547693803983,7.3,-0.33,2.05
1,1547693803985,7.22,-0.31,1.66
1,1547693803985,7.34,-0.52,1.5
1,1547693804035,7.53,-0.5,1.73
1,1547693804035,7.51,-0.7,1.69
1,1547693804036,7.63,-0.78,1.6
1,1547693804036,7.87,-0.54,1.5
1,1547693804036,8.18,-0.62,1.34
1,1547693804037,8.22,-0.72,1.26
1,1547693804037,8.18,-0.76,1.23
1,1547693804107,8.12,-0.95,1.23
1,1547693804133,8.26,-1.07,1.28
1,1547693804134,8.45,-1.01,1.25
1,1547693804135,8.45,-1.11,1.21
1,1547693804136,8.55,-0.95,1.25
1,1547693804138,8.63,-0.42,1.48
1,1547693804139,8.55,-0.72,1.34
1,1547693804140,8.59,-0.8,1.21
1,1547693804182,8.71,-0.85,1.21
1,1547693804184,8.45,-1.11,0.91
1,1547693804185,8.75,-0.89,0.97
1,1547693804199,9.19,-0.46,1.17
1,1547693804200,9.47,-0.52,1.23
1,1547693804200,9.49,-0.99,0.87
1,1547693804201,9.74,-1.11,0.76
1,1547693804253,9.88,-1.11,0.78
1,1547693804255,9.74,-1.03,0.97
1,1547693804255,9.41,-1.52,0.01
1,1547693804256,9.23,-2.36,-0.09
1,1547693804257,9.66,-2.42,-0.46
1,1547693804257,9.9,-1.07,0.87
1,1547693804258,9.92,-1.25,0.0
1,1547693804258,10.52,-1.32,-0.21
1,1547693804333,10.85,-1.38,-0.15
1,1547693804334,10.68,-1.32,0.0
1,1547693804335,10.05,-1.21,0.27
1,1547693804336,10.25,-1.5,0.41
1,1547693804336,10.7,-1.89,0.41
1,1547693804337,10.87,-2.2,-0.03
1,1547693804337,10.17,-2.67,-0.66
1,1547693804407,10.44,-1.58,-0.21
1,1547693804408,10.64,-1.13,0.09
1,1547693804408,10.56,-1.19,-0.17
1,1547693804408,10.62,-1.46,-0.58
1,1547693804415,10.56,-1.97,-0.52
1,1547693804416,10.78,-1.81,-0.44
1,1547693804416,11.05,-1.25,-0.21
1,1547693804416,10.09,-1.13,-0.01
1,1547693804482,9.76,-1.11,0.05
1,1547693804482,9.96,-1.21,0.21
1,1547693804483,10.48,-1.26,0.31
1,1547693804483,10.76,-1.11,-0.21
1,1547693804484,10.33,-1.38,-0.5
1,1547693804484,10.13,-1.58,-0.44
1,1547693804485,10.09,-1.73,-0.23
1,1547693804558,10.25,-2.08,-0.35
1,1547693804559,10.58,-1.54,-0.29
1,1547693804559,10.78,-1.15,-0.35
1,1547693804561,10.6,-1.36,-0.44
1,1547693804570,10.66,-1.58,-0.83
1,1547693804571,10.82,-1.56,-0.97
1,1547693804571,10.85,-1.46,-1.26
1,1547693804572,10.7,-1.89,-1.34
1,1547693804634,10.39,-1.97,-0.83
1,1547693804634,10.29,-1.87,-0.56
1,1547693804635,10.35,-1.66,-0.29
1,1547693804635,10.7,-1.15,0.05
1,1547693804635,11.71,-0.7,-0.05
1,1547693804636,11.64,-1.25,-0.54
1,1547693804636,11.09,-2.05,-0.95
1,1547693804707,10.68,-2.32,-1.07
1,1547693804708,10.72,-1.69,-0.29
1,1547693804708,11.05,-1.3,-0.13
1,1547693804709,11.28,-1.25,-0.39
1,1547693804720,11.58,-1.36,-0.58
1,1547693804721,11.5,-1.64,-0.56
1,1547693804722,11.26,-1.89,-0.64
1,1547693804722,11.3,-1.87,-0.82
1,1547693804779,11.42,-1.81,-1.05
1,1547693804780,11.69,-2.59,-1.71
1,1547693804781,12.1,-2.32,-1.32
1,1547693804782,12.12,-1.83,-0.6
1,1547693804783,11.77,-1.71,-0.42
1,1547693804784,11.01,-2.12,-0.37
1,1547693804784,11.15,-2.2,-0.27
1,1547693804858,11.52,-1.95,-0.17
1,1547693804859,11.71,-1.5,0.11
1,1547693804859,11.97,-1.19,-1.03
1,1547693804860,12.53,-1.64,-1.44
1,1547693804860,12.75,-2.24,-1.15
1,1547693804860,12.46,-2.61,-0.99
1,1547693804861,12.01,-2.01,-0.89
1,1547693804861,12.32,-1.83,-0.41
1,1547693804936,12.71,-1.81,0.03
1,1547693805006,12.96,-2.01,-0.35
1,1547693805086,13.59,-2.26,-0.99
1,1547693805087,13.76,-2.65,-1.26
1,1547693805087,13.61,-2.98,-1.38
1,1547693805088,13.18,-2.69,-0.54
1,1547693805088,12.75,-1.64,-0.03
1,1547693805158,12.79,-1.52,0.19
1,1547693805172,13.08,-1.58,0.39
1,1547693805173,13.49,-1.54,0.39
1,1547693805173,12.94,-1.91,0.25
1,1547693805173,12.5,-1.97,0.0
1,1547693805174,12.34,-1.87,-0.01
1,1547693805174,12.32,-1.6,0.37
1,1547693805174,12.22,-1.25,0.68
1,1547693805244,11.52,-1.95,0.41
1,1547693805245,11.54,-1.67,0.8
1,1547693805245,11.25,-1.54,0.62
1,1547693805246,11.5,-1.56,0.62
1,1547693805246,11.52,-1.56,0.62
1,1547693805246,11.26,-1.58,0.52
1,1547693805247,10.89,-1.85,0.44
1,1547693805247,10.89,-1.83,0.41
1,1547693805306,10.95,-1.73,0.35
1,1547693805323,10.78,-1.69,0.48
1,1547693805324,10.25,-1.36,0.93
1,1547693805324,10.05,-1.26,1.03
1,1547693805324,9.84,-1.34,0.99
1,1547693805325,9.84,-1.19,1.07
1,1547693805325,9.51,-1.15,1.03
1,1547693805325,9.39,-1.34,0.7
1,1547693805379,9.31,-1.93,0.35
1,1547693805389,9.23,-2.16,0.48
1,1547693805389,9.21,-1.73,0.29
1,1547693805390,9.33,-1.25,0.44
1,1547693805390,9.49,-1.09,0.62
1,1547693805390,9.55,-1.11,0.8
1,1547693805390,9.45,-1.21,1.05
1,1547693805390,8.92,-1.52,1.07
1,1547693805456,8.75,-1.6,1.05
1,1547693805458,8.47,-1.52,1.03
1,1547693805459,8.14,-1.36,1.01
1,1547693805461,7.57,-1.11,1.21
1,1547693805462,7.5,-0.99,1.21
1,1547693805463,7.46,-0.66,1.23
1,1547693805464,7.5,-0.54,1.21
1,1547693805465,7.65,-0.42,1.23
1,1547693805540,7.59,-0.46,1.23
1,1547693805541,7.44,-0.74,1.21
1,1547693805541,7.32,-0.66,1.32
1,1547693805541,7.24,-0.83,1.34
1,1547693805542,7.01,-0.89,1.4
1,1547693805542,6.91,-0.83,1.56
1,1547693805542,6.95,-0.66,1.69
1,1547693805606,7.18,-0.46,1.5
1,1547693805606,7.28,-0.21,1.42
1,1547693805606,7.44,0.11,1.32
1,1547693805607,7.57,0.41,1.52
1,1547693805607,7.26,-0.82,1.38
1,1547693805607,7.18,-1.11,1.21
1,1547693805607,7.26,-1.19,1.21
1,1547693805608,7.5,-1.36,1.23
1,1547693805684,7.83,-0.85,1.56
1,1547693805694,7.75,-0.82,1.67
1,1547693805695,7.55,-0.85,1.81
1,1547693805695,7.28,-0.74,2.05
1,1547693805696,7.32,-1.11,2.1
1,1547693805696,7.4,-0.95,2.12
1,1547693805696,7.5,-0.42,2.01
1,1547693805756,7.59,0.21,1.97
1,1547693805756,7.53,0.31,2.46
1,1547693805757,7.61,0.58,2.71
1,1547693805757,7.42,0.0,3.0
1,1547693805777,7.26,-0.6,2.85
1,1547693805777,7.38,0.87,4.41
1,1547693805778,7.5,0.74,4.23
1,1547693805778,7.59,0.62,4.12
1,1547693805830,7.96,0.56,3.96
1,1547693805831,8.57,0.37,3.73
1,1547693805832,8.86,0.15,3.02
1,1547693805832,9.17,-0.33,2.38
1,1547693805833,9.53,-0.85,2.08
1,1547693805834,8.96,-0.87,3.02
1,1547693805834,8.53,-0.41,3.45
1,1547693805909,8.43,-0.05,3.8
1,1547693805910,8.49,-0.15,3.94
1,1547693805911,9.1,0.19,4.31
1,1547693805935,8.98,0.05,4.19
1,1547693805936,8.55,0.46,4.62
1,1547693805990,8.06,0.62,4.6
1,1547693805991,8.14,1.13,4.74
1,1547693805991,8.35,1.25,4.62
1,1547693805991,8.45,0.83,4.21
1,1547693805992,8.22,0.09,3.9
1,1547693805992,8.3,-0.09,3.76
1,1547693805992,8.39,-0.09,3.45
1,1547693805993,8.49,0.03,3.43
1,1547693806056,8.43,0.37,3.69
1,1547693806056,8.41,0.74,3.86
1,1547693806057,8.51,0.6,3.86
1,1547693806057,8.53,0.48,3.96
1,1547693806057,8.3,0.17,3.96
1,1547693806059,8.3,0.23,4.04
1,1547693806059,8.18,0.11,4.02
1,1547693806059,8.2,0.25,3.96
1,1547693806137,8.33,-0.17,3.51
1,1547693806138,8.3,-0.44,3.26
1,1547693806138,8.12,-0.39,3.18
1,1547693806138,7.98,-0.25,3.1
1,1547693806138,7.92,-0.33,2.91
1,1547693806139,7.94,-0.42,2.71
1,1547693806160,7.81,-0.41,2.61
1,1547693806161,7.61,-0.29,2.65
1,1547693806207,7.16,-0.27,2.81
1,1547693806208,6.95,-0.41,2.75
1,1547693806209,6.83,-0.58,2.59
1,1547693806209,6.67,-0.68,2.38
1,1547693806210,6.56,-0.6,2.32
1,1547693806210,6.44,-0.56,2.22
1,1547693806211,6.36,-0.48,2.05
1,1547693806211,6.38,-0.39,1.85
1,1547693806281,6.54,-0.33,1.75
1,1547693806304,6.62,-0.46,1.69
1,1547693806305,6.54,-0.6,1.64
1,1547693806306,6.46,-0.64,1.62
1,1547693806306,6.56,-0.54,1.56
1,1547693806307,6.75,-0.27,1.58
1,1547693806308,6.93,-0.23,1.56
1,1547693806359,6.83,-0.35,1.79
1,1547693806361,6.67,-0.15,2.1
1,1547693806362,6.87,-0.17,1.95
1,1547693806363,7.24,-0.25,1.71
1,1547693806364,7.5,-0.42,1.44
1,1547693806368,7.98,-0.27,1.4
1,1547693806370,8.33,-0.33,1.3
1,1547693806371,8.63,-0.5,1.23
1,1547693806430,8.65,-0.62,1.21
1,1547693806431,8.63,-0.95,1.23
1,1547693806431,8.88,-1.05,1.21
1,1547693806431,9.27,-1.07,1.25
1,1547693806432,9.66,-1.11,1.21
1,1547693806432,10.52,-1.09,1.03
1,1547693806432,10.41,-1.13,1.01
1,1547693806506,10.03,-1.3,1.19
1,1547693806507,9.98,-1.28,1.25
1,1547693806509,10.25,-1.11,1.3
1,1547693806511,10.56,-1.13,1.26
1,1547693806511,10.72,-1.17,1.25
1,1547693806512,10.76,-1.38,1.21
1,1547693806513,10.6,-1.83,0.19
1,1547693806514,10.82,-1.56,0.05
1,1547693806583,11.01,-1.15,0.21
1,1547693806603,11.01,-1.11,0.44
1,1547693806609,10.74,-1.52,0.72
1,1547693806609,10.8,-1.85,0.48
1,1547693806609,10.76,-1.79,0.44
1,1547693806610,10.8,-1.42,0.64
1,1547693806610,10.85,-1.15,0.25
1,1547693806658,10.72,-1.23,-0.05
1,1547693806660,10.89,-1.19,-0.29
1,1547693806662,11.17,-1.17,-0.31
1,1547693806663,11.21,-1.19,0.07
1,1547693806665,11.23,-1.15,0.03
1,1547693806666,10.99,-1.36,0.21
1,1547693806668,10.58,-1.69,0.33
1,1547693806669,10.35,-1.64,0.56
1,1547693806733,10.46,-1.36,0.39
1,1547693806733,11.01,-1.11,-0.03
1,1547693806733,11.58,-1.15,-0.29
1,1547693806734,11.13,-1.75,-0.44
1,1547693806734,10.56,-1.89,-0.56
1,1547693806734,10.07,-1.95,-0.39
1,1547693806734,10.07,-1.81,-0.07
1,1547693806820,10.68,-1.11,0.03
1,1547693806820,10.82,-1.13,0.09
1,1547693806821,10.6,-1.15,0.25
1,1547693806821,10.33,-1.15,0.25
1,1547693806821,10.33,-1.13,-0.35
1,1547693806822,10.87,-1.15,-0.7
1,1547693806822,10.99,-1.28,-0.6
1,1547693806822,10.37,-1.54,-0.35
1,1547693806881,9.35,-1.48,0.07
1,1547693806902,9.7,-1.38,-0.82
1,1547693806903,10.42,-1.15,-0.15
1,1547693806903,10.97,-1.11,-0.19
1,1547693806903,10.66,-1.26,-0.52
1,1547693806904,10.41,-1.36,-0.93
1,1547693806904,10.8,-1.36,-1.25
1,1547693806952,11.13,-1.58,-1.19
1,1547693806952,10.44,-1.75,-0.82
1,1547693806969,10.31,-1.58,-0.72
1,1547693806970,10.54,-1.52,-0.6
1,1547693806970,11.09,-1.44,-0.48
1,1547693806970,11.4,-1.25,-0.64
1,1547693806970,11.46,-1.3,-0.83
1,1547693806970,11.38,-1.32,-0.83
1,1547693807037,11.23,-1.52,-0.87
1,1547693807038,11.56,-1.5,-0.82
1,1547693807039,11.62,-1.44,-0.68
1,1547693807039,11.81,-1.54,-0.76
1,1547693807040,11.89,-1.69,-0.8
1,1547693807041,12.18,-1.81,-0.85
1,1547693807042,12.83,-1.36,-1.15
1,1547693807109,12.87,-1.69,-1.34
1,1547693807111,12.75,-2.14,-1.34
1,1547693807112,11.54,-2.14,-1.11
1,1547693807113,12.24,-2.1,-0.93
1,1547693807114,13.59,-2.03,-0.74
1,1547693807115,14.17,-1.6,-0.5
1,1547693807116,13.73,-1.15,-0.56
1,1547693807117,13.28,-1.48,-0.7
1,1547693807182,12.73,-1.75,-0.85
1,1547693807183,12.65,-1.95,-1.09
1,1547693807221,12.83,-2.36,-1.07
1,1547693807222,13.39,-1.79,-0.87
1,1547693807224,13.49,-1.66,-0.97
1,1547693807224,13.53,-1.71,-1.01
1,1547693807224,13.61,-1.89,-1.17
1,1547693807261,13.47,-2.44,-1.15
1,1547693807262,13.22,-2.5,-1.11
1,1547693807262,12.96,-2.3,-1.01
1,1547693807262,12.94,-2.05,-0.85
1,1547693807262,13.28,-1.62,-0.74
1,1547693807263,13.16,-1.66,-0.66
1,1547693807263,12.96,-1.71,-0.66
1,1547693807263,12.83,-1.85,-0.56
1,1547693807338,12.71,-1.79,-0.46
1,1547693807338,12.75,-1.67,-0.39
1,1547693807339,12.59,-1.71,-0.46
1,1547693807339,12.44,-1.75,-0.44
1,1547693807339,12.4,-2.03,-0.5
1,1547693807339,12.5,-2.16,-0.52
1,1547693807340,12.44,-2.01,-0.64
1,1547693807405,12.36,-1.77,-0.72
1,1547693807485,12.28,-1.71,-0.66
1,1547693807487,12.2,-1.77,-0.48
1,1547693807490,11.97,-1.75,-0.35
1,1547693807492,11.67,-1.81,-0.39
1,1547693807494,11.42,-2.14,-0.23
1,1547693807495,11.44,-1.79,-0.01
1,1547693807497,11.62,-1.6,-0.25
1,1547693807499,11.46,-1.83,-0.44
1,1547693807558,11.15,-1.5,-0.15
1,1547693807562,10.97,-1.66,-0.05
1,1547693807563,10.5,-1.81,0.11
1,1547693807573,10.17,-1.75,0.19
1,1547693807574,9.72,-1.71,0.11
1,1547693807574,9.64,-1.58,-0.05
1,1547693807575,9.53,-1.6,-0.23
1,1547693807575,9.51,-1.67,-0.29
1,1547693807641,9.43,-1.73,-0.21
1,1547693807642,9.25,-1.52,-0.27
1,1547693807643,9.23,-1.34,-0.31
1,1547693807644,9.16,-1.19,-0.21
1,1547693807645,8.75,-1.34,0.33
1,1547693807645,8.59,-1.6,0.54
1,1547693807646,8.45,-1.75,0.68
1,1547693807647,8.18,-1.64,0.76
1,1547693807709,7.77,-1.19,0.97
1,1547693807710,7.83,-1.13,0.89
1,1547693807711,7.91,-1.11,0.82
1,1547693807712,8.1,-1.09,0.66
1,1547693807713,8.67,-1.23,-0.07
1,1547693807713,7.91,-1.56,-0.07
1,1547693807726,7.1,-1.44,0.48
1,1547693807727,6.91,-1.13,0.87
1,1547693807781,7.59,-0.85,1.25
1,1547693807793,7.81,-0.93,1.19
1,1547693807794,7.89,-1.13,0.82
1,1547693807794,7.32,-1.28,0.56
1,1547693807794,6.36,-1.15,0.99
1,1547693807795,6.75,-0.87,1.21
1,1547693807795,7.03,-0.46,1.21
1,1547693807795,6.87,-0.13,1.01
1,1547693807854,6.32,-0.42,1.15
1,1547693807878,6.56,-0.74,1.15
1,1547693807879,6.83,-1.01,0.97
1,1547693807880,7.05,-0.99,1.07
1,1547693807881,6.66,-0.01,1.73
1,1547693807882,6.5,-0.27,2.12
1,1547693807882,6.46,-0.37,2.46
1,1547693807883,6.62,-0.29,2.57
1,1547693807943,6.28,-0.66,1.67
1,1547693807944,6.13,-0.41,1.36
1,1547693807944,6.5,-0.23,1.23
1,1547693807945,7.03,-0.15,1.23
1,1547693807945,7.65,0.37,1.21
1,1547693807946,7.34,0.54,1.48
1,1547693807946,7.24,0.6,2.12
1,1547693808010,7.38,0.31,2.4
1,1547693808012,7.91,0.21,3.32
1,1547693808013,8.02,-0.25,4.06
1,1547693808014,8.12,-0.58,4.35
1,1547693808015,8.41,-0.48,3.49
1,1547693808016,9.23,-0.64,2.42
1,1547693808017,9.25,-0.5,2.18
1,1547693808017,9.25,-0.15,2.18
1,1547693808164,9.43,-0.15,2.57
1,1547693808167,10.76,-0.17,3.04
1,1547693808168,10.31,-1.09,3.49
1,1547693808169,9.74,-1.15,3.59
1,1547693808170,9.29,-0.89,3.75
1,1547693808244,8.98,0.01,4.37
1,1547693808245,9.1,0.27,4.25
1,1547693808246,9.06,0.27,4.27
1,1547693808246,8.92,0.23,4.23
1,1547693808247,8.41,-0.15,3.63
1,1547693808247,8.59,0.0,3.51
1,1547693808248,8.8,-0.07,3.33
1,1547693808248,8.8,-0.03,3.39
1,1547693808307,8.78,-0.21,3.2
1,1547693808308,9.04,-0.37,2.87
1,1547693808308,8.94,-0.41,2.75
1,1547693808309,8.9,-0.5,2.57
1,1547693808310,9.17,-0.44,2.75
1,1547693808330,8.98,-0.82,2.85
1,1547693808331,8.96,-0.8,2.73
1,1547693808332,8.9,-0.8,2.65
1,1547693808387,8.82,-0.6,2.73
1,1547693808390,8.94,-0.39,2.75
1,1547693808392,8.92,-0.41,2.73
1,1547693808392,8.92,-0.5,2.53
1,1547693808393,8.98,-0.62,2.26
1,1547693808394,9.06,-0.35,2.46
1,1547693808395,8.9,-0.29,2.5
1,1547693808395,8.71,-0.5,2.12
1,1547693808458,9.14,-0.21,2.65
1,1547693808459,9.06,-0.48,2.57
1,1547693808486,9.1,-0.54,2.46
1,1547693808488,9.02,-0.66,2.5
1,1547693808488,8.61,-0.87,2.22
1,1547693808489,8.69,-0.74,2.12
1,1547693808490,8.84,-0.58,2.4
1,1547693808491,8.84,-0.37,2.51
1,1547693808546,8.39,-0.46,2.2
1,1547693808547,8.26,-0.48,2.3
1,1547693808547,8.32,-0.35,2.36
1,1547693808548,8.55,-0.27,2.4
1,1547693808548,8.61,-0.37,2.16
1,1547693808548,8.26,-0.72,1.69
1,1547693808549,8.2,-0.6,1.75
1,1547693808607,8.16,-0.66,1.93
1,1547693808613,8.41,-0.52,1.79
1,1547693808613,8.63,-0.39,1.93
1,1547693808613,8.75,-0.29,2.12
1,1547693808614,8.73,-0.37,2.16
1,1547693808614,8.47,-0.83,1.67
1,1547693808614,8.41,-0.93,1.71
1,1547693808614,8.49,-0.83,1.79
1,1547693808682,8.55,-0.74,1.81
1,1547693808698,8.45,-0.91,1.46
1,1547693808699,8.33,-1.03,1.26
1,1547693808700,8.33,-0.93,1.25
1,1547693808700,8.37,-0.91,1.28
1,1547693808700,8.57,-0.6,1.44
1,1547693808701,8.69,-0.54,1.4
1,1547693808756,8.82,-0.68,1.4
1,1547693808756,8.9,-0.85,1.26
1,1547693808756,9.0,-1.05,1.13
1,1547693808757,8.96,-1.09,0.93
1,1547693808757,8.94,-1.11,0.74
1,1547693808757,8.96,-1.11,0.85
1,1547693808757,9.0,-1.13,1.23
1,1547693808758,8.75,-1.15,1.21
1,1547693808831,8.45,-1.19,1.23
1,1547693808832,8.28,-1.23,1.21
1,1547693808832,7.96,-1.09,1.23
1,1547693808832,7.91,-0.95,1.19
1,1547693808833,7.92,-0.8,1.13
1,1547693808833,8.0,-0.7,0.87
1,1547693808834,8.22,-0.74,0.64
1,1547693808924,8.18,-1.11,0.21
1,1547693808925,8.04,-1.13,-0.01
1,1547693808925,8.02,-1.09,0.17
1,1547693808926,8.3,-1.13,0.44
1,1547693808926,8.45,-1.09,0.33
1,1547693808927,8.43,-1.05,0.17
1,1547693808927,8.33,-1.11,0.31
1,1547693808928,8.26,-1.11,0.37
1,1547693808979,8.92,-1.11,-0.87
1,1547693808980,9.47,-1.26,-1.07
1,1547693808980,9.6,-1.75,-0.82
1,1547693808981,9.49,-1.87,-0.72
1,1547693808981,9.27,-1.13,0.64
1,1547693808982,9.1,-0.91,1.46
1,1547693808983,8.88,-0.7,1.67
1,1547693809055,9.6,-0.87,1.28
1,1547693809055,11.91,-1.09,-0.29
1,1547693809056,11.34,-1.66,-0.74
1,1547693809056,9.78,-2.48,-0.76
1,1547693809057,8.86,-2.81,-0.5
1,1547693809057,10.48,-0.91,0.89
1,1547693809058,11.3,-0.31,0.83
1,1547693809058,11.42,-0.78,0.07
