1,1548123985748,10.01,-3.22,-0.5
1,1548123985749,10.44,-3.2,-0.62
1,1548123985749,10.37,-3.45,-0.56
1,1548123985749,9.6,-3.75,-0.33
1,1548123985750,9.9,-3.67,-0.54
1,1548123985750,10.6,-3.49,-0.41
1,1548123985750,10.82,-3.75,-0.41
1,1548123985750,10.21,-4.41,0.0
1,1548123985820,10.39,-4.19,-0.15
1,1548123985822,10.74,-3.94,-0.5
1,1548123985822,11.05,-3.86,-0.89
1,1548123985822,11.01,-4.0,-1.13
1,1548123985823,10.93,-4.06,-1.09
1,1548123985823,11.05,-3.9,-0.74
1,1548123985823,11.32,-3.8,-0.93
1,1548123985824,11.44,-3.98,-0.8
1,1548123985895,10.97,-4.04,-0.09
1,1548123985896,10.99,-4.02,0.23
1,1548123985897,11.28,-3.84,0.01
1,1548123985897,11.56,-3.67,0.07
1,1548123985897,12.08,-3.69,0.07
1,1548123985897,12.2,-3.84,0.17
1,1548123985898,12.44,-4.35,-0.78
1,1548123985969,12.59,-4.84,-0.85
1,1548123985969,12.44,-5.03,-0.83
1,1548123985969,12.65,-4.74,-0.54
1,1548123985976,12.96,-4.31,-0.44
1,1548123985976,12.85,-4.29,-0.41
1,1548123985976,12.57,-4.8,-0.41
1,1548123985977,13.02,-4.84,-0.66
1,1548123985977,13.26,-4.68,-0.91
1,1548123986044,13.2,-4.37,-0.74
1,1548123986044,12.81,-4.29,-0.37
1,1548123986061,12.22,-3.94,0.35
1,1548123986061,12.77,-4.29,0.19
1,1548123986061,13.08,-4.37,0.17
1,1548123986062,13.33,-4.31,-0.17
1,1548123986062,13.0,-4.9,-0.21
1,1548123986062,12.75,-4.88,-0.35
1,1548123986122,12.55,-4.98,-0.54
1,1548123986145,12.55,-4.86,-0.5
1,1548123986145,12.96,-4.14,0.17
1,1548123986146,12.73,-4.06,0.37
1,1548123986146,12.4,-4.35,0.01
1,1548123986194,12.51,-4.86,-0.35
1,1548123986194,12.63,-4.72,-0.39
1,1548123986211,12.59,-4.45,-0.58
1,1548123986212,12.53,-4.23,-0.41
1,1548123986212,12.4,-4.08,-0.17
1,1548123986212,12.08,-4.21,-0.33
1,1548123986213,12.4,-4.33,0.05
1,1548123986213,12.28,-4.37,0.05
1,1548123986269,12.1,-4.33,-0.19
1,1548123986278,11.97,-4.53,-0.39
1,1548123986278,11.62,-4.45,-0.39
1,1548123986279,11.4,-4.21,-0.21
1,1548123986279,11.21,-4.02,-0.09
1,1548123986279,10.82,-4.12,0.17
1,1548123986279,10.54,-3.82,0.66
1,1548123986279,10.33,-3.57,0.46
1,1548123986345,10.13,-3.61,0.0
1,1548123986346,10.01,-3.39,0.13
1,1548123986347,9.92,-3.2,-0.11
1,1548123986347,9.8,-3.53,-0.35
1,1548123986347,9.51,-3.82,-0.19
1,1548123986347,9.08,-3.86,0.01
1,1548123986348,8.43,-3.22,0.23
1,1548123986348,8.63,-2.85,0.39
1,1548123986421,8.84,-2.55,0.03
1,1548123986422,8.84,-2.48,0.09
1,1548123986422,8.45,-2.61,0.41
1,1548123986423,8.1,-2.71,0.66
1,1548123986423,7.96,-2.69,0.6
1,1548123986424,7.94,-2.98,0.42
1,1548123986424,7.63,-3.2,0.52
1,1548123986425,7.48,-2.63,0.78
1,1548123986494,7.55,-2.18,0.66
1,1548123986494,7.44,-2.14,1.07
1,1548123986495,7.12,-2.07,1.36
1,1548123986495,6.48,-1.95,1.62
1,1548123986515,6.5,-1.89,1.52
1,1548123986516,6.62,-2.03,1.21
1,1548123986516,6.87,-2.22,0.89
1,1548123986569,7.07,-1.99,0.95
1,1548123986582,6.99,-1.97,0.58
1,1548123986583,6.75,-2.1,0.62
1,1548123986584,6.44,-2.38,0.6
1,1548123986584,6.48,-2.12,1.23
1,1548123986584,6.64,-1.56,1.25
1,1548123986585,6.58,-1.21,1.28
1,1548123986585,6.26,-1.4,1.38
1,1548123986646,6.21,-1.3,1.79
1,1548123986647,6.21,-1.58,1.44
1,1548123986648,6.13,-1.89,1.46
1,1548123986648,5.97,-1.81,1.69
1,1548123986648,5.95,-1.56,1.71
1,1548123986649,5.76,-1.46,1.67
1,1548123986650,5.64,-1.77,1.6
1,1548123986651,5.62,-1.93,1.48
1,1548123986721,5.76,-1.77,1.48
1,1548123986721,6.19,-0.93,1.42
1,1548123986721,6.21,-0.8,1.42
1,1548123986721,6.09,-0.82,1.38
1,1548123986722,6.01,-0.31,1.4
1,1548123986722,6.4,0.17,2.28
1,1548123986722,6.46,-0.05,2.38
1,1548123986795,6.48,-0.58,2.59
1,1548123986796,6.71,-0.95,2.55
1,1548123986797,7.28,0.27,3.06
1,1548123986797,7.5,0.8,3.14
1,1548123986797,7.73,1.13,3.45
1,1548123986798,7.79,1.11,3.33
1,1548123986798,8.22,0.76,3.08
1,1548123986798,8.28,-1.6,2.79
1,1548123986869,8.73,-1.5,3.04
1,1548123986870,9.33,-1.66,2.87
1,1548123986871,9.49,-1.52,3.06
1,1548123986871,8.88,-0.39,3.26
1,1548123986872,8.92,0.44,2.98
1,1548123986872,9.17,0.31,3.08
1,1548123986873,9.17,-0.35,3.22
1,1548123986946,8.8,-1.05,4.14
1,1548123986947,9.19,-0.97,3.45
1,1548123986948,9.45,-0.56,2.92
1,1548123986948,9.47,-0.33,3.3
1,1548123986948,8.96,0.27,3.28
1,1548123986949,8.9,0.01,3.12
1,1548123986949,8.9,-0.74,3.18
1,1548123986949,8.88,-1.15,2.87
1,1548123987019,8.9,-1.09,3.02
1,1548123987020,9.1,-0.52,3.55
1,1548123987021,9.25,-0.27,3.53
1,1548123987022,9.06,-0.33,3.39
1,1548123987022,8.59,-0.64,3.35
1,1548123987023,8.71,-0.44,3.2
1,1548123987023,8.88,-0.6,3.14
1,1548123987094,9.08,-0.74,3.16
1,1548123987095,9.25,-0.62,3.24
1,1548123987102,9.27,-0.66,3.28
1,1548123987103,9.21,-0.5,3.49
1,1548123987103,9.04,-0.31,3.75
1,1548123987103,8.84,-0.23,3.8
1,1548123987104,8.51,-0.87,4.02
1,1548123987104,8.32,-1.09,3.94
1,1548123987169,8.22,-0.89,3.75
1,1548123987185,8.3,-0.56,3.65
1,1548123987185,8.24,-0.54,3.33
1,1548123987185,7.85,-0.78,2.55
1,1548123987186,7.98,-0.85,2.42
1,1548123987186,7.87,-0.99,2.42
1,1548123987186,7.57,-1.09,2.44
1,1548123987186,7.24,-1.32,2.32
1,1548123987247,7.38,-1.01,2.34
1,1548123987247,7.44,-0.76,2.32
1,1548123987248,7.32,-0.85,2.3
1,1548123987248,7.16,-0.93,2.32
1,1548123987248,7.2,-1.15,2.3
1,1548123987248,7.28,-1.05,2.32
1,1548123987248,7.3,-1.09,2.38
1,1548123987323,7.03,-1.26,2.36
1,1548123987324,6.99,-1.36,2.32
1,1548123987324,6.87,-1.54,2.3
1,1548123987325,6.85,-1.54,2.18
1,1548123987325,6.81,-1.44,2.28
1,1548123987325,6.83,-1.09,2.2
1,1548123987325,7.03,-1.09,1.85
1,1548123987325,7.24,-1.25,1.5
1,1548123987399,7.46,-1.56,1.4
1,1548123987400,7.61,-1.64,1.52
1,1548123987400,7.81,-1.52,1.44
1,1548123987400,8.0,-1.5,1.34
1,1548123987401,8.2,-1.66,1.19
1,1548123987401,8.41,-2.44,1.5
1,1548123987401,8.43,-2.61,1.67
1,1548123987485,8.61,-2.53,1.66
1,1548123987486,8.82,-2.46,1.62
1,1548123987486,8.67,-1.64,2.18
1,1548123987486,8.51,-1.44,1.81
1,1548123987487,8.45,-1.85,1.69
1,1548123987487,8.53,-1.95,1.87
1,1548123987487,9.04,-1.6,1.87
1,1548123987488,9.45,-1.67,1.52
1,1548123987548,9.29,-1.79,1.42
1,1548123987550,8.94,-2.01,1.23
1,1548123987551,8.78,-2.18,1.15
1,1548123987573,9.53,-2.4,0.7
1,1548123987573,9.47,-3.14,0.76
1,1548123987573,9.33,-3.28,1.01
1,1548123987574,9.33,-2.98,1.07
1,1548123987574,8.9,-3.39,0.7
1,1548123987623,9.0,-3.18,0.35
1,1548123987652,9.27,-3.16,0.21
1,1548123987653,9.33,-3.16,0.17
1,1548123987654,9.1,-2.75,0.07
1,1548123987655,8.51,-2.48,0.89
1,1548123987655,7.98,-2.01,0.91
1,1548123987656,7.94,-2.1,0.41
1,1548123987698,8.12,-1.73,0.68
1,1548123987698,9.45,-0.54,0.44
1,1548123987699,9.74,-2.44,-1.17
1,1548123987709,9.94,-4.41,-1.26
1,1548123987710,10.54,-4.58,-0.82
1,1548123987710,10.03,-4.23,-0.03
1,1548123987710,9.43,-3.32,0.95
1,1548123987710,9.57,-2.2,1.79
1,1548123987769,9.82,-1.79,1.99
1,1548123987770,9.62,-1.71,0.8
1,1548123987789,9.92,-1.83,0.76
1,1548123987790,10.17,-2.34,0.85
1,1548123987790,10.58,-2.14,0.87
1,1548123987791,11.11,-2.28,0.33
1,1548123987791,11.13,-3.37,-0.33
1,1548123987792,11.05,-3.63,-0.39
1,1548123987848,10.87,-4.1,-0.31
1,1548123987849,10.62,-3.69,0.78
1,1548123987850,10.82,-3.33,-0.35
1,1548123987858,10.76,-3.04,0.68
1,1548123987859,10.82,-2.71,0.35
1,1548123987860,11.26,-2.94,0.13
1,1548123987860,11.42,-4.14,-0.27
1,1548123987926,10.83,-4.53,-0.23
1,1548123987927,10.39,-4.58,-0.15
1,1548123987928,10.48,-4.21,0.11
1,1548123987929,11.01,-2.92,-0.25
1,1548123987930,10.87,-2.59,-0.15
1,1548123987930,10.72,-2.53,-0.13
1,1548123987931,10.85,-2.89,0.35
1,1548123987932,11.19,-2.83,0.09
1,1548123988002,11.46,-3.63,-0.52
1,1548123988003,11.34,-3.47,-0.37
1,1548123988004,11.56,-3.41,-0.46
1,1548123988005,11.62,-3.76,-0.52
1,1548123988006,11.15,-3.73,0.35
1,1548123988007,11.17,-3.43,0.23
1,1548123988007,11.42,-3.53,0.25
1,1548123988073,11.77,-3.49,0.48
1,1548123988074,12.61,-3.61,-0.44
1,1548123988075,12.5,-4.0,-0.31
1,1548123988076,12.01,-3.92,-0.09
1,1548123988077,11.69,-3.65,0.09
1,1548123988078,11.67,-3.69,-0.09
1,1548123988078,12.5,-4.8,-0.23
1,1548123988079,12.03,-4.58,-0.23
1,1548123988148,11.97,-3.92,-0.68
1,1548123988149,12.28,-4.04,-0.85
1,1548123988150,12.79,-4.08,-0.13
1,1548123988151,12.73,-4.21,0.11
1,1548123988151,12.07,-4.25,0.05
1,1548123988152,11.81,-4.45,-0.93
1,1548123988152,12.4,-3.9,0.25
1,1548123988153,12.61,-3.92,-0.03
1,1548123988225,12.73,-3.88,-0.33
1,1548123988226,12.79,-4.02,-0.09
1,1548123988227,12.57,-3.98,-0.15
1,1548123988228,12.63,-3.86,-0.39
1,1548123988229,12.94,-4.04,-0.48
1,1548123988230,12.79,-4.57,-0.48
1,1548123988230,12.34,-4.88,-0.17
1,1548123988301,12.26,-4.64,0.07
1,1548123988302,12.57,-3.78,0.41
1,1548123988303,12.94,-3.65,-0.11
1,1548123988304,13.08,-3.78,-0.15
1,1548123988330,13.24,-3.92,0.78
1,1548123988331,12.57,-3.88,0.42
1,1548123988332,11.91,-3.94,0.27
1,1548123988332,11.97,-4.0,0.03
1,1548123988372,13.14,-4.29,0.03
1,1548123988373,13.04,-4.06,0.05
1,1548123988375,12.59,-4.02,-0.31
1,1548123988375,12.32,-4.33,-0.46
1,1548123988376,12.51,-4.66,0.21
1,1548123988377,12.53,-4.08,0.05
1,1548123988395,12.69,-3.75,0.01
1,1548123988446,12.67,-3.35,0.56
1,1548123988447,12.28,-3.47,0.07
1,1548123988464,12.26,-3.96,1.23
1,1548123988465,12.3,-3.88,0.99
1,1548123988466,11.91,-4.14,0.33
1,1548123988467,11.54,-4.1,0.54
1,1548123988468,12.03,-3.71,0.27
1,1548123988469,12.12,-3.63,0.11
1,1548123988520,12.07,-3.59,-0.01
1,1548123988520,12.14,-3.57,0.11
1,1548123988521,11.58,-3.51,0.13
1,1548123988522,11.5,-3.45,0.41
1,1548123988523,11.5,-3.8,0.23
1,1548123988523,11.44,-3.76,0.97
1,1548123988523,11.34,-3.47,0.87
1,1548123988524,11.17,-3.22,1.09
1,1548123988600,11.11,-3.16,0.95
1,1548123988601,11.07,-3.06,0.7
1,1548123988602,11.01,-2.89,0.68
1,1548123988603,10.82,-3.16,0.58
1,1548123988604,10.62,-3.45,0.66
1,1548123988604,10.6,-3.71,0.44
1,1548123988605,10.62,-3.63,0.72
1,1548123988673,10.29,-3.1,0.58
1,1548123988674,10.07,-2.61,0.48
1,1548123988675,10.03,-2.57,0.21
1,1548123988676,10.07,-2.61,0.46
1,1548123988677,9.66,-2.67,0.93
1,1548123988678,9.43,-2.75,0.82
1,1548123988679,9.31,-2.87,1.03
1,1548123988679,9.27,-3.1,0.91
1,1548123988750,9.25,-3.12,1.01
1,1548123988751,9.19,-2.85,1.01
1,1548123988764,9.04,-2.65,0.91
1,1548123988765,8.88,-2.4,1.13
1,1548123988765,8.71,-2.14,0.97
1,1548123988765,8.47,-2.28,1.25
1,1548123988766,8.2,-2.34,1.28
1,1548123988823,7.92,-2.46,1.28
1,1548123988824,7.81,-2.53,1.28
1,1548123988824,8.12,-1.91,1.4
1,1548123988824,8.22,-1.81,1.44
1,1548123988830,8.04,-1.87,1.34
1,1548123988831,7.65,-1.95,1.17
1,1548123988831,7.38,-1.95,1.3
1,1548123988831,7.46,-1.46,1.48
1,1548123988902,7.53,-1.3,1.48
1,1548123988903,7.55,-1.46,1.62
1,1548123988903,7.5,-1.58,1.71
1,1548123988904,7.07,-1.58,1.79
1,1548123988904,6.95,-1.58,1.81
1,1548123988916,6.95,-1.52,1.81
1,1548123988918,7.12,-1.6,1.69
1,1548123988919,7.07,-1.67,1.75
1,1548123988973,6.87,-1.64,1.67
1,1548123988975,6.73,-1.56,1.83
1,1548123988976,6.66,-1.5,1.87
1,1548123988976,6.85,-1.44,2.08
1,1548123988977,6.91,-1.54,2.07
1,1548123988978,6.93,-1.83,1.93
1,1548123988979,6.87,-2.01,1.91
1,1548123989048,6.83,-2.03,1.79
1,1548123989048,6.91,-1.79,2.01
1,1548123989048,7.01,-1.21,2.18
1,1548123989049,7.14,-0.82,2.14
1,1548123989049,7.08,-0.87,2.24
1,1548123989050,6.89,-1.54,2.32
1,1548123989050,7.03,-1.71,2.34
1,1548123989051,7.08,-1.85,2.3
1,1548123989123,6.97,-1.48,2.16
1,1548123989124,6.69,-0.83,2.4
1,1548123989124,6.54,-0.7,2.61
1,1548123989124,6.3,-0.39,3.0
1,1548123989125,6.21,-0.19,3.18
1,1548123989125,7.03,0.31,3.14
1,1548123989126,7.51,0.35,3.37
1,1548123989126,7.4,0.44,3.18
1,1548123989198,7.18,0.58,2.85
1,1548123989199,7.34,0.74,2.59
1,1548123989199,8.51,0.62,2.57
1,1548123989199,8.88,0.13,2.71
1,1548123989200,8.98,-0.89,2.73
1,1548123989200,9.16,-1.58,2.59
1,1548123989200,8.88,-1.93,2.14
1,1548123989271,9.19,-2.1,3.69
1,1548123989272,9.8,-2.28,3.45
1,1548123989273,9.57,-1.77,2.48
1,1548123989273,9.17,-2.05,2.92
1,1548123989274,9.43,-1.26,3.0
1,1548123989274,9.37,-0.11,3.18
1,1548123989275,9.55,0.29,3.39
1,1548123989275,9.45,-0.21,3.73
1,1548123989347,8.88,-0.11,4.31
1,1548123989347,8.94,0.33,4.08
1,1548123989348,8.94,0.52,3.98
1,1548123989348,8.88,0.54,3.86
1,1548123989348,9.04,-0.58,3.57
1,1548123989349,8.88,-0.87,3.51
1,1548123989349,8.8,-0.68,3.45
1,1548123989427,8.9,-0.58,3.32
1,1548123989428,8.9,-0.46,3.37
1,1548123989428,8.86,-0.27,3.57
1,1548123989428,8.82,-0.27,3.57
1,1548123989429,8.78,-0.5,3.55
1,1548123989429,9.02,0.01,4.08
1,1548123989430,9.08,0.23,4.1
1,1548123989430,8.78,0.01,4.19
1,1548123989496,8.57,-0.11,4.39
1,1548123989521,8.71,-0.17,4.41
1,1548123989522,8.9,-0.87,3.51
1,1548123989522,8.92,-0.95,3.43
1,1548123989523,9.1,-0.72,3.33
1,1548123989523,9.17,-0.6,3.18
1,1548123989524,8.96,-0.89,3.12
1,1548123989524,8.86,-1.13,3.26
1,1548123989584,8.55,-1.34,3.24
1,1548123989585,8.39,-1.21,3.14
1,1548123989585,8.73,-0.87,2.71
1,1548123989585,8.75,-0.85,2.5
1,1548123989586,8.67,-1.01,2.44
1,1548123989586,8.53,-0.99,2.55
1,1548123989586,8.45,-0.74,2.71
1,1548123989650,8.37,-0.82,2.77
1,1548123989650,8.24,-1.15,2.77
1,1548123989651,7.94,-1.34,2.77
1,1548123989651,7.85,-1.21,2.65
1,1548123989651,8.2,-0.68,2.38
1,1548123989651,8.3,-0.82,2.34
1,1548123989652,8.35,-1.13,2.34
1,1548123989652,8.14,-1.44,2.3
1,1548123989726,7.83,-1.6,2.3
1,1548123989739,7.91,-1.36,2.34
1,1548123989740,7.94,-1.05,2.34
1,1548123989741,7.91,-1.01,2.32
1,1548123989741,7.83,-1.11,2.34
1,1548123989741,8.02,-1.01,2.28
1,1548123989742,8.18,-1.01,2.22
1,1548123989801,8.24,-1.09,2.22
1,1548123989802,8.1,-1.28,2.1
1,1548123989803,8.1,-1.6,2.05
1,1548123989804,8.1,-1.93,1.99
1,1548123989804,7.96,-2.05,2.1
1,1548123989805,7.91,-1.91,2.08
1,1548123989805,8.08,-1.3,1.95
1,1548123989806,8.22,-1.3,1.73
1,1548123989874,8.26,-1.34,1.73
1,1548123989875,8.3,-1.32,1.73
1,1548123989876,8.53,-1.56,1.13
1,1548123989877,8.69,-1.75,1.05
1,1548123989877,8.92,-1.93,1.15
1,1548123989878,9.17,-2.12,1.15
1,1548123989879,9.06,-2.89,1.11
1,1548123989879,8.8,-2.61,1.4
1,1548123989946,8.69,-1.91,1.66
1,1548123989947,8.78,-1.21,1.66
1,1548123989947,8.98,-0.97,1.44
1,1548123989948,9.57,-2.4,0.99
1,1548123989948,9.37,-2.61,0.99
1,1548123989948,9.17,-2.32,1.25
1,1548123989948,9.0,-1.73,1.56
1,1548123990021,9.47,-1.6,1.11
1,1548123990022,9.58,-1.91,1.19
1,1548123990022,9.17,-1.97,1.07
1,1548123990023,8.76,-1.66,1.28
1,1548123990023,8.69,-1.3,1.07
1,1548123990100,9.0,-1.67,0.8
1,1548123990101,9.51,-2.36,0.01
1,1548123990101,9.94,-3.3,0.07
1,1548123990102,9.23,-2.61,0.8
1,1548123990102,9.19,-2.18,0.15
1,1548123990103,9.39,-2.14,0.0
1,1548123990103,9.6,-2.26,0.27
1,1548123990103,10.0,-2.69,0.37
1,1548123990174,10.05,-2.85,0.74
1,1548123990174,9.29,-2.65,0.8
1,1548123990175,9.31,-2.28,0.72
1,1548123990175,10.09,-1.93,0.54
1,1548123990175,10.29,-2.26,0.46
1,1548123990176,10.03,-2.48,0.52
1,1548123990176,9.9,-2.63,0.52
1,1548123990176,9.84,-2.87,0.76
1,1548123990247,10.13,-3.04,0.6
1,1548123990247,10.09,-3.02,0.93
1,1548123990248,9.74,-2.59,0.39
1,1548123990248,10.46,-2.89,-0.07
1,1548123990249,10.29,-3.35,0.25
1,1548123990249,10.17,-3.57,0.17
1,1548123990249,10.23,-3.35,0.29
1,1548123990250,10.21,-2.89,0.66
1,1548123990323,9.6,-2.24,1.42
1,1548123990324,9.68,-2.08,1.3
1,1548123990324,10.46,-2.48,0.29
1,1548123990348,11.15,-3.08,0.23
1,1548123990349,11.21,-3.55,-0.64
1,1548123990350,11.25,-3.67,-0.15
1,1548123990350,10.29,-3.82,0.46
1,1548123990351,9.16,-3.28,0.83
1,1548123990421,9.41,-2.12,1.87
1,1548123990422,9.92,-1.95,1.5
1,1548123990422,10.64,-2.57,0.35
1,1548123990422,11.07,-2.59,0.19
1,1548123990422,11.23,-2.48,-0.46
1,1548123990423,10.97,-3.55,-0.17
1,1548123990423,9.94,-4.08,-0.29
1,1548123990423,9.53,-4.21,-0.21
1,1548123990475,9.57,-4.17,0.03
1,1548123990476,9.84,-2.57,0.87
1,1548123990476,10.39,-2.42,0.35
1,1548123990477,11.17,-1.89,0.56
1,1548123990477,11.81,-2.77,-0.11
1,1548123990477,10.35,-4.02,-0.41
1,1548123990477,10.23,-4.14,-0.52
1,1548123990477,10.85,-4.19,-0.29
1,1548123990546,10.99,-4.08,0.25
1,1548123990547,9.98,-2.94,0.95
1,1548123990560,10.0,-2.42,0.83
1,1548123990561,10.85,-2.55,0.19
1,1548123990561,11.99,-2.73,0.56
1,1548123990561,12.48,-2.73,0.33
1,1548123990561,12.24,-3.53,-0.23
1,1548123990621,11.66,-4.23,-0.21
1,1548123990622,10.68,-4.72,-0.15
1,1548123990623,9.9,-4.53,0.74
1,1548123990648,10.83,-2.1,0.66
1,1548123990649,12.2,-1.79,1.09
1,1548123990649,13.24,-2.32,0.44
1,1548123990649,13.57,-3.32,0.37
1,1548123990650,11.79,-3.78,-0.07
1,1548123990697,11.69,-4.25,0.13
1,1548123990698,12.14,-4.9,0.41
1,1548123990698,12.67,-5.41,0.33
1,1548123990699,12.32,-3.18,1.67
1,1548123990699,11.85,-2.08,2.18
1,1548123990699,11.66,-1.21,1.69
1,1548123990699,11.87,-1.77,1.11
1,1548123990779,12.14,-3.04,0.99
1,1548123990780,14.16,-3.57,-0.46
1,1548123990780,15.0,-4.68,-1.46
1,1548123990781,14.86,-5.82,-1.62
1,1548123990781,13.92,-5.87,-0.85
1,1548123990782,12.42,-4.21,0.13
1,1548123990782,12.3,-3.61,0.35
1,1548123990782,13.04,-3.67,-0.31
1,1548123990850,14.23,-3.69,0.48
1,1548123990850,13.53,-2.53,0.91
1,1548123990851,12.98,-3.63,0.19
1,1548123990851,12.38,-4.74,0.8
1,1548123990851,12.36,-4.86,0.72
1,1548123990851,13.04,-3.8,0.91
1,1548123990852,13.26,-2.96,1.01
1,1548123990852,13.26,-2.67,0.82
1,1548123990924,13.41,-3.14,0.31
1,1548123990925,13.61,-3.84,0.39
1,1548123990925,12.63,-4.16,0.21
1,1548123990947,12.51,-3.78,0.23
1,1548123990948,12.61,-3.63,0.52
1,1548123990948,12.53,-3.41,0.82
1,1548123990948,13.24,-3.47,0.76
1,1548123990998,13.08,-3.96,1.17
1,1548123990998,12.5,-3.86,1.38
1,1548123990999,12.1,-3.73,1.11
1,1548123991014,11.83,-3.59,1.23
1,1548123991014,12.12,-2.91,1.17
1,1548123991014,12.24,-2.48,1.21
1,1548123991014,11.91,-2.26,1.25
1,1548123991015,11.73,-2.12,1.13
1,1548123991080,11.13,-2.5,1.48
1,1548123991081,11.01,-2.61,1.44
1,1548123991081,11.15,-2.81,1.17
1,1548123991081,11.36,-3.37,0.97
1,1548123991082,11.09,-3.76,0.76
1,1548123991082,11.13,-3.76,0.44
1,1548123991082,11.17,-4.08,0.15
1,1548123991159,10.52,-4.04,0.76
1,1548123991160,9.47,-2.28,1.13
1,1548123991160,9.76,-1.52,1.46
1,1548123991161,9.76,-1.62,1.4
1,1548123991161,9.62,-2.03,1.13
1,1548123991162,9.57,-2.08,1.5
1,1548123991162,9.39,-1.54,1.36
1,1548123991163,8.84,-1.73,1.28
1,1548123991223,7.87,-1.79,1.73
1,1548123991232,7.57,-1.25,1.66
1,1548123991232,8.9,-1.64,1.25
1,1548123991233,8.86,-1.97,1.42
1,1548123991233,8.41,-2.07,1.5
1,1548123991233,7.92,-1.83,1.54
1,1548123991233,7.55,-1.42,1.5
1,1548123991233,7.42,-1.48,1.54
1,1548123991296,7.71,-1.44,1.4
1,1548123991297,7.89,-1.09,1.81
1,1548123991297,6.36,-0.87,2.3
1,1548123991320,6.13,-0.7,2.16
1,1548123991320,6.4,-0.54,2.1
1,1548123991321,6.48,-0.33,2.22
1,1548123991321,7.36,-0.31,1.71
1,1548123991382,7.18,-0.7,1.87
1,1548123991383,6.67,-0.76,2.03
1,1548123991383,6.81,-0.91,2.05
1,1548123991383,7.05,-0.74,1.89
1,1548123991383,7.22,-0.29,2.32
1,1548123991384,7.48,-0.29,2.36
1,1548123991384,6.91,-0.82,2.07
1,1548123991384,6.73,-1.17,2.05
1,1548123991448,7.46,-0.7,2.24
1,1548123991448,7.75,-0.66,2.32
1,1548123991449,7.75,-0.93,2.32
1,1548123991449,7.63,-0.85,2.18
1,1548123991476,7.55,-0.66,2.24
1,1548123991478,7.65,-0.54,2.3
1,1548123991478,7.77,-0.01,2.38
1,1548123991532,7.75,0.33,2.48
1,1548123991533,7.71,0.23,2.46
1,1548123991533,7.63,-0.54,2.59
1,1548123991533,7.61,-0.76,2.32
1,1548123991534,7.48,-0.6,2.51
1,1548123991534,7.38,-0.15,2.75
1,1548123991534,8.12,0.56,2.69
1,1548123991535,8.22,0.52,2.69
1,1548123991598,7.98,0.33,2.75
1,1548123991620,7.87,0.0,2.65
1,1548123991621,7.79,-0.25,3.02
1,1548123991621,8.18,-0.15,2.81
1,1548123991621,8.49,0.0,2.71
1,1548123991622,8.32,0.01,2.79
1,1548123991622,7.98,0.27,2.79
1,1548123991622,7.87,0.42,2.87
1,1548123991672,8.22,0.5,2.89
1,1548123991693,8.82,0.05,2.51
1,1548123991693,8.82,-0.29,2.57
1,1548123991694,8.24,0.25,2.83
1,1548123991694,8.22,0.5,3.08
1,1548123991694,8.43,0.46,3.06
1,1548123991694,8.61,0.48,3.24
1,1548123991749,8.82,0.54,3.22
1,1548123991749,8.55,0.74,3.32
1,1548123991750,8.53,0.87,3.39
1,1548123991769,8.63,0.85,3.35
1,1548123991769,8.67,0.19,3.47
1,1548123991770,8.71,0.37,3.63
1,1548123991770,8.84,0.58,3.51
1,1548123991770,8.84,0.56,3.53
1,1548123991823,8.61,0.64,3.39
1,1548123991824,8.73,0.56,3.26
1,1548123991824,8.88,0.54,3.35
1,1548123991825,9.06,0.54,3.18
1,1548123991825,9.16,0.54,3.02
1,1548123991825,8.78,0.15,2.87
1,1548123991826,8.63,0.11,2.89
1,1548123991900,8.67,0.21,3.0
1,1548123991902,8.69,0.37,3.22
1,1548123991903,8.49,0.7,3.61
1,1548123991904,8.16,0.82,3.88
1,1548123991905,8.02,0.76,4.02
1,1548123991976,8.1,0.85,4.04
1,1548123991977,8.41,1.46,4.0
1,1548123991978,8.43,1.5,3.73
1,1548123991978,8.39,1.3,3.78
1,1548123991979,8.61,0.93,3.71
1,1548123991980,8.84,0.5,3.76
1,1548123991981,8.88,0.25,3.82
1,1548123991981,8.9,0.62,3.94
1,1548123992048,8.67,0.89,4.27
1,1548123992049,8.8,1.3,4.29
1,1548123992074,9.14,0.66,4.25
1,1548123992075,9.08,0.37,4.19
1,1548123992076,8.8,0.17,4.08
1,1548123992077,8.94,0.48,3.69
1,1548123992077,9.25,0.46,3.67
1,1548123992078,9.19,0.31,3.69
1,1548123992125,8.94,0.35,3.49
1,1548123992126,9.16,0.37,3.3
1,1548123992128,8.88,0.35,3.55
1,1548123992129,8.49,0.5,3.43
1,1548123992130,8.49,0.56,3.35
1,1548123992131,8.63,0.56,3.33
1,1548123992133,8.24,0.56,3.24
1,1548123992134,8.0,0.56,3.12
1,1548123992200,7.96,0.58,3.16
1,1548123992202,8.02,0.64,3.1
1,1548123992203,8.02,0.54,3.08
1,1548123992204,7.77,0.54,3.16
1,1548123992205,7.63,0.54,3.04
1,1548123992205,7.69,0.5,3.0
1,1548123992206,8.1,0.21,2.69
1,1548123992207,8.06,0.09,2.65
1,1548123992278,7.83,0.19,2.71
1,1548123992279,7.77,0.27,2.75
1,1548123992279,7.91,0.05,2.77
1,1548123992280,7.85,-0.15,2.69
1,1548123992280,7.85,-0.15,2.53
1,1548123992281,7.79,0.01,2.55
1,1548123992281,7.71,-0.03,2.38
1,1548123992282,7.65,-0.19,2.42
1,1548123992348,7.73,-0.33,2.34
1,1548123992349,7.81,-0.33,2.38
1,1548123992349,7.79,-0.37,2.34
1,1548123992350,7.69,-0.25,2.32
1,1548123992350,7.53,-0.29,2.3
1,1548123992351,7.59,-0.33,2.28
1,1548123992351,7.69,-0.6,2.24
1,1548123992351,7.57,-0.31,2.32
1,1548123992426,7.59,0.11,2.36
1,1548123992429,7.77,0.39,2.34
1,1548123992431,7.98,0.19,2.32
1,1548123992432,8.02,-0.17,2.34
1,1548123992434,8.18,-0.42,2.28
1,1548123992436,8.39,-0.35,2.18
1,1548123992438,8.53,-0.41,2.22
1,1548123992499,8.59,-0.56,2.26
1,1548123992501,9.0,-0.97,1.91
1,1548123992502,9.02,-1.13,1.81
1,1548123992504,8.76,-0.97,2.08
1,1548123992505,8.59,-0.58,2.24
1,1548123992506,9.43,-1.07,1.87
1,1548123992507,9.86,-1.52,1.93
1,1548123992508,10.0,-1.95,2.1
1,1548123992578,9.51,-1.97,2.32
1,1548123992579,8.96,-1.3,2.36
1,1548123992579,9.17,-1.07,2.34
1,1548123992580,9.47,-0.82,2.3
1,1548123992580,9.72,-0.93,2.12
1,1548123992581,9.74,-1.28,1.97
1,1548123992581,9.74,-1.66,1.6
1,1548123992581,10.05,-1.69,1.56
1,1548123992648,9.84,-1.62,1.79
1,1548123992649,9.39,-1.42,1.91
1,1548123992649,9.45,-1.21,1.89
1,1548123992650,9.6,-1.34,1.93
1,1548123992650,9.84,-1.58,1.64
1,1548123992651,10.21,-1.87,1.09
1,1548123992651,10.42,-2.1,1.19
1,1548123992721,9.98,-1.81,1.42
1,1548123992745,9.55,-1.32,1.66
1,1548123992746,9.66,-0.99,1.73
1,1548123992746,10.15,-1.28,1.69
1,1548123992747,9.82,-2.01,1.77
1,1548123992747,9.29,-1.36,1.67
1,1548123992748,9.33,-0.44,1.62
1,1548123992748,9.72,-0.29,1.71
1,1548123992798,10.05,-1.6,1.62
1,1548123992798,10.62,-2.2,1.52
1,1548123992799,10.64,-2.44,1.71
1,1548123992799,10.07,-2.22,1.73
1,1548123992799,10.31,-1.81,1.44
1,1548123992799,10.64,-2.16,1.73
1,1548123992800,10.64,-2.57,1.73
1,1548123992877,10.46,-2.69,1.83
1,1548123992878,9.88,-2.01,1.26
1,1548123992878,10.27,-2.14,1.25
1,1548123992879,10.46,-2.24,1.3
1,1548123992879,10.39,-2.24,1.19
1,1548123992879,10.15,-1.93,1.71
1,1548123992880,9.84,-1.54,0.35
1,1548123992880,10.19,-1.81,1.03
1,1548123992948,9.94,-2.5,1.01
1,1548123992949,9.47,-2.38,1.66
1,1548123992949,8.92,-1.54,1.71
1,1548123992950,9.39,-1.03,2.3
1,1548123992950,9.66,-0.76,2.08
1,1548123992950,10.19,-1.28,1.19
1,1548123992950,10.6,-2.01,0.05
1,1548123992951,10.68,-2.77,0.5
1,1548123993025,9.86,-2.92,1.32
1,1548123993026,8.92,-2.77,1.56
1,1548123993026,9.25,-1.64,1.77
1,1548123993027,9.51,-1.66,1.77
1,1548123993027,9.62,-1.54,2.16
1,1548123993027,9.92,-1.26,0.56
1,1548123993028,11.6,-2.18,-0.97
1,1548123993098,11.83,-3.53,0.72
1,1548123993099,9.31,-3.82,0.8
1,1548123993100,7.28,-2.75,1.71
1,1548123993100,7.28,-2.75,1.71
1,1548123993100,11.32,-0.54,2.12
1,1548123993101,11.32,-0.8,0.82
1,1548123993102,11.81,-1.34,0.58
1,1548123993102,11.85,-2.01,1.38
1,1548123993180,9.04,-3.43,0.05
1,1548123993180,9.19,-2.96,0.44
1,1548123993181,9.84,-2.98,0.83
1,1548123993181,10.39,-2.67,0.93
1,1548123993181,10.97,-1.21,2.26
1,1548123993182,10.64,-1.11,1.6
1,1548123993182,11.05,-1.79,1.44
1,1548123993246,11.23,-2.3,1.91
1,1548123993247,10.62,-2.53,1.4
1,1548123993248,11.6,-2.36,0.23
1,1548123993248,11.26,-3.28,0.21
1,1548123993248,10.01,-4.06,0.46
1,1548123993249,9.33,-4.02,0.99
1,1548123993249,10.44,-1.4,2.08
1,1548123993249,11.66,-0.72,2.32
1,1548123993324,12.77,-1.03,1.11
1,1548123993325,13.53,-1.95,0.42
1,1548123993325,12.32,-4.51,-1.05
1,1548123993326,10.89,-5.44,-0.66
1,1548123993326,9.51,-5.8,-0.25
1,1548123993327,9.31,-5.23,0.76
1,1548123993327,11.62,-1.91,1.87
1,1548123993327,12.94,-1.52,2.18
1,1548123993398,13.61,-1.77,1.79
1,1548123993400,13.3,-2.79,0.87
1,1548123993402,12.32,-3.75,0.58
1,1548123993403,11.44,-3.88,0.82
1,1548123993404,11.85,-4.12,0.25
1,1548123993405,12.28,-3.98,0.39
1,1548123993406,12.12,-4.02,0.48
1,1548123993484,12.22,-4.29,1.42
1,1548123993486,12.77,-3.65,1.17
1,1548123993487,13.08,-3.37,0.5
1,1548123993488,12.79,-3.16,0.68
1,1548123993489,12.12,-3.76,-0.09
1,1548123993490,12.34,-3.92,0.68
1,1548123993490,12.16,-3.49,1.15
1,1548123993491,11.97,-2.87,1.13
1,1548123993545,12.34,-3.08,1.07
1,1548123993547,12.69,-3.28,1.26
1,1548123993548,12.89,-2.98,1.34
1,1548123993548,12.91,-2.65,1.26
1,1548123993549,12.67,-2.71,1.19
1,1548123993550,12.03,-3.88,0.66
1,1548123993551,12.1,-4.58,0.42
1,1548123993621,12.46,-4.58,0.62
1,1548123993622,12.75,-4.31,0.68
1,1548123993623,12.92,-3.47,0.44
1,1548123993623,12.73,-3.75,0.41
1,1548123993623,12.46,-3.82,0.78
1,1548123993624,12.57,-3.51,0.82
1,1548123993624,12.61,-2.89,1.21
1,1548123993699,12.4,-2.69,1.28
1,1548123993725,12.26,-2.89,1.19
1,1548123993727,12.3,-3.35,1.13
1,1548123993727,12.3,-4.0,1.38
1,1548123993728,12.14,-3.71,1.23
1,1548123993729,12.18,-3.51,1.19
1,1548123993730,12.26,-3.47,1.07
1,1548123993731,12.3,-3.61,1.01
1,1548123993777,11.95,-3.16,1.09
1,1548123993778,11.79,-2.83,0.76
1,1548123993779,11.87,-3.02,0.37
1,1548123993781,12.05,-3.49,0.62
1,1548123993781,11.81,-3.12,1.15
1,1548123993782,11.54,-3.12,1.11
1,1548123993783,11.11,-3.28,1.26
1,1548123993784,10.95,-3.57,1.25
1,1548123993848,11.54,-3.8,1.13
1,1548123993849,11.66,-3.47,1.09
1,1548123993849,11.52,-3.1,0.91
1,1548123993849,11.07,-3.14,0.87
1,1548123993868,10.48,-3.33,1.25
1,1548123993868,10.54,-2.87,1.44
1,1548123993869,10.76,-2.55,1.23
1,1548123993869,10.64,-2.96,1.05
1,1548123993923,10.35,-3.37,1.07
1,1548123993924,9.82,-3.24,1.15
1,1548123993924,9.62,-2.51,1.15
1,1548123993925,9.55,-1.87,0.99
1,1548123993925,9.53,-1.87,0.74
1,1548123993925,9.64,-2.5,1.01
1,1548123993925,9.53,-2.61,1.05
1,1548123993998,9.29,-2.85,1.13
1,1548123994019,9.0,-3.35,1.28
1,1548123994019,8.67,-3.47,1.3
1,1548123994019,8.75,-2.63,1.38
1,1548123994019,8.88,-1.93,1.26
1,1548123994020,8.88,-1.46,1.23
1,1548123994020,8.51,-1.34,1.46
1,1548123994020,8.16,-1.56,1.58
1,1548123994075,7.96,-1.89,1.66
1,1548123994086,7.83,-1.99,1.85
1,1548123994086,7.77,-2.03,1.97
1,1548123994086,7.83,-1.93,1.69
1,1548123994087,7.73,-2.08,1.44
1,1548123994087,7.59,-2.1,1.4
1,1548123994087,7.38,-1.93,1.44
1,1548123994147,7.36,-1.38,1.38
1,1548123994170,7.26,-1.46,1.5
1,1548123994171,7.07,-1.62,1.46
1,1548123994171,7.03,-1.6,1.3
1,1548123994171,7.2,-1.5,1.07
1,1548123994171,7.05,-1.32,1.05
1,1548123994172,6.91,-1.15,1.05
1,1548123994172,6.85,-1.05,1.15
1,1548123994230,6.56,-0.89,1.58
1,1548123994231,6.52,-0.66,1.89
1,1548123994233,6.46,-0.66,2.1
1,1548123994234,6.23,-0.83,2.12
1,1548123994235,5.93,-1.15,2.2
1,1548123994235,6.21,-1.28,2.14
1,1548123994237,6.4,-0.87,2.14
1,1548123994237,6.58,-0.56,2.16
1,1548123994297,6.77,-0.5,1.93
1,1548123994298,6.73,-0.72,1.89
1,1548123994308,6.89,-0.64,1.89
1,1548123994309,7.14,-0.27,1.93
1,1548123994309,7.36,0.03,1.99
1,1548123994309,7.48,-0.33,2.14
1,1548123994310,7.46,-0.48,2.3
1,1548123994373,7.36,-0.52,2.42
1,1548123994392,7.5,-0.07,2.61
1,1548123994393,7.61,0.29,2.65
1,1548123994393,7.79,0.66,3.1
1,1548123994393,8.04,0.78,2.96
1,1548123994394,7.98,0.56,2.91
1,1548123994394,8.14,0.48,3.02
1,1548123994395,8.88,0.48,3.32
1,1548123994448,9.16,0.56,3.24
1,1548123994450,9.49,0.52,2.98
1,1548123994451,9.25,0.19,3.06
1,1548123994452,8.76,0.27,3.14
1,1548123994453,8.78,0.21,3.18
1,1548123994454,8.71,0.13,3.35
1,1548123994455,8.55,0.21,3.22
1,1548123994456,8.86,0.41,2.96
1,1548123994524,8.45,0.58,3.16
1,1548123994525,8.12,0.99,3.39
1,1548123994525,8.2,1.54,3.49
1,1548123994525,8.45,1.36,3.53
1,1548123994525,8.22,0.76,3.61
1,1548123994525,8.26,0.87,3.53
1,1548123994526,8.3,0.68,3.39
1,1548123994599,8.32,0.44,3.41
1,1548123994600,8.71,0.54,3.53
1,1548123994601,8.55,0.54,3.57
1,1548123994601,8.55,0.54,3.84
1,1548123994602,8.67,0.62,4.08
1,1548123994602,8.61,0.68,4.33
1,1548123994603,8.49,0.87,4.72
1,1548123994604,8.65,1.07,4.84
1,1548123994673,8.84,0.8,4.88
1,1548123994673,8.76,0.56,4.86
1,1548123994674,8.69,0.58,4.58
1,1548123994674,8.88,0.56,4.37
1,1548123994674,9.08,0.54,4.21
1,1548123994675,9.08,0.42,4.16
1,1548123994675,9.06,0.03,3.88
1,1548123994676,8.92,0.19,3.86
1,1548123994749,8.84,0.52,3.88
1,1548123994751,8.84,0.56,3.63
1,1548123994753,9.14,0.54,3.73
1,1548123994754,9.29,0.46,3.69
1,1548123994754,9.23,0.21,3.84
1,1548123994755,9.17,0.09,3.61
1,1548123994756,8.96,0.44,3.49
1,1548123994823,9.19,0.56,3.43
1,1548123994824,9.16,0.56,3.63
1,1548123994824,9.08,0.66,3.84
1,1548123994824,9.02,0.74,3.26
1,1548123994825,8.9,0.13,3.08
1,1548123994825,8.53,-0.5,2.92
1,1548123994825,8.2,-0.46,2.96
1,1548123994826,8.18,0.37,3.26
1,1548123994900,8.49,1.56,3.14
1,1548123994900,8.02,1.69,3.32
1,1548123994900,7.69,1.62,3.16
1,1548123994901,7.53,1.42,3.02
1,1548123994901,7.59,0.42,2.94
1,1548123994901,7.28,0.03,2.81
1,1548123994902,6.89,0.27,2.92
1,1548123994975,7.03,0.54,2.91
1,1548123994975,7.3,0.54,2.4
1,1548123994976,7.26,0.31,2.36
1,1548123994976,7.18,-0.05,2.32
1,1548123994976,7.18,-0.42,2.36
1,1548123994977,7.2,-0.42,2.34
1,1548123994977,7.34,0.52,2.38
1,1548123994977,7.36,0.35,2.36
1,1548123995047,7.32,0.13,2.36
1,1548123995048,7.36,-0.23,2.36
1,1548123995062,7.2,-0.7,2.32
1,1548123995063,7.16,-0.56,2.44
1,1548123995064,7.28,-0.35,2.48
1,1548123995064,7.28,-0.13,2.53
1,1548123995064,7.2,0.07,2.46
1,1548123995064,7.4,0.29,2.38
1,1548123995121,7.77,0.46,2.34
1,1548123995122,7.98,0.23,2.28
1,1548123995123,7.83,-0.91,1.89
1,1548123995124,8.02,-1.21,1.99
1,1548123995124,8.26,-1.3,2.1
1,1548123995125,8.35,-1.32,1.97
1,1548123995125,8.26,-1.44,1.79
1,1548123995200,8.32,-1.5,1.64
1,1548123995200,8.75,-1.44,1.42
1,1548123995201,9.1,-1.32,1.38
1,1548123995201,9.33,-1.13,1.32
1,1548123995201,9.25,-1.15,1.79
1,1548123995201,8.84,-1.07,2.2
1,1548123995213,8.51,-0.82,2.28
1,1548123995213,8.61,-0.76,2.2
1,1548123995271,9.31,-1.5,1.71
1,1548123995272,9.58,-1.75,1.28
1,1548123995272,9.68,-1.64,1.3
1,1548123995272,9.6,-1.5,1.3
1,1548123995273,9.76,-2.18,1.01
1,1548123995273,9.88,-2.63,1.38
1,1548123995273,9.7,-2.55,1.75
1,1548123995347,9.57,-2.24,1.77
1,1548123995363,9.62,-1.89,1.73
1,1548123995364,10.64,-1.32,0.64
1,1548123995364,11.62,-1.46,0.44
1,1548123995364,11.89,-1.87,0.8
1,1548123995364,11.32,-2.57,1.34
1,1548123995364,9.1,-3.04,2.22
1,1548123995364,8.71,-2.81,2.3
1,1548123995422,8.88,-2.28,2.22
1,1548123995431,9.23,-1.77,1.67
1,1548123995432,11.09,-1.69,0.76
1,1548123995432,11.4,-1.95,0.64
1,1548123995433,10.99,-2.44,0.7
1,1548123995433,10.05,-2.67,1.09
1,1548123995433,8.61,-2.32,1.21
1,1548123995433,8.84,-2.38,0.66
1,1548123995498,9.35,-2.1,1.15
1,1548123995517,9.74,-1.23,0.56
1,1548123995518,10.8,-1.26,-0.31
1,1548123995518,10.91,-2.85,0.09
1,1548123995518,9.72,-3.08,0.54
1,1548123995518,9.14,-2.73,1.54
1,1548123995519,8.86,-2.32,1.93
1,1548123995573,9.55,-2.03,1.73
1,1548123995573,9.84,-2.08,1.64
1,1548123995574,10.09,-1.93,0.76
1,1548123995582,10.74,-2.03,0.25
1,1548123995583,10.6,-2.12,0.64
1,1548123995584,10.07,-2.34,0.27
1,1548123995584,10.11,-2.79,0.31
1,1548123995584,9.92,-3.0,0.76
1,1548123995646,9.23,-3.06,0.85
1,1548123995654,9.27,-2.42,1.03
1,1548123995654,9.8,-2.14,0.23
1,1548123995655,10.83,-2.38,-0.39
1,1548123995655,11.54,-2.5,-0.07
1,1548123995655,10.19,-2.92,0.25
1,1548123995655,9.37,-3.08,0.41
1,1548123995725,9.1,-3.43,0.87
1,1548123995727,9.37,-3.61,1.3
1,1548123995728,10.7,-2.24,0.72
1,1548123995729,11.5,-1.87,-0.13
1,1548123995730,11.79,-2.34,-0.09
1,1548123995730,11.25,-2.57,0.62
1,1548123995731,9.92,-2.63,0.82
1,1548123995732,9.72,-2.59,0.8
1,1548123995801,9.86,-2.1,1.17
1,1548123995803,10.23,-1.75,1.05
1,1548123995805,11.83,-2.34,0.91
1,1548123995805,11.99,-2.57,0.52
1,1548123995807,11.46,-3.33,-0.31
1,1548123995808,10.93,-3.59,-0.21
1,1548123995811,10.46,-3.88,-0.11
1,1548123995812,10.39,-4.12,0.62
1,1548123995875,10.74,-3.1,0.46
1,1548123995876,11.25,-2.24,0.21
1,1548123995877,11.58,-1.81,0.66
1,1548123995878,11.95,-1.97,0.39
1,1548123995879,11.56,-2.79,0.27
1,1548123995880,11.15,-3.37,-0.27
1,1548123995881,10.76,-4.27,-0.54
1,1548123995949,9.17,-4.17,0.58
1,1548123995951,9.62,-2.94,0.76
1,1548123995953,11.25,-2.2,0.87
1,1548123995953,12.87,-1.66,0.93
1,1548123995954,12.89,-2.34,-0.15
1,1548123995955,12.24,-3.08,0.01
1,1548123995955,11.69,-4.33,-0.46
1,1548123995956,10.82,-5.66,-0.52
1,1548123996024,10.37,-5.42,0.05
1,1548123996025,12.14,-3.84,0.15
1,1548123996026,12.63,-3.32,0.72
1,1548123996027,12.67,-2.96,0.35
1,1548123996027,12.69,-3.24,0.0
1,1548123996028,12.28,-4.02,0.44
1,1548123996029,11.85,-4.08,-0.05
1,1548123996029,11.64,-3.94,-0.39
1,1548123996099,11.73,-3.61,-0.19
1,1548123996101,12.12,-3.39,-0.01
1,1548123996121,12.14,-3.26,0.17
1,1548123996123,12.3,-2.87,0.42
1,1548123996123,12.51,-2.75,0.52
1,1548123996124,12.51,-2.94,0.21
1,1548123996124,12.03,-3.92,0.17
1,1548123996175,11.83,-3.96,0.15
1,1548123996177,11.89,-3.92,-0.09
1,1548123996177,12.26,-4.0,0.01
1,1548123996178,12.67,-3.57,0.42
1,1548123996179,12.5,-3.69,0.19
1,1548123996180,12.28,-4.12,0.09
1,1548123996181,12.18,-4.35,0.25
1,1548123996181,12.08,-3.76,0.27
1,1548123996247,12.12,-3.47,0.37
1,1548123996249,12.22,-3.06,0.46
1,1548123996250,12.34,-3.12,0.48
1,1548123996273,11.83,-3.32,0.66
1,1548123996273,11.73,-3.08,0.58
1,1548123996273,12.01,-3.43,-0.11
1,1548123996274,12.32,-4.14,-0.29
1,1548123996322,12.14,-4.21,0.33
1,1548123996336,11.54,-3.06,0.5
1,1548123996337,11.6,-2.69,0.52
1,1548123996337,11.81,-2.71,0.72
1,1548123996337,12.03,-2.81,0.82
1,1548123996337,12.4,-3.41,0.62
1,1548123996338,12.01,-3.73,0.44
1,1548123996338,11.52,-3.9,0.5
1,1548123996398,11.32,-3.84,0.62
1,1548123996400,11.66,-3.02,1.19
1,1548123996402,11.69,-2.75,1.11
1,1548123996403,11.6,-2.77,0.95
1,1548123996404,11.4,-2.85,0.82
1,1548123996406,11.38,-2.94,0.72
1,1548123996407,11.3,-3.24,0.21
1,1548123996477,11.21,-3.3,0.46
1,1548123996479,11.05,-3.04,0.41
1,1548123996480,11.17,-2.77,0.31
1,1548123996481,10.72,-3.16,0.82
1,1548123996483,10.54,-3.02,0.93
1,1548123996484,10.66,-3.06,1.17
1,1548123996485,10.74,-3.14,1.28
1,1548123996486,10.27,-2.94,1.19
1,1548123996558,10.29,-2.79,0.91
1,1548123996587,10.42,-2.77,0.6
1,1548123996589,10.44,-2.79,0.54
1,1548123996591,10.05,-3.06,0.58
1,1548123996594,9.9,-3.2,0.66
1,1548123996595,9.84,-3.02,0.58
1,1548123996596,9.72,-2.94,0.74
1,1548123996597,9.49,-2.75,1.09
1,1548123996624,9.41,-2.18,0.99
1,1548123996625,9.27,-2.16,1.05
1,1548123996626,9.16,-2.1,1.09
1,1548123996627,9.12,-2.07,0.91
1,1548123996627,8.86,-2.48,0.62
1,1548123996627,8.8,-2.61,0.64
1,1548123996628,8.86,-2.59,0.68
1,1548123996700,8.88,-2.28,1.03
1,1548123996702,8.8,-1.62,1.21
1,1548123996702,8.51,-1.73,1.03
1,1548123996725,8.32,-1.97,1.21
1,1548123996727,8.35,-2.03,1.58
1,1548123996727,8.69,-1.71,1.69
1,1548123996727,8.41,-1.67,1.54
1,1548123996728,7.94,-1.73,1.46
1,1548123996777,7.65,-1.85,1.48
1,1548123996778,7.67,-2.07,1.26
1,1548123996778,7.98,-2.38,0.8
1,1548123996779,8.06,-2.05,0.83
1,1548123996780,8.18,-1.58,0.93
1,1548123996780,8.12,-1.32,1.01
1,1548123996781,7.73,-1.58,1.19
1,1548123996781,7.65,-1.67,1.46
1,1548123996848,7.61,-1.62,1.77
1,1548123996849,7.53,-1.62,1.81
1,1548123996850,7.4,-1.62,1.89
1,1548123996851,7.48,-1.66,2.01
1,1548123996852,7.46,-1.69,2.1
1,1548123996853,7.46,-1.66,2.2
1,1548123996856,7.46,-1.07,2.28
1,1548123996922,7.36,-0.91,2.18
1,1548123996922,7.36,-0.76,2.01
1,1548123996924,7.38,-0.83,1.97
1,1548123996925,7.2,-1.11,2.07
1,1548123996925,7.12,-1.46,2.2
1,1548123996928,6.99,-1.52,2.18
1,1548123996928,6.83,-1.25,2.14
1,1548123996929,6.77,-0.87,2.03
1,1548123996998,6.56,-0.6,1.97
1,1548123996999,6.48,-0.54,1.85
1,1548123996999,6.58,-0.33,1.69
1,1548123997000,6.85,-0.11,1.67
1,1548123997000,7.1,0.19,2.1
1,1548123997001,7.07,0.15,2.14
1,1548123997001,6.87,0.13,2.16
1,1548123997075,6.97,0.42,2.24
1,1548123997076,8.0,0.89,2.32
1,1548123997077,8.26,0.85,2.32
1,1548123997077,8.2,0.62,2.34
1,1548123997077,8.33,0.52,2.34
1,1548123997078,8.51,0.05,2.46
1,1548123997078,8.71,-0.99,2.5
1,1548123997148,8.78,-0.87,3.08
1,1548123997149,8.76,-0.76,3.14
1,1548123997149,9.19,-0.17,3.2
1,1548123997159,9.57,0.33,3.41
1,1548123997159,9.86,0.23,3.18
1,1548123997160,9.9,-0.13,3.12
1,1548123997160,9.6,-0.23,3.02
1,1548123997160,9.16,-0.13,3.14
1,1548123997223,9.06,-0.03,3.28
1,1548123997223,8.82,0.19,3.3
1,1548123997223,8.51,0.5,3.37
1,1548123997224,8.24,0.58,3.59
1,1548123997224,8.1,1.66,3.82
1,1548123997224,8.1,2.03,3.71
1,1548123997243,7.92,1.69,3.49
1,1548123997244,7.89,0.83,3.28
1,1548123997299,8.35,0.48,3.1
1,1548123997311,8.63,0.5,3.1
1,1548123997312,8.94,0.56,2.89
1,1548123997312,9.23,0.35,2.81
1,1548123997312,9.19,-0.05,2.94
1,1548123997313,9.33,0.0,2.98
1,1548123997313,9.41,-0.13,3.22
1,1548123997313,9.49,-0.23,3.45
1,1548123997374,9.14,0.42,4.19
1,1548123997374,9.1,0.54,4.25
1,1548123997375,9.21,0.62,3.96
1,1548123997375,9.17,0.52,3.84
1,1548123997375,8.49,-0.01,4.02
1,1548123997376,8.51,-0.05,3.35
1,1548123997376,8.61,0.07,3.18
1,1548123997451,8.43,-0.07,2.83
1,1548123997453,8.33,-0.05,2.5
1,1548123997454,8.43,0.0,2.38
1,1548123997455,8.35,-0.01,2.36
1,1548123997456,8.08,-0.01,2.38
1,1548123997458,7.81,-0.09,2.46
1,1548123997458,7.67,-0.11,2.46
1,1548123997459,7.71,-0.07,2.34
1,1548123997525,7.71,-0.15,2.32
1,1548123997526,7.77,-0.37,2.26
1,1548123997526,8.08,-0.8,2.18
1,1548123997527,8.1,-0.7,2.34
1,1548123997527,8.06,-0.64,2.3
1,1548123997527,8.0,-0.56,2.32
1,1548123997528,7.81,-1.05,2.3
1,1548123997528,7.63,-0.78,2.32
1,1548123997597,7.57,-0.27,2.34
1,1548123997597,7.71,0.11,2.34
1,1548123997598,7.96,0.25,2.32
1,1548123997598,8.33,-0.29,2.03
1,1548123997598,8.49,-0.82,1.67
1,1548123997598,8.57,-1.23,1.4
1,1548123997599,8.59,-1.44,1.34
1,1548123997675,8.69,-1.89,1.42
1,1548123997676,8.65,-2.01,1.52
1,1548123997677,8.59,-1.99,1.44
1,1548123997677,8.51,-2.01,1.64
1,1548123997678,8.57,-1.91,1.79
1,1548123997679,8.59,-1.75,1.83
1,1548123997681,8.47,-1.56,1.67
1,1548123997682,8.45,-1.38,1.58
1,1548123997750,8.57,-0.83,1.71
1,1548123997768,8.75,-0.74,1.69
1,1548123997769,8.84,-0.82,1.44
1,1548123997769,8.84,-1.32,1.25
1,1548123997769,8.82,-1.81,1.26
1,1548123997770,8.84,-2.18,1.42
1,1548123997770,8.84,-2.14,1.42
1,1548123997822,8.82,-2.1,1.36
1,1548123997822,8.82,-2.14,1.23
1,1548123997822,9.23,-2.22,1.19
1,1548123997823,9.43,-1.97,1.05
1,1548123997830,9.82,-1.95,0.7
1,1548123997830,10.21,-2.12,0.46
1,1548123997831,9.6,-2.77,0.68
1,1548123997831,9.21,-2.92,0.78
1,1548123997896,9.08,-2.98,0.93
1,1548123997977,9.21,-2.44,1.34
1,1548123998001,10.15,-1.66,1.13
1,1548123998002,10.17,-1.93,0.7
1,1548123998002,9.72,-2.67,0.48
1,1548123998003,9.23,-2.98,0.46
1,1548123998004,9.14,-2.79,0.8
1,1548123998004,9.6,-2.08,0.87
1,1548123998005,9.66,-1.93,0.82
1,1548123998048,9.51,-2.01,0.83
1,1548123998049,9.29,-2.18,0.44
1,1548123998049,9.51,-1.95,0.39
1,1548123998050,9.55,-2.34,0.66
1,1548123998050,9.58,-2.4,0.62
1,1548123998050,9.74,-2.5,0.23
1,1548123998051,10.03,-2.67,-0.13
1,1548123998051,10.01,-3.18,0.19
1,1548123998123,9.68,-3.14,-0.05
1,1548123998124,9.74,-2.79,-0.09
1,1548123998125,10.21,-2.53,0.11
1,1548123998136,10.29,-2.87,0.07
1,1548123998137,10.01,-3.37,0.33
1,1548123998137,9.66,-3.32,0.8
1,1548123998137,9.62,-2.87,0.56
1,1548123998137,10.68,-2.44,0.03
1,1548123998200,10.6,-3.88,-0.07
1,1548123998201,10.29,-4.47,0.31
1,1548123998201,9.9,-4.41,0.58
1,1548123998202,10.17,-3.67,0.07
1,1548123998216,10.44,-3.45,0.05
1,1548123998217,10.42,-3.47,0.05
1,1548123998217,10.41,-3.37,-0.37
1,1548123998217,10.68,-3.08,-0.48
1,1548123998273,10.83,-3.57,-0.5
1,1548123998275,10.68,-3.53,0.19
1,1548123998275,10.23,-3.08,0.74
1,1548123998276,9.82,-2.79,0.72
1,1548123998277,10.27,-3.22,0.41
1,1548123998278,10.46,-3.22,0.29
1,1548123998278,10.54,-2.83,0.46
1,1548123998279,10.8,-2.5,0.5
1,1548123998364,10.66,-3.06,0.01
1,1548123998365,10.39,-3.69,0.21
1,1548123998365,10.29,-3.84,0.58
1,1548123998365,10.17,-3.8,0.68
1,1548123998366,10.62,-3.53,0.25
1,1548123998366,10.93,-3.51,-0.44
1,1548123998367,11.09,-3.2,-0.39
1,1548123998367,11.34,-3.24,-0.5
1,1548123998425,11.62,-3.82,-0.41
1,1548123998425,11.11,-4.45,0.0
1,1548123998425,10.83,-4.17,-0.27
1,1548123998435,10.5,-4.19,0.01
1,1548123998436,10.23,-4.14,0.6
1,1548123998436,11.07,-3.9,0.13
1,1548123998436,11.36,-3.3,0.46
1,1548123998436,11.42,-2.5,0.25
1,1548123998498,11.97,-2.32,0.15
1,1548123998498,12.26,-3.9,-0.21
1,1548123998499,10.99,-4.92,-0.03
1,1548123998500,9.84,-5.31,0.03
1,1548123998500,9.9,-5.15,0.5
1,1548123998500,10.76,-4.47,0.72
1,1548123998500,12.4,-3.18,0.78
1,1548123998576,12.71,-3.1,-0.25
1,1548123998578,12.46,-3.51,-0.11
1,1548123998579,11.93,-4.0,0.05
1,1548123998580,11.85,-4.27,-0.09
1,1548123998581,11.64,-3.96,0.09
1,1548123998583,11.52,-3.67,0.35
1,1548123998584,11.5,-3.57,0.56
1,1548123998585,11.93,-4.74,-0.33
1,1548123998647,12.51,-5.72,-0.42
1,1548123998671,12.94,-5.8,-0.42
1,1548123998671,12.94,-5.09,-0.83
1,1548123998671,12.89,-3.73,-0.56
1,1548123998671,12.59,-3.06,0.07
1,1548123998672,12.26,-2.73,0.27
1,1548123998672,12.24,-2.89,0.15
1,1548123998672,12.34,-3.37,0.37
1,1548123998724,12.67,-4.86,-0.13
1,1548123998726,12.57,-4.62,0.37
1,1548123998727,12.5,-4.17,0.27
1,1548123998727,12.87,-4.04,0.44
1,1548123998728,12.91,-3.82,0.44
1,1548123998729,12.55,-3.98,0.35
1,1548123998730,12.32,-4.12,0.35
1,1548123998798,12.38,-4.16,0.41
1,1548123998799,12.79,-3.57,0.29
1,1548123998800,12.98,-3.37,-0.27
1,1548123998801,12.98,-3.35,0.52
1,1548123998801,12.73,-3.53,0.25
1,1548123998802,12.34,-3.02,1.11
1,1548123998803,12.46,-3.02,0.5
1,1548123998804,12.67,-2.98,0.7
1,1548123998873,12.59,-3.39,0.39
1,1548123998891,12.42,-3.86,0.8
1,1548123998891,11.95,-3.78,0.99
1,1548123998891,11.95,-3.67,0.85
1,1548123998892,12.2,-3.8,0.8
1,1548123998892,12.38,-3.98,0.91
1,1548123998892,12.3,-3.75,0.7
1,1548123998945,12.07,-3.65,0.48
1,1548123998964,11.83,-3.57,0.31
1,1548123998965,11.66,-3.67,0.52
1,1548123998965,11.58,-3.51,0.54
1,1548123998965,11.64,-3.41,0.7
1,1548123998965,11.52,-3.08,0.89
1,1548123998965,11.28,-2.85,1.01
1,1548123998966,10.87,-2.81,0.91
1,1548123999022,10.83,-2.77,0.87
1,1548123999022,10.83,-2.67,0.87
1,1548123999022,10.7,-2.67,0.97
1,1548123999046,10.54,-2.85,0.85
1,1548123999047,10.13,-3.51,0.76
1,1548123999047,9.96,-3.39,0.6
1,1548123999048,9.94,-3.0,0.54
1,1548123999048,10.0,-2.69,0.44
1,1548123999100,9.9,-2.57,0.37
1,1548123999127,9.74,-2.96,0.48
1,1548123999128,9.31,-3.37,0.72
1,1548123999128,8.78,-3.39,0.97
1,1548123999128,8.45,-2.65,1.32
1,1548123999129,8.43,-2.18,1.34
1,1548123999129,8.47,-1.75,1.5
1,1548123999173,8.49,-1.48,1.5
1,1548123999175,8.41,-1.42,1.28
1,1548123999175,7.89,-1.36,1.48
1,1548123999192,7.85,-1.25,1.52
1,1548123999192,7.81,-1.25,1.62
1,1548123999193,7.85,-1.26,1.58
1,1548123999193,7.75,-1.56,1.6
1,1548123999193,7.69,-1.69,1.5
1,1548123999246,7.59,-1.81,1.54
1,1548123999247,7.46,-1.81,1.54
1,1548123999247,7.22,-1.34,1.67
1,1548123999248,7.26,-1.34,1.67
1,1548123999248,7.28,-1.44,1.71
1,1548123999249,7.18,-1.5,1.67
1,1548123999250,7.01,-1.62,1.42
1,1548123999250,7.14,-1.73,1.4
1,1548123999321,7.14,-1.71,1.48
1,1548123999321,7.16,-1.69,1.52
1,1548123999322,7.07,-1.81,1.56
1,1548123999322,6.67,-1.64,1.66
1,1548123999323,6.6,-1.48,1.67
1,1548123999323,6.52,-1.4,1.79
1,1548123999323,6.42,-1.23,1.99
1,1548123999411,6.13,-0.83,2.28
1,1548123999411,6.03,-0.83,2.32
1,1548123999412,6.05,-0.91,2.32
1,1548123999412,6.21,-0.82,2.3
1,1548123999412,6.73,-0.58,2.16
1,1548123999413,6.85,-0.66,2.1
1,1548123999413,6.93,-0.78,2.07
1,1548123999413,6.89,-0.76,2.03
1,1548123999474,7.32,-1.05,1.99
1,1548123999499,7.77,-1.21,2.1
1,1548123999500,8.06,-1.36,2.2
1,1548123999500,8.12,-1.42,2.3
1,1548123999501,7.94,-1.42,2.3
1,1548123999501,8.1,-1.54,2.4
1,1548123999502,8.26,-1.36,2.53
1,1548123999564,8.49,-1.07,2.65
1,1548123999565,8.49,-1.03,2.75
1,1548123999565,8.43,-1.54,2.98
1,1548123999565,8.53,-1.83,3.02
1,1548123999565,8.47,-1.52,3.02
1,1548123999565,8.69,-1.11,2.81
1,1548123999566,9.55,0.13,2.34
1,1548123999566,9.53,0.44,2.34
1,1548123999625,9.39,0.68,2.51
1,1548123999625,9.16,0.95,2.91
1,1548123999626,8.33,0.7,3.9
1,1548123999643,8.22,0.54,4.14
1,1548123999644,8.16,0.44,4.41
1,1548123999644,8.04,0.31,4.29
1,1548123999644,8.04,0.68,4.02
1,1548123999644,8.37,1.66,3.65
1,1548123999698,8.47,2.18,3.14
1,1548123999712,8.67,1.79,3.26
1,1548123999713,8.8,0.72,2.87
1,1548123999713,8.88,0.07,2.46
1,1548123999714,8.61,-0.33,2.44
1,1548123999714,8.35,-0.41,2.75
1,1548123999715,8.45,-0.52,2.94
1,1548123999776,9.25,-0.11,2.79
1,1548123999777,9.06,-0.17,2.81
1,1548123999778,9.02,0.07,2.83
1,1548123999778,9.02,0.39,2.85
1,1548123999779,8.96,-0.05,3.14
1,1548123999780,9.0,-0.09,3.65
1,1548123999780,9.17,0.46,3.63
1,1548123999781,9.06,0.58,4.14
1,1548123999853,8.78,0.48,3.86
1,1548123999855,9.02,0.33,3.47
1,1548123999856,9.27,0.15,3.3
1,1548123999857,9.43,0.15,3.26
1,1548123999858,9.43,0.46,3.02
1,1548123999859,9.14,0.21,3.65
1,1548123999860,8.86,0.21,4.08
1,1548123999925,8.82,0.48,4.06
1,1548123999949,8.75,0.46,4.04
1,1548123999951,8.65,0.21,4.17
1,1548123999951,8.98,0.56,4.04
1,1548123999952,9.19,0.91,3.73
1,1548123999953,9.08,0.93,3.32
1,1548123999954,8.96,0.54,3.02
1,1548123999955,8.78,0.5,3.08
1,1548124000002,8.63,0.39,3.0
1,1548124000003,8.53,0.23,2.96
1,1548124000005,8.51,-0.29,2.98
1,1548124000015,8.41,-0.33,3.18
1,1548124000017,8.45,-0.17,3.04
1,1548124000017,8.55,0.01,2.75
1,1548124000018,8.41,0.11,2.69
1,1548124000019,8.18,-0.15,2.53
1,1548124000071,8.16,-0.19,2.59
1,1548124000072,8.12,-0.23,2.63
1,1548124000073,8.04,-0.39,2.71
1,1548124000074,7.65,-0.42,2.46
1,1548124000074,7.65,-0.27,2.4
1,1548124000075,7.63,-0.19,2.4
1,1548124000076,7.51,-0.25,2.4
1,1548124000149,7.5,-0.31,2.3
1,1548124000150,7.59,-0.41,2.3
1,1548124000151,7.57,-0.58,2.3
1,1548124000151,7.55,-0.58,2.26
1,1548124000151,7.63,-0.44,2.12
1,1548124000152,7.91,-0.42,1.87
1,1548124000152,7.91,-0.5,1.81
1,1548124000153,7.85,-0.6,1.75
1,1548124000229,7.87,-0.8,1.64
1,1548124000231,7.94,-1.28,1.83
1,1548124000254,7.89,-1.5,1.91
1,1548124000255,7.85,-1.62,2.01
1,1548124000256,7.87,-1.6,1.87
1,1548124000298,8.1,-1.54,1.67
1,1548124000314,8.06,-1.48,1.62
1,1548124000315,8.04,-1.4,1.66
1,1548124000315,8.02,-1.32,1.71
1,1548124000315,8.14,-1.71,1.56
1,1548124000316,8.06,-2.03,1.77
1,1548124000316,8.04,-2.07,1.91
1,1548124000316,8.2,-1.83,1.79
1,1548124000374,8.28,-1.71,1.54
1,1548124000376,8.1,-1.05,1.42
1,1548124000379,8.47,-0.41,1.69
1,1548124000381,8.92,-0.17,1.91
1,1548124000382,9.0,-1.21,1.58
1,1548124000383,8.82,-1.48,1.4
1,1548124000384,8.86,-1.81,1.36
1,1548124000385,9.16,-1.87,1.07
1,1548124000447,9.98,-2.38,0.82
1,1548124000448,10.03,-2.3,0.95
1,1548124000448,10.0,-2.1,1.01
1,1548124000449,9.86,-1.99,1.4
1,1548124000449,9.76,-2.32,1.54
1,1548124000450,9.94,-2.44,1.46
1,1548124000451,10.09,-2.34,1.32
1,1548124000452,10.23,-2.14,0.83
1,1548124000523,10.25,-3.3,0.46
1,1548124000524,9.84,-3.8,0.7
1,1548124000524,9.72,-3.65,1.07
1,1548124000525,9.92,-3.22,0.99
1,1548124000525,10.11,-2.81,0.54
1,1548124000525,10.0,-2.85,0.37
1,1548124000526,9.88,-3.12,-0.03
1,1548124000526,9.82,-2.87,0.07
1,1548124000602,9.88,-2.44,0.03
1,1548124000604,9.92,-2.75,0.37
1,1548124000605,9.74,-2.73,0.62
1,1548124000606,9.47,-2.71,0.56
1,1548124000608,9.25,-2.85,0.44
1,1548124000609,9.43,-3.1,0.19
1,1548124000610,9.74,-3.28,-0.17
1,1548124000677,10.01,-3.18,-0.15
1,1548124000688,10.23,-2.77,0.01
1,1548124000713,10.03,-2.83,-0.07
1,1548124000713,9.68,-3.28,0.05
1,1548124000714,9.51,-3.49,0.48
1,1548124000714,9.55,-3.37,0.62
1,1548124000715,10.01,-2.69,0.19
1,1548124000715,10.09,-2.91,-0.54
1,1548124000767,10.19,-3.28,-0.62
1,1548124000768,10.23,-3.49,-0.25
1,1548124000769,10.23,-3.92,-0.46
1,1548124000770,10.23,-4.06,-0.23
1,1548124000770,9.98,-3.39,0.15
1,1548124000771,9.8,-2.57,0.27
1,1548124000772,10.09,-2.73,0.0
1,1548124000820,10.5,-3.41,-0.17
1,1548124000836,10.66,-3.94,-0.44
1,1548124000837,10.64,-3.92,0.19
1,1548124000838,10.56,-3.37,0.39
1,1548124000838,11.11,-3.49,-0.27
1,1548124000839,10.78,-3.55,0.37
1,1548124000840,10.33,-3.76,0.11
1,1548124000840,10.23,-4.29,0.0
1,1548124000898,10.41,-3.35,0.13
1,1548124000921,10.91,-3.06,0.03
1,1548124000922,11.13,-3.28,-0.07
1,1548124000923,10.99,-3.02,0.13
1,1548124000923,11.09,-2.91,-0.35
1,1548124000924,10.99,-3.35,-0.33
1,1548124000925,10.8,-3.67,-0.17
1,1548124000925,10.87,-4.17,0.17
1,1548124000972,11.23,-4.86,0.29
1,1548124000973,11.66,-5.48,0.0
1,1548124000974,11.6,-6.03,-0.42
1,1548124000975,11.3,-5.31,-0.01
1,1548124000975,11.32,-4.57,-0.29
1,1548124000976,11.48,-4.17,0.11
1,1548124000977,11.32,-3.35,0.15
1,1548124001046,11.52,-3.53,-0.11
1,1548124001047,11.79,-4.0,0.41
1,1548124001047,12.26,-3.49,0.33
1,1548124001048,11.83,-3.82,0.25
1,1548124001049,11.23,-4.04,0.0
1,1548124001049,11.28,-5.15,-0.66
1,1548124001050,11.4,-5.44,0.03
1,1548124001050,11.25,-4.49,0.03
1,1548124001120,11.21,-4.17,-0.25
1,1548124001121,11.5,-4.29,0.07
1,1548124001123,12.26,-4.41,0.41
1,1548124001124,12.51,-5.03,0.31
1,1548124001125,11.81,-4.21,0.31
1,1548124001126,11.69,-4.25,-0.41
1,1548124001127,11.71,-4.98,-0.27
1,1548124001127,11.93,-4.58,-0.11
1,1548124001198,12.1,-4.6,-0.07
1,1548124001199,12.08,-4.41,0.05
1,1548124001199,12.2,-4.82,0.07
1,1548124001200,12.5,-5.23,0.17
1,1548124001201,12.69,-5.03,0.44
1,1548124001201,12.87,-4.98,0.21
1,1548124001201,12.38,-5.17,0.44
1,1548124001272,11.79,-4.92,0.62
1,1548124001273,11.97,-5.01,0.05
1,1548124001274,12.18,-5.52,-0.09
1,1548124001291,12.16,-5.15,0.25
1,1548124001291,12.24,-4.57,0.35
1,1548124001292,12.26,-4.14,0.42
1,1548124001292,12.51,-4.49,0.37
1,1548124001292,12.38,-4.6,0.6
1,1548124001352,12.03,-4.7,0.85
1,1548124001353,11.64,-3.69,0.99
1,1548124001353,11.91,-3.57,0.8
1,1548124001353,12.08,-3.69,0.58
1,1548124001354,12.08,-4.29,0.31
1,1548124001354,11.91,-5.0,0.89
1,1548124001354,11.81,-4.84,1.21
1,1548124001421,11.71,-4.94,0.56
1,1548124001442,11.64,-5.41,-0.01
1,1548124001443,11.66,-4.76,0.5
1,1548124001443,11.58,-3.75,0.72
1,1548124001443,11.36,-2.48,1.07
1,1548124001443,11.4,-2.5,0.46
1,1548124001443,11.66,-3.12,1.54
1,1548124001444,11.28,-3.73,1.28
1,1548124001498,10.89,-4.43,1.13
1,1548124001499,10.85,-5.0,0.95
1,1548124001499,11.01,-4.9,0.8
1,1548124001499,10.99,-3.94,0.37
1,1548124001507,10.91,-3.63,0.39
1,1548124001508,10.91,-3.26,0.64
1,1548124001508,10.8,-3.18,0.5
1,1548124001508,10.21,-3.55,0.82
1,1548124001575,10.23,-3.61,0.64
1,1548124001575,10.46,-3.75,0.46
1,1548124001576,10.39,-3.86,0.99
1,1548124001576,9.6,-3.71,0.95
1,1548124001577,9.55,-3.28,1.19
1,1548124001594,9.66,-2.77,1.17
1,1548124001595,9.74,-2.67,0.83
1,1548124001646,9.43,-2.5,1.01
1,1548124001646,9.16,-2.79,0.83
1,1548124001647,8.76,-3.04,1.19
1,1548124001647,8.55,-3.0,1.36
1,1548124001647,8.53,-2.75,1.42
1,1548124001647,8.71,-2.07,1.32
1,1548124001648,8.65,-1.81,0.87
1,1548124001648,8.71,-1.91,0.8
1,1548124001721,8.78,-2.08,0.93
1,1548124001721,8.57,-2.46,0.93
1,1548124001722,8.37,-2.42,1.23
1,1548124001722,8.35,-1.95,1.42
1,1548124001749,8.43,-1.69,1.77
1,1548124001750,8.1,-0.99,2.05
1,1548124001751,8.18,-0.93,1.99
1,1548124001799,8.43,-1.15,1.99
1,1548124001800,8.67,-1.44,1.93
1,1548124001802,8.73,-2.12,1.66
1,1548124001803,8.43,-2.34,1.58
1,1548124001804,8.32,-2.55,1.32
1,1548124001805,8.26,-2.91,1.07
1,1548124001807,8.37,-2.96,1.25
1,1548124001808,8.53,-2.51,1.44
1,1548124001873,8.49,-2.05,1.79
1,1548124001873,8.16,-1.95,2.03
1,1548124001873,7.75,-2.3,2.1
1,1548124001874,7.22,-2.26,2.22
1,1548124001874,7.32,-1.52,2.12
1,1548124001874,7.32,-0.95,1.87
1,1548124001874,7.07,-0.54,1.81
1,1548124001875,6.71,-0.37,1.77
1,1548124001949,6.73,-0.52,1.71
1,1548124001950,6.66,-1.03,1.58
1,1548124001951,6.54,-1.42,1.64
1,1548124001952,6.64,-1.36,1.6
1,1548124001952,6.66,-1.19,1.42
1,1548124001952,6.56,-0.89,1.56
1,1548124001953,6.5,-0.66,1.85
1,1548124002022,6.93,0.25,2.24
1,1548124002023,7.05,0.27,2.3
1,1548124002023,7.01,-0.07,2.3
1,1548124002023,7.12,-0.21,2.3
1,1548124002023,7.32,0.25,2.48
1,1548124002024,7.98,0.54,2.96
1,1548124002024,8.2,0.44,3.08
1,1548124002024,8.0,-0.39,3.16
1,1548124002099,7.91,-1.09,3.2
1,1548124002114,8.8,-0.78,2.98
1,1548124002115,8.8,-0.85,3.18
1,1548124002115,8.86,-0.78,3.65
1,1548124002115,8.76,0.0,3.55
1,1548124002116,8.67,0.54,3.96
1,1548124002116,8.92,0.54,4.04
1,1548124002173,8.8,0.35,3.82
1,1548124002173,8.73,0.41,3.39
1,1548124002173,8.53,0.11,3.37
1,1548124002174,8.49,0.09,3.16
1,1548124002174,8.41,0.33,2.75
1,1548124002174,8.49,0.58,2.5
1,1548124002175,8.69,0.8,2.57
1,1548124002198,8.75,1.19,3.16
1,1548124002267,8.02,0.89,3.49
1,1548124002268,7.75,0.8,3.61
1,1548124002269,8.12,0.6,3.49
1,1548124002269,8.24,0.48,3.35
1,1548124002270,8.35,0.56,3.32
1,1548124002270,8.71,1.05,3.35
1,1548124002271,8.92,1.46,3.43
1,1548124002271,8.73,0.5,3.59
1,1548124002320,8.71,0.11,3.45
1,1548124002321,8.98,-0.07,3.32
1,1548124002321,9.31,0.01,3.33
1,1548124002323,9.23,0.15,3.8
1,1548124002323,8.92,0.35,3.94
1,1548124002324,9.0,0.58,3.92
1,1548124002325,9.08,0.56,4.04
1,1548124002398,8.57,0.66,4.31
1,1548124002402,8.47,0.54,4.14
1,1548124002403,8.84,0.41,3.73
1,1548124002404,9.04,0.33,3.53
1,1548124002405,8.78,0.44,3.51
1,1548124002406,8.94,0.58,3.45
1,1548124002407,9.04,0.64,3.45
1,1548124002408,8.73,0.56,3.39
1,1548124002480,8.37,0.44,3.37
1,1548124002482,8.63,0.39,3.53
1,1548124002484,8.73,0.52,3.55
1,1548124002485,8.53,0.54,3.59
1,1548124002486,8.32,0.56,3.69
1,1548124002487,8.41,0.54,3.47
1,1548124002488,8.49,0.44,3.39
1,1548124002570,8.55,0.46,3.33
1,1548124002572,8.59,0.54,3.39
1,1548124002573,8.51,0.39,3.55
1,1548124002574,8.51,0.56,3.61
1,1548124002574,8.43,0.54,3.51
1,1548124002575,8.32,0.54,3.57
1,1548124002576,8.28,0.52,3.78
1,1548124002577,8.28,0.56,3.84
1,1548124002622,8.1,0.54,3.63
1,1548124002623,7.98,0.35,3.41
1,1548124002633,8.12,0.13,3.32
1,1548124002635,8.3,0.35,3.28
1,1548124002638,8.1,0.23,3.12
1,1548124002638,7.87,0.15,2.96
1,1548124002639,7.73,0.05,3.0
1,1548124002698,7.79,0.19,2.89
1,1548124002699,7.77,0.19,2.71
1,1548124002699,7.59,0.07,2.59
1,1548124002699,7.38,-0.09,2.55
1,1548124002699,7.28,-0.05,2.61
1,1548124002700,7.2,-0.03,2.57
1,1548124002701,7.01,-0.19,2.51
1,1548124002701,6.85,-0.27,2.5
1,1548124002773,6.81,-0.19,2.42
1,1548124002786,7.07,0.0,2.36
1,1548124002786,7.26,0.0,2.3
1,1548124002786,7.28,-0.25,2.12
1,1548124002787,7.32,-0.6,1.87
1,1548124002787,7.3,-1.11,1.79
1,1548124002787,7.26,-1.03,1.89
1,1548124002787,7.28,-0.8,1.99
1,1548124002847,7.42,-0.68,1.93
1,1548124002848,7.51,-1.07,1.83
1,1548124002848,7.57,-1.34,1.81
1,1548124002849,7.59,-1.38,1.93
1,1548124002850,7.75,-0.87,2.01
1,1548124002850,8.2,-0.05,2.1
1,1548124002851,8.43,-0.17,1.99
1,1548124002921,8.73,-0.82,1.81
1,1548124002936,8.88,-1.44,1.73
1,1548124002936,9.0,-1.69,1.69
1,1548124002937,9.1,-1.85,1.62
1,1548124002937,9.08,-1.83,1.62
1,1548124002937,9.12,-1.95,1.52
1,1548124002938,9.21,-2.1,1.75
1,1548124002938,9.68,-2.03,1.99
1,1548124002994,9.86,-2.05,1.81
1,1548124002995,9.9,-2.42,1.73
1,1548124002995,9.8,-2.67,1.71
1,1548124002995,9.84,-2.16,1.79
1,1548124003002,9.84,-1.97,1.75
1,1548124003003,9.78,-1.77,1.81
1,1548124003003,9.72,-1.79,1.91
1,1548124003073,9.84,-1.95,1.99
1,1548124003073,9.9,-2.07,1.83
1,1548124003074,9.8,-2.18,1.73
1,1548124003074,9.62,-2.32,1.58
1,1548124003074,9.49,-2.73,1.21
1,1548124003075,9.57,-2.87,0.97
1,1548124003075,9.7,-2.77,0.95
1,1548124003075,9.94,-2.44,0.82
1,1548124003178,10.21,-2.24,0.66
1,1548124003178,10.21,-2.57,0.64
1,1548124003179,10.21,-2.91,0.6
1,1548124003179,10.25,-3.28,0.76
1,1548124003179,10.29,-3.2,0.89
1,1548124003180,10.42,-2.53,1.3
1,1548124003180,10.23,-2.57,1.36
1,1548124003180,10.03,-2.73,1.4
1,1548124003231,9.94,-2.96,1.3
1,1548124003232,10.09,-3.2,1.44
1,1548124003232,10.11,-2.96,1.4
1,1548124003232,10.0,-2.73,1.38
1,1548124003232,9.84,-2.65,1.03
1,1548124003232,9.74,-3.32,0.42
1,1548124003233,9.7,-3.26,0.37
1,1548124003300,9.94,-3.0,0.31
1,1548124003301,10.25,-2.79,0.35
1,1548124003303,10.56,-2.28,0.5
1,1548124003304,10.54,-2.32,0.64
1,1548124003305,10.29,-2.46,0.62
1,1548124003307,9.86,-2.69,0.6
1,1548124003308,9.64,-2.71,0.78
1,1548124003309,10.03,-2.61,0.37
1,1548124003374,10.17,-3.08,0.42
1,1548124003375,10.31,-3.37,0.48
1,1548124003375,10.58,-3.18,0.5
1,1548124003391,11.83,-3.35,0.66
1,1548124003391,11.54,-3.59,0.44
1,1548124003392,11.03,-3.73,0.44
1,1548124003392,10.56,-3.61,0.66
1,1548124003447,10.66,-3.18,0.62
1,1548124003468,10.91,-3.33,0.46
1,1548124003468,10.68,-3.75,0.05
1,1548124003469,10.19,-4.37,-0.17
1,1548124003469,10.21,-4.27,0.42
1,1548124003469,10.72,-3.43,0.35
1,1548124003469,11.05,-2.59,0.35
1,1548124003469,10.95,-1.95,0.42
1,1548124003520,10.62,-1.64,0.82
1,1548124003546,10.15,-2.48,0.82
1,1548124003547,10.07,-2.94,0.11
1,1548124003547,10.15,-3.61,-0.41
1,1548124003547,10.42,-3.8,-0.29
1,1548124003547,10.95,-2.92,0.54
1,1548124003547,11.17,-3.26,-0.13
1,1548124003547,10.91,-3.47,0.29
1,1548124003597,10.13,-3.71,0.68
1,1548124003598,9.47,-4.17,0.74
1,1548124003600,9.74,-3.92,-0.31
1,1548124003602,10.19,-3.67,-0.29
1,1548124003603,10.37,-2.75,0.42
1,1548124003604,11.07,-2.83,-0.5
1,1548124003605,11.25,-3.51,-0.6
1,1548124003673,11.19,-4.0,0.95
1,1548124003675,10.25,-3.84,-0.54
1,1548124003677,9.84,-3.78,0.03
1,1548124003678,9.92,-3.16,0.76
1,1548124003679,10.17,-2.61,0.27
1,1548124003680,10.56,-2.46,0.05
1,1548124003681,10.93,-2.51,0.13
1,1548124003683,10.85,-2.98,0.27
1,1548124003761,10.58,-2.89,0.72
1,1548124003763,10.56,-2.71,0.74
1,1548124003764,10.85,-3.04,0.33
1,1548124003764,10.89,-3.45,0.31
1,1548124003765,10.85,-3.65,0.15
1,1548124003766,10.8,-3.86,0.15
1,1548124003779,10.87,-3.92,-0.15
1,1548124003824,10.91,-3.71,-0.15
1,1548124003828,10.76,-3.78,0.03
1,1548124003831,10.66,-3.51,0.33
1,1548124003833,10.62,-3.59,0.37
1,1548124003834,10.48,-3.84,0.46
1,1548124003835,10.23,-3.67,0.39
1,1548124003837,10.66,-3.41,0.25
1,1548124003838,11.19,-3.12,0.29
1,1548124003906,11.5,-2.85,0.29
1,1548124003908,11.05,-3.26,0.15
1,1548124003909,10.74,-3.98,0.09
1,1548124003909,10.62,-4.49,0.21
1,1548124003910,10.5,-4.62,0.27
1,1548124003911,10.35,-3.84,0.23
1,1548124003912,10.46,-3.43,0.41
1,1548124003912,10.7,-3.18,0.31
1,1548124003973,10.89,-3.14,0.46
1,1548124003974,10.78,-3.49,0.21
1,1548124003975,10.66,-3.65,0.23
1,1548124003976,10.76,-3.45,0.29
1,1548124003977,10.93,-3.37,0.33
1,1548124003978,10.95,-3.28,0.23
1,1548124003979,11.13,-3.33,0.25
1,1548124004057,11.34,-3.59,0.42
1,1548124004057,11.38,-3.75,0.54
1,1548124004058,11.25,-3.86,0.58
1,1548124004058,11.17,-3.51,0.68
1,1548124004059,11.54,-3.41,0.42
1,1548124004060,11.85,-3.71,0.35
1,1548124004060,11.85,-3.88,0.41
1,1548124004061,11.62,-4.35,0.44
1,1548124004125,11.52,-4.27,0.52
1,1548124004126,11.54,-4.04,0.68
1,1548124004127,11.6,-3.94,0.72
1,1548124004128,11.58,-4.0,0.44
1,1548124004128,11.66,-3.92,0.6
1,1548124004129,11.75,-3.76,0.48
1,1548124004129,11.81,-3.43,0.37
1,1548124004199,11.73,-3.33,0.31
1,1548124004201,11.52,-3.3,0.68
1,1548124004201,11.69,-3.22,0.7
1,1548124004202,11.85,-3.2,0.68
1,1548124004203,11.87,-3.24,0.78
1,1548124004203,11.93,-3.65,0.8
1,1548124004204,11.81,-4.06,0.74
1,1548124004204,11.5,-4.41,0.68
1,1548124004273,11.19,-4.37,0.78
1,1548124004275,11.52,-3.63,0.78
1,1548124004277,11.71,-3.43,0.6
1,1548124004279,11.66,-3.45,0.56
1,1548124004282,11.54,-3.69,0.52
1,1548124004284,11.4,-3.75,0.72
1,1548124004286,11.42,-3.61,0.6
1,1548124004291,11.38,-3.53,0.6
1,1548124004352,11.21,-3.49,0.93
1,1548124004354,10.93,-3.33,1.05
1,1548124004354,10.83,-3.2,0.83
1,1548124004355,11.01,-3.08,0.97
1,1548124004356,11.03,-3.02,0.97
1,1548124004357,10.85,-3.2,0.85
1,1548124004357,10.7,-3.39,0.95
1,1548124004421,10.72,-3.26,0.85
1,1548124004422,10.56,-3.18,0.6
1,1548124004424,10.35,-3.04,0.56
1,1548124004430,10.48,-3.16,0.6
1,1548124004431,10.54,-3.26,0.82
1,1548124004432,10.29,-3.14,0.83
1,1548124004432,10.07,-2.92,0.74
1,1548124004432,9.94,-2.98,0.64
1,1548124004495,9.78,-3.12,0.7
1,1548124004495,9.72,-3.14,0.87
1,1548124004496,9.88,-2.98,0.95
1,1548124004497,10.05,-2.87,1.01
1,1548124004497,9.55,-2.57,1.21
1,1548124004498,9.19,-2.65,0.91
1,1548124004498,9.16,-2.79,0.76
1,1548124004574,9.41,-2.79,0.62
1,1548124004575,9.7,-2.57,0.48
1,1548124004576,9.43,-2.46,0.37
1,1548124004576,9.23,-2.48,0.46
1,1548124004577,9.21,-2.53,0.58
1,1548124004577,9.31,-2.69,0.95
1,1548124004578,9.35,-2.59,1.09
1,1548124004578,9.27,-2.63,1.07
1,1548124004657,9.21,-2.83,1.03
1,1548124004658,9.04,-3.08,1.32
1,1548124004681,8.94,-2.61,1.36
1,1548124004682,9.04,-1.99,1.36
1,1548124004683,9.27,-1.73,1.23
1,1548124004684,9.43,-1.87,1.07
1,1548124004684,9.64,-2.32,1.26
1,1548124004685,9.55,-2.34,1.34
1,1548124004721,9.23,-2.38,1.4
1,1548124004723,8.82,-2.44,1.44
1,1548124004725,8.28,-2.28,1.73
1,1548124004726,8.35,-2.2,1.77
1,1548124004727,8.63,-2.08,1.58
1,1548124004728,8.94,-1.93,1.48
1,1548124004728,9.16,-1.85,1.38
1,1548124004799,8.69,-1.85,1.19
1,1548124004801,8.26,-1.91,0.99
1,1548124004802,8.06,-1.91,1.19
1,1548124004803,8.51,-1.54,1.6
1,1548124004804,8.53,-1.6,1.56
1,1548124004804,8.41,-2.01,1.58
1,1548124004805,8.16,-2.34,1.71
1,1548124004806,8.02,-2.34,1.89
1,1548124004873,7.67,-1.85,1.95
1,1548124004873,7.5,-1.66,1.99
1,1548124004874,7.38,-1.46,2.03
1,1548124004874,7.51,-1.38,1.85
1,1548124004875,7.79,-1.38,1.75
1,1548124004875,7.79,-1.44,1.62
1,1548124004875,7.61,-1.56,1.69
1,1548124004950,7.4,-1.4,1.81
1,1548124004950,7.63,-1.4,1.97
1,1548124004950,7.69,-1.83,2.14
1,1548124004951,7.57,-2.32,2.28
1,1548124004951,7.34,-2.63,2.32
1,1548124004951,6.97,-1.93,2.32
1,1548124004951,6.97,-1.36,2.34
1,1548124004952,7.12,-0.87,2.34
1,1548124005021,7.24,-0.76,2.38
1,1548124005043,7.16,-0.52,2.63
1,1548124005045,7.42,-0.05,2.77
1,1548124005046,7.34,-0.17,2.65
1,1548124005047,7.2,-0.33,2.53
1,1548124005048,7.26,-0.25,2.5
1,1548124005049,7.71,0.54,2.34
1,1548124005050,7.75,0.5,2.32
1,1548124005098,8.08,0.09,2.65
1,1548124005119,8.61,-0.07,2.91
1,1548124005120,8.41,-0.54,2.79
1,1548124005120,9.12,-1.11,2.83
1,1548124005121,9.33,-1.36,2.85
1,1548124005121,9.17,-1.25,2.92
1,1548124005121,9.12,-0.6,2.77
1,1548124005177,9.33,-0.52,2.85
1,1548124005178,9.49,-0.21,3.04
1,1548124005178,9.35,-0.19,3.26
1,1548124005179,9.23,-0.33,3.33
1,1548124005179,9.31,-0.46,3.26
1,1548124005179,9.17,-0.07,3.35
1,1548124005180,9.06,0.29,3.39
1,1548124005180,8.84,0.44,3.45
1,1548124005251,8.86,0.56,3.37
1,1548124005252,8.86,0.46,3.24
1,1548124005252,8.76,0.19,3.1
1,1548124005253,8.9,-0.03,2.98
1,1548124005253,9.12,-0.21,2.92
1,1548124005253,8.92,-0.21,3.02
1,1548124005253,8.86,-0.03,3.14
1,1548124005323,8.78,0.11,3.3
1,1548124005323,8.84,-0.07,3.41
1,1548124005324,9.21,0.15,3.41
1,1548124005324,9.33,0.23,3.47
1,1548124005325,9.33,0.11,3.35
1,1548124005325,9.23,-0.13,3.41
1,1548124005325,9.31,-0.11,3.55
1,1548124005326,9.33,-0.09,3.55
1,1548124005396,9.25,-0.25,3.53
1,1548124005397,9.04,-0.85,3.49
1,1548124005421,9.25,-0.7,3.2
1,1548124005422,9.41,-0.15,3.06
1,1548124005422,9.57,0.33,2.98
1,1548124005422,9.58,0.54,3.08
1,1548124005423,9.27,0.56,3.33
1,1548124005423,9.06,0.54,3.43
1,1548124005475,8.88,0.48,3.65
1,1548124005477,8.9,0.46,3.75
1,1548124005478,9.31,0.41,3.41
1,1548124005479,9.31,0.0,3.39
1,1548124005480,9.14,-0.21,3.39
1,1548124005481,8.92,-0.07,3.26
1,1548124005483,9.06,0.15,3.1
1,1548124005555,9.37,0.19,3.08
1,1548124005555,9.25,0.03,3.14
1,1548124005556,9.08,-0.17,3.24
1,1548124005556,9.04,-0.17,3.32
1,1548124005556,9.23,0.15,3.2
1,1548124005557,9.19,0.33,3.12
1,1548124005557,9.12,0.35,3.14
1,1548124005557,9.08,0.46,3.24
1,1548124005620,8.88,0.54,3.32
1,1548124005621,8.76,0.27,3.33
1,1548124005622,8.51,-0.25,3.39
1,1548124005623,8.32,-0.33,3.32
1,1548124005623,8.43,0.29,3.02
1,1548124005624,8.51,0.39,2.89
1,1548124005624,8.59,0.25,2.73
1,1548124005698,8.51,0.07,2.59
1,1548124005699,8.45,-0.09,2.53
1,1548124005699,8.35,-0.52,2.48
1,1548124005700,8.45,-0.54,2.46
1,1548124005726,8.53,-0.33,2.38
1,1548124005776,8.53,-0.27,2.46
1,1548124005777,8.18,-0.41,2.71
1,1548124005777,8.06,-0.31,2.75
1,1548124005777,8.06,-0.21,2.75
1,1548124005778,8.2,-0.15,2.75
1,1548124005779,8.67,-0.56,2.51
1,1548124005790,8.35,-1.01,2.46
1,1548124005791,8.1,-1.21,2.38
1,1548124005855,8.06,-1.15,2.4
1,1548124005855,8.32,-0.7,2.44
1,1548124005856,8.22,-0.62,2.4
1,1548124005856,8.08,-0.68,2.34
1,1548124005856,8.06,-0.83,2.32
1,1548124005856,8.06,-0.89,2.22
1,1548124005856,8.16,-0.85,2.05
1,1548124005857,8.18,-0.89,1.89
1,1548124005921,8.1,-0.95,1.93
1,1548124005949,7.71,-0.78,2.18
1,1548124005950,7.79,-0.68,2.22
1,1548124005951,8.1,-0.74,1.99
1,1548124005951,8.49,-0.97,1.66
1,1548124005952,8.92,-1.48,1.19
1,1548124005952,9.1,-1.64,1.21
1,1548124005953,9.27,-1.75,1.3
1,1548124005999,9.41,-1.87,1.56
1,1548124006000,9.57,-1.89,1.54
1,1548124006001,9.72,-1.91,1.5
1,1548124006001,9.76,-2.07,1.54
1,1548124006002,9.76,-2.32,1.79
1,1548124006003,9.14,-2.28,2.26
1,1548124006003,8.8,-1.91,2.3
1,1548124006071,8.76,-1.6,2.28
1,1548124006072,8.84,-1.56,2.08
1,1548124006072,8.92,-1.77,1.73
1,1548124006072,9.0,-2.01,1.32
1,1548124006073,9.23,-2.05,1.26
1,1548124006073,9.41,-2.12,1.15
1,1548124006073,9.39,-2.26,0.93
1,1548124006073,8.82,-2.26,0.72
1,1548124006158,8.71,-2.44,0.64
1,1548124006158,8.67,-2.4,1.01
1,1548124006158,8.82,-2.26,1.25
1,1548124006159,9.17,-2.4,0.5
1,1548124006159,8.98,-2.73,0.64
1,1548124006159,8.82,-2.73,0.58
1,1548124006159,9.06,-2.77,0.52
1,1548124006159,9.39,-2.63,0.95
1,1548124006226,9.23,-2.42,1.15
1,1548124006226,9.0,-2.51,1.28
1,1548124006227,8.78,-2.77,1.09
1,1548124006227,8.76,-2.79,1.15
1,1548124006227,9.27,-2.53,0.93
1,1548124006228,9.53,-2.07,1.11
1,1548124006244,9.49,-1.87,0.87
1,1548124006244,9.29,-2.05,0.6
1,1548124006297,8.78,-2.51,0.83
1,1548124006297,8.69,-3.06,0.62
1,1548124006297,8.92,-3.51,0.6
1,1548124006298,9.12,-3.41,0.7
1,1548124006298,9.14,-2.51,0.58
1,1548124006298,9.04,-2.2,0.46
1,1548124006299,8.94,-2.08,0.11
1,1548124006299,9.02,-2.12,-0.29
1,1548124006370,9.33,-2.59,-0.39
1,1548124006371,9.47,-3.14,-0.29
1,1548124006372,9.62,-3.53,-0.01
1,1548124006373,9.58,-3.73,0.07
1,1548124006374,9.45,-3.8,-0.07
1,1548124006374,9.53,-3.82,-0.41
1,1548124006375,9.76,-3.8,-0.23
1,1548124006462,9.92,-3.63,-0.15
1,1548124006462,9.92,-3.76,-0.5
1,1548124006463,9.68,-2.79,-0.19
1,1548124006463,9.78,-2.69,0.48
1,1548124006463,9.76,-2.65,1.25
1,1548124006464,9.8,-2.91,0.82
1,1548124006464,9.64,-3.06,0.5
1,1548124006464,9.76,-3.08,0.21
1,1548124006544,10.0,-3.1,-0.23
1,1548124006545,10.15,-3.2,-0.6
1,1548124006546,9.92,-3.41,-0.52
1,1548124006547,9.9,-3.45,-0.42
1,1548124006548,10.11,-3.71,-0.31
1,1548124006550,10.27,-3.94,0.09
1,1548124006551,10.21,-4.29,0.29
1,1548124006552,10.52,-4.55,-0.27
1,1548124006602,10.74,-4.66,-0.5
1,1548124006602,10.44,-4.68,-0.42
1,1548124006603,9.78,-4.31,-0.07
1,1548124006603,9.12,-1.34,0.85
1,1548124006603,9.72,-0.05,1.11
1,1548124006604,10.41,0.17,1.01
1,1548124006604,10.83,-1.36,0.09
1,1548124006671,9.82,-4.02,0.07
1,1548124006679,9.33,-4.47,-0.97
1,1548124006680,9.58,-4.45,-0.46
1,1548124006680,10.23,-2.89,-0.15
1,1548124006680,11.13,-1.48,0.58
1,1548124006680,10.52,-1.89,0.5
1,1548124006680,9.88,-2.3,1.21
1,1548124006681,9.74,-3.14,1.71
1,1548124006746,9.9,-3.53,1.79
1,1548124006747,10.35,-3.57,-0.97
1,1548124006747,10.7,-4.82,-1.15
1,1548124006748,10.17,-4.21,-0.03
1,1548124006748,9.66,-2.81,0.83
1,1548124006748,10.23,-1.71,0.09
1,1548124006748,10.41,-2.1,-0.09
1,1548124006823,10.11,-2.38,0.62
1,1548124006823,9.58,-2.57,1.09
1,1548124006823,9.76,-2.34,0.5
1,1548124006824,10.56,-3.06,0.01
1,1548124006824,10.64,-3.28,0.11
1,1548124006832,9.43,-2.96,0.21
1,1548124006832,9.21,-3.08,1.05
1,1548124006832,9.41,-2.38,1.01
1,1548124006909,9.76,-2.07,0.41
1,1548124006910,9.9,-1.79,0.54
1,1548124006911,10.0,-2.08,0.62
1,1548124006911,11.25,-2.75,-0.01
1,1548124006911,11.91,-2.44,-0.58
1,1548124006911,12.2,-2.61,-0.83
1,1548124006912,11.91,-3.14,-0.31
1,1548124006970,10.03,-2.98,0.91
1,1548124006986,9.66,-3.18,0.66
1,1548124006986,9.88,-3.55,0.82
1,1548124006987,10.31,-3.86,0.68
1,1548124006987,10.87,-4.35,1.07
1,1548124006987,10.72,-3.22,0.91
1,1548124006987,10.89,-2.48,-0.05
1,1548124006988,11.28,-2.36,0.05
1,1548124007046,10.6,-3.32,0.29
1,1548124007067,10.37,-3.71,0.17
1,1548124007131,10.27,-3.18,0.8
1,1548124007131,10.35,-3.16,0.11
1,1548124007131,10.91,-2.51,0.54
1,1548124007132,10.76,-2.22,0.17
1,1548124007132,10.5,-1.67,0.35
1,1548124007132,10.46,-1.28,0.68
1,1548124007132,10.35,-1.69,0.52
1,1548124007133,10.7,-3.02,-0.07
1,1548124007197,10.58,-3.92,0.48
1,1548124007197,10.07,-2.3,0.7
1,1548124007197,10.39,-2.18,0.64
1,1548124007198,10.68,-1.75,1.13
1,1548124007198,10.46,-1.54,0.58
1,1548124007198,10.66,-1.99,-0.17
1,1548124007198,11.05,-3.18,-0.35
1,1548124007198,10.27,-4.23,0.37
