1,1546849362177,-9.04,3.14,-0.27
1,1546849362177,-9.04,3.16,-0.21
1,1546849362178,-8.88,2.79,-0.35
1,1546849362178,-8.84,2.77,-0.37
1,1546849362178,-8.76,2.85,-0.41
1,1546849362179,-8.76,2.75,-0.42
1,1546849362179,-8.73,2.59,-0.46
1,1546849362179,-8.78,2.63,-0.46
1,1546849362253,-8.53,2.53,-0.64
1,1546849362254,-8.35,2.48,-0.62
1,1546849362254,-8.14,2.42,-0.64
1,1546849362254,-8.0,2.38,-0.66
1,1546849362255,-7.63,2.42,-0.58
1,1546849362255,-7.28,2.1,-0.6
1,1546849362255,-6.93,1.87,-0.62
1,1546849362317,-6.75,1.91,-0.58
1,1546849362318,-6.56,1.87,-0.48
1,1546849362318,-6.58,1.87,-0.54
1,1546849362319,-6.75,1.93,-0.54
1,1546849362319,-7.22,2.07,-0.37
1,1546849362330,-7.5,2.3,-0.07
1,1546849362331,-7.3,2.03,-0.29
1,1546849362331,-7.14,1.89,-0.19
1,1546849362393,-6.89,1.97,-0.25
1,1546849362393,-6.6,1.95,-0.35
1,1546849362394,-6.32,1.89,-0.27
1,1546849362395,-6.26,1.85,-0.23
1,1546849362395,-6.25,1.83,-0.27
1,1546849362395,-6.32,1.83,-0.19
1,1546849362396,-6.58,1.85,-0.03
1,1546849362474,-6.62,1.85,-0.07
1,1546849362474,-6.71,1.87,0.0
1,1546849362475,-6.71,1.85,0.03
1,1546849362475,-6.58,1.87,0.15
1,1546849362475,-6.54,1.87,0.17
1,1546849362476,-6.56,1.87,0.23
1,1546849362476,-6.62,1.87,0.23
1,1546849362476,-6.79,1.87,0.09
1,1546849362564,-6.89,1.89,0.11
1,1546849362565,-6.93,1.87,0.05
1,1546849362566,-6.95,1.85,0.09
1,1546849362566,-7.1,1.87,0.13
1,1546849362567,-7.22,1.91,0.19
1,1546849362567,-7.3,2.05,0.31
1,1546849362568,-7.42,2.01,0.41
1,1546849362619,-7.53,1.97,0.54
1,1546849362620,-7.79,2.28,0.78
1,1546849362620,-7.81,2.34,0.72
1,1546849362621,-7.89,2.3,0.72
1,1546849362632,-8.16,2.34,0.68
1,1546849362633,-8.65,2.65,0.48
1,1546849362633,-8.92,2.87,0.54
1,1546849362634,-9.14,2.96,0.66
1,1546849362693,-9.27,2.92,0.62
1,1546849362694,-9.57,3.04,0.78
1,1546849362694,-9.66,3.12,0.91
1,1546849362695,-9.68,3.08,0.87
1,1546849362695,-9.72,3.12,0.97
1,1546849362695,-9.94,3.41,1.03
1,1546849362696,-9.94,3.26,0.89
1,1546849362771,-10.0,3.43,0.82
1,1546849362771,-10.07,3.65,0.8
1,1546849362772,-10.42,3.69,1.05
1,1546849362772,-10.54,3.78,1.05
1,1546849362772,-10.72,3.86,1.03
1,1546849362773,-10.82,3.94,1.07
1,1546849362773,-10.83,3.9,1.21
1,1546849362773,-10.74,3.75,1.34
1,1546849362849,-10.78,3.61,1.36
1,1546849362850,-10.82,3.61,1.48
1,1546849362850,-10.91,3.71,1.46
1,1546849362851,-11.05,3.98,1.42
1,1546849362851,-11.19,4.23,1.34
1,1546849362851,-11.44,4.29,1.42
1,1546849362852,-11.73,4.17,1.52
1,1546849362852,-11.83,4.16,1.73
1,1546849362919,-11.87,4.14,2.01
1,1546849362920,-11.83,4.04,2.18
1,1546849362921,-11.85,4.04,2.32
1,1546849362921,-11.91,4.21,2.34
1,1546849362921,-11.99,4.29,2.32
1,1546849362921,-12.01,4.43,2.32
1,1546849362922,-12.12,4.55,2.4
1,1546849362994,-12.55,4.58,2.51
1,1546849362995,-12.83,4.57,2.59
1,1546849362995,-12.89,4.62,2.63
1,1546849362996,-13.0,4.68,2.77
1,1546849362996,-13.1,4.68,2.83
1,1546849362997,-13.3,4.98,2.69
1,1546849362997,-13.32,5.03,2.69
1,1546849362997,-13.3,5.19,2.83
1,1546849363070,-13.37,5.17,2.83
1,1546849363070,-13.51,5.39,2.83
1,1546849363071,-13.47,5.44,2.79
1,1546849363071,-13.41,5.35,2.73
1,1546849363071,-13.41,5.27,2.71
1,1546849363072,-13.3,5.15,2.69
1,1546849363072,-13.3,5.13,2.69
1,1546849363145,-13.2,5.17,2.65
1,1546849363147,-13.2,5.19,2.59
1,1546849363148,-13.04,5.31,2.51
1,1546849363148,-13.0,5.27,2.59
1,1546849363149,-12.96,5.27,2.63
1,1546849363149,-13.02,5.19,2.69
1,1546849363149,-12.94,5.11,2.77
1,1546849363150,-13.0,5.03,2.77
1,1546849363218,-12.91,5.0,2.79
1,1546849363220,-12.79,4.94,2.87
1,1546849363220,-12.46,4.98,2.91
1,1546849363220,-12.32,5.05,2.89
1,1546849363221,-12.24,5.03,2.94
1,1546849363238,-12.14,4.92,2.89
1,1546849363239,-12.08,4.86,2.91
1,1546849363293,-11.75,4.68,2.81
1,1546849363293,-11.58,4.58,2.83
1,1546849363294,-11.44,4.51,2.83
1,1546849363295,-11.23,4.49,2.71
1,1546849363295,-11.05,4.41,2.53
1,1546849363296,-10.93,4.39,2.4
1,1546849363296,-10.83,4.37,2.4
1,1546849363297,-10.72,4.37,2.3
1,1546849363368,-10.6,4.17,2.16
1,1546849363368,-10.44,4.08,2.07
1,1546849363369,-10.35,4.02,2.05
1,1546849363370,-10.27,3.84,1.97
1,1546849363370,-10.15,3.73,1.81
1,1546849363371,-10.0,3.71,1.79
1,1546849363371,-9.86,3.65,1.73
1,1546849363444,-9.72,3.57,1.73
1,1546849363457,-9.43,3.47,1.67
1,1546849363458,-9.31,3.47,1.67
1,1546849363458,-9.17,3.39,1.67
1,1546849363459,-9.04,3.33,1.67
1,1546849363459,-8.82,3.08,1.54
1,1546849363460,-8.49,2.87,1.05
1,1546849363460,-8.45,2.87,0.95
1,1546849363518,-8.47,2.89,0.93
1,1546849363525,-8.37,2.69,0.91
1,1546849363526,-8.12,2.59,0.74
1,1546849363526,-8.0,2.53,0.7
1,1546849363526,-7.87,2.46,0.64
1,1546849363527,-7.73,2.46,0.58
1,1546849363527,-7.59,2.28,0.42
1,1546849363527,-7.53,2.08,0.35
1,1546849363597,-7.5,2.1,0.31
1,1546849363598,-7.42,2.05,0.15
1,1546849363598,-7.18,1.89,0.0
1,1546849363600,-7.07,1.89,0.01
1,1546849363600,-6.95,1.85,-0.03
1,1546849363600,-6.77,1.83,-0.07
1,1546849363600,-6.42,1.79,-0.11
1,1546849363673,-6.3,1.75,-0.15
1,1546849363674,-6.13,1.64,-0.19
1,1546849363674,-6.01,1.5,-0.27
1,1546849363675,-5.85,1.4,-0.35
1,1546849363675,-5.6,1.26,-0.33
1,1546849363676,-5.44,1.21,-0.33
1,1546849363676,-5.25,1.21,-0.31
1,1546849363695,-5.03,1.05,-0.44
1,1546849363744,-4.7,0.97,-0.6
1,1546849363744,-4.62,0.97,-0.6
1,1546849363821,-4.49,1.03,-0.58
1,1546849363822,-4.39,1.03,-0.54
1,1546849363822,-4.49,0.76,-0.5
1,1546849363823,-4.57,0.8,-0.48
1,1546849363823,-4.7,1.03,-0.48
1,1546849363824,-4.84,1.15,-0.42
1,1546849363824,-5.23,1.48,-0.37
1,1546849363825,-5.58,1.64,-0.29
1,1546849363896,-6.09,1.85,-0.23
1,1546849363897,-6.58,2.01,-0.19
1,1546849363898,-8.61,2.67,-0.17
1,1546849363899,-9.23,2.79,-0.37
1,1546849363899,-9.98,2.89,-0.48
1,1546849363900,-10.21,3.16,-0.52
1,1546849363901,-10.23,3.06,-0.62
1,1546849363901,-10.15,2.77,-0.64
1,1546849363974,-10.05,2.77,-0.64
1,1546849363975,-9.16,2.63,-0.68
1,1546849364004,-8.86,2.77,-0.64
1,1546849364005,-8.78,2.75,-0.56
1,1546849364006,-8.14,2.53,-0.58
1,1546849364007,-7.83,2.42,-0.41
1,1546849364008,-7.63,2.42,-0.62
1,1546849364008,-7.26,2.18,-0.66
1,1546849364050,-7.03,2.03,-0.64
1,1546849364051,-6.95,1.93,-0.62
1,1546849364051,-6.83,1.85,-0.64
1,1546849364051,-6.79,1.77,-0.64
1,1546849364052,-6.83,1.83,-0.54
1,1546849364052,-6.71,1.79,-0.44
1,1546849364053,-6.62,1.73,-0.35
1,1546849364053,-6.5,1.75,-0.29
1,1546849364118,-6.28,1.77,-0.37
1,1546849364119,-6.28,1.83,-0.35
1,1546849364120,-6.23,1.89,-0.37
1,1546849364120,-6.17,1.89,-0.27
1,1546849364121,-6.17,1.87,-0.27
1,1546849364121,-6.38,1.85,-0.21
1,1546849364122,-6.46,1.81,-0.11
1,1546849364122,-6.5,1.83,-0.07
1,1546849364198,-6.58,1.79,-0.01
1,1546849364199,-6.69,1.87,-0.13
1,1546849364200,-6.81,1.87,-0.07
1,1546849364200,-6.81,1.95,0.03
1,1546849364201,-6.81,1.89,0.03
1,1546849364201,-6.77,1.85,-0.05
1,1546849364202,-6.89,1.87,-0.07
1,1546849364269,-7.1,1.85,0.01
1,1546849364269,-7.36,1.91,0.03
1,1546849364270,-7.73,2.1,0.19
1,1546849364275,-7.96,2.26,0.29
1,1546849364276,-8.08,2.36,0.56
1,1546849364277,-8.2,2.36,0.66
1,1546849364277,-8.35,2.46,0.5
1,1546849364277,-8.55,2.69,0.52
1,1546849364349,-8.75,2.57,0.68
1,1546849364351,-8.86,2.4,0.85
1,1546849364353,-8.92,2.48,0.97
1,1546849364354,-8.86,2.53,1.03
1,1546849364356,-8.8,2.63,1.05
1,1546849364357,-8.78,2.67,1.01
1,1546849364358,-8.82,2.79,0.95
1,1546849364362,-8.9,3.0,1.09
1,1546849364422,-8.96,2.85,1.17
1,1546849364423,-9.08,2.85,1.15
1,1546849364424,-9.14,2.83,1.13
1,1546849364424,-9.41,3.02,1.15
1,1546849364425,-9.57,3.18,1.13
1,1546849364426,-9.8,3.43,1.11
1,1546849364426,-9.98,3.55,1.03
1,1546849364496,-10.27,3.51,1.13
1,1546849364498,-10.23,3.49,0.95
1,1546849364498,-10.31,3.26,1.13
1,1546849364499,-10.44,3.41,1.25
1,1546849364500,-10.7,3.63,1.38
1,1546849364501,-10.7,3.82,1.32
1,1546849364501,-10.62,3.8,1.38
1,1546849364502,-10.56,3.69,1.36
1,1546849364574,-10.46,3.67,1.26
1,1546849364578,-10.56,3.63,1.3
1,1546849364579,-10.62,3.55,1.3
1,1546849364580,-10.8,3.45,1.52
1,1546849364581,-10.95,3.53,1.58
1,1546849364582,-11.26,3.71,1.79
1,1546849364583,-11.46,3.8,1.93
1,1546849364650,-11.77,3.73,2.03
1,1546849364652,-11.91,3.76,1.89
1,1546849364652,-12.36,4.12,1.95
1,1546849364653,-12.44,4.04,2.08
1,1546849364654,-12.48,3.84,2.24
1,1546849364654,-12.57,3.84,2.28
1,1546849364654,-12.73,3.94,2.42
1,1546849364655,-12.87,4.17,2.51
1,1546849364725,-13.02,4.37,2.65
1,1546849364727,-13.24,4.43,2.87
1,1546849364728,-13.59,4.55,3.22
1,1546849364729,-13.69,4.58,3.3
1,1546849364731,-13.76,4.64,3.37
1,1546849364732,-13.84,4.74,3.45
1,1546849364733,-13.94,4.8,3.49
1,1546849364796,-13.96,4.74,3.57
1,1546849364797,-13.94,4.78,3.59
1,1546849364798,-13.94,4.66,3.61
1,1546849364798,-13.94,4.6,3.55
1,1546849364815,-14.0,4.64,3.43
1,1546849364816,-13.94,4.64,3.28
1,1546849364817,-13.82,4.78,3.08
1,1546849364817,-13.75,4.86,2.92
1,1546849364872,-13.78,4.84,2.87
1,1546849364873,-13.75,4.74,2.89
1,1546849364873,-13.65,4.7,2.96
1,1546849364874,-13.59,4.68,3.06
1,1546849364874,-13.37,4.53,3.08
1,1546849364874,-13.24,4.62,3.12
1,1546849364875,-13.04,4.62,3.04
1,1546849364948,-12.96,4.62,2.98
1,1546849364950,-12.83,4.7,2.89
1,1546849364952,-12.73,4.68,2.89
1,1546849364954,-12.51,4.68,2.89
1,1546849364955,-12.28,4.62,2.77
1,1546849364957,-12.05,4.41,2.75
1,1546849364960,-11.89,4.43,2.69
1,1546849364963,-11.77,4.39,2.57
1,1546849365022,-11.64,4.41,2.5
1,1546849365024,-11.52,4.37,2.51
1,1546849365025,-11.42,4.31,2.51
1,1546849365026,-11.28,4.35,2.3
1,1546849365027,-11.13,4.27,2.26
1,1546849365028,-11.03,4.17,2.16
1,1546849365029,-10.82,3.98,2.07
1,1546849365096,-10.76,4.0,2.03
1,1546849365098,-10.66,3.86,1.97
1,1546849365099,-10.54,3.76,1.89
1,1546849365100,-10.33,3.67,1.79
1,1546849365101,-10.17,3.53,1.77
1,1546849365102,-10.0,3.55,1.64
1,1546849365103,-9.84,3.47,1.48
1,1546849365104,-9.64,3.26,1.28
1,1546849365173,-9.53,3.16,1.26
1,1546849365174,-9.16,3.0,1.19
1,1546849365175,-8.88,2.85,1.11
1,1546849365175,-8.41,2.71,0.83
1,1546849365176,-8.28,2.55,0.78
1,1546849365177,-8.14,2.48,0.66
1,1546849365177,-7.96,2.44,0.52
1,1546849365178,-7.71,2.32,0.29
1,1546849365247,-7.53,2.26,0.17
1,1546849365249,-7.3,2.18,0.15
1,1546849365251,-7.14,2.08,0.05
1,1546849365251,-7.01,1.95,0.13
1,1546849365252,-6.79,1.87,0.0
1,1546849365253,-6.64,1.83,-0.01
1,1546849365253,-6.5,1.67,-0.05
1,1546849365321,-6.32,1.54,-0.07
1,1546849365322,-5.99,1.42,-0.21
1,1546849365322,-5.8,1.42,-0.31
1,1546849365323,-5.6,1.46,-0.37
1,1546849365324,-5.37,1.3,-0.37
1,1546849365324,-4.94,0.95,-0.31
1,1546849365324,-4.64,0.91,-0.37
1,1546849365325,-4.53,0.7,-0.39
1,1546849365394,-4.43,0.66,-0.35
1,1546849365395,-4.31,0.58,-0.27
1,1546849365396,-4.17,0.52,-0.13
1,1546849365396,-4.1,0.6,-0.07
1,1546849365397,-4.02,0.56,-0.05
1,1546849365397,-3.96,0.64,0.05
1,1546849365397,-3.98,0.72,0.05
1,1546849365470,-4.04,0.58,-0.03
1,1546849365489,-4.12,0.52,-0.07
1,1546849365490,-4.19,0.72,-0.15
1,1546849365490,-4.49,1.07,-0.25
1,1546849365490,-4.8,1.13,-0.27
1,1546849365491,-5.31,1.28,0.01
1,1546849365491,-5.74,1.56,0.23
1,1546849365491,-7.18,2.32,0.42
1,1546849365544,-8.04,2.87,0.44
1,1546849365545,-9.1,2.87,0.29
1,1546849365545,-10.15,3.3,0.21
1,1546849365545,-11.44,3.86,0.23
1,1546849365546,-12.01,3.59,0.29
1,1546849365546,-12.12,3.12,0.0
1,1546849365546,-12.12,3.08,-0.44
1,1546849365621,-11.46,3.88,-0.62
1,1546849365623,-11.11,4.06,-0.66
1,1546849365624,-10.66,3.98,-0.35
1,1546849365625,-10.17,3.9,-0.15
1,1546849365626,-9.06,3.88,-0.48
1,1546849365627,-8.75,3.76,-0.48
1,1546849365628,-8.37,3.26,-0.54
1,1546849365629,-8.12,3.1,-0.54
1,1546849365697,-7.71,3.06,-0.52
1,1546849365698,-7.26,2.28,-0.39
1,1546849365700,-7.08,2.18,-0.29
1,1546849365701,-7.05,1.99,-0.21
1,1546849365702,-7.12,1.91,-0.01
1,1546849365704,-7.14,1.97,-0.09
1,1546849365770,-7.26,1.91,0.0
1,1546849365771,-7.36,2.1,0.05
1,1546849365772,-7.3,2.14,-0.03
1,1546849365773,-6.89,1.97,-0.27
1,1546849365773,-6.6,2.05,-0.35
1,1546849365774,-6.34,2.08,-0.5
1,1546849365774,-6.19,1.89,-0.46
1,1546849365775,-5.99,1.62,-0.33
1,1546849365845,-5.91,1.5,-0.41
1,1546849365849,-5.87,1.42,-0.46
1,1546849365849,-5.87,1.42,-0.46
1,1546849365850,-6.09,1.52,-0.31
1,1546849365850,-6.07,1.48,-0.31
1,1546849365851,-5.97,1.73,-0.31
1,1546849365851,-5.91,1.87,-0.37
1,1546849365853,-5.85,1.83,-0.25
1,1546849365923,-6.01,1.85,-0.11
1,1546849365925,-6.23,1.87,0.0
1,1546849365926,-6.32,1.79,0.05
1,1546849365927,-6.42,1.79,0.03
1,1546849365928,-6.62,1.85,-0.05
1,1546849365929,-6.73,1.87,-0.13
1,1546849365930,-6.95,1.87,-0.19
1,1546849365930,-7.22,1.99,-0.13
1,1546849365995,-7.63,2.01,-0.01
1,1546849366014,-7.79,2.08,0.03
1,1546849366015,-7.91,2.16,0.09
1,1546849366016,-7.98,2.22,0.13
1,1546849366017,-8.24,2.08,0.33
1,1546849366017,-8.28,2.1,0.41
1,1546849366018,-8.32,2.08,0.44
1,1546849366019,-8.37,2.26,0.62
1,1546849366070,-8.43,2.55,0.8
1,1546849366071,-8.59,2.65,0.93
1,1546849366092,-8.73,2.81,1.13
1,1546849366093,-8.88,2.79,1.42
1,1546849366093,-9.0,2.73,1.6
1,1546849366094,-9.25,2.77,1.71
1,1546849366094,-9.39,2.81,1.71
1,1546849366146,-9.53,2.81,1.75
1,1546849366147,-9.7,2.98,1.75
1,1546849366147,-10.07,3.08,1.64
1,1546849366148,-10.29,3.26,1.71
1,1546849366148,-10.41,3.37,1.69
1,1546849366148,-10.54,3.41,1.62
1,1546849366149,-10.74,3.73,1.4
1,1546849366149,-10.82,3.78,1.3
1,1546849366220,-10.97,3.71,1.26
1,1546849366221,-11.09,3.63,1.36
1,1546849366222,-11.3,3.63,1.58
1,1546849366223,-11.44,3.73,1.79
1,1546849366224,-11.4,3.9,1.85
1,1546849366225,-11.3,3.84,1.87
1,1546849366225,-11.34,3.88,1.89
1,1546849366297,-11.54,3.98,1.83
1,1546849366310,-11.77,4.02,1.91
1,1546849366311,-11.99,4.12,2.08
1,1546849366311,-12.2,4.08,2.38
1,1546849366312,-12.34,4.02,2.55
1,1546849366312,-12.46,3.92,2.75
1,1546849366312,-12.48,3.88,2.92
1,1546849366313,-12.55,4.0,2.94
1,1546849366369,-12.87,4.17,3.14
1,1546849366370,-12.98,4.41,3.28
1,1546849366370,-13.0,4.49,3.28
1,1546849366371,-13.16,4.55,3.37
1,1546849366371,-13.65,4.64,3.51
1,1546849366372,-13.94,4.66,3.69
1,1546849366372,-14.1,4.86,3.67
1,1546849366373,-14.23,5.03,3.71
1,1546849366447,-14.23,5.27,3.63
1,1546849366447,-14.19,5.25,3.61
1,1546849366448,-14.21,5.46,3.61
1,1546849366462,-14.17,5.31,3.67
1,1546849366463,-14.17,5.58,3.59
1,1546849366463,-14.12,5.62,3.55
1,1546849366463,-14.1,5.72,3.63
1,1546849366523,-14.08,5.5,3.75
1,1546849366524,-13.78,5.25,3.57
1,1546849366525,-13.73,5.35,3.39
1,1546849366525,-13.65,5.31,3.45
1,1546849366526,-13.55,5.33,3.33
1,1546849366527,-13.51,5.31,3.39
1,1546849366527,-13.28,4.86,3.45
1,1546849366528,-13.12,4.78,3.45
1,1546849366595,-13.02,4.76,3.49
1,1546849366596,-12.91,4.72,3.55
1,1546849366597,-12.51,4.62,3.47
1,1546849366597,-12.32,4.55,3.43
1,1546849366597,-12.18,4.39,3.35
1,1546849366598,-12.01,4.39,3.37
1,1546849366598,-11.79,4.23,3.28
1,1546849366670,-11.69,4.16,3.2
1,1546849366671,-11.52,4.14,3.08
1,1546849366672,-11.44,4.08,3.0
1,1546849366672,-11.13,3.9,2.87
1,1546849366673,-11.01,3.88,2.87
1,1546849366673,-10.87,3.76,2.79
1,1546849366674,-10.7,3.57,2.65
1,1546849366674,-10.54,3.76,2.36
1,1546849366749,-10.44,3.69,2.3
1,1546849366768,-10.39,3.53,2.28
1,1546849366769,-10.29,3.47,2.3
1,1546849366769,-10.17,3.43,2.2
1,1546849366770,-9.84,3.22,2.07
1,1546849366770,-9.62,3.08,1.97
1,1546849366771,-9.41,2.98,1.87
1,1546849366820,-9.19,3.0,1.85
1,1546849366848,-8.76,2.75,1.71
1,1546849366849,-8.61,2.81,1.64
1,1546849366850,-8.43,2.77,1.52
1,1546849366851,-8.26,2.65,1.38
1,1546849366851,-8.0,2.38,1.21
1,1546849366852,-7.87,2.26,1.11
1,1546849366852,-7.69,2.24,1.05
1,1546849366893,-7.61,2.05,1.09
1,1546849366926,-7.4,1.89,0.99
1,1546849366927,-7.28,1.89,0.97
1,1546849366927,-7.07,1.89,0.85
1,1546849366927,-6.91,1.87,0.82
1,1546849366928,-6.54,1.79,0.58
1,1546849366928,-6.36,1.66,0.52
1,1546849366971,-6.17,1.62,0.44
1,1546849366972,-5.99,1.38,0.37
1,1546849366972,-5.5,1.11,0.25
1,1546849367000,-5.29,0.93,0.19
1,1546849367001,-5.01,0.78,0.13
1,1546849367001,-4.86,0.74,0.11
1,1546849367002,-4.64,0.7,0.05
1,1546849367002,-4.17,0.46,-0.13
1,1546849367049,-3.92,0.33,-0.27
1,1546849367051,-3.8,0.31,-0.31
1,1546849367052,-3.67,0.35,-0.37
1,1546849367053,-3.69,0.13,-0.52
1,1546849367053,-3.78,0.25,-0.41
1,1546849367054,-3.76,0.39,-0.44
1,1546849367055,-3.88,0.33,-0.25
1,1546849367120,-4.1,0.56,-0.07
1,1546849367122,-4.25,0.82,-0.21
1,1546849367124,-4.49,0.97,-0.42
1,1546849367125,-4.9,1.17,-0.37
1,1546849367126,-5.89,1.87,-0.05
1,1546849367127,-6.4,1.89,-0.09
1,1546849367128,-7.18,2.14,0.01
1,1546849367130,-8.06,2.57,0.13
1,1546849367194,-8.98,2.81,0.23
1,1546849367195,-10.46,3.63,-0.07
1,1546849367196,-11.01,3.65,-0.29
1,1546849367197,-11.48,3.43,-0.39
1,1546849367197,-11.81,3.61,-0.6
1,1546849367198,-11.89,3.35,-0.89
1,1546849367198,-11.56,3.51,-1.17
1,1546849367357,-11.3,3.49,-1.19
1,1546849367359,-10.56,3.1,-0.74
1,1546849367360,-9.41,2.83,-1.03
1,1546849367361,-9.14,3.1,-0.64
1,1546849367362,-8.82,3.02,-0.82
1,1546849367466,-8.53,2.61,-0.76
1,1546849367467,-8.22,2.75,-0.68
1,1546849367467,-8.18,2.34,-0.62
1,1546849367468,-8.12,2.2,-0.6
1,1546849367468,-8.16,2.34,-0.46
1,1546849367519,-7.81,1.91,-0.37
1,1546849367520,-7.53,2.01,-0.56
1,1546849367521,-7.34,1.93,-0.62
1,1546849367521,-6.97,1.71,-0.66
1,1546849367522,-6.75,1.87,-0.62
1,1546849367523,-7.07,1.83,-0.6
1,1546849367523,-7.14,1.85,-0.64
1,1546849367524,-7.14,1.87,-0.64
1,1546849367594,-6.71,1.87,-0.83
1,1546849367595,-6.11,1.67,-0.62
1,1546849367596,-5.89,1.36,-0.33
1,1546849367596,-5.97,1.54,-0.21
1,1546849367597,-6.13,1.71,-0.09
1,1546849367597,-6.28,1.79,-0.19
1,1546849367598,-6.6,1.93,-0.23
1,1546849367598,-6.54,2.03,-0.41
1,1546849367642,-6.5,1.97,-0.41
1,1546849367644,-6.36,1.91,-0.41
1,1546849367672,-6.3,1.85,-0.41
1,1546849367673,-6.19,1.66,-0.62
1,1546849367673,-6.38,1.62,-0.52
1,1546849367674,-6.73,1.77,-0.37
1,1546849367674,-7.12,1.71,-0.29
1,1546849367675,-7.85,1.89,-0.31
1,1546849367717,-8.16,2.05,-0.33
1,1546849367739,-8.24,2.2,-0.35
1,1546849367740,-8.28,2.16,-0.19
1,1546849367740,-8.37,2.28,0.13
1,1546849367741,-8.37,2.14,0.15
1,1546849367741,-8.45,2.22,0.07
1,1546849367742,-8.55,2.36,0.07
1,1546849367742,-8.98,2.32,0.19
1,1546849367793,-9.14,2.32,0.39
1,1546849367793,-9.29,2.36,0.46
1,1546849367794,-9.39,2.48,0.46
1,1546849367794,-9.47,2.59,0.5
1,1546849367795,-9.66,3.02,0.7
1,1546849367795,-9.8,3.18,0.7
1,1546849367796,-9.84,3.26,0.7
1,1546849367796,-9.9,3.35,0.74
1,1546849367870,-10.09,3.55,0.99
1,1546849367870,-10.29,3.3,1.09
1,1546849367871,-10.44,3.41,1.32
1,1546849367872,-10.48,3.65,1.34
1,1546849367872,-10.66,3.88,1.54
1,1546849367872,-10.76,3.94,1.6
1,1546849367873,-10.82,3.82,1.75
1,1546849367873,-10.89,3.82,1.87
1,1546849367949,-11.07,3.84,1.89
1,1546849367951,-11.07,4.08,1.93
1,1546849368027,-11.07,4.23,2.07
1,1546849368027,-10.95,4.27,2.07
1,1546849368028,-11.11,4.12,2.12
1,1546849368028,-11.3,4.12,2.26
1,1546849368028,-11.48,4.02,2.34
1,1546849368029,-11.62,4.04,2.22
1,1546849368029,-12.01,4.39,2.38
1,1546849368029,-12.08,4.35,2.36
1,1546849368094,-12.22,4.35,2.44
1,1546849368095,-12.28,4.29,2.53
1,1546849368169,-13.2,4.74,2.77
1,1546849368249,-13.45,4.8,2.79
1,1546849368251,-13.61,4.88,2.91
1,1546849368251,-13.82,4.84,2.96
1,1546849368252,-14.0,4.78,3.16
1,1546849368253,-14.08,4.78,3.12
1,1546849368254,-14.27,4.88,3.14
1,1546849368255,-14.57,5.15,3.08
1,1546849368256,-14.66,5.31,3.02
1,1546849368340,-14.27,5.15,3.2
1,1546849368341,-12.73,4.72,2.92
1,1546849368342,-12.36,4.45,2.87
1,1546849368344,-12.22,4.57,2.83
1,1546849368345,-12.07,4.62,2.81
1,1546849368397,-11.93,4.53,2.85
1,1546849368397,-11.66,4.45,2.83
1,1546849368398,-11.54,4.37,2.79
1,1546849368399,-11.4,4.31,2.81
1,1546849368399,-11.28,4.19,2.77
1,1546849368400,-11.13,4.17,2.67
1,1546849368400,-11.13,4.02,2.73
1,1546849368401,-11.03,3.98,2.77
1,1546849368470,-10.83,3.86,2.61
1,1546849368472,-10.56,3.59,2.44
1,1546849368474,-10.46,3.67,2.34
1,1546849368474,-10.42,3.76,2.28
1,1546849368475,-10.37,3.69,2.24
1,1546849368475,-10.13,3.35,2.14
1,1546849368476,-9.94,3.2,2.03
1,1546849368476,-9.74,3.08,1.95
1,1546849368548,-9.55,2.94,1.97
1,1546849368563,-8.88,2.77,1.52
1,1546849368564,-8.76,2.69,1.5
1,1546849368565,-8.55,2.61,1.34
1,1546849368566,-8.3,2.48,1.15
1,1546849368567,-8.18,2.5,1.09
1,1546849368568,-8.08,2.55,0.99
1,1546849368568,-8.02,2.5,0.97
1,1546849368621,-7.79,2.32,0.78
1,1546849368645,-7.73,2.16,0.7
1,1546849368647,-7.65,1.99,0.56
1,1546849368647,-7.55,1.89,0.56
1,1546849368648,-6.95,1.83,0.46
1,1546849368649,-6.69,1.75,0.37
1,1546849368649,-6.52,1.64,0.33
1,1546849368650,-6.3,1.58,0.25
1,1546849368697,-5.87,1.34,0.21
1,1546849368698,-5.64,1.28,0.13
1,1546849368698,-5.44,1.3,0.07
1,1546849368699,-5.29,1.19,0.01
1,1546849368700,-5.19,1.05,-0.13
1,1546849368700,-4.92,0.97,-0.21
1,1546849368701,-4.78,0.85,-0.21
1,1546849368702,-4.55,0.76,-0.25
1,1546849368775,-4.31,0.66,-0.31
1,1546849368777,-3.96,0.48,-0.37
1,1546849368778,-3.86,0.39,-0.46
1,1546849368780,-3.86,0.37,-0.35
1,1546849368781,-3.92,0.42,-0.5
1,1546849368782,-3.92,0.41,-0.62
1,1546849368783,-4.04,0.62,-0.64
1,1546849368850,-4.17,0.76,-0.66
1,1546849368851,-4.45,0.83,-0.64
1,1546849368852,-4.98,1.15,-0.58
1,1546849368853,-5.29,1.3,-0.62
1,1546849368853,-5.8,1.73,-0.5
1,1546849368854,-6.34,1.85,-0.46
1,1546849368855,-7.53,2.32,-0.64
1,1546849368856,-8.43,2.63,-0.64
1,1546849368924,-9.12,3.22,-0.68
1,1546849368926,-9.8,2.94,-0.87
1,1546849368928,-10.48,3.16,-0.7
1,1546849368928,-11.28,3.41,-1.3
1,1546849368947,-11.46,3.33,-1.62
1,1546849368947,-11.38,3.53,-1.95
1,1546849368948,-11.17,3.53,-2.26
1,1546849368995,-10.44,3.53,-2.12
1,1546849368997,-10.39,3.08,-1.6
1,1546849368998,-9.94,2.96,-1.5
1,1546849369001,-9.27,2.81,-1.95
1,1546849369002,-8.76,3.14,-1.75
1,1546849369003,-8.49,2.71,-1.87
1,1546849369004,-8.2,2.73,-2.07
1,1546849369005,-8.14,3.12,-1.79
1,1546849369074,-7.96,2.14,-1.21
1,1546849369077,-7.85,2.18,-1.3
1,1546849369078,-7.81,2.28,-1.21
1,1546849369080,-7.87,2.2,-0.93
1,1546849369081,-7.91,2.16,-0.74
1,1546849369146,-7.94,2.03,-0.72
1,1546849369165,-7.89,2.07,-0.8
1,1546849369166,-7.87,2.12,-0.82
1,1546849369167,-7.94,2.32,-0.87
1,1546849369167,-7.75,2.12,-1.26
1,1546849369167,-7.55,2.18,-1.3
1,1546849369168,-7.34,2.03,-1.38
1,1546849369168,-7.03,1.85,-1.32
1,1546849369220,-6.48,1.85,-1.07
1,1546849369221,-5.87,1.77,-1.11
1,1546849369221,-5.68,1.83,-1.07
1,1546849369222,-5.54,1.77,-0.91
1,1546849369222,-5.6,1.81,-0.91
1,1546849369300,-5.7,1.85,-0.72
1,1546849369302,-5.83,1.85,-0.7
1,1546849369322,-6.07,1.85,-0.66
1,1546849369324,-6.23,1.87,-0.62
1,1546849369325,-6.38,1.89,-0.6
1,1546849369374,-6.44,1.89,-0.58
1,1546849369375,-6.54,1.87,-0.5
1,1546849369375,-6.58,1.83,-0.56
1,1546849369375,-6.58,1.77,-0.62
1,1546849369403,-6.73,1.67,-0.62
1,1546849369405,-7.79,1.89,-0.62
1,1546849369405,-7.98,1.99,-0.62
1,1546849369406,-8.16,2.12,-0.62
1,1546849369449,-8.3,2.2,-0.62
1,1546849369452,-8.76,1.87,-0.31
1,1546849369454,-9.0,2.07,-0.17
1,1546849369455,-9.12,2.22,-0.09
1,1546849369456,-9.19,2.36,0.03
1,1546849369457,-9.25,2.4,0.01
1,1546849369457,-9.29,2.44,-0.01
1,1546849369458,-9.35,2.57,0.17
1,1546849369521,-9.27,2.59,0.33
1,1546849369522,-9.29,2.59,0.46
1,1546849369523,-9.29,2.55,0.5
1,1546849369524,-9.37,2.55,0.6
1,1546849369524,-9.45,2.67,0.54
1,1546849369524,-9.41,2.65,0.27
1,1546849369525,-9.57,2.61,0.44
1,1546849369525,-9.84,3.18,0.39
1,1546849369600,-9.96,3.04,0.44
1,1546849369602,-10.03,3.16,0.5
1,1546849369602,-10.05,3.26,0.48
1,1546849369603,-10.46,3.49,0.8
1,1546849369604,-10.54,3.51,0.7
1,1546849369619,-10.52,3.2,0.6
1,1546849369620,-10.56,3.16,0.58
1,1546849369620,-10.76,3.26,0.6
1,1546849369671,-10.76,3.24,0.6
1,1546849369672,-10.78,3.16,0.64
1,1546849369672,-10.8,3.28,0.68
1,1546849369673,-11.01,3.39,1.15
1,1546849369673,-11.15,3.53,1.46
1,1546849369673,-11.23,3.55,1.5
1,1546849369674,-11.32,3.43,1.52
1,1546849369674,-11.71,3.71,1.79
1,1546849369751,-11.89,3.84,1.81
1,1546849369752,-12.08,3.92,1.91
1,1546849369754,-12.16,4.02,1.95
1,1546849369755,-12.12,4.17,2.03
1,1546849369756,-12.12,4.16,2.18
1,1546849369897,-12.24,4.17,2.32
1,1546849369898,-12.26,3.96,2.46
1,1546849369923,-12.61,4.17,2.83
1,1546849369924,-12.81,4.12,3.1
1,1546849369924,-12.77,4.29,3.0
1,1546849369925,-12.87,4.7,3.0
1,1546849369925,-12.91,4.76,2.89
1,1546849369926,-13.12,5.03,2.87
1,1546849369970,-13.32,5.07,2.87
1,1546849369988,-13.67,4.76,2.96
1,1546849369989,-13.51,4.6,3.02
1,1546849369990,-13.39,4.43,3.02
1,1546849369990,-13.18,4.39,2.96
1,1546849369991,-13.1,4.47,3.06
1,1546849369991,-13.04,4.51,3.08
1,1546849369992,-12.85,4.43,3.0
1,1546849370043,-12.65,4.41,2.89
1,1546849370044,-12.57,4.29,2.96
1,1546849370045,-12.48,4.29,2.98
1,1546849370045,-12.28,4.43,2.94
1,1546849370046,-12.05,4.49,2.85
1,1546849370046,-11.99,4.33,2.79
1,1546849370047,-11.87,4.23,2.67
1,1546849370047,-11.79,4.33,2.59
1,1546849370121,-11.56,4.27,2.61
1,1546849370121,-11.32,4.16,2.42
1,1546849370122,-11.25,4.1,2.4
1,1546849370140,-11.13,4.04,2.44
1,1546849370140,-10.85,4.06,2.48
1,1546849370141,-10.68,3.98,2.34
1,1546849370141,-10.52,3.9,2.22
1,1546849370142,-10.41,3.84,2.14
1,1546849370198,-10.37,3.78,2.14
1,1546849370199,-10.27,3.71,2.03
1,1546849370199,-10.27,3.59,2.07
1,1546849370200,-10.21,3.49,2.03
1,1546849370200,-10.11,3.37,1.97
1,1546849370201,-9.84,3.41,1.91
1,1546849370202,-9.7,3.35,1.77
1,1546849370202,-9.57,3.2,1.67
1,1546849370269,-9.45,3.06,1.58
1,1546849370270,-9.19,2.92,1.56
1,1546849370271,-9.04,2.81,1.52
1,1546849370272,-8.92,2.83,1.4
1,1546849370273,-8.76,2.79,1.38
1,1546849370273,-8.45,2.63,1.19
1,1546849370274,-8.32,2.5,1.13
1,1546849370350,-8.14,2.5,0.91
1,1546849370352,-7.96,2.44,0.82
1,1546849370381,-7.73,2.18,0.56
1,1546849370382,-7.61,2.08,0.52
1,1546849370383,-7.57,2.01,0.44
1,1546849370384,-7.48,1.95,0.29
1,1546849370384,-7.42,1.91,0.21
1,1546849370385,-7.28,1.87,0.17
1,1546849370428,-7.14,1.85,0.09
1,1546849370428,-6.99,1.83,0.01
1,1546849370429,-6.83,1.73,-0.03
1,1546849370429,-6.4,1.48,-0.13
1,1546849370430,-6.23,1.36,-0.19
1,1546849370430,-6.07,1.3,-0.27
1,1546849370430,-5.89,1.34,-0.29
1,1546849370493,-5.66,1.21,-0.17
1,1546849370495,-5.42,1.05,-0.37
1,1546849370495,-5.17,0.87,-0.5
1,1546849370496,-4.94,0.74,-0.54
1,1546849370497,-4.53,0.64,-0.5
1,1546849370497,-4.31,0.42,-0.54
1,1546849370498,-4.16,0.46,-0.48
1,1546849370498,-4.21,0.6,-0.56
1,1546849370573,-4.04,0.42,-0.62
1,1546849370574,-4.23,0.74,-0.6
1,1546849370574,-4.23,0.89,-0.6
1,1546849370575,-4.31,0.82,-0.6
1,1546849370576,-4.53,0.74,-0.6
1,1546849370577,-5.01,1.25,-0.6
1,1546849370577,-5.39,1.56,-0.58
1,1546849370646,-5.78,1.71,-0.58
1,1546849370648,-6.42,1.83,-0.52
1,1546849370649,-7.71,2.42,-0.6
1,1546849370650,-8.37,2.63,-0.66
1,1546849370651,-9.08,2.71,-0.72
1,1546849370652,-9.66,2.71,-0.87
1,1546849370653,-11.03,3.59,-0.66
1,1546849370654,-11.11,3.14,-1.01
1,1546849370739,-11.21,2.96,-1.3
1,1546849370740,-11.21,3.3,-1.46
1,1546849370741,-11.01,3.73,-1.62
1,1546849370741,-10.78,3.8,-1.6
1,1546849370742,-10.15,3.16,-1.44
1,1546849370742,-9.7,3.02,-1.54
1,1546849370743,-9.31,3.1,-1.19
1,1546849370794,-9.04,2.98,-1.23
1,1546849370812,-8.9,2.87,-0.93
1,1546849370813,-8.78,2.89,-0.68
1,1546849370813,-8.59,2.67,-0.74
1,1546849370814,-8.24,2.24,-0.76
1,1546849370815,-8.18,2.22,-0.66
1,1546849370815,-8.1,2.14,-0.62
1,1546849370815,-7.96,1.97,-0.62
1,1546849370868,-7.89,2.07,-0.6
1,1546849370869,-7.69,1.91,-0.62
1,1546849370869,-7.44,1.85,-0.74
1,1546849370870,-7.3,1.85,-0.87
1,1546849370897,-6.85,1.85,-0.74
1,1546849370898,-6.56,1.85,-0.64
1,1546849370898,-6.28,1.83,-0.66
1,1546849370899,-6.21,1.73,-0.64
1,1546849370948,-6.11,1.67,-0.66
1,1546849370950,-6.17,1.73,-0.64
1,1546849370950,-6.15,1.79,-0.62
1,1546849370951,-6.13,1.73,-0.62
1,1546849370952,-6.09,1.62,-0.6
1,1546849370953,-5.99,1.58,-0.6
1,1546849370954,-5.95,1.58,-0.58
1,1546849371020,-5.91,1.64,-0.52
1,1546849371021,-5.99,1.75,-0.5
1,1546849371022,-6.03,1.69,-0.5
1,1546849371022,-6.03,1.81,-0.44
1,1546849371023,-6.07,1.85,-0.41
1,1546849371050,-6.05,1.87,-0.37
1,1546849371050,-6.17,1.89,-0.21
1,1546849371051,-6.32,1.87,-0.13
1,1546849371094,-6.42,1.85,-0.01
1,1546849371096,-6.54,1.83,-0.07
1,1546849371097,-6.93,1.85,-0.03
1,1546849371098,-7.26,1.85,0.11
1,1546849371099,-7.48,1.89,0.21
1,1546849371099,-7.63,1.91,0.31
1,1546849371100,-7.98,2.12,0.6
1,1546849371170,-7.98,2.18,0.64
1,1546849371172,-7.92,2.24,0.62
1,1546849371173,-7.94,2.32,0.66
1,1546849371174,-8.0,2.26,0.76
1,1546849371174,-8.12,2.38,0.8
1,1546849371175,-8.32,2.48,0.89
1,1546849371175,-8.49,2.5,0.99
1,1546849371175,-8.71,2.63,1.05
1,1546849371250,-9.06,2.89,1.3
1,1546849371252,-9.17,3.02,1.36
1,1546849371253,-9.25,3.2,1.34
1,1546849371255,-9.41,3.32,1.56
1,1546849371256,-9.47,3.12,1.73
1,1546849371258,-9.37,3.04,1.77
1,1546849371258,-9.43,3.0,1.75
1,1546849371259,-9.57,2.96,1.66
1,1546849371325,-9.72,3.14,1.6
1,1546849371326,-9.88,3.35,1.67
1,1546849371327,-10.01,3.55,1.85
1,1546849371355,-10.11,3.65,1.95
1,1546849371356,-10.37,3.41,2.05
1,1546849371356,-10.48,3.39,2.1
1,1546849371357,-10.62,3.49,2.14
1,1546849371404,-10.76,3.49,2.2
1,1546849371404,-10.8,3.51,2.24
1,1546849371405,-11.01,3.67,2.42
1,1546849371405,-11.09,3.69,2.53
1,1546849371405,-11.07,3.8,2.55
1,1546849371406,-11.09,3.88,2.55
1,1546849371406,-11.46,3.98,2.63
1,1546849371406,-11.91,4.12,2.79
1,1546849371470,-12.07,4.29,2.94
1,1546849371471,-12.22,4.29,3.02
1,1546849371472,-12.59,4.41,3.32
1,1546849371472,-12.89,4.43,3.35
1,1546849371473,-13.1,4.6,3.47
1,1546849371473,-13.33,4.86,3.65
1,1546849371474,-13.33,4.76,3.69
1,1546849371545,-13.33,5.11,3.65
1,1546849371547,-13.43,5.05,3.71
1,1546849371547,-13.57,4.9,3.75
1,1546849371548,-13.76,5.15,3.71
1,1546849371548,-13.94,5.19,3.75
1,1546849371549,-14.1,5.35,3.76
1,1546849371550,-14.27,5.48,3.8
1,1546849371550,-14.33,5.64,3.73
1,1546849371630,-14.35,5.64,3.57
1,1546849371631,-14.37,5.58,3.47
1,1546849371631,-14.37,5.5,3.28
1,1546849371632,-14.37,5.29,3.12
1,1546849371632,-14.14,5.27,3.02
1,1546849371633,-13.96,5.17,2.94
1,1546849371633,-13.75,5.13,2.94
1,1546849371694,-13.59,5.17,2.98
1,1546849371696,-13.35,5.09,2.98
1,1546849371697,-13.28,4.8,3.02
1,1546849371698,-13.12,4.72,2.96
1,1546849371699,-12.92,4.74,2.94
1,1546849371700,-12.48,4.66,2.89
1,1546849371701,-12.36,4.51,2.92
1,1546849371702,-12.28,4.39,3.0
1,1546849371772,-12.22,4.37,3.02
1,1546849371773,-12.03,4.17,3.02
1,1546849371773,-11.89,4.16,2.98
1,1546849371774,-11.69,4.14,2.91
1,1546849371774,-11.5,4.06,2.85
1,1546849371774,-11.15,4.0,2.65
1,1546849371775,-10.97,3.86,2.63
1,1546849371844,-10.82,3.8,2.61
1,1546849371846,-10.66,3.78,2.53
1,1546849371847,-10.48,3.69,2.42
1,1546849371848,-10.21,3.51,2.26
1,1546849371848,-10.09,3.53,2.26
1,1546849371849,-10.07,3.51,2.2
1,1546849371849,-10.01,3.39,2.2
1,1546849371850,-9.92,3.49,2.05
1,1546849371919,-9.88,3.45,2.05
1,1546849371967,-9.9,3.35,1.95
1,1546849371968,-9.84,3.39,1.89
1,1546849371968,-9.66,3.37,1.83
1,1546849371970,-9.58,3.3,1.83
1,1546849371971,-9.43,3.32,1.73
1,1546849371971,-9.25,3.2,1.66
1,1546849371972,-8.98,2.94,1.5
1,1546849371996,-8.86,2.87,1.4
1,1546849371997,-8.76,2.87,1.3
1,1546849371998,-8.71,2.89,1.19
1,1546849371998,-8.57,2.94,1.11
1,1546849371999,-8.51,2.91,1.03
1,1546849372000,-8.43,2.81,0.97
1,1546849372000,-8.39,2.73,0.93
1,1546849372072,-8.35,2.67,0.8
1,1546849372073,-8.32,2.46,0.68
1,1546849372074,-8.22,2.38,0.6
1,1546849372075,-8.14,2.32,0.58
1,1546849372075,-8.12,2.32,0.58
1,1546849372076,-7.87,2.22,0.48
1,1546849372077,-7.77,2.22,0.41
1,1546849372078,-7.63,2.2,0.35
1,1546849372143,-7.57,2.05,0.31
1,1546849372145,-7.12,1.85,0.03
1,1546849372145,-6.99,1.85,0.01
1,1546849372146,-6.91,1.71,0.05
1,1546849372146,-6.81,1.6,0.03
1,1546849372147,-6.71,1.5,-0.11
1,1546849372147,-6.64,1.54,-0.15
1,1546849372246,-6.46,1.5,-0.25
1,1546849372247,-6.26,1.44,-0.37
1,1546849372248,-5.52,1.44,-0.62
1,1546849372248,-5.15,1.38,-0.62
1,1546849372249,-4.8,1.21,-0.62
1,1546849372250,-4.47,1.07,-0.6
1,1546849372250,-4.19,0.87,-0.62
1,1546849372251,-3.96,0.68,-0.56
1,1546849372295,-3.98,0.6,-0.48
1,1546849372309,-4.08,0.58,-0.44
1,1546849372310,-4.08,0.52,-0.41
1,1546849372310,-4.14,0.44,-0.52
1,1546849372311,-4.25,0.64,-0.5
1,1546849372311,-4.43,0.95,-0.52
1,1546849372312,-4.64,1.15,-0.6
1,1546849372368,-5.19,1.67,-0.64
1,1546849372370,-5.78,1.93,-0.64
1,1546849372370,-6.4,2.1,-0.6
1,1546849372371,-7.16,2.44,-0.37
1,1546849372372,-9.06,3.2,-0.48
1,1546849372395,-10.07,3.18,-0.6
1,1546849372396,-10.91,3.06,-0.58
1,1546849372396,-11.52,3.28,-0.62
1,1546849372444,-12.32,3.33,-0.95
1,1546849372445,-12.26,3.06,-1.17
1,1546849372446,-12.07,3.43,-1.5
1,1546849372447,-11.64,3.63,-1.97
1,1546849372448,-11.17,3.8,-1.97
1,1546849372449,-10.5,3.73,-1.64
1,1546849372450,-10.09,3.3,-1.89
1,1546849372568,-9.78,3.3,-1.75
1,1546849372568,-9.76,3.06,-1.73
1,1546849372569,-9.53,2.79,-1.79
1,1546849372569,-9.53,2.63,-1.48
1,1546849372570,-9.37,3.18,-1.42
1,1546849372570,-9.27,2.73,-1.25
1,1546849372570,-8.98,2.57,-0.7
1,1546849372571,-8.88,2.5,-0.64
1,1546849372608,-8.78,2.51,-0.62
1,1546849372609,-8.67,2.38,-0.64
1,1546849372609,-8.45,2.16,-0.66
1,1546849372610,-8.41,2.24,-0.66
1,1546849372610,-8.24,2.16,-0.76
1,1546849372610,-8.2,2.26,-0.87
1,1546849372611,-8.16,2.34,-0.7
1,1546849372673,-8.12,2.03,-0.72
1,1546849372674,-8.08,2.03,-0.74
1,1546849372675,-7.98,1.97,-0.7
1,1546849372676,-7.85,1.87,-0.72
1,1546849372677,-7.53,1.81,-0.89
1,1546849372677,-7.53,1.79,-0.76
1,1546849372692,-7.5,1.75,-0.78
1,1546849372694,-7.38,1.69,-0.76
1,1546849372745,-6.85,1.56,-0.85
1,1546849372820,-6.54,1.6,-0.95
1,1546849372896,-6.23,1.69,-0.93
1,1546849372898,-6.01,1.67,-0.85
1,1546849372899,-5.83,1.07,-0.64
1,1546849372900,-5.76,1.05,-0.66
1,1546849372902,-5.54,1.46,-0.66
1,1546849372903,-5.6,1.62,-0.62
1,1546849372904,-5.7,1.38,-0.6
1,1546849372904,-5.89,1.5,-0.56
1,1546849372972,-6.87,1.93,0.29
1,1546849372973,-7.3,2.24,-0.01
1,1546849372974,-7.42,2.38,0.11
1,1546849372974,-7.61,2.26,0.13
1,1546849372975,-8.08,2.34,0.35
1,1546849372975,-8.37,2.48,0.56
1,1546849372976,-8.43,2.4,0.68
1,1546849372977,-8.51,2.3,0.62
1,1546849373048,-8.59,2.5,0.74
1,1546849373050,-8.61,2.5,0.62
1,1546849373052,-8.65,2.5,0.74
1,1546849373053,-8.8,2.42,0.93
1,1546849373054,-9.0,2.57,1.07
1,1546849373055,-9.31,2.92,1.42
1,1546849373057,-9.45,3.08,1.56
1,1546849373058,-9.51,3.18,1.6
1,1546849373122,-9.58,3.28,1.5
1,1546849373123,-9.64,3.49,1.48
1,1546849373124,-9.62,3.63,1.48
1,1546849373125,-9.72,3.8,1.42
1,1546849373127,-9.9,3.63,1.42
1,1546849373128,-10.33,3.53,1.5
1,1546849373129,-10.5,3.65,1.67
1,1546849373130,-10.66,3.78,1.83
1,1546849373196,-10.83,3.98,1.87
1,1546849373198,-11.05,4.14,1.91
1,1546849373199,-11.01,4.16,1.83
1,1546849373200,-10.95,4.04,1.93
1,1546849373201,-11.01,4.14,1.99
1,1546849373202,-11.19,4.47,2.18
1,1546849373203,-11.4,4.6,2.28
1,1546849373204,-11.66,4.64,2.48
1,1546849373272,-11.95,4.86,2.65
1,1546849373273,-12.22,5.01,2.67
1,1546849373298,-12.61,5.17,2.77
1,1546849373299,-12.71,5.19,2.81
1,1546849373300,-12.87,5.33,3.24
1,1546849373301,-12.98,5.39,3.47
1,1546849373301,-13.47,5.46,3.84
1,1546849373345,-13.98,5.66,3.88
1,1546849373347,-14.41,5.78,3.84
1,1546849373349,-14.84,5.93,3.84
1,1546849373350,-15.83,6.32,3.98
1,1546849373351,-16.01,6.34,3.84
1,1546849373352,-16.09,6.17,3.69
1,1546849373352,-15.99,5.93,3.67
1,1546849373354,-15.64,5.44,3.76
1,1546849373421,-15.27,5.21,3.51
1,1546849373423,-14.98,5.13,3.41
1,1546849373424,-14.66,5.01,3.33
1,1546849373425,-14.08,5.33,2.91
1,1546849373426,-13.8,5.31,2.73
1,1546849373427,-13.63,5.17,2.51
1,1546849373428,-13.57,5.15,2.44
1,1546849373429,-13.41,5.05,2.24
1,1546849373495,-13.32,4.82,1.99
1,1546849373497,-13.22,4.76,1.95
1,1546849373498,-13.14,4.66,1.95
1,1546849373499,-13.1,4.62,1.97
1,1546849373499,-12.65,4.68,1.83
1,1546849373500,-12.28,4.72,1.77
1,1546849373500,-11.85,4.64,1.77
1,1546849373574,-11.71,4.49,1.73
1,1546849373576,-11.48,4.27,1.66
1,1546849373604,-11.4,4.35,1.66
1,1546849373605,-11.28,4.35,1.52
1,1546849373606,-11.17,4.19,1.5
1,1546849373607,-11.01,4.04,1.46
1,1546849373608,-10.89,3.78,1.36
1,1546849373608,-10.76,3.69,1.23
1,1546849373648,-10.62,3.76,1.05
1,1546849373669,-10.52,3.59,1.05
1,1546849373670,-10.46,3.57,1.03
1,1546849373670,-10.39,3.49,0.97
1,1546849373671,-10.25,3.28,0.89
1,1546849373671,-9.88,3.02,0.74
1,1546849373671,-9.7,2.87,0.78
1,1546849373727,-9.45,2.77,0.66
1,1546849373728,-9.29,2.71,0.48
1,1546849373728,-9.1,2.63,0.31
1,1546849373729,-8.86,2.63,0.31
1,1546849373730,-8.69,2.46,0.21
1,1546849373730,-8.51,2.36,0.07
1,1546849373731,-8.43,2.36,-0.07
1,1546849373732,-8.24,2.2,-0.25
1,1546849373795,-8.12,2.22,-0.27
1,1546849373796,-7.96,2.3,-0.35
1,1546849373796,-7.83,2.2,-0.46
1,1546849373797,-7.57,1.99,-0.6
1,1546849373821,-7.46,1.95,-0.62
1,1546849373822,-7.36,1.97,-0.62
1,1546849373823,-7.26,1.95,-0.62
1,1546849373876,-6.97,1.91,-0.62
1,1546849373877,-6.77,1.85,-0.62
1,1546849373878,-6.64,1.85,-0.64
1,1546849373878,-6.48,1.77,-0.68
1,1546849373879,-6.36,1.73,-0.7
1,1546849373879,-6.03,1.69,-0.7
1,1546849373901,-5.91,1.54,-0.68
1,1546849373902,-5.8,1.58,-0.64
1,1546849373946,-5.64,1.5,-0.66
1,1546849373946,-5.37,1.42,-0.68
1,1546849373947,-5.27,1.38,-0.64
1,1546849373948,-5.11,1.25,-0.64
1,1546849373948,-5.0,1.13,-0.64
1,1546849373949,-4.7,1.09,-0.64
1,1546849373969,-4.57,0.99,-0.64
1,1546849374034,-4.43,0.91,-0.64
1,1546849374035,-4.31,0.83,-0.68
1,1546849374036,-4.37,1.03,-0.64
1,1546849374037,-4.33,1.03,-0.64
1,1546849374037,-4.47,1.13,-0.64
1,1546849374038,-4.62,1.3,-0.64
1,1546849374038,-5.07,1.34,-0.62
1,1546849374039,-5.46,1.5,-0.64
1,1546849374096,-5.82,1.87,-0.62
1,1546849374097,-6.26,1.99,-0.66
1,1546849374097,-7.32,2.2,-0.68
1,1546849374098,-8.0,2.55,-0.64
1,1546849374099,-8.59,2.77,-0.74
1,1546849374099,-9.29,2.67,-0.83
1,1546849374100,-9.84,2.83,-0.91
1,1546849374101,-10.83,3.43,-1.09
1,1546849374172,-11.07,3.28,-1.44
1,1546849374173,-11.01,3.51,-2.08
1,1546849374174,-11.05,3.84,-2.32
1,1546849374174,-10.82,3.82,-2.57
1,1546849374174,-10.39,3.76,-2.36
1,1546849374175,-10.42,3.49,-2.18
1,1546849374175,-10.13,3.43,-2.05
1,1546849374248,-9.92,3.3,-2.1
1,1546849374249,-9.76,3.75,-2.01
1,1546849374250,-9.7,3.47,-1.64
1,1546849374250,-9.47,3.43,-1.79
1,1546849374251,-9.27,3.24,-1.26
1,1546849374251,-9.04,3.12,-1.15
1,1546849374252,-8.9,2.92,-1.03
1,1546849374253,-8.76,2.79,-0.76
1,1546849374321,-8.28,2.28,-0.85
1,1546849374322,-8.06,2.24,-0.91
1,1546849374323,-7.92,2.46,-0.95
1,1546849374324,-7.83,2.38,-0.87
1,1546849374324,-7.73,2.24,-0.82
1,1546849374325,-7.53,2.22,-1.09
1,1546849374325,-7.51,2.2,-0.99
1,1546849374394,-7.55,2.07,-0.95
1,1546849374403,-7.53,2.05,-0.93
1,1546849374404,-7.46,1.85,-1.01
1,1546849374404,-7.38,1.87,-1.05
1,1546849374405,-7.24,1.79,-0.87
1,1546849374405,-7.14,1.71,-0.83
1,1546849374405,-6.69,1.3,-1.01
1,1546849374406,-6.4,1.25,-1.09
1,1546849374470,-6.17,1.34,-1.23
1,1546849374471,-5.95,1.44,-1.3
1,1546849374472,-5.8,1.54,-1.09
1,1546849374473,-5.74,1.69,-0.99
1,1546849374473,-5.76,1.77,-1.05
1,1546849374474,-5.85,1.66,-0.91
1,1546849374475,-6.05,1.71,-0.76
1,1546849374550,-6.15,1.83,-0.66
1,1546849374551,-6.19,1.81,-0.62
1,1546849374552,-6.11,1.75,-0.64
1,1546849374552,-6.05,1.69,-0.64
1,1546849374553,-6.17,1.52,-0.6
1,1546849374554,-6.26,1.64,-0.56
1,1546849374554,-6.32,1.73,-0.54
1,1546849374555,-6.36,1.85,-0.5
1,1546849374628,-6.6,2.05,-0.52
1,1546849374629,-6.67,2.1,-0.52
1,1546849374629,-6.77,2.1,-0.41
1,1546849374629,-6.95,2.14,-0.33
1,1546849374630,-7.08,1.89,-0.23
1,1546849374630,-7.07,1.95,-0.33
1,1546849374630,-7.42,1.89,-0.19
1,1546849374695,-7.67,1.95,-0.05
1,1546849374696,-8.24,2.2,0.15
1,1546849374697,-8.37,2.26,0.29
1,1546849374698,-8.57,2.36,0.31
1,1546849374698,-8.59,2.46,0.37
1,1546849374698,-8.63,2.4,0.58
1,1546849374698,-8.69,2.44,0.82
1,1546849374699,-8.75,2.51,1.01
1,1546849374776,-8.78,2.63,1.21
1,1546849374778,-8.8,2.83,1.3
1,1546849374779,-9.1,2.87,1.56
1,1546849374784,-9.31,2.87,1.56
1,1546849374785,-9.41,3.04,1.6
1,1546849374786,-9.49,3.12,1.62
1,1546849374787,-9.57,3.43,1.75
1,1546849374847,-9.62,3.39,1.85
1,1546849374848,-9.82,3.47,1.97
1,1546849374848,-10.0,3.53,1.97
1,1546849374848,-10.33,3.76,2.05
1,1546849374849,-10.48,3.84,2.14
1,1546849374926,-10.58,3.84,2.1
1,1546849374928,-10.62,3.9,2.12
1,1546849374931,-10.6,4.12,2.28
1,1546849374931,-10.58,4.27,2.3
1,1546849374932,-10.6,4.43,2.42
1,1546849374933,-10.72,4.45,2.61
1,1546849374933,-10.89,4.51,2.71
1,1546849374934,-11.11,4.7,2.75
1,1546849375075,-11.13,4.6,2.71
1,1546849375077,-11.17,4.66,2.73
1,1546849375077,-11.26,4.76,2.73
1,1546849375078,-11.83,4.84,3.1
1,1546849375098,-11.95,5.05,3.08
1,1546849375147,-12.08,4.86,3.35
1,1546849375174,-12.1,4.92,3.3
1,1546849375174,-12.4,5.11,3.32
1,1546849375175,-12.55,5.27,3.3
1,1546849375175,-12.94,5.41,3.32
1,1546849375175,-14.23,5.6,3.8
1,1546849375176,-14.35,5.6,3.76
1,1546849375176,-14.47,5.82,3.55
1,1546849375234,-14.49,5.76,3.41
1,1546849375236,-14.14,5.68,3.3
1,1546849375237,-14.04,5.6,3.2
1,1546849375238,-13.96,5.58,3.22
1,1546849375238,-13.67,5.68,3.18
1,1546849375239,-13.43,5.64,3.12
1,1546849375240,-13.28,5.46,3.16
1,1546849375295,-13.06,5.35,3.14
1,1546849375296,-12.57,5.21,3.08
1,1546849375297,-12.4,5.19,3.08
1,1546849375298,-12.26,5.07,3.12
1,1546849375299,-12.14,4.8,3.1
1,1546849375299,-11.83,4.74,2.91
1,1546849375300,-11.66,4.68,2.79
1,1546849375300,-11.4,4.68,2.73
1,1546849375372,-11.28,4.45,2.65
1,1546849375373,-11.03,4.27,2.4
1,1546849375375,-10.91,4.31,2.26
1,1546849375376,-10.78,4.27,2.22
1,1546849375377,-10.62,4.19,2.08
1,1546849375378,-10.5,4.04,2.05
1,1546849375379,-10.41,3.98,2.08
1,1546849375380,-10.37,3.88,2.07
1,1546849375449,-10.33,3.78,2.05
1,1546849375451,-10.33,3.71,2.1
1,1546849375452,-10.09,3.76,1.95
1,1546849375453,-9.94,3.65,1.85
1,1546849375453,-9.76,3.61,1.66
1,1546849375454,-9.57,3.51,1.54
1,1546849375455,-9.27,3.28,1.28
1,1546849375456,-9.1,3.02,1.23
1,1546849375531,-8.94,2.81,1.23
1,1546849375533,-8.76,2.67,1.03
1,1546849375535,-8.43,2.46,0.85
1,1546849375536,-8.22,2.48,0.78
1,1546849375537,-8.04,2.4,0.7
1,1546849375538,-7.81,2.22,0.58
1,1546849375539,-7.38,2.1,0.25
1,1546849375539,-7.22,2.08,0.17
1,1546849375595,-7.08,1.91,0.0
1,1546849375597,-6.97,1.85,-0.07
1,1546849375598,-6.83,1.83,-0.21
1,1546849375599,-6.4,1.5,-0.46
1,1546849375599,-6.23,1.46,-0.52
1,1546849375600,-6.03,1.42,-0.54
1,1546849375600,-5.8,1.32,-0.52
1,1546849375600,-5.01,1.01,-0.6
1,1546849375669,-4.84,0.95,-0.64
1,1546849375670,-4.72,0.97,-0.66
1,1546849375670,-4.64,0.95,-0.64
1,1546849375671,-4.43,0.68,-0.64
1,1546849375671,-4.27,0.52,-0.62
1,1546849375672,-4.0,0.39,-0.68
1,1546849375673,-3.88,0.35,-0.74
1,1546849375748,-4.02,0.48,-0.62
1,1546849375749,-4.02,0.48,-0.62
1,1546849375749,-3.82,0.31,-0.66
1,1546849375750,-3.84,0.21,-0.64
1,1546849375750,-3.94,0.64,-0.68
1,1546849375750,-4.17,0.7,-0.64
1,1546849375751,-4.35,0.91,-0.7
1,1546849375751,-4.58,1.07,-0.72
1,1546849375833,-4.94,1.25,-0.91
1,1546849375835,-5.95,1.85,-0.99
1,1546849375835,-6.46,1.89,-1.09
1,1546849375836,-7.05,2.07,-1.01
1,1546849375837,-7.81,2.4,-1.01
1,1546849375838,-9.17,2.63,-1.01
1,1546849375839,-9.66,3.18,-1.19
1,1546849375907,-9.98,3.04,-1.46
1,1546849375908,-10.23,3.24,-1.71
1,1546849375908,-10.48,3.41,-2.16
1,1546849375909,-10.5,3.43,-2.46
1,1546849375909,-10.29,3.65,-3.08
1,1546849375910,-10.23,3.55,-3.04
1,1546849375910,-10.37,3.16,-2.32
1,1546849375911,-10.09,3.02,-2.4
1,1546849375970,-9.98,3.2,-2.48
1,1546849375971,-9.8,3.2,-2.38
1,1546849375971,-9.49,3.2,-2.26
1,1546849375972,-9.31,3.26,-2.07
1,1546849375972,-9.19,3.26,-1.93
1,1546849375972,-9.02,2.77,-1.83
1,1546849375973,-9.04,2.85,-1.62
1,1546849376047,-8.76,2.67,-1.5
1,1546849376049,-8.69,2.77,-1.32
1,1546849376050,-8.55,2.69,-1.21
1,1546849376052,-8.45,2.75,-1.11
1,1546849376053,-8.3,2.61,-0.91
1,1546849376054,-8.22,2.57,-0.97
1,1546849376055,-8.16,2.69,-1.25
1,1546849376057,-8.18,2.61,-1.38
1,1546849376171,-8.14,2.3,-1.4
1,1546849376172,-8.0,2.4,-1.34
1,1546849376172,-7.92,2.38,-1.36
1,1546849376172,-7.85,2.22,-1.32
1,1546849376173,-7.63,2.28,-1.34
1,1546849376173,-7.53,2.18,-1.3
1,1546849376173,-7.48,1.97,-1.34
1,1546849376174,-7.34,1.99,-1.42
1,1546849376214,-7.18,1.95,-1.36
1,1546849376214,-6.91,1.87,-1.34
1,1546849376215,-6.75,1.85,-1.32
1,1546849376215,-6.64,1.85,-1.23
1,1546849376216,-6.46,1.87,-1.26
1,1546849376216,-6.11,1.87,-1.07
1,1546849376217,-5.97,1.87,-0.87
1,1546849376273,-5.91,1.85,-0.68
1,1546849376274,-5.89,1.85,-0.64
1,1546849376275,-5.91,1.6,-0.6
1,1546849376276,-6.01,1.73,-0.62
1,1546849376277,-6.09,1.83,-0.58
1,1546849376277,-6.19,1.87,-0.54
1,1546849376278,-6.3,1.97,-0.56
1,1546849376279,-6.26,2.03,-0.54
1,1546849376349,-6.21,1.89,-0.5
1,1546849376351,-6.36,1.87,-0.46
1,1546849376352,-6.95,1.93,-0.37
1,1546849376355,-7.42,1.97,-0.35
1,1546849376356,-7.73,2.08,-0.35
1,1546849376357,-8.02,2.24,-0.35
1,1546849376358,-8.08,2.14,-0.6
1,1546849376436,-8.04,2.24,-0.58
1,1546849376493,-8.24,2.34,-0.52
1,1546849376569,-8.32,2.16,-0.42
1,1546849376571,-8.43,2.08,-0.41
1,1546849376572,-8.73,2.38,-0.07
1,1546849376648,-8.75,2.36,-0.01
1,1546849376652,-8.75,2.4,0.17
1,1546849376653,-8.8,2.55,0.35
1,1546849376654,-8.75,2.75,0.87
1,1546849376654,-8.78,2.81,1.07
1,1546849376655,-9.14,3.04,1.71
1,1546849376683,-10.03,3.96,1.77
1,1546849376684,-9.98,3.73,1.75
1,1546849376728,-9.86,3.63,1.75
1,1546849376728,-10.39,4.23,2.08
1,1546849376729,-10.52,4.41,2.18
1,1546849376729,-10.66,4.47,2.26
1,1546849376730,-10.99,4.64,2.26
1,1546849376795,-11.11,4.55,2.14
1,1546849376797,-11.3,4.68,2.07
1,1546849376798,-11.71,5.01,2.36
1,1546849376799,-12.01,4.68,2.63
1,1546849376800,-12.01,4.84,2.69
1,1546849376801,-12.08,5.05,2.81
1,1546849376802,-12.1,4.98,2.87
1,1546849376803,-12.28,5.33,2.92
1,1546849376872,-12.5,5.64,2.96
1,1546849376872,-13.14,5.66,3.57
1,1546849376873,-13.37,5.64,3.88
1,1546849376874,-13.53,5.76,3.9
1,1546849376874,-13.69,5.78,4.12
1,1546849376875,-13.76,5.8,4.31
1,1546849376875,-13.75,5.91,4.35
1,1546849376875,-13.69,5.91,4.33
1,1546849376946,-13.63,5.83,4.29
1,1546849376947,-13.55,5.74,4.21
1,1546849376948,-13.39,5.62,4.14
1,1546849376949,-13.24,5.58,4.06
1,1546849376950,-13.2,5.6,3.92
1,1546849376952,-13.04,5.6,3.75
1,1546849376953,-12.79,5.39,3.75
1,1546849377040,-12.67,5.41,3.76
1,1546849377041,-12.48,5.46,3.71
1,1546849377041,-12.28,5.52,3.57
1,1546849377042,-12.07,5.76,3.32
1,1546849377043,-12.01,5.82,3.33
1,1546849377043,-11.99,5.8,3.39
1,1546849377044,-11.91,5.52,3.24
1,1546849377045,-11.87,5.62,3.16
1,1546849377096,-11.81,5.21,3.12
1,1546849377097,-11.75,5.19,3.06
1,1546849377098,-11.52,5.21,2.92
1,1546849377098,-11.36,5.09,2.92
1,1546849377098,-11.25,5.13,3.0
1,1546849377099,-11.19,5.09,3.0
1,1546849377099,-11.13,5.0,2.96
1,1546849377100,-11.03,4.88,2.89
1,1546849377174,-10.91,4.51,2.77
1,1546849377193,-10.89,4.35,2.77
1,1546849377195,-10.83,4.25,2.69
1,1546849377195,-10.76,4.12,2.65
1,1546849377197,-10.74,4.04,2.65
1,1546849377197,-10.66,3.88,2.48
1,1546849377198,-10.56,3.73,2.44
1,1546849377199,-10.39,3.76,2.34
1,1546849377251,-10.29,3.61,2.34
1,1546849377252,-10.0,3.2,2.05
1,1546849377253,-9.86,3.16,1.97
1,1546849377254,-9.7,3.04,1.93
1,1546849377254,-9.55,2.85,1.79
1,1546849377255,-9.14,3.0,1.4
1,1546849377256,-9.06,2.85,1.38
1,1546849377257,-9.0,2.77,1.28
1,1546849377343,-8.96,2.75,1.21
1,1546849377345,-8.69,2.44,0.91
1,1546849377345,-8.53,2.38,0.74
1,1546849377346,-8.32,2.22,0.52
1,1546849377346,-8.08,2.01,0.42
1,1546849377347,-7.65,1.89,0.29
1,1546849377347,-7.4,1.85,0.21
1,1546849377401,-7.12,1.85,0.07
1,1546849377401,-6.89,1.83,-0.03
1,1546849377402,-6.42,1.62,0.01
1,1546849377403,-6.13,1.52,0.0
1,1546849377403,-5.97,1.4,-0.09
1,1546849377404,-5.74,1.28,-0.13
1,1546849377404,-5.42,1.17,-0.11
1,1546849377405,-5.13,1.05,-0.23
1,1546849377476,-4.94,0.85,-0.27
1,1546849377478,-4.68,0.8,-0.31
1,1546849377479,-4.43,0.64,-0.39
1,1546849377480,-4.02,0.35,-0.37
1,1546849377481,-3.86,0.25,-0.44
1,1546849377481,-3.75,0.33,-0.48
1,1546849377482,-3.67,0.35,-0.48
1,1546849377546,-3.63,0.33,-0.39
1,1546849377547,-3.59,0.27,-0.42
1,1546849377548,-3.59,0.23,-0.46
1,1546849377549,-3.65,0.41,-0.48
1,1546849377550,-3.78,0.6,-0.44
1,1546849377551,-3.98,0.62,-0.42
1,1546849377552,-4.19,0.68,-0.52
1,1546849377552,-4.51,0.99,-0.62
1,1546849377645,-5.35,1.64,-0.72
1,1546849377646,-6.13,1.87,-0.72
1,1546849377646,-6.77,2.08,-0.72
1,1546849377647,-7.48,2.12,-0.64
1,1546849377647,-8.71,2.65,-0.78
1,1546849377647,-9.17,3.0,-1.01
1,1546849377648,-9.82,3.14,-1.4
1,1546849377648,-10.29,3.45,-1.66
1,1546849377700,-10.66,3.69,-2.38
1,1546849377700,-11.17,3.45,-3.24
1,1546849377701,-11.13,3.45,-3.51
1,1546849377701,-11.11,3.3,-3.51
1,1546849377702,-10.97,3.26,-2.81
1,1546849377702,-10.05,2.91,-2.98
1,1546849377703,-9.62,3.82,-2.65
1,1546849377773,-9.19,3.22,-2.83
1,1546849377774,-8.96,3.39,-3.14
1,1546849377776,-9.12,3.28,-2.59
1,1546849377777,-9.06,2.75,-2.61
1,1546849377778,-9.12,2.73,-2.34
1,1546849377847,-9.1,2.81,-2.05
1,1546849377848,-9.02,2.46,-1.6
1,1546849377848,-8.96,2.51,-1.44
1,1546849377849,-8.94,2.51,-1.23
1,1546849377849,-8.82,2.48,-1.13
1,1546849377850,-8.75,2.42,-1.3
1,1546849377850,-8.71,2.51,-1.52
1,1546849377851,-8.75,2.5,-1.52
1,1546849377925,-8.78,2.4,-1.75
1,1546849377928,-8.78,2.38,-1.73
1,1546849377930,-8.78,2.08,-1.87
1,1546849377934,-8.67,1.97,-1.85
1,1546849377935,-8.75,2.05,-1.64
1,1546849377999,-8.2,1.85,-1.69
1,1546849378001,-7.98,1.87,-1.83
1,1546849378002,-7.77,1.85,-1.85
1,1546849378003,-7.46,1.85,-1.77
1,1546849378004,-6.75,1.5,-1.62
1,1546849378004,-6.46,1.36,-1.48
1,1546849378005,-6.01,1.4,-1.4
1,1546849378006,-5.82,1.38,-1.34
1,1546849378074,-5.54,1.54,-1.09
1,1546849378075,-5.74,1.3,-0.76
1,1546849378076,-6.09,1.38,-0.6
1,1546849378077,-6.23,1.54,-0.6
1,1546849378078,-6.17,1.46,-0.62
1,1546849378155,-6.17,1.48,-0.6
1,1546849378157,-6.03,1.81,-0.64
1,1546849378158,-6.07,1.83,-0.8
1,1546849378159,-6.17,1.87,-0.78
1,1546849378160,-6.34,1.89,-0.91
1,1546849378160,-6.4,2.01,-0.85
1,1546849378161,-6.79,1.91,-0.8
1,1546849378162,-7.08,1.89,-0.87
1,1546849378223,-7.14,1.85,-0.95
1,1546849378224,-7.48,2.03,-1.01
1,1546849378224,-7.51,1.97,-1.03
1,1546849378225,-7.46,1.91,-1.09
1,1546849378225,-7.51,2.2,-1.09
1,1546849378226,-7.71,2.26,-0.89
1,1546849378226,-7.85,2.3,-0.82
1,1546849378227,-8.02,2.42,-0.74
1,1546849378300,-8.49,2.67,-0.64
1,1546849378301,-8.78,2.71,-0.64
1,1546849378301,-8.88,2.71,-0.64
1,1546849378316,-8.98,2.69,-0.64
1,1546849378317,-9.0,2.71,-0.6
1,1546849378318,-9.02,2.87,-0.46
1,1546849378319,-9.06,2.79,-0.46
1,1546849378320,-9.16,2.83,-0.39
1,1546849378370,-9.23,3.02,-0.41
1,1546849378371,-9.62,3.35,-0.25
1,1546849378371,-9.9,3.45,-0.25
1,1546849378372,-10.09,3.45,-0.19
1,1546849378372,-10.19,3.55,-0.07
1,1546849378372,-10.15,3.61,-0.15
1,1546849378373,-10.11,3.57,-0.17
1,1546849378373,-10.11,3.75,-0.05
1,1546849378450,-10.05,3.59,-0.05
1,1546849378452,-10.09,3.51,0.11
1,1546849378453,-10.19,3.57,0.23
1,1546849378454,-10.27,3.61,0.48
1,1546849378455,-10.33,3.73,0.54
1,1546849378521,-10.56,3.67,0.8
1,1546849378522,-10.72,3.69,1.03
1,1546849378523,-10.91,3.65,1.17
1,1546849378593,-10.91,3.67,1.09
1,1546849378622,-10.97,3.75,1.15
1,1546849378623,-11.11,3.73,1.32
1,1546849378624,-11.11,3.51,1.4
1,1546849378624,-11.17,3.47,1.46
1,1546849378625,-11.19,3.39,1.54
1,1546849378626,-11.4,3.59,1.6
1,1546849378626,-11.71,3.8,1.69
1,1546849378676,-11.97,3.8,1.77
1,1546849378694,-12.4,4.0,1.89
1,1546849378695,-11.77,3.73,2.01
1,1546849378695,-11.85,3.82,2.14
1,1546849378696,-11.95,4.08,2.22
1,1546849378696,-12.42,4.39,2.44
1,1546849378697,-12.69,4.51,2.44
1,1546849378697,-12.83,4.62,2.42
1,1546849378746,-12.94,4.74,2.4
1,1546849378747,-13.04,4.7,2.48
1,1546849378748,-13.04,4.7,2.4
1,1546849378749,-13.2,4.68,2.36
1,1546849378749,-13.45,4.66,2.44
1,1546849378750,-13.51,4.74,2.38
1,1546849378773,-13.45,4.94,2.36
1,1546849378774,-13.39,4.9,2.38
1,1546849378818,-13.26,4.82,2.42
1,1546849378820,-13.14,4.78,2.34
1,1546849378821,-13.02,5.01,2.28
1,1546849378821,-13.0,4.98,2.28
1,1546849378822,-12.94,4.9,2.28
1,1546849378823,-12.85,4.78,2.16
1,1546849378823,-12.73,4.6,2.26
1,1546849378824,-12.69,4.49,2.28
1,1546849378900,-12.65,4.41,2.32
1,1546849378902,-12.55,4.49,2.3
1,1546849378910,-12.22,4.39,2.28
1,1546849378912,-12.03,4.37,2.24
1,1546849378912,-11.83,4.35,2.32
1,1546849378913,-11.67,4.29,2.38
1,1546849378913,-11.3,4.17,2.36
1,1546849378914,-11.19,4.21,2.32
1,1546849378969,-11.15,4.19,2.26
1,1546849378992,-11.15,4.12,2.2
1,1546849378993,-11.13,4.06,2.18
1,1546849378994,-10.91,4.0,2.05
1,1546849378994,-10.8,3.9,2.07
1,1546849378995,-10.72,3.92,1.99
1,1546849378995,-10.68,3.86,2.03
1,1546849378996,-10.41,3.84,1.95
1,1546849379045,-10.27,3.73,1.95
1,1546849379046,-10.21,3.76,1.83
1,1546849379047,-10.21,3.69,1.77
1,1546849379047,-10.11,3.78,1.73
1,1546849379048,-10.03,3.78,1.71
1,1546849379048,-10.07,3.75,1.73
1,1546849379048,-10.07,3.75,1.69
1,1546849379124,-9.98,3.78,1.54
1,1546849379126,-9.96,3.65,1.48
1,1546849379140,-9.96,3.41,1.42
1,1546849379141,-9.9,3.35,1.42
1,1546849379141,-9.74,3.16,1.17
1,1546849379141,-9.72,3.2,1.13
1,1546849379142,-9.74,3.26,1.07
1,1546849379142,-9.72,3.3,1.03
1,1546849379196,-9.66,3.28,1.01
1,1546849379197,-9.6,3.37,0.99
1,1546849379197,-9.49,3.24,0.97
1,1546849379197,-9.29,3.08,1.01
1,1546849379198,-9.16,2.92,0.93
1,1546849379198,-8.76,2.79,0.66
1,1546849379213,-8.61,2.71,0.54
1,1546849379268,-8.47,2.67,0.39
1,1546849379269,-8.41,2.61,0.37
1,1546849379270,-8.28,2.63,0.19
1,1546849379271,-8.35,2.57,0.13
1,1546849379272,-8.41,2.63,0.17
1,1546849379273,-8.47,2.59,0.19
1,1546849379274,-8.45,2.51,0.13
1,1546849379275,-8.43,2.5,0.09
1,1546849379345,-8.32,2.4,0.01
1,1546849379346,-8.16,2.16,-0.01
1,1546849379347,-7.79,1.97,-0.15
1,1546849379348,-7.61,1.89,-0.29
1,1546849379348,-7.44,1.85,-0.41
1,1546849379349,-7.2,1.87,-0.41
1,1546849379349,-6.97,1.87,-0.42
1,1546849379425,-6.56,1.79,-0.41
1,1546849379427,-6.42,1.69,-0.42
1,1546849379427,-6.3,1.67,-0.42
1,1546849379429,-6.21,1.6,-0.35
1,1546849379431,-5.89,1.36,-0.35
1,1546849379432,-5.76,1.42,-0.37
1,1546849379432,-5.54,1.32,-0.37
1,1546849379433,-5.35,1.42,-0.44
1,1546849379508,-4.92,1.17,-0.56
1,1546849379509,-4.76,0.89,-0.58
1,1546849379510,-4.66,0.87,-0.6
1,1546849379510,-4.64,0.93,-0.6
1,1546849379511,-4.51,0.85,-0.56
1,1546849379511,-4.51,0.85,-0.48
1,1546849379511,-4.6,0.89,-0.46
1,1546849379569,-4.6,1.23,-0.58
1,1546849379570,-5.03,1.46,-0.58
1,1546849379570,-5.42,1.6,-0.62
1,1546849379571,-5.76,1.81,-0.46
1,1546849379571,-6.28,1.87,-0.54
1,1546849379571,-7.46,1.97,-0.44
1,1546849379572,-7.94,2.16,-0.6
1,1546849379572,-8.59,2.55,-0.66
1,1546849379644,-9.12,2.81,-0.91
1,1546849379645,-9.58,2.81,-1.07
1,1546849379647,-10.44,3.57,-0.97
1,1546849379648,-10.58,3.22,-1.42
1,1546849379649,-10.74,3.02,-1.81
1,1546849379650,-10.93,3.63,-2.03
1,1546849379651,-11.05,3.78,-2.48
1,1546849379653,-10.97,3.59,-2.26
1,1546849379723,-10.78,3.55,-2.57
1,1546849379763,-10.64,3.53,-1.95
1,1546849379764,-10.19,3.12,-2.26
1,1546849379764,-10.03,3.55,-2.07
1,1546849379764,-10.0,3.35,-2.16
1,1546849379765,-10.0,3.55,-2.1
1,1546849379765,-10.07,3.65,-2.12
1,1546849379801,-10.11,3.14,-1.85
1,1546849379802,-10.19,3.06,-1.6
1,1546849379803,-10.25,3.04,-1.34
1,1546849379803,-10.23,2.87,-1.19
1,1546849379803,-10.27,2.94,-1.17
1,1546849379804,-10.21,2.83,-1.5
1,1546849379804,-10.29,3.16,-1.66
1,1546849379804,-10.37,2.92,-1.73
1,1546849379880,-10.87,2.53,-1.44
1,1546849379881,-11.15,2.79,-1.62
1,1546849379881,-11.52,3.43,-1.71
1,1546849379882,-11.66,2.77,-2.32
1,1546849379882,-12.57,3.39,-2.48
1,1546849379882,-12.73,2.83,-2.92
1,1546849379883,-13.32,3.1,-2.77
