1,1545981087631,-10.13,-5.21,1.54
1,1545981087631,-10.07,-4.92,1.3
1,1545981087644,-10.15,-5.72,1.5
1,1545981087644,-10.44,-5.66,1.5
1,1545981087644,-10.85,-5.8,1.26
1,1545981087645,-11.23,-6.42,1.67
1,1545981087645,-11.69,-5.93,1.64
1,1545981087707,-11.97,-6.25,1.69
1,1545981087709,-12.69,-6.93,2.01
1,1545981087709,-12.51,-7.07,1.67
1,1545981087710,-12.55,-7.46,1.23
1,1545981087710,-13.06,-6.95,1.25
1,1545981087710,-13.28,-7.79,1.28
1,1545981087711,-13.55,-7.55,1.38
1,1545981087711,-13.71,-7.73,1.71
1,1545981087782,-13.84,-8.65,1.97
1,1545981087783,-14.19,-8.88,2.32
1,1545981087784,-13.76,-9.31,1.36
1,1545981087784,-13.69,-8.45,1.07
1,1545981087785,-13.94,-8.37,1.48
1,1545981087785,-13.26,-9.27,1.11
1,1545981087786,-13.53,-8.78,1.23
1,1545981087856,-13.57,-8.8,1.52
1,1545981087857,-13.69,-9.57,2.01
1,1545981087858,-13.67,-8.9,2.07
1,1545981087859,-13.0,-9.39,1.64
1,1545981087859,-12.71,-9.39,1.23
1,1545981087860,-12.57,-8.3,1.23
1,1545981087860,-12.03,-8.51,0.66
1,1545981087860,-12.1,-7.51,0.76
1,1545981087932,-12.08,-7.61,1.25
1,1545981087933,-11.36,-8.82,1.26
1,1545981087934,-11.38,-7.4,1.69
1,1545981087934,-11.21,-8.67,2.48
1,1545981087934,-10.66,-8.69,1.48
1,1545981087934,-10.11,-6.91,0.44
1,1545981087935,-10.48,-6.34,0.33
1,1545981088007,-9.96,-6.56,-0.31
1,1545981088082,-9.98,-5.7,1.05
1,1545981088158,-9.82,-5.87,2.03
1,1545981088163,-8.61,-6.81,1.66
1,1545981088163,-8.82,-4.96,1.81
1,1545981088164,-8.47,-6.38,1.44
1,1545981088164,-7.87,-5.83,0.8
1,1545981088165,-7.22,-4.41,0.11
1,1545981088165,-6.66,-4.43,0.27
1,1545981088166,-6.26,-2.36,0.27
1,1545981088232,-4.29,-1.21,1.17
1,1545981088233,-4.0,-1.5,1.17
1,1545981088234,-4.9,-1.07,1.17
1,1545981088234,-4.68,-1.71,1.19
1,1545981088235,-4.92,-2.07,1.07
1,1545981088235,-5.23,-0.78,0.56
1,1545981088236,-5.27,-3.2,-0.05
1,1545981088236,-5.19,-2.05,-0.85
1,1545981088308,-5.7,-1.34,-0.5
1,1545981088309,-5.6,-2.26,-0.25
1,1545981088309,-6.25,-1.42,-1.44
1,1545981088316,-7.24,-1.85,-0.07
1,1545981088317,-7.59,-2.26,0.97
1,1545981088317,-7.63,-2.07,-0.09
1,1545981088318,-8.28,-1.91,0.05
1,1545981088318,-8.37,-2.07,-0.6
1,1545981088382,-8.8,-0.97,-0.78
1,1545981088382,-8.8,-2.59,-0.5
1,1545981088384,-9.23,-1.48,-0.46
1,1545981088384,-9.31,-1.42,-0.66
1,1545981088385,-9.62,-1.85,-0.15
1,1545981088385,-9.55,-2.12,-0.05
1,1545981088385,-9.92,-1.64,-0.27
1,1545981088386,-9.96,-2.03,0.15
1,1545981088457,-9.86,-1.36,-0.41
1,1545981088458,-9.88,-1.05,-0.7
1,1545981088458,-9.92,-1.21,-1.09
1,1545981088459,-9.58,-1.36,-1.64
1,1545981088459,-9.7,-1.75,-1.48
1,1545981088459,-10.09,-1.67,-0.87
1,1545981088460,-10.56,-1.26,-0.42
1,1545981088460,-10.52,-1.13,-0.25
1,1545981088533,-10.37,-1.3,-0.11
1,1545981088534,-10.19,-1.32,-0.11
1,1545981088534,-9.78,-1.26,-0.44
1,1545981088535,-9.6,-1.28,-1.03
1,1545981088535,-9.72,-1.34,-0.97
1,1545981088535,-9.94,-1.11,-1.09
1,1545981088536,-10.29,-1.09,-0.66
1,1545981088608,-10.48,-1.48,0.07
1,1545981088619,-10.29,-1.79,-0.15
1,1545981088620,-10.29,-1.38,-0.01
1,1545981088620,-10.0,-1.15,-0.11
1,1545981088620,-9.41,-1.44,-0.78
1,1545981088620,-9.43,-1.38,-1.03
1,1545981088621,-9.57,-1.19,-1.4
1,1545981088621,-9.9,-1.11,-1.11
1,1545981088681,-10.21,-1.11,-0.7
1,1545981088702,-10.17,-1.13,-0.54
1,1545981088702,-9.98,-1.23,-0.8
1,1545981088702,-9.88,-1.11,-0.44
1,1545981088703,-9.19,-1.25,-0.21
1,1545981088703,-8.24,-1.81,-1.64
1,1545981088703,-8.04,-1.73,-2.53
1,1545981088757,-8.49,-1.44,-2.1
1,1545981088768,-8.2,-1.32,-2.12
1,1545981088769,-8.75,-1.19,-0.8
1,1545981088769,-8.9,-1.11,0.09
1,1545981088769,-8.33,-1.3,-0.41
1,1545981088769,-7.69,-1.56,-0.15
1,1545981088769,-7.12,-1.23,0.0
1,1545981088769,-5.89,-1.54,-1.46
1,1545981088832,-5.56,-2.63,-2.69
1,1545981088833,-6.79,-1.07,-0.64
1,1545981088855,-6.56,-0.91,-0.39
1,1545981088855,-6.56,-1.42,0.58
1,1545981088856,-6.26,-1.34,1.03
1,1545981088856,-3.94,-2.4,-2.18
1,1545981088856,-3.94,-3.39,-2.32
1,1545981088906,-4.35,-3.51,-3.9
1,1545981088906,-7.22,-2.4,-1.79
1,1545981088907,-6.93,1.09,1.38
1,1545981088920,-6.42,-0.64,1.54
1,1545981088920,-6.4,-2.34,1.23
1,1545981088920,-6.3,-2.42,0.76
1,1545981088921,-3.98,-5.7,-7.14
1,1545981088921,-7.08,-6.26,-3.14
1,1545981088982,-7.92,-1.4,0.19
1,1545981088983,-7.85,-0.46,-2.67
1,1545981088983,-11.34,-2.61,0.82
1,1545981088983,-10.8,-4.62,1.26
1,1545981088983,-9.47,-4.37,1.11
1,1545981088984,-8.94,-3.55,1.44
1,1545981088984,-5.72,-5.99,-4.57
1,1545981089060,-5.29,-6.91,-4.78
1,1545981089060,-6.91,-3.8,0.11
1,1545981089061,-9.72,-0.93,0.0
1,1545981089061,-10.78,-3.61,-0.58
1,1545981089061,-9.08,-4.51,1.34
1,1545981089061,-8.02,-4.57,-0.42
1,1545981089062,-8.33,-3.96,-1.17
1,1545981089062,-8.2,-5.15,0.72
1,1545981089133,-7.32,-7.26,-3.14
1,1545981089134,-7.51,-7.53,-2.91
1,1545981089136,-9.45,-3.35,0.31
1,1545981089137,-12.26,-3.92,-0.48
1,1545981089138,-11.54,-5.41,0.05
1,1545981089139,-9.49,-5.8,-0.05
1,1545981089141,-7.81,-5.31,-1.66
1,1545981089209,-8.67,-6.05,0.76
1,1545981089210,-9.94,-6.25,0.19
1,1545981089224,-9.84,-5.31,-2.83
1,1545981089225,-8.98,-4.47,-2.44
1,1545981089225,-11.85,-6.17,0.44
1,1545981089225,-12.57,-6.77,1.19
1,1545981089225,-11.44,-7.28,1.42
1,1545981089226,-10.82,-7.22,1.4
1,1545981089284,-10.66,-6.75,1.3
1,1545981089285,-9.98,-6.81,1.13
1,1545981089285,-9.62,-6.99,-1.26
1,1545981089286,-9.78,-5.33,-2.05
1,1545981089313,-10.48,-5.52,0.25
1,1545981089314,-11.87,-5.6,0.5
1,1545981089315,-11.58,-5.76,1.32
1,1545981089369,-11.23,-7.28,2.12
1,1545981089369,-12.05,-6.54,0.83
1,1545981089369,-10.87,-5.21,0.58
1,1545981089370,-10.11,-5.39,1.23
1,1545981089370,-10.37,-5.76,0.62
1,1545981089370,-10.42,-4.94,0.58
1,1545981089371,-10.82,-5.68,1.19
1,1545981089371,-10.44,-6.71,0.99
1,1545981089436,-10.42,-6.52,1.52
1,1545981089459,-11.91,-7.55,3.82
1,1545981089459,-11.67,-6.28,2.42
1,1545981089460,-11.54,-4.6,2.01
1,1545981089460,-11.66,-5.54,2.79
1,1545981089460,-11.64,-4.94,1.13
1,1545981089460,-11.62,-5.25,1.52
1,1545981089508,-11.67,-6.54,2.4
1,1545981089526,-11.99,-5.99,2.51
1,1545981089527,-12.98,-6.77,4.02
1,1545981089528,-12.75,-6.87,3.73
1,1545981089528,-12.67,-5.37,2.57
1,1545981089529,-12.85,-5.17,2.26
1,1545981089529,-13.2,-6.05,2.98
1,1545981089530,-13.3,-5.83,2.61
1,1545981089584,-13.45,-6.3,2.89
1,1545981089585,-13.9,-6.91,3.57
1,1545981089585,-14.49,-6.89,2.98
1,1545981089610,-14.72,-7.26,2.89
1,1545981089611,-15.07,-7.67,2.89
1,1545981089611,-15.44,-7.24,2.61
1,1545981089611,-15.74,-7.14,2.24
1,1545981089663,-15.85,-7.55,2.89
1,1545981089664,-15.87,-7.53,2.75
1,1545981089664,-15.93,-7.53,2.18
1,1545981089664,-15.97,-7.18,1.83
1,1545981089664,-15.99,-8.08,2.24
1,1545981089665,-15.89,-8.12,2.18
1,1545981089665,-15.68,-7.65,2.08
1,1545981089666,-15.74,-8.26,1.81
1,1545981089735,-15.03,-7.71,1.71
1,1545981089743,-14.84,-7.63,1.52
1,1545981089744,-14.94,-7.92,1.28
1,1545981089744,-14.6,-7.67,2.03
1,1545981089744,-14.14,-8.33,1.56
1,1545981089744,-13.82,-7.57,1.6
1,1545981089744,-13.59,-7.24,1.58
1,1545981089809,-12.77,-7.46,1.25
1,1545981089811,-12.32,-7.16,1.25
1,1545981089813,-12.24,-7.03,1.6
1,1545981089814,-12.12,-7.3,1.3
1,1545981089815,-11.25,-6.85,1.46
1,1545981089817,-11.21,-6.6,1.25
1,1545981089819,-11.19,-6.11,1.26
1,1545981089822,-10.58,-6.67,0.85
1,1545981089887,-9.8,-5.29,-0.33
1,1545981089889,-9.53,-5.54,-0.5
1,1545981089890,-9.35,-5.46,0.82
1,1545981089891,-9.45,-5.05,1.3
1,1545981089891,-8.71,-5.66,0.7
1,1545981089892,-8.37,-4.62,0.72
1,1545981089893,-8.49,-5.05,-0.35
1,1545981089966,-8.49,-6.34,0.44
1,1545981089968,-8.49,-6.13,0.64
1,1545981089969,-8.06,-6.23,0.05
1,1545981089969,-7.12,-3.08,0.42
1,1545981089977,-7.14,-2.71,0.11
1,1545981089978,-7.36,-4.53,0.74
1,1545981089978,-6.85,-3.53,1.03
1,1545981089979,-7.03,-4.51,0.91
1,1545981090039,-7.07,-5.91,0.87
1,1545981090063,-5.64,-4.14,1.17
1,1545981090064,-5.72,-4.45,0.23
1,1545981090065,-5.72,-3.32,-0.78
1,1545981090065,-5.62,-1.52,-0.17
1,1545981090066,-6.15,-3.14,-0.05
1,1545981090067,-5.68,-0.23,0.78
1,1545981090111,-5.5,-1.52,1.64
1,1545981090112,-5.82,-4.41,1.34
1,1545981090115,-3.94,-0.64,3.94
1,1545981090117,-3.06,-5.8,1.5
1,1545981090118,-3.16,-5.64,0.42
1,1545981090119,-2.5,1.05,-1.44
1,1545981090120,-2.4,-0.97,-1.69
1,1545981090120,-2.85,0.05,-1.25
1,1545981090186,-3.76,-1.11,0.91
1,1545981090188,-3.51,-2.24,0.8
1,1545981090188,-4.37,-1.48,0.05
1,1545981090189,-5.35,-3.02,0.87
1,1545981090190,-5.78,-2.42,0.8
1,1545981090190,-6.23,-1.19,0.05
1,1545981090191,-7.01,-1.75,-0.33
1,1545981090262,-7.24,-2.2,-0.66
1,1545981090280,-7.91,-1.91,-0.23
1,1545981090281,-8.63,-2.4,0.7
1,1545981090281,-9.14,-2.38,0.19
1,1545981090282,-9.45,-2.63,0.13
1,1545981090282,-9.84,-2.36,0.42
1,1545981090283,-9.82,-2.81,0.09
1,1545981090283,-9.84,-1.58,-0.82
1,1545981090335,-9.66,-2.36,-1.28
1,1545981090336,-9.86,-2.42,-1.17
1,1545981090336,-10.21,-2.16,-0.09
1,1545981090337,-9.92,-2.65,-0.37
1,1545981090337,-10.09,-2.67,-0.15
1,1545981090338,-10.39,-3.1,0.29
1,1545981090338,-10.33,-2.92,0.11
1,1545981090412,-10.35,-1.91,-0.07
1,1545981090413,-10.09,-1.93,-0.44
1,1545981090414,-9.7,-1.73,-1.25
1,1545981090414,-9.92,-1.75,-0.6
1,1545981090415,-9.62,-2.03,-0.62
1,1545981090415,-9.9,-2.5,-0.01
1,1545981090416,-9.88,-2.42,-0.31
1,1545981090416,-9.94,-2.36,-0.25
1,1545981090487,-9.86,-2.57,-0.27
1,1545981090488,-9.68,-2.14,-0.56
1,1545981090489,-9.33,-2.22,-0.87
1,1545981090490,-9.12,-2.44,-1.38
1,1545981090491,-9.33,-2.3,-0.93
1,1545981090492,-9.37,-2.44,-1.01
1,1545981090493,-9.64,-1.93,-0.76
1,1545981090559,-9.66,-2.2,-0.58
1,1545981090562,-9.27,-2.61,-0.48
1,1545981090563,-8.75,-2.75,-0.83
1,1545981090563,-8.0,-2.96,-1.07
1,1545981090564,-6.83,-2.94,-2.28
1,1545981090566,-7.96,-2.1,-1.36
1,1545981090566,-8.65,-1.17,0.68
1,1545981090567,-7.67,-1.69,-0.46
1,1545981090636,-7.34,-2.32,-0.66
1,1545981090637,-7.03,-2.03,-0.03
1,1545981090638,-4.66,-2.67,-1.01
1,1545981090639,-3.16,-3.88,-3.96
1,1545981090639,-4.25,-3.9,-2.75
1,1545981090640,-5.15,-1.71,-3.02
1,1545981090640,-6.28,-0.72,-0.7
1,1545981090711,-6.25,-0.91,1.01
1,1545981090712,-5.48,-1.66,1.26
1,1545981090713,-4.84,-2.36,0.97
1,1545981090713,-5.13,-3.18,0.93
1,1545981090714,-4.57,-2.59,-0.82
1,1545981090714,-4.43,-3.82,-4.9
1,1545981090714,-6.67,-2.67,-4.27
1,1545981090715,-7.14,0.74,-0.21
1,1545981090785,-7.2,-1.95,0.85
1,1545981090785,-7.73,-4.04,1.4
1,1545981090786,-7.38,-4.31,1.6
1,1545981090786,-4.82,-3.04,-3.49
1,1545981090787,-5.15,-3.59,-2.83
1,1545981090802,-5.39,-3.37,-3.12
1,1545981090802,-6.85,-2.65,-3.78
1,1545981090859,-10.83,-0.97,-0.89
1,1545981090867,-9.58,-3.35,0.62
1,1545981090868,-8.51,-5.05,1.21
1,1545981090868,-8.65,-4.62,1.38
1,1545981090869,-7.46,-3.96,-0.91
1,1545981090869,-6.42,-3.98,-3.37
1,1545981090869,-6.73,-3.75,-2.63
1,1545981090869,-7.51,-3.16,-1.99
1,1545981090935,-9.53,-3.57,-2.32
1,1545981090936,-10.66,-3.61,0.39
1,1545981090937,-10.62,-4.33,1.26
1,1545981090937,-10.19,-5.74,1.5
1,1545981090938,-10.21,-5.74,0.56
1,1545981090939,-9.14,-5.99,-2.26
1,1545981090939,-8.41,-5.19,-1.95
1,1545981091013,-9.37,-4.33,-1.48
1,1545981091014,-11.62,-4.7,-1.09
1,1545981091014,-11.6,-5.85,0.6
1,1545981091014,-11.64,-5.39,1.5
1,1545981091015,-10.95,-6.15,1.32
1,1545981091015,-10.93,-7.22,1.36
1,1545981091015,-9.88,-6.85,-1.17
1,1545981091085,-8.61,-6.56,-1.6
1,1545981091086,-9.94,-5.42,0.23
1,1545981091087,-12.71,-5.09,0.0
1,1545981091087,-10.42,-6.54,0.37
1,1545981091088,-10.0,-6.73,0.72
1,1545981091088,-10.91,-6.4,0.87
1,1545981091089,-11.5,-8.04,1.71
1,1545981091090,-10.6,-8.28,0.97
1,1545981091161,-10.15,-5.91,0.25
1,1545981091162,-10.27,-5.27,0.46
1,1545981091162,-10.82,-6.79,0.35
1,1545981091163,-11.25,-5.8,-0.17
1,1545981091164,-10.91,-5.85,0.25
1,1545981091164,-10.44,-7.28,1.38
1,1545981091165,-11.56,-6.67,1.32
1,1545981091234,-11.21,-5.82,1.32
1,1545981091235,-10.89,-7.4,1.19
1,1545981091235,-11.46,-7.24,0.62
1,1545981091237,-11.52,-7.16,0.97
1,1545981091238,-11.97,-8.12,0.97
1,1545981091239,-11.97,-6.3,0.78
1,1545981091240,-11.4,-5.95,1.32
1,1545981091241,-11.77,-6.83,1.89
1,1545981091309,-11.26,-6.66,1.56
1,1545981091310,-11.73,-6.93,2.07
1,1545981091387,-11.56,-6.95,1.79
1,1545981091389,-11.71,-6.85,1.69
1,1545981091390,-11.66,-6.62,1.83
1,1545981091391,-11.58,-5.82,2.07
1,1545981091392,-11.79,-6.46,2.79
1,1545981091394,-12.1,-6.48,2.36
1,1545981091395,-12.01,-6.19,1.62
1,1545981091396,-12.32,-6.42,2.03
1,1545981091465,-12.67,-6.69,2.26
1,1545981091466,-13.08,-6.79,2.79
1,1545981091467,-13.8,-6.42,2.07
1,1545981091468,-13.98,-6.79,1.83
1,1545981091469,-14.31,-6.95,2.36
1,1545981091470,-14.51,-6.79,2.55
1,1545981091470,-14.88,-7.32,3.22
1,1545981091471,-14.96,-7.01,3.33
1,1545981091534,-14.68,-7.03,2.79
1,1545981091564,-14.51,-7.4,2.14
1,1545981091565,-14.98,-7.14,2.38
1,1545981091566,-15.09,-7.67,2.67
1,1545981091567,-15.0,-7.92,2.5
1,1545981091568,-15.05,-7.65,2.53
1,1545981091568,-14.57,-7.67,1.69
1,1545981091569,-14.31,-8.33,2.12
1,1545981091610,-14.39,-8.37,2.69
1,1545981091611,-14.33,-7.81,2.18
1,1545981091612,-13.2,-7.77,1.21
1,1545981091612,-13.51,-7.55,1.23
1,1545981091613,-13.22,-7.73,1.17
1,1545981091614,-12.61,-8.12,1.07
1,1545981091614,-12.69,-7.46,1.09
1,1545981091617,-12.89,-7.57,1.25
1,1545981091681,-12.98,-7.34,1.34
1,1545981091682,-12.34,-6.99,1.01
1,1545981091682,-11.23,-6.89,-0.37
1,1545981091682,-11.13,-6.15,0.0
1,1545981091690,-11.34,-6.26,0.41
1,1545981091690,-11.26,-6.99,0.44
1,1545981091690,-10.56,-5.99,-0.48
1,1545981091691,-11.03,-5.64,1.17
1,1545981091760,-11.46,-6.11,1.11
1,1545981091761,-10.8,-5.6,0.35
1,1545981091762,-9.25,-4.72,0.09
1,1545981091763,-9.27,-4.9,0.19
1,1545981091764,-9.17,-5.44,-0.72
1,1545981091764,-8.51,-4.64,0.23
1,1545981091766,-8.53,-5.85,1.62
1,1545981091835,-7.51,-3.1,0.78
1,1545981091835,-5.87,-0.76,-1.34
1,1545981091836,-5.46,-1.97,-0.31
1,1545981091864,-5.97,-3.0,-0.07
1,1545981091865,-5.44,-2.73,-1.07
1,1545981091866,-5.07,-1.89,1.25
1,1545981091867,-4.37,-1.6,2.07
1,1545981091867,-4.51,-4.47,1.19
1,1545981091913,-3.47,-1.23,1.3
1,1545981091914,-2.87,0.19,0.39
1,1545981091935,-3.39,-3.22,0.52
1,1545981091935,-2.65,0.13,-0.97
1,1545981091936,-2.73,0.46,-1.09
1,1545981091936,-3.51,-2.46,1.38
1,1545981091936,-2.61,-0.13,1.3
1,1545981091937,-3.22,-3.22,0.0
1,1545981091983,-3.35,-1.15,-0.42
1,1545981091998,-3.67,0.05,-1.52
1,1545981091999,-4.02,-1.71,-0.72
1,1545981091999,-5.09,-1.09,0.21
1,1545981092000,-5.35,-2.08,0.29
1,1545981092000,-5.6,-2.71,0.97
1,1545981092001,-5.83,-2.22,0.42
1,1545981092075,-6.28,-3.1,-0.78
1,1545981092075,-6.69,-1.36,-0.46
1,1545981092076,-6.67,-1.44,-1.4
1,1545981092076,-7.42,-1.85,-1.26
1,1545981092077,-8.39,-2.05,0.0
1,1545981092077,-8.06,-2.51,-1.09
1,1545981092077,-8.63,-1.99,-0.33
1,1545981092134,-8.67,-2.4,-0.56
1,1545981092135,-8.92,-1.85,-1.3
1,1545981092144,-9.29,-2.46,-0.97
1,1545981092144,-9.49,-1.99,-1.34
1,1545981092144,-9.76,-1.66,-1.4
1,1545981092145,-9.9,-2.77,-1.11
1,1545981092145,-9.84,-1.95,-1.15
1,1545981092145,-9.62,-2.46,-1.23
1,1545981092210,-9.78,-1.97,-1.03
1,1545981092229,-9.88,-1.56,-1.34
1,1545981092230,-10.01,-1.46,-1.46
1,1545981092230,-10.19,-1.48,-1.07
1,1545981092230,-10.17,-1.69,-0.95
1,1545981092230,-10.52,-2.3,-0.42
1,1545981092231,-10.41,-2.32,-0.76
1,1545981092284,-10.37,-2.51,-1.09
1,1545981092294,-10.44,-2.05,-1.09
1,1545981092295,-10.5,-1.99,-1.07
1,1545981092295,-10.05,-2.05,-1.67
1,1545981092295,-10.0,-1.5,-1.77
1,1545981092296,-10.11,-1.75,-1.21
1,1545981092296,-9.88,-2.05,-1.09
1,1545981092296,-9.47,-2.34,-1.36
1,1545981092361,-9.43,-1.99,-1.42
1,1545981092362,-9.45,-1.58,-1.26
1,1545981092362,-9.43,-1.83,-1.21
1,1545981092363,-8.65,-2.07,-2.03
1,1545981092363,-8.57,-1.81,-1.73
1,1545981092363,-8.14,-1.93,-1.67
1,1545981092364,-7.79,-2.22,-1.75
1,1545981092433,-7.14,-2.34,-0.64
1,1545981092446,-6.36,-1.95,-0.78
1,1545981092447,-5.52,-1.79,-1.54
1,1545981092447,-5.09,-2.05,-1.91
1,1545981092447,-5.27,-2.59,-3.76
1,1545981092447,-6.48,-0.33,-2.07
1,1545981092447,-6.71,0.76,-0.13
1,1545981092447,-5.93,-1.15,0.95
1,1545981092511,-3.98,-2.73,0.91
1,1545981092513,-3.16,-1.75,-0.72
1,1545981092514,-3.0,-1.71,-3.12
1,1545981092515,-3.9,-2.12,-3.86
1,1545981092516,-5.25,-1.07,-3.45
1,1545981092517,-4.84,-2.12,-3.71
1,1545981092517,-5.19,-2.63,-1.99
1,1545981092518,-6.17,-1.89,0.11
1,1545981092584,-6.19,-2.79,0.05
1,1545981092584,-6.26,-2.79,-1.11
1,1545981092585,-6.77,-2.73,-5.27
1,1545981092585,-7.91,-1.58,-3.76
1,1545981092585,-7.75,0.29,-1.56
1,1545981092586,-6.81,-1.69,-1.75
1,1545981092586,-6.95,-3.67,0.91
1,1545981092664,-6.79,-4.41,1.85
1,1545981092665,-6.5,-4.49,-2.12
1,1545981092665,-6.46,-3.2,-3.37
1,1545981092666,-6.15,-3.8,-7.34
1,1545981092666,-7.53,-3.82,-6.97
1,1545981092666,-11.42,-1.32,1.01
1,1545981092666,-10.82,-3.69,0.66
1,1545981092736,-9.9,-5.6,1.15
1,1545981092752,-9.17,-6.44,1.36
1,1545981092753,-8.33,-6.17,-3.8
1,1545981092753,-8.69,-4.16,-1.75
1,1545981092753,-9.41,-3.69,-1.81
1,1545981092754,-9.72,-4.74,-3.75
1,1545981092754,-9.49,-5.31,-1.81
1,1545981092754,-11.67,-4.84,1.26
1,1545981092808,-12.98,-5.64,0.76
1,1545981092833,-12.22,-5.83,0.25
1,1545981092833,-11.05,-6.89,1.54
1,1545981092833,-11.83,-6.07,0.97
1,1545981092833,-10.72,-5.27,0.58
1,1545981092833,-9.21,-6.3,0.97
1,1545981092834,-8.3,-6.66,-3.41
1,1545981092885,-9.02,-5.89,-1.32
1,1545981092900,-11.79,-5.01,1.23
1,1545981092900,-13.02,-4.88,1.89
1,1545981092901,-8.69,-6.23,1.28
1,1545981092901,-11.01,-6.87,2.48
1,1545981092901,-12.2,-6.64,1.42
1,1545981092901,-10.74,-5.33,0.03
1,1545981092901,-9.84,-5.99,-0.62
1,1545981092966,-9.6,-5.15,-0.46
1,1545981092966,-9.84,-5.35,0.76
1,1545981092966,-9.51,-5.83,0.97
1,1545981092967,-9.57,-5.87,1.73
1,1545981092967,-10.41,-6.38,2.26
1,1545981092967,-10.25,-7.01,1.56
1,1545981092967,-10.44,-6.58,1.21
1,1545981093034,-11.19,-6.52,1.11
1,1545981093051,-11.34,-7.36,1.36
1,1545981093052,-11.71,-6.38,1.23
1,1545981093052,-11.62,-5.37,1.23
1,1545981093052,-11.5,-6.54,1.32
1,1545981093052,-11.44,-6.32,1.64
1,1545981093053,-11.67,-6.28,2.1
1,1545981093053,-11.73,-6.48,1.89
1,1545981093114,-11.91,-6.11,1.85
1,1545981093116,-11.95,-6.01,1.77
1,1545981093118,-12.14,-5.99,1.83
1,1545981093119,-12.3,-5.93,2.07
1,1545981093121,-12.67,-5.64,2.44
1,1545981093122,-12.92,-5.56,2.89
1,1545981093123,-13.2,-6.36,3.63
1,1545981093125,-13.06,-5.91,3.37
1,1545981093184,-13.12,-6.23,3.16
1,1545981093184,-13.1,-6.3,3.16
1,1545981093185,-13.26,-5.99,2.77
1,1545981093186,-13.57,-6.15,3.06
1,1545981093203,-13.9,-5.93,3.55
1,1545981093203,-14.1,-5.99,3.75
1,1545981093204,-14.41,-6.56,4.35
1,1545981093268,-14.43,-6.09,4.1
1,1545981093269,-14.27,-6.25,3.82
1,1545981093269,-14.37,-6.03,4.0
1,1545981093269,-14.06,-5.68,3.94
1,1545981093270,-13.98,-6.15,3.96
1,1545981093270,-14.08,-5.76,3.98
1,1545981093270,-14.16,-6.17,4.31
1,1545981093335,-14.33,-6.34,4.51
1,1545981093335,-14.49,-6.4,4.35
1,1545981093335,-14.41,-6.64,3.76
1,1545981093336,-14.74,-6.77,4.57
1,1545981093359,-14.58,-6.69,4.37
1,1545981093360,-14.45,-7.05,3.43
1,1545981093360,-15.21,-6.28,4.08
1,1545981093360,-14.68,-6.85,3.76
1,1545981093411,-14.51,-7.28,3.04
1,1545981093413,-14.76,-6.91,3.37
1,1545981093414,-14.19,-6.87,2.53
1,1545981093416,-14.29,-7.28,2.98
1,1545981093417,-14.62,-7.2,3.47
1,1545981093418,-14.25,-6.66,2.91
1,1545981093420,-13.04,-6.85,1.19
1,1545981093483,-13.16,-6.23,0.93
1,1545981093485,-12.71,-6.15,0.87
1,1545981093485,-12.61,-6.5,1.38
1,1545981093485,-12.59,-5.42,1.26
1,1545981093485,-11.99,-5.85,1.19
1,1545981093485,-10.91,-7.2,1.17
1,1545981093486,-10.19,-6.87,0.19
1,1545981093486,-10.74,-5.03,0.82
1,1545981093570,-10.27,-5.8,0.35
1,1545981093571,-10.01,-5.54,-0.31
1,1545981093571,-9.96,-4.96,-1.01
1,1545981093571,-10.41,-4.88,1.05
1,1545981093572,-10.68,-5.44,1.01
1,1545981093572,-9.66,-5.31,0.39
1,1545981093572,-8.88,-4.21,0.54
1,1545981093634,-8.75,-5.74,0.48
1,1545981093657,-8.04,-4.74,1.03
1,1545981093659,-8.12,-3.53,0.97
1,1545981093660,-7.01,-4.08,-0.07
1,1545981093662,-6.23,-1.95,-1.75
1,1545981093663,-6.79,-2.59,-0.95
1,1545981093664,-6.71,-3.39,-0.05
1,1545981093665,-6.07,-3.69,1.66
1,1545981093710,-5.72,-2.2,2.44
1,1545981093711,-5.21,-3.98,0.93
1,1545981093712,-4.49,-3.35,1.83
1,1545981093713,-4.04,-1.83,0.95
1,1545981093713,-3.8,-1.11,1.44
1,1545981093714,-2.91,-1.09,0.89
1,1545981093714,-2.69,-1.19,-0.82
1,1545981093784,-3.24,-2.87,0.37
1,1545981093785,-3.55,-0.89,0.05
1,1545981093786,-4.02,-1.38,1.26
1,1545981093786,-4.16,-2.3,1.79
1,1545981093787,-4.17,-1.01,0.41
1,1545981093787,-4.7,-2.34,0.95
1,1545981093788,-4.96,-1.97,0.58
1,1545981093789,-5.74,-1.32,0.74
1,1545981093873,-6.23,-2.18,2.07
1,1545981093873,-5.87,-2.08,0.76
1,1545981093873,-5.48,-2.01,-0.46
1,1545981093874,-5.74,-2.34,-1.05
1,1545981093874,-5.91,-1.46,-1.3
1,1545981093874,-7.4,-2.55,0.01
1,1545981093875,-7.67,-2.34,0.09
1,1545981093935,-8.18,-1.87,-0.11
1,1545981093955,-8.65,-1.95,0.46
1,1545981093956,-8.53,-2.59,0.01
1,1545981093956,-8.43,-3.18,0.09
1,1545981093957,-8.63,-3.1,-0.27
1,1545981093957,-8.67,-1.93,-0.82
1,1545981093958,-8.49,-2.12,-1.81
1,1545981093959,-8.75,-1.67,-1.85
1,1545981094012,-9.41,-1.77,-1.09
1,1545981094013,-9.84,-2.32,-0.13
1,1545981094014,-10.25,-2.42,0.25
1,1545981094016,-10.17,-3.0,0.23
1,1545981094017,-10.13,-3.28,-0.46
1,1545981094018,-10.35,-2.59,-0.33
1,1545981094019,-9.58,-2.01,-1.87
1,1545981094089,-9.43,-1.64,-2.3
1,1545981094090,-9.72,-1.5,-1.81
1,1545981094091,-10.03,-1.66,-0.83
1,1545981094091,-9.49,-2.2,-1.71
1,1545981094092,-9.84,-2.44,-0.93
1,1545981094093,-9.98,-3.0,-0.64
1,1545981094094,-9.84,-3.14,-0.93
1,1545981094094,-10.27,-2.67,-0.33
1,1545981094180,-10.11,-2.89,-0.39
1,1545981094182,-9.43,-2.83,-1.58
1,1545981094183,-9.33,-2.32,-1.77
1,1545981094184,-9.02,-2.36,-1.79
1,1545981094185,-9.04,-2.18,-1.85
1,1545981094186,-8.98,-2.28,-1.48
1,1545981094186,-8.94,-2.63,-1.3
1,1545981094237,-8.92,-2.77,-0.95
1,1545981094239,-8.8,-3.12,-0.42
1,1545981094239,-8.33,-3.33,-0.66
1,1545981094240,-7.87,-3.14,-1.13
1,1545981094240,-7.67,-2.48,-0.78
1,1545981094241,-6.44,-2.61,-0.78
1,1545981094242,-5.54,-1.34,-1.62
1,1545981094243,-4.25,-1.64,-2.91
1,1545981094312,-4.86,-1.67,-1.5
1,1545981094314,-5.27,-1.44,-0.95
1,1545981094316,-5.66,-1.23,0.66
1,1545981094317,-5.42,-1.09,1.38
1,1545981094318,-3.8,-2.05,1.64
1,1545981094319,-2.81,-2.4,-0.01
1,1545981094320,-2.44,-2.36,-2.57
1,1545981094389,-2.4,-2.14,-4.92
1,1545981094390,-8.04,-2.07,-4.53
1,1545981094391,-9.06,2.81,0.8
1,1545981094392,-6.87,2.73,3.98
1,1545981094393,-6.19,-2.98,4.19
1,1545981094394,-6.46,-4.02,1.32
1,1545981094395,-4.92,-1.85,-0.91
1,1545981094396,-2.98,-2.34,-7.63
1,1545981094479,-4.49,-3.71,-8.0
1,1545981094480,-7.94,-0.46,-3.63
1,1545981094481,-7.1,-1.87,-4.82
1,1545981094482,-9.17,-2.57,-0.27
1,1545981094482,-11.54,-4.31,2.2
1,1545981094483,-11.34,-5.99,1.69
1,1545981094483,-8.75,-4.76,0.97
1,1545981094536,-7.53,-5.27,-3.33
1,1545981094537,-6.6,-5.39,-7.65
1,1545981094537,-7.2,-3.82,-3.49
1,1545981094537,-11.15,-3.78,-1.36
1,1545981094538,-12.08,-5.09,-1.95
1,1545981094538,-11.66,-6.09,-0.21
1,1545981094539,-10.33,-6.85,0.41
1,1545981094539,-10.0,-6.5,-1.23
1,1545981094611,-10.23,-5.48,-1.6
1,1545981094613,-10.0,-5.03,-2.75
1,1545981094614,-9.7,-5.07,-2.71
1,1545981094615,-9.74,-6.01,-1.79
1,1545981094616,-10.93,-5.33,-0.97
1,1545981094617,-11.71,-5.95,-0.21
1,1545981094618,-11.81,-6.6,0.05
1,1545981094688,-11.05,-6.6,1.03
1,1545981094689,-10.01,-6.34,-0.85
1,1545981094690,-8.75,-6.58,-2.63
1,1545981094690,-9.21,-5.8,-1.48
1,1545981094691,-12.59,-4.29,-0.97
1,1545981094691,-11.91,-5.27,-1.09
1,1545981094692,-11.21,-6.01,-0.01
1,1545981094692,-11.21,-6.52,0.19
1,1545981094761,-11.03,-5.25,0.23
1,1545981094763,-10.56,-5.39,0.62
1,1545981094763,-10.13,-5.93,0.17
1,1545981094764,-9.96,-5.5,-0.7
1,1545981094765,-10.05,-5.09,-0.27
1,1545981094765,-10.41,-5.8,0.33
1,1545981094766,-10.87,-5.62,0.46
1,1545981094838,-11.19,-5.54,0.76
1,1545981094839,-11.34,-5.85,1.23
1,1545981094839,-11.36,-5.72,1.19
1,1545981094840,-11.05,-5.48,0.74
1,1545981094840,-10.97,-5.07,0.46
1,1545981094841,-11.32,-5.21,0.54
1,1545981094841,-11.19,-5.03,0.0
1,1545981094842,-11.32,-5.05,0.29
1,1545981094916,-11.66,-5.48,0.91
1,1545981094917,-12.07,-5.82,1.23
1,1545981094917,-12.44,-5.21,1.26
1,1545981094918,-12.65,-5.56,1.32
1,1545981094918,-12.69,-5.93,1.19
1,1545981094918,-12.69,-5.0,0.85
1,1545981094919,-12.79,-5.62,1.17
1,1545981094988,-12.79,-5.85,1.23
1,1545981094989,-12.92,-5.5,1.28
1,1545981094990,-13.18,-6.09,1.42
1,1545981094990,-13.37,-6.23,1.48
1,1545981094991,-13.59,-5.66,1.26
1,1545981094991,-13.78,-6.03,1.26
1,1545981094991,-14.0,-6.46,1.23
1,1545981094992,-14.31,-6.48,1.4
1,1545981095062,-14.64,-6.67,1.6
1,1545981095067,-14.72,-6.91,1.5
1,1545981095067,-15.0,-7.22,1.6
1,1545981095068,-15.05,-6.64,1.28
1,1545981095069,-15.01,-6.48,1.09
1,1545981095069,-15.13,-7.32,1.19
1,1545981095070,-15.66,-6.95,1.56
1,1545981095133,-15.42,-7.3,1.3
1,1545981095137,-15.17,-7.26,1.15
1,1545981095137,-15.27,-7.46,1.3
1,1545981095138,-15.15,-7.38,1.93
1,1545981095138,-14.86,-6.95,1.69
1,1545981095139,-14.37,-7.03,1.56
1,1545981095139,-14.04,-7.5,1.6
1,1545981095140,-13.55,-7.18,1.32
1,1545981095210,-13.2,-7.08,1.3
1,1545981095234,-13.26,-7.2,1.67
1,1545981095235,-13.22,-6.73,1.69
1,1545981095235,-12.61,-6.99,1.77
1,1545981095235,-12.12,-6.89,1.38
1,1545981095236,-11.85,-6.67,0.95
1,1545981095236,-11.79,-6.75,1.15
1,1545981095286,-11.46,-7.32,1.36
1,1545981095301,-11.67,-6.71,1.4
1,1545981095301,-11.64,-5.78,1.15
1,1545981095301,-11.25,-6.52,1.21
1,1545981095302,-10.66,-5.91,0.62
1,1545981095302,-10.42,-5.74,0.6
1,1545981095302,-10.42,-6.3,0.58
1,1545981095302,-10.0,-6.5,-0.44
1,1545981095360,-11.09,-5.01,1.23
1,1545981095361,-10.23,-6.97,0.83
1,1545981095361,-10.13,-6.07,0.68
1,1545981095361,-10.56,-4.14,0.46
1,1545981095362,-9.25,-5.64,0.29
1,1545981095390,-10.23,-4.12,0.62
1,1545981095391,-9.62,-4.9,0.8
1,1545981095437,-8.47,-5.35,-0.85
1,1545981095452,-9.58,-3.61,0.74
1,1545981095452,-8.82,-4.27,1.11
1,1545981095452,-8.32,-4.16,0.82
1,1545981095453,-8.02,-4.33,0.68
1,1545981095453,-6.93,-3.0,-1.71
1,1545981095453,-7.3,-2.77,0.01
1,1545981095453,-7.42,-2.87,0.56
1,1545981095510,-7.89,-3.06,0.68
1,1545981095510,-7.14,-2.32,1.44
1,1545981095511,-6.38,-3.88,1.17
1,1545981095511,-6.79,-3.16,1.11
1,1545981095511,-6.54,-1.89,0.62
1,1545981095511,-6.01,-0.6,1.46
1,1545981095512,-5.52,-0.95,0.03
1,1545981095585,-5.33,-2.42,0.11
1,1545981095586,-4.6,-0.95,1.03
1,1545981095586,-4.29,-2.83,0.78
1,1545981095587,-4.0,-2.08,1.25
1,1545981095587,-3.92,-1.66,1.05
1,1545981095611,-3.65,-1.25,0.5
1,1545981095612,-2.81,-3.59,-0.44
1,1545981095613,-3.24,-1.25,-1.03
1,1545981095662,-3.49,-0.87,-0.64
1,1545981095663,-4.45,-2.28,0.25
1,1545981095665,-4.94,-2.01,-0.64
1,1545981095666,-5.37,-2.69,-0.03
1,1545981095667,-5.93,-3.76,-0.25
1,1545981095668,-6.69,-2.73,-1.09
1,1545981095669,-7.44,-2.69,0.13
1,1545981095734,-7.65,-1.79,-0.19
1,1545981095735,-8.22,-1.07,-0.29
1,1545981095736,-8.94,-1.67,0.6
1,1545981095736,-9.08,-1.91,0.03
1,1545981095736,-9.9,-1.3,0.74
1,1545981095737,-9.53,-1.95,-0.07
1,1545981095737,-10.09,-2.98,-0.5
1,1545981095738,-10.76,-1.99,-0.15
1,1545981095809,-10.76,-2.07,-0.27
1,1545981095810,-10.74,-2.36,-0.66
1,1545981095811,-10.87,-1.77,-0.6
1,1545981095811,-10.83,-1.97,-0.56
1,1545981095811,-10.62,-2.55,-0.91
1,1545981095812,-10.6,-2.36,-1.13
1,1545981095812,-10.89,-2.46,-0.74
1,1545981095885,-10.48,-1.58,-0.6
1,1545981095885,-10.03,-1.77,-1.01
1,1545981095886,-9.82,-1.81,-1.32
1,1545981095886,-9.64,-2.24,-1.23
1,1545981095886,-9.39,-1.75,-0.74
1,1545981095887,-9.02,-2.26,-1.13
1,1545981095887,-9.02,-2.36,-1.19
1,1545981095887,-9.12,-2.05,-1.11
1,1545981095964,-8.88,-2.4,-1.01
1,1545981095965,-8.8,-2.16,-1.26
1,1545981095965,-8.69,-2.42,-1.25
1,1545981095966,-8.59,-2.16,-1.52
1,1545981095994,-8.53,-2.28,-0.91
1,1545981095994,-8.18,-2.59,-1.4
1,1545981095995,-7.98,-3.08,-1.87
1,1545981096036,-8.2,-2.92,-1.11
1,1545981096037,-7.59,-2.46,-0.66
1,1545981096056,-7.03,-2.87,-0.83
1,1545981096056,-6.42,-2.08,-0.95
1,1545981096056,-5.6,-1.89,-1.25
1,1545981096057,-4.35,-3.35,-3.18
1,1545981096057,-5.15,-1.83,-1.77
1,1545981096057,-5.01,-1.4,-1.58
1,1545981096110,-5.01,-3.26,-1.01
1,1545981096110,-5.33,-1.13,1.21
1,1545981096111,-4.49,-0.23,0.78
1,1545981096111,-3.71,-1.09,-0.42
1,1545981096111,-3.3,-1.81,-1.58
1,1545981096111,-3.1,-4.14,-6.25
1,1545981096112,-5.25,-3.88,-4.0
1,1545981096187,-6.23,-0.56,0.09
1,1545981096188,-4.82,-0.03,1.3
1,1545981096188,-5.87,-2.75,2.18
1,1545981096188,-5.01,-2.69,0.68
1,1545981096189,-4.43,-2.44,-2.14
1,1545981096189,-4.62,-2.24,-3.39
1,1545981096190,-4.88,-3.51,-5.07
1,1545981096211,-6.38,-2.57,-2.28
1,1545981096264,-7.71,-2.05,0.44
1,1545981096265,-7.87,-3.53,0.93
1,1545981096265,-8.51,-4.19,0.41
1,1545981096265,-8.86,-3.1,-1.03
1,1545981096265,-8.69,-1.85,-1.95
1,1545981096266,-8.26,-1.89,-1.52
1,1545981096266,-7.1,-5.29,-4.88
1,1545981096334,-8.14,-4.57,-1.4
1,1545981096341,-9.64,-3.96,1.26
1,1545981096342,-10.83,-5.01,0.66
1,1545981096342,-10.95,-5.66,-0.46
1,1545981096342,-10.13,-5.76,-0.62
1,1545981096342,-9.98,-5.44,-1.44
1,1545981096342,-9.88,-4.8,-1.4
1,1545981096343,-8.61,-7.12,-2.18
1,1545981096410,-8.76,-6.97,-2.65
1,1545981096412,-9.74,-5.82,-1.56
1,1545981096414,-11.09,-5.09,-0.41
1,1545981096416,-12.92,-7.83,0.33
1,1545981096417,-12.03,-7.57,-0.03
1,1545981096418,-10.82,-6.09,-0.91
1,1545981096419,-10.78,-5.37,-0.42
1,1545981096487,-10.66,-6.07,0.35
1,1545981096512,-9.62,-6.46,0.15
1,1545981096512,-9.35,-5.56,-0.03
1,1545981096512,-9.9,-4.92,0.39
1,1545981096513,-10.85,-6.79,0.56
1,1545981096513,-10.11,-7.16,0.72
1,1545981096514,-9.88,-7.01,1.36
1,1545981096514,-10.95,-6.62,1.54
1,1545981096571,-10.52,-6.3,1.44
1,1545981096572,-10.03,-6.25,1.79
1,1545981096572,-10.25,-6.25,1.56
1,1545981096573,-10.11,-5.09,1.09
1,1545981096573,-10.35,-6.09,1.32
1,1545981096574,-10.52,-6.13,1.05
1,1545981096574,-10.35,-5.35,1.09
1,1545981096632,-10.93,-6.19,2.08
1,1545981096632,-12.14,-6.67,3.69
1,1545981096632,-12.16,-6.3,4.02
1,1545981096644,-12.55,-6.5,4.27
1,1545981096645,-12.2,-5.76,3.47
1,1545981096645,-11.73,-5.66,2.24
1,1545981096646,-12.12,-5.78,2.79
1,1545981096646,-12.24,-5.42,3.33
1,1545981096709,-12.36,-5.87,3.9
1,1545981096711,-13.02,-5.74,4.02
1,1545981096712,-13.43,-5.82,4.04
1,1545981096713,-13.61,-6.15,3.92
1,1545981096714,-13.84,-5.56,3.28
1,1545981096715,-14.25,-5.74,3.1
1,1545981096716,-14.55,-6.34,3.88
1,1545981096792,-14.43,-5.76,3.9
1,1545981096793,-14.57,-5.56,3.35
1,1545981096793,-14.62,-5.7,3.41
1,1545981096794,-14.92,-5.87,3.41
1,1545981096795,-14.64,-5.01,2.75
1,1545981096796,-14.92,-5.87,3.33
1,1545981096796,-14.64,-5.56,3.33
1,1545981096796,-14.86,-5.8,3.75
1,1545981096860,-14.62,-5.44,3.43
1,1545981096861,-14.7,-5.66,3.22
1,1545981096863,-14.53,-5.8,3.35
1,1545981096864,-14.66,-5.85,3.61
1,1545981096867,-14.78,-5.54,3.39
1,1545981096867,-14.78,-5.64,2.91
1,1545981096868,-14.7,-5.99,2.57
1,1545981097017,-14.88,-6.4,2.75
1,1545981097019,-15.0,-6.56,3.18
1,1545981097020,-15.19,-6.4,2.81
1,1545981097021,-14.82,-7.14,3.06
1,1545981097022,-14.9,-6.44,2.44
1,1545981097090,-14.72,-5.68,2.24
1,1545981097092,-14.27,-6.36,2.1
1,1545981097092,-13.88,-7.07,2.44
1,1545981097093,-13.57,-6.46,1.79
1,1545981097094,-13.1,-6.11,1.25
1,1545981097095,-11.34,-5.56,-0.21
1,1545981097095,-11.66,-5.7,0.0
1,1545981097115,-11.67,-5.35,0.07
1,1545981097161,-11.01,-6.01,-0.03
1,1545981097161,-9.96,-4.21,-0.85
1,1545981097161,-8.59,-4.49,-2.01
1,1545981097162,-9.47,-3.8,-0.93
1,1545981097162,-9.74,-4.53,-0.87
1,1545981097162,-8.69,-5.09,-0.66
1,1545981097162,-8.65,-5.05,0.21
1,1545981097162,-7.22,-5.7,-0.99
1,1545981097235,-6.89,-3.67,-1.25
1,1545981097255,-8.2,-1.28,0.42
1,1545981097256,-5.52,-3.65,-1.34
1,1545981097257,-6.6,-3.14,-0.05
1,1545981097257,-6.93,-1.93,0.07
1,1545981097258,-6.11,-3.41,-1.38
1,1545981097258,-5.93,-4.14,-1.6
1,1545981097259,-6.64,-3.71,-1.23
1,1545981097311,-7.28,-1.32,-0.44
1,1545981097312,-6.97,-0.62,1.28
1,1545981097313,-6.46,-3.67,0.05
1,1545981097314,-5.99,-1.75,-0.52
1,1545981097314,-5.89,-2.01,0.29
1,1545981097314,-5.95,-2.71,-0.85
1,1545981097315,-5.85,-0.25,-0.93
1,1545981097315,-5.27,-0.8,0.03
1,1545981097385,-5.35,-1.67,-1.3
1,1545981097402,-5.09,-1.11,-0.91
1,1545981097403,-5.17,-1.19,-0.64
1,1545981097403,-5.29,-2.61,-0.09
1,1545981097403,-5.25,-1.99,0.91
1,1545981097403,-4.96,-0.21,-0.93
1,1545981097404,-5.17,-2.89,0.13
1,1545981097404,-4.98,-0.52,-1.11
1,1545981097457,-5.29,-1.17,-0.78
1,1545981097458,-5.31,-3.12,-0.42
1,1545981097468,-6.32,-1.13,0.76
1,1545981097468,-5.78,-2.3,0.11
1,1545981097469,-5.74,-3.14,-1.25
1,1545981097469,-6.36,-1.54,-0.58
1,1545981097469,-6.26,-1.25,-1.01
1,1545981097537,-6.58,-1.77,-2.08
1,1545981097551,-7.46,-1.13,-1.21
1,1545981097551,-7.94,-1.05,-1.26
1,1545981097551,-9.0,-1.17,-0.6
1,1545981097552,-9.53,-1.73,-0.42
1,1545981097552,-9.88,-2.01,-0.19
1,1545981097552,-10.19,-1.79,-0.17
1,1545981097552,-10.31,-1.71,-0.44
1,1545981097608,-9.84,-2.38,-1.95
1,1545981097618,-10.17,-0.74,-2.38
1,1545981097619,-10.74,-1.07,-1.19
1,1545981097619,-10.15,-2.75,-1.48
1,1545981097619,-10.83,-1.32,-0.56
1,1545981097619,-10.48,-1.85,-1.05
1,1545981097619,-10.23,-2.4,-1.38
1,1545981097685,-10.17,-2.01,-1.32
1,1545981097706,-9.76,-2.16,-1.23
1,1545981097707,-9.6,-1.91,-1.28
1,1545981097707,-9.31,-1.79,-0.97
1,1545981097707,-9.06,-1.38,-1.01
1,1545981097708,-8.06,-1.85,-1.28
1,1545981097708,-7.81,-1.46,-1.09
1,1545981097708,-7.28,-1.77,-0.87
1,1545981097760,-6.6,-2.48,-1.56
1,1545981097762,-5.6,-2.32,-1.87
1,1545981097763,-5.07,-3.24,-3.43
1,1545981097764,-5.85,-2.16,-2.75
1,1545981097765,-6.71,-1.03,-0.5
1,1545981097766,-5.93,-1.17,0.48
1,1545981097767,-5.54,-1.34,0.7
1,1545981097832,-4.66,-1.4,1.01
1,1545981097833,-3.69,-1.79,0.66
1,1545981097834,-3.06,-3.2,-3.65
1,1545981097834,-4.23,-4.16,-5.03
1,1545981097834,-5.48,-2.12,-3.59
1,1545981097835,-5.85,1.32,-0.33
1,1545981097835,-5.11,-1.15,3.02
1,1545981097910,-4.62,-2.48,1.97
1,1545981097912,-4.49,-1.83,1.07
1,1545981097913,-4.06,-1.01,-0.89
1,1545981097914,-3.8,-4.39,-8.88
1,1545981097915,-6.07,-4.19,-6.52
1,1545981097916,-8.26,0.13,-0.99
1,1545981097917,-8.84,2.3,2.24
1,1545981097918,-9.9,-3.75,1.44
1,1545981097990,-10.62,-2.73,-0.11
1,1545981097993,-9.68,-0.68,-1.01
1,1545981097995,-7.55,-0.99,-5.09
1,1545981097996,-5.58,-4.06,-8.12
1,1545981097997,-7.48,-4.02,-3.28
1,1545981097999,-11.26,-4.08,1.11
1,1545981098000,-13.51,-6.13,0.66
1,1545981098062,-11.44,-6.77,0.48
1,1545981098063,-11.62,-6.36,0.58
1,1545981098063,-12.79,-5.93,0.97
1,1545981098064,-12.51,-6.11,-0.68
1,1545981098064,-8.14,-4.25,-5.46
1,1545981098064,-8.41,-4.25,-2.75
1,1545981098065,-9.84,-4.86,-1.48
1,1545981098065,-10.68,-5.37,-4.1
1,1545981098136,-10.58,-4.37,-0.62
1,1545981098136,-10.37,-4.76,-0.15
1,1545981098137,-11.01,-6.4,-0.48
1,1545981098137,-11.83,-6.5,0.11
1,1545981098138,-9.66,-6.21,-0.46
1,1545981098138,-10.68,-4.29,-0.99
1,1545981098139,-11.03,-4.06,-1.67
1,1545981098139,-10.0,-5.42,-1.67
1,1545981098210,-9.86,-5.27,-2.69
1,1545981098212,-10.56,-4.62,-1.38
1,1545981098213,-11.42,-5.05,0.58
1,1545981098213,-11.79,-6.03,1.13
1,1545981098214,-10.66,-5.7,1.23
1,1545981098214,-10.99,-5.44,0.82
1,1545981098215,-10.99,-4.78,-1.11
1,1545981098366,-9.98,-4.96,-1.28
1,1545981098368,-10.83,-5.11,-1.36
1,1545981098370,-11.03,-3.84,-1.62
1,1545981098371,-10.48,-4.45,-0.41
1,1545981098372,-10.72,-5.95,1.09
1,1545981098435,-10.93,-4.98,1.07
1,1545981098457,-10.68,-5.95,1.21
1,1545981098458,-10.97,-6.38,1.19
1,1545981098460,-10.6,-4.92,-0.01
1,1545981098461,-11.77,-5.01,0.5
1,1545981098461,-11.73,-4.74,0.09
1,1545981098462,-11.99,-4.04,-0.35
1,1545981098462,-12.2,-4.53,0.37
1,1545981098508,-12.24,-5.25,0.76
1,1545981098523,-12.63,-5.11,0.48
1,1545981098524,-12.85,-5.17,0.37
1,1545981098525,-13.06,-5.07,0.39
1,1545981098525,-13.76,-5.5,1.17
1,1545981098525,-13.61,-5.39,0.56
1,1545981098526,-13.69,-4.98,0.33
1,1545981098526,-13.78,-5.7,0.72
1,1545981098585,-14.1,-5.33,0.72
1,1545981098586,-14.33,-5.58,0.93
1,1545981098587,-14.57,-5.68,1.13
1,1545981098587,-14.78,-5.58,1.21
1,1545981098588,-14.7,-5.44,1.15
1,1545981098588,-14.66,-5.62,1.15
1,1545981098588,-14.86,-5.62,1.26
1,1545981098589,-14.82,-5.52,1.3
1,1545981098660,-14.64,-5.91,1.19
1,1545981098661,-14.82,-5.7,1.21
1,1545981098662,-15.0,-6.09,1.26
1,1545981098662,-15.03,-5.87,1.21
1,1545981098663,-15.11,-5.74,1.21
1,1545981098663,-15.17,-6.48,1.26
1,1545981098664,-15.29,-6.26,1.26
1,1545981098664,-15.31,-5.82,1.23
1,1545981098734,-15.25,-6.66,1.28
1,1545981098735,-15.27,-6.42,1.28
1,1545981098736,-14.96,-5.64,1.05
1,1545981098736,-14.84,-6.05,0.99
1,1545981098737,-14.06,-6.13,1.01
1,1545981098737,-13.84,-6.07,0.54
1,1545981098737,-13.65,-6.5,0.56
1,1545981098738,-13.08,-6.52,0.68
1,1545981098888,-13.2,-6.54,0.85
1,1545981098889,-12.91,-6.13,0.83
1,1545981098891,-12.44,-6.11,0.72
1,1545981098891,-12.3,-6.09,0.33
1,1545981098893,-11.5,-6.44,-0.19
1,1545981098960,-11.26,-5.83,-0.13
1,1545981098961,-11.54,-5.48,0.03
1,1545981098961,-11.42,-6.3,0.25
1,1545981098962,-10.89,-4.35,0.13
1,1545981098977,-10.95,-4.55,0.62
1,1545981098978,-8.94,-4.64,0.42
1,1545981098978,-7.92,-5.17,0.13
1,1545981098979,-8.69,-3.51,-0.46
1,1545981099034,-7.51,-4.66,-1.67
1,1545981099034,-8.0,-3.76,-0.01
1,1545981099035,-7.5,-3.49,-0.68
1,1545981099035,-7.07,-5.05,-1.71
1,1545981099044,-6.97,-4.06,-1.62
1,1545981099045,-7.12,-1.89,-0.46
1,1545981099045,-7.03,-2.96,1.46
1,1545981099045,-6.6,-4.57,0.82
1,1545981099110,-6.54,-1.54,2.18
1,1545981099111,-5.62,-1.75,0.25
1,1545981099111,-5.42,-4.55,-0.48
1,1545981099112,-5.33,-0.62,1.13
1,1545981099112,-4.92,-2.48,-0.56
1,1545981099112,-5.03,-3.49,0.89
1,1545981099112,-4.66,-1.79,1.28
1,1545981099112,-4.06,-3.2,0.05
1,1545981099185,-3.65,-1.07,0.11
1,1545981099187,-3.63,-0.97,-0.46
1,1545981099189,-3.92,-1.83,0.09
1,1545981099190,-4.37,-1.71,0.6
1,1545981099191,-4.57,-3.22,0.46
1,1545981099192,-4.57,-2.65,0.44
1,1545981099193,-4.78,-0.62,-0.91
1,1545981099260,-5.91,-1.38,-0.52
1,1545981099280,-6.52,-2.08,-0.6
1,1545981099281,-6.6,-1.91,-0.44
1,1545981099281,-7.5,-2.28,0.76
1,1545981099281,-7.44,-3.28,0.15
1,1545981099282,-7.4,-3.04,-0.13
1,1545981099282,-7.91,-1.73,0.13
1,1545981099283,-7.96,-1.13,-0.11
1,1545981099335,-7.83,-1.75,-1.79
1,1545981099336,-8.18,-1.17,-1.38
1,1545981099336,-8.76,-1.81,-0.11
1,1545981099336,-9.23,-2.16,-0.03
1,1545981099336,-9.8,-2.3,-0.66
1,1545981099337,-10.23,-2.26,0.15
1,1545981099337,-10.0,-2.48,-0.42
1,1545981099408,-10.09,-3.02,-0.66
1,1545981099434,-10.09,-2.61,-1.42
1,1545981099436,-10.15,-1.93,-1.4
1,1545981099436,-10.11,-1.52,-1.46
1,1545981099437,-10.15,-2.51,-1.58
1,1545981099437,-10.5,-1.69,-0.62
1,1545981099438,-10.33,-2.03,-0.83
1,1545981099438,-10.23,-2.05,-0.82
1,1545981099490,-9.98,-2.48,-1.09
1,1545981099492,-9.68,-2.14,-1.3
1,1545981099493,-9.7,-2.07,-0.87
1,1545981099494,-9.33,-2.28,-1.07
1,1545981099496,-9.06,-2.44,-1.48
1,1545981099496,-9.06,-1.95,-1.26
1,1545981099497,-9.02,-2.03,-0.91
1,1545981099557,-8.82,-1.97,-0.89
1,1545981099558,-8.63,-2.24,-0.66
1,1545981099566,-7.69,-2.77,-1.44
1,1545981099568,-7.12,-2.81,-1.6
1,1545981099568,-6.66,-2.73,-1.99
1,1545981099569,-6.36,-3.04,-2.91
1,1545981099570,-7.26,-1.03,-1.13
1,1545981099570,-7.07,-1.21,-0.72
1,1545981099635,-6.75,-1.79,-0.64
1,1545981099636,-6.42,-2.01,-0.44
1,1545981099650,-4.72,-2.71,-1.11
1,1545981099650,-4.04,-3.98,-2.87
1,1545981099651,-4.88,-3.28,-1.99
1,1545981099651,-5.33,-1.23,-2.03
1,1545981099651,-5.93,-1.11,-2.24
1,1545981099708,-6.83,-0.62,0.21
1,1545981099709,-6.93,-1.66,1.69
1,1545981099716,-5.52,-2.42,1.32
1,1545981099717,-2.89,-3.04,-2.63
1,1545981099717,-3.43,-4.14,-9.23
1,1545981099717,-7.57,-1.42,-7.05
1,1545981099717,-8.67,3.02,-2.42
1,1545981099717,-7.75,-4.68,2.08
1,1545981099782,-7.75,-5.85,2.3
1,1545981099783,-6.83,-3.69,1.95
1,1545981099806,-6.64,-2.26,1.46
1,1545981099807,-6.26,-2.67,-2.4
1,1545981099808,-4.9,-3.71,-8.69
1,1545981099809,-5.39,-3.63,-9.82
1,1545981099809,-8.0,-0.33,-3.98
1,1545981099862,-8.88,-2.85,0.31
1,1545981099863,-8.98,-6.21,0.5
1,1545981099864,-9.45,-5.11,0.62
1,1545981099865,-8.78,-3.71,0.25
1,1545981099865,-7.91,-4.74,-3.78
1,1545981099866,-8.45,-4.25,-5.07
1,1545981099867,-8.73,-3.35,-5.87
1,1545981099867,-9.23,-3.2,-5.78
1,1545981099934,-12.36,-4.7,0.13
1,1545981099934,-12.08,-6.52,0.68
1,1545981099934,-11.15,-7.32,0.15
1,1545981099936,-10.66,-6.5,-0.42
1,1545981099936,-9.6,-5.29,-3.92
1,1545981099937,-9.57,-5.29,-4.53
1,1545981100010,-9.76,-5.46,-3.57
1,1545981100011,-10.83,-5.54,-2.2
1,1545981100019,-12.69,-5.01,-1.03
1,1545981100020,-11.03,-6.07,-0.72
1,1545981100020,-10.8,-6.54,-0.11
1,1545981100021,-11.75,-5.89,-0.15
1,1545981100022,-10.78,-4.8,-1.48
1,1545981100023,-10.11,-4.78,-1.99
1,1545981100166,-10.0,-5.29,-2.08
1,1545981100168,-9.84,-5.46,-1.11
1,1545981100169,-9.94,-4.86,-0.5
1,1545981100170,-10.46,-4.74,-0.37
1,1545981100171,-10.56,-5.41,-0.17
1,1545981100239,-10.29,-5.89,0.25
1,1545981100240,-11.54,-5.41,-0.13
1,1545981100240,-11.15,-5.15,-0.66
1,1545981100240,-10.93,-5.72,-0.42
1,1545981100241,-11.19,-5.91,-0.15
1,1545981100241,-13.06,-5.6,-0.03
1,1545981100241,-13.22,-5.42,-0.35
1,1545981100242,-13.18,-5.58,-0.25
1,1545981100313,-13.12,-5.37,-0.21
1,1545981100314,-13.26,-5.89,-0.48
1,1545981100314,-13.59,-6.21,-0.13
1,1545981100314,-13.78,-5.54,-0.33
1,1545981100314,-13.92,-5.78,-0.23
1,1545981100315,-14.14,-6.03,0.13
1,1545981100315,-14.16,-5.42,0.15
1,1545981100316,-14.08,-5.7,0.05
1,1545981100384,-14.02,-5.87,-0.01
1,1545981100412,-13.9,-5.83,-0.27
1,1545981100414,-13.84,-5.85,-0.29
1,1545981100414,-14.06,-6.15,0.29
1,1545981100415,-14.16,-5.76,0.33
1,1545981100416,-13.98,-6.07,0.0
1,1545981100417,-14.02,-6.05,-0.07
1,1545981100417,-14.27,-5.72,-0.13
1,1545981100462,-14.06,-6.91,-0.64
1,1545981100462,-14.84,-6.58,-0.05
1,1545981100463,-15.15,-5.07,0.25
1,1545981100463,-14.62,-5.93,0.27
1,1545981100464,-14.33,-7.5,-0.23
1,1545981100491,-14.41,-6.69,-0.07
1,1545981100491,-14.43,-6.5,-0.19
1,1545981100492,-14.29,-6.77,-0.05
1,1545981100533,-14.19,-7.34,-0.17
1,1545981100539,-13.78,-6.62,-0.74
1,1545981100539,-13.51,-7.28,-0.6
1,1545981100539,-13.47,-7.91,-0.5
1,1545981100539,-13.32,-6.89,-0.56
1,1545981100539,-13.61,-7.08,0.19
1,1545981100540,-13.12,-7.87,-0.33
1,1545981100608,-12.26,-7.73,-0.82
1,1545981100610,-13.02,-6.25,-0.01
1,1545981100610,-12.73,-6.95,-0.25
1,1545981100610,-12.08,-7.12,-0.72
1,1545981100611,-11.42,-6.4,-0.7
1,1545981100611,-10.89,-5.95,-0.93
1,1545981100611,-10.72,-6.34,-1.23
1,1545981100611,-10.72,-5.44,-0.83
1,1545981100686,-10.93,-4.31,-0.83
1,1545981100687,-10.99,-3.69,-0.03
1,1545981100688,-10.39,-5.31,0.42
1,1545981100688,-9.49,-5.62,-0.89
1,1545981100689,-8.67,-3.86,-1.13
1,1545981100689,-9.04,-4.45,-0.15
1,1545981100689,-8.43,-4.98,-2.26
1,1545981100762,-8.53,-3.35,-1.4
1,1545981100763,-9.06,-3.22,0.35
1,1545981100764,-9.1,-3.84,0.52
1,1545981100764,-8.32,-3.69,0.62
1,1545981100775,-8.06,-3.96,-0.95
1,1545981100776,-8.37,-4.39,0.72
1,1545981100776,-7.65,-3.9,0.15
1,1545981100776,-8.45,-3.24,0.64
1,1545981100835,-7.34,-3.14,2.4
1,1545981100870,-6.85,-5.01,1.19
1,1545981100871,-7.05,-3.69,1.03
1,1545981100872,-5.31,-3.51,1.99
1,1545981100872,-4.53,-3.61,2.1
1,1545981100873,-4.43,-1.09,2.38
1,1545981100873,-3.86,-0.44,2.71
1,1545981100915,-2.03,-2.94,1.34
1,1545981100916,-1.99,-1.23,2.07
1,1545981100916,-1.81,-2.77,2.98
1,1545981100917,-1.52,-3.47,2.1
1,1545981100917,-1.13,-2.01,-0.37
1,1545981100917,-1.03,-0.17,-1.38
1,1545981100918,-1.4,-0.27,-1.85
1,1545981100918,-2.57,-2.26,-0.21
1,1545981100984,-3.75,-1.38,1.44
1,1545981100984,-3.88,-2.24,1.17
1,1545981100984,-5.0,-2.28,1.75
1,1545981100984,-5.97,-2.81,2.07
1,1545981100985,-6.83,-1.46,0.09
1,1545981100985,-7.53,-1.89,1.36
1,1545981100985,-8.0,-2.63,0.58
1,1545981101059,-8.65,-1.42,0.17
1,1545981101060,-9.84,-1.93,0.7
1,1545981101061,-10.01,-2.71,-0.48
1,1545981101082,-10.93,-1.89,-0.07
1,1545981101083,-11.25,-2.55,0.19
1,1545981101083,-11.15,-2.98,-1.01
1,1545981101084,-11.17,-3.08,-0.82
1,1545981101084,-11.15,-3.2,-0.31
1,1545981101137,-11.05,-3.67,-0.83
1,1545981101139,-10.8,-3.28,-0.15
1,1545981101139,-10.64,-2.92,-0.46
1,1545981101140,-10.6,-3.1,-0.13
1,1545981101141,-10.44,-2.67,0.27
1,1545981101142,-9.19,-2.44,-1.07
1,1545981101142,-9.14,-2.81,-0.66
1,1545981101207,-9.14,-3.0,0.03
1,1545981101208,-8.96,-3.14,0.01
1,1545981101228,-8.84,-2.87,0.68
1,1545981101229,-8.73,-2.81,0.82
1,1545981101229,-8.35,-2.89,0.29
1,1545981101229,-8.18,-2.71,0.13
1,1545981101229,-7.79,-2.5,-0.5
1,1545981101229,-7.77,-2.65,-0.44
1,1545981101284,-7.89,-2.32,-0.03
1,1545981101284,-7.63,-2.69,-0.03
1,1545981101284,-7.51,-3.28,-1.23
1,1545981101303,-8.32,-2.69,0.31
1,1545981101304,-8.37,-3.28,0.64
1,1545981101304,-8.04,-3.08,0.03
1,1545981101305,-7.83,-2.87,0.35
1,1545981101360,-7.44,-2.32,0.46
1,1545981101362,-6.46,-1.99,-0.11
1,1545981101363,-4.94,-2.69,-1.79
1,1545981101364,-5.09,-4.45,-4.43
1,1545981101365,-7.38,-2.98,-0.89
1,1545981101366,-8.18,-1.15,1.44
1,1545981101367,-7.12,-2.92,1.28
1,1545981101369,-6.09,-2.59,0.76
1,1545981101434,-5.58,-2.85,0.58
1,1545981101435,-4.64,-2.98,-0.05
1,1545981101446,-4.16,-2.57,-0.7
1,1545981101447,-3.92,-4.19,-4.31
1,1545981101447,-5.66,-5.15,-3.69
1,1545981101447,-6.25,-0.7,-1.15
1,1545981101447,-6.93,-0.58,0.07
1,1545981101508,-7.94,-4.37,1.11
1,1545981101532,-7.67,-2.79,0.99
1,1545981101533,-7.3,-3.02,1.17
1,1545981101533,-6.58,-3.9,0.13
1,1545981101534,-7.01,-3.75,-1.19
1,1545981101534,-6.05,-3.47,-2.46
1,1545981101534,-6.26,-3.43,-2.77
1,1545981101535,-7.79,-2.79,-1.34
1,1545981101587,-8.67,-4.66,1.21
1,1545981101600,-8.2,-4.17,1.21
1,1545981101601,-8.08,-3.49,0.8
1,1545981101602,-7.5,-3.76,0.48
1,1545981101603,-7.32,-4.1,-3.1
1,1545981101604,-7.67,-3.53,-2.44
1,1545981101606,-8.24,-3.49,-2.32
1,1545981101658,-9.21,-3.69,-2.12
1,1545981101666,-11.03,-4.84,1.32
1,1545981101667,-9.72,-4.86,0.83
1,1545981101667,-8.82,-4.02,-0.11
1,1545981101667,-9.62,-4.31,0.41
1,1545981101668,-8.76,-4.16,-0.21
1,1545981101668,-8.61,-3.69,-1.83
1,1545981101669,-8.84,-4.0,-2.75
1,1545981101736,-8.98,-4.86,-1.73
1,1545981101737,-10.76,-5.03,0.29
1,1545981101737,-9.96,-5.89,0.66
1,1545981101737,-9.98,-6.21,1.25
1,1545981101737,-11.01,-5.5,1.25
1,1545981101737,-10.05,-5.07,0.27
1,1545981101738,-10.23,-5.48,-0.62
1,1545981101811,-10.64,-4.8,-1.73
1,1545981101814,-10.41,-3.98,-1.83
1,1545981101815,-10.74,-6.01,0.15
1,1545981101816,-11.05,-6.75,0.91
1,1545981101817,-11.44,-7.07,0.91
1,1545981101819,-11.83,-7.12,1.15
1,1545981101820,-11.75,-5.87,0.83
1,1545981101821,-11.4,-6.11,-0.37
1,1545981101888,-11.19,-6.34,-0.91
1,1545981101890,-11.11,-5.83,-1.5
1,1545981101893,-11.77,-5.39,-0.87
1,1545981101894,-11.52,-6.54,0.37
1,1545981101895,-12.42,-7.71,1.09
1,1545981101897,-12.48,-6.79,0.7
1,1545981101898,-11.97,-6.5,0.56
1,1545981101959,-11.48,-6.11,0.25
1,1545981101960,-10.95,-5.74,-0.19
1,1545981101970,-10.95,-5.66,-0.62
1,1545981101971,-11.19,-5.7,-0.35
1,1545981101972,-11.26,-5.42,-0.27
1,1545981101972,-11.54,-5.46,0.35
1,1545981101972,-11.95,-6.01,1.15
1,1545981101973,-12.22,-5.78,1.05
1,1545981102034,-12.18,-5.37,0.66
1,1545981102035,-12.5,-5.31,1.03
1,1545981102035,-12.73,-5.33,1.09
1,1545981102035,-13.16,-4.92,0.64
1,1545981102036,-13.49,-5.56,0.99
1,1545981102037,-13.76,-5.78,1.07
1,1545981102037,-14.29,-5.93,1.15
1,1545981102108,-15.33,-6.03,1.26
1,1545981102110,-15.66,-5.99,1.09
1,1545981102111,-15.6,-5.48,0.48
1,1545981102112,-15.76,-5.8,0.41
1,1545981102112,-15.58,-5.83,0.01
1,1545981102113,-15.87,-5.85,0.44
1,1545981102114,-15.93,-6.13,1.01
1,1545981102115,-15.78,-6.13,0.58
1,1545981102186,-16.21,-6.64,0.85
1,1545981102188,-16.11,-5.99,0.5
1,1545981102188,-15.66,-6.32,-0.31
1,1545981102189,-15.72,-6.58,-0.39
1,1545981102190,-15.64,-6.17,0.5
1,1545981102214,-15.07,-6.73,0.23
1,1545981102215,-15.11,-6.54,-0.01
1,1545981102258,-15.09,-5.89,0.13
1,1545981102266,-14.39,-7.07,-0.99
1,1545981102267,-14.76,-6.66,-0.89
1,1545981102267,-14.57,-5.99,-0.44
1,1545981102267,-14.27,-6.52,-0.5
1,1545981102268,-14.23,-6.3,-0.52
1,1545981102268,-14.47,-5.29,0.17
1,1545981102268,-13.96,-6.25,-0.01
1,1545981102335,-13.43,-7.1,-0.78
1,1545981102336,-12.94,-5.82,-1.15
1,1545981102337,-12.08,-6.89,-2.03
1,1545981102338,-12.32,-6.54,-1.58
1,1545981102339,-13.14,-5.37,-0.31
1,1545981102340,-11.71,-6.62,-0.44
1,1545981102341,-11.38,-5.99,-0.42
1,1545981102412,-11.32,-4.82,-0.7
1,1545981102415,-10.58,-5.31,-1.91
1,1545981102417,-10.46,-4.29,-1.89
1,1545981102418,-10.5,-5.01,-1.69
1,1545981102419,-10.27,-4.72,-0.97
1,1545981102420,-9.92,-4.51,-1.13
1,1545981102421,-9.35,-3.28,0.01
1,1545981102422,-8.67,-5.07,-1.28
1,1545981102484,-8.51,-4.27,-2.08
1,1545981102485,-8.32,-2.94,-1.6
1,1545981102486,-8.82,-3.86,0.89
1,1545981102486,-8.08,-4.41,0.72
1,1545981102487,-7.34,-4.19,0.39
1,1545981102487,-7.36,-2.24,0.13
1,1545981102487,-6.07,-4.43,-1.54
1,1545981102643,-6.85,-2.91,0.21
1,1545981102645,-6.85,-1.15,0.11
1,1545981102646,-7.05,-2.22,0.17
1,1545981102647,-6.36,-3.12,0.46
1,1545981102648,-6.52,-2.28,1.54
1,1545981102711,-6.09,-3.39,1.21
1,1545981102712,-5.66,-2.61,1.09
1,1545981102713,-5.09,-4.16,0.62
1,1545981102713,-4.62,-2.83,-0.01
1,1545981102714,-3.02,-1.34,0.56
1,1545981102714,-2.98,-2.73,-1.07
1,1545981102715,-3.28,-2.91,-1.21
1,1545981102715,-3.69,-2.28,-0.83
1,1545981102785,-4.45,-2.14,-0.54
1,1545981102807,-6.19,-1.93,-0.54
1,1545981102808,-7.73,-1.03,0.31
1,1545981102809,-8.0,-1.71,-0.39
1,1545981102809,-8.47,-1.36,-0.33
1,1545981102810,-8.76,-0.5,0.82
1,1545981102811,-9.29,-0.76,-0.09
1,1545981102811,-9.72,-1.25,0.27
1,1545981102942,-10.29,-1.64,0.58
1,1545981102942,-10.85,-1.21,0.8
1,1545981102943,-10.66,-2.07,0.46
1,1545981102943,-10.54,-2.1,-0.58
1,1545981102944,-10.48,-1.13,-1.19
1,1545981103009,-10.64,-1.46,-0.66
1,1545981103010,-10.35,-1.23,-1.19
1,1545981103011,-10.33,-1.69,-1.3
1,1545981103011,-10.66,-1.54,-0.72
1,1545981103011,-9.47,-1.44,-0.64
1,1545981103012,-9.58,-1.48,-0.13
1,1545981103012,-9.27,-1.54,-0.21
1,1545981103013,-9.12,-1.5,-0.41
1,1545981103086,-9.02,-1.62,-0.39
1,1545981103087,-7.69,-1.5,-0.87
1,1545981103087,-6.83,-2.1,-2.48
1,1545981103087,-7.12,-3.41,-3.08
1,1545981103088,-8.76,-0.99,0.46
1,1545981103088,-8.2,-1.99,-0.31
1,1545981103088,-7.69,-1.73,-0.8
1,1545981103089,-7.3,-1.25,-0.37
1,1545981103161,-6.34,-1.26,0.23
1,1545981103162,-5.25,-0.93,-0.66
1,1545981103163,-4.08,-1.21,-1.97
1,1545981103163,-3.98,-2.61,-3.63
1,1545981103164,-6.48,-0.95,-1.15
1,1545981103177,-6.05,0.35,0.58
1,1545981103178,-5.42,-0.56,1.3
1,1545981103179,-5.15,-1.69,1.38
1,1545981103236,-4.0,-1.07,0.11
1,1545981103237,-4.06,-2.03,-2.07
1,1545981103238,-4.72,-3.37,-2.98
1,1545981103239,-5.29,-3.63,-5.01
1,1545981103240,-8.88,0.64,-0.21
1,1545981103240,-8.12,0.58,3.24
1,1545981103241,-6.87,-2.85,4.02
1,1545981103241,-7.1,-4.72,2.26
1,1545981103310,-6.97,-1.66,-3.49
1,1545981103311,-6.64,-1.75,-4.14
1,1545981103312,-5.82,-2.2,-5.29
1,1545981103312,-6.23,-2.4,-5.99
1,1545981103313,-10.76,-1.75,0.35
1,1545981103313,-11.34,-2.91,2.14
1,1545981103313,-10.8,-5.37,2.07
1,1545981103314,-10.83,-5.89,1.19
1,1545981103385,-8.49,-4.82,-4.25
1,1545981103387,-7.22,-5.11,-7.16
1,1545981103387,-8.3,-4.1,-2.69
1,1545981103388,-10.13,-3.69,-0.19
1,1545981103388,-11.13,-4.66,-1.6
1,1545981103389,-10.64,-4.27,-0.97
1,1545981103389,-10.17,-4.1,-0.7
1,1545981103460,-10.23,-3.94,-1.69
1,1545981103461,-10.03,-4.23,-0.82
1,1545981103461,-9.08,-4.8,-1.26
1,1545981103462,-7.85,-5.03,-3.47
1,1545981103462,-7.91,-4.8,-2.22
1,1545981103463,-10.6,-4.1,-0.5
1,1545981103463,-11.09,-3.78,-0.8
1,1545981103464,-9.66,-3.8,-1.07
1,1545981103536,-8.9,-4.51,-0.54
1,1545981103537,-9.96,-3.0,-1.32
1,1545981103537,-9.17,-4.1,-0.07
1,1545981103538,-9.47,-5.37,0.23
1,1545981103538,-10.42,-4.66,-0.68
1,1545981103539,-9.12,-4.88,-0.48
1,1545981103539,-10.17,-6.46,0.68
1,1545981103609,-11.91,-5.58,-0.01
1,1545981103610,-11.42,-4.64,-0.39
1,1545981103629,-11.01,-5.85,0.82
1,1545981103630,-11.69,-6.32,0.62
1,1545981103631,-11.25,-5.39,0.58
1,1545981103631,-11.54,-5.0,1.15
1,1545981103631,-11.58,-5.44,1.01
1,1545981103685,-11.46,-4.49,0.31
1,1545981103686,-11.85,-4.39,0.5
1,1545981103686,-11.67,-4.84,0.21
1,1545981103687,-11.83,-5.01,1.19
1,1545981103687,-12.12,-4.64,0.99
1,1545981103687,-11.69,-4.06,0.95
1,1545981103687,-12.12,-4.57,1.36
1,1545981103688,-11.85,-4.72,1.21
1,1545981103762,-11.66,-3.57,0.93
1,1545981103763,-11.67,-3.73,1.13
1,1545981103764,-11.91,-4.62,1.19
1,1545981103764,-12.01,-3.94,0.66
1,1545981103765,-12.94,-4.7,1.99
1,1545981103766,-13.12,-4.68,2.1
1,1545981103766,-13.08,-5.05,2.1
1,1545981103767,-13.45,-4.84,1.48
1,1545981103837,-13.28,-4.7,1.05
1,1545981103838,-13.59,-5.01,0.93
1,1545981103839,-14.14,-4.9,1.01
1,1545981103839,-14.58,-5.52,1.25
1,1545981103840,-15.07,-6.03,1.62
1,1545981103840,-15.19,-5.95,1.64
1,1545981103841,-15.35,-6.28,1.34
1,1545981103910,-15.56,-6.28,1.15
1,1545981103911,-15.76,-6.03,1.01
1,1545981103912,-15.74,-5.56,0.27
1,1545981103912,-15.91,-5.7,0.27
1,1545981103912,-16.28,-5.78,1.05
1,1545981103913,-16.17,-6.03,0.83
1,1545981103913,-16.38,-6.11,1.17
1,1545981103987,-16.54,-6.4,1.66
1,1545981103988,-16.17,-5.66,1.17
1,1545981103988,-15.83,-5.78,1.09
1,1545981103989,-15.91,-5.78,1.23
1,1545981103989,-15.7,-5.5,0.76
1,1545981103989,-15.27,-5.31,0.35
1,1545981103990,-15.54,-5.35,1.56
1,1545981103990,-15.5,-5.85,2.28
1,1545981104061,-15.03,-6.05,2.12
1,1545981104063,-14.53,-5.09,1.23
1,1545981104064,-14.04,-5.23,0.83
1,1545981104065,-13.78,-5.6,0.7
1,1545981104066,-13.84,-5.48,0.64
1,1545981104067,-13.98,-4.62,1.19
1,1545981104068,-13.06,-6.05,1.07
1,1545981104144,-13.0,-6.07,1.19
1,1545981104146,-12.96,-5.95,1.34
1,1545981104147,-12.22,-5.82,1.91
1,1545981104148,-11.42,-5.76,1.03
1,1545981104149,-11.15,-5.17,0.39
1,1545981104151,-11.03,-5.15,0.27
1,1545981104155,-10.29,-5.99,0.19
1,1545981104157,-10.72,-4.45,0.99
1,1545981104207,-11.07,-4.47,1.15
1,1545981104215,-10.17,-5.58,0.35
1,1545981104216,-9.78,-5.27,0.41
1,1545981104216,-10.17,-5.41,2.01
1,1545981104217,-8.69,-5.72,1.23
1,1545981104217,-8.47,-4.68,-0.07
1,1545981104217,-8.65,-3.57,-0.35
1,1545981104285,-7.77,-5.0,-1.52
1,1545981104286,-8.61,-4.17,-0.68
1,1545981104286,-9.17,-3.53,1.46
1,1545981104286,-8.86,-4.02,1.95
1,1545981104287,-7.71,-3.82,0.68
1,1545981104288,-7.42,-3.61,0.25
1,1545981104288,-7.59,-4.17,0.41
1,1545981104289,-7.42,-4.68,0.21
1,1545981104358,-7.73,-2.14,0.85
1,1545981104367,-6.58,-4.12,-0.5
1,1545981104368,-7.94,-3.61,1.66
1,1545981104368,-8.06,-0.62,4.08
1,1545981104368,-6.17,-3.02,1.19
1,1545981104368,-6.28,-1.05,0.89
1,1545981104369,-5.78,-1.05,2.81
1,1545981104435,-4.66,-2.01,2.38
1,1545981104436,-3.04,-0.35,0.23
1,1545981104436,-3.55,-1.6,1.95
1,1545981104452,-3.02,-1.05,2.98
1,1545981104453,-2.46,-0.07,1.26
1,1545981104453,-2.05,-1.17,0.41
1,1545981104453,-2.08,-2.2,0.19
1,1545981104453,-1.95,-2.26,-1.01
1,1545981104507,-2.03,-1.56,-2.69
1,1545981104508,-3.22,-1.87,-0.99
1,1545981104509,-3.67,-2.08,-0.46
1,1545981104510,-4.51,-1.79,0.44
1,1545981104510,-5.54,-2.1,1.28
1,1545981104510,-6.54,-2.5,0.33
1,1545981104511,-6.89,-1.48,0.35
1,1545981104586,-6.87,-1.58,-0.62
1,1545981104587,-7.63,-2.42,-0.72
1,1545981104588,-9.21,-0.27,0.95
1,1545981104588,-9.57,-0.8,1.05
1,1545981104589,-9.9,-0.78,0.13
1,1545981104590,-10.76,0.09,-0.05
1,1545981104591,-11.66,-1.36,-0.15
1,1545981104592,-11.81,-1.48,-0.39
1,1545981104665,-11.73,-1.44,-0.72
1,1545981104667,-11.93,-1.26,-0.37
1,1545981104669,-11.34,-2.3,-0.56
1,1545981104670,-11.44,-1.56,-0.15
1,1545981104671,-10.82,-2.1,-0.64
1,1545981104672,-10.5,-1.85,-1.56
1,1545981104673,-10.05,-1.38,-1.71
1,1545981104746,-10.25,-1.3,-1.46
1,1545981104747,-10.0,-1.21,-1.56
1,1545981104748,-9.9,-1.44,-1.89
1,1545981104748,-10.03,-1.6,-1.19
1,1545981104749,-10.01,-1.15,-0.97
1,1545981104750,-9.86,-1.42,-1.13
1,1545981104750,-9.74,-1.56,-1.28
1,1545981104751,-9.6,-1.34,-1.28
1,1545981104807,-9.66,-1.5,-1.09
1,1545981104809,-9.27,-1.58,-1.56
1,1545981104809,-9.23,-1.44,-1.56
1,1545981104809,-8.8,-1.67,-1.75
1,1545981104810,-8.8,-1.62,-1.67
1,1545981104810,-8.61,-1.6,-1.71
1,1545981104810,-8.47,-1.75,-1.69
1,1545981104885,-8.12,-1.64,-1.67
1,1545981104885,-7.67,-1.6,-1.91
1,1545981104886,-6.75,-2.22,-3.59
1,1545981104886,-6.54,-2.55,-5.09
1,1545981104886,-8.32,-0.35,-1.32
1,1545981104886,-8.02,-1.3,-1.21
1,1545981104887,-7.44,-1.48,-1.36
1,1545981104887,-7.03,-1.64,-1.23
1,1545981104962,-5.93,-1.85,-0.8
1,1545981104983,-4.86,-2.14,-0.89
1,1545981104983,-4.0,-2.2,-1.34
1,1545981104984,-3.24,-2.12,-1.42
1,1545981104984,-2.57,-1.62,-1.4
1,1545981104984,-2.24,-1.5,-0.83
1,1545981104985,-1.95,-1.5,-0.21
1,1545981105042,-1.64,-1.54,-0.29
1,1545981105042,-1.05,-0.93,0.41
1,1545981105043,-1.03,-0.31,0.46
1,1545981105043,-1.44,-0.33,0.8
1,1545981105043,-1.66,-0.99,0.8
1,1545981105043,-2.18,-0.78,0.29
1,1545981105044,-2.5,-1.01,0.31
1,1545981105044,-2.32,-1.23,0.42
1,1545981105107,-2.12,-1.4,0.27
1,1545981105108,-2.18,0.37,-0.5
1,1545981105123,-2.16,0.56,-0.46
1,1545981105123,-2.44,-0.58,0.5
1,1545981105124,-3.39,-1.66,1.26
1,1545981105124,-4.68,-1.44,0.07
1,1545981105124,-4.96,-1.19,0.5
1,1545981105184,-5.0,-2.32,1.21
1,1545981105185,-4.94,-4.04,1.23
1,1545981105185,-8.12,-3.0,1.28
1,1545981105185,-8.69,-3.0,1.3
1,1545981105186,-9.49,-3.84,1.62
1,1545981105186,-9.74,-5.56,1.5
1,1545981105186,-10.35,-7.96,3.16
1,1545981105186,-11.21,-7.44,3.76
1,1545981105258,-12.28,-6.21,2.91
1,1545981105332,-12.3,-5.48,3.53
1,1545981105334,-12.22,-7.91,4.57
1,1545981105334,-12.4,-8.28,4.53
1,1545981105335,-12.26,-7.34,4.58
1,1545981105335,-11.99,-6.44,4.84
1,1545981105336,-11.52,-5.64,4.92
1,1545981105336,-11.56,-5.87,5.56
1,1545981105337,-11.23,-6.52,5.58
1,1545981105407,-10.87,-6.97,5.72
1,1545981105410,-10.54,-6.44,5.93
1,1545981105411,-6.91,-7.32,6.93
1,1545981105412,-6.81,-7.36,6.5
1,1545981105414,-6.38,-6.58,7.36
1,1545981105415,-5.03,-5.19,10.35
1,1545981105416,-3.71,-5.03,10.03
1,1545981105417,-3.28,-5.83,9.86
1,1545981105488,-2.94,-6.97,10.6
1,1545981105489,-1.93,-4.29,11.03
1,1545981105489,-1.03,-3.41,10.42
1,1545981105490,-0.15,-2.98,9.55
1,1545981105490,0.97,-3.37,9.41
1,1545981105491,2.05,-0.19,10.09
1,1545981105491,3.2,1.36,9.55
1,1545981105491,3.59,0.13,9.19
1,1545981105557,3.98,-1.01,10.31
1,1545981105557,5.76,-0.48,8.73
1,1545981105557,5.11,-0.56,7.12
1,1545981105577,5.64,-1.48,7.63
1,1545981105578,6.07,-1.15,8.12
1,1545981105578,5.66,2.94,6.25
1,1545981105579,7.01,2.18,7.4
1,1545981105579,7.94,1.05,7.92
1,1545981105642,7.18,0.56,7.14
1,1545981105642,7.44,1.03,5.6
1,1545981105642,8.14,0.52,5.01
1,1545981105643,7.38,-0.19,4.68
1,1545981105643,6.13,0.44,5.11
1,1545981105643,6.71,1.62,3.8
1,1545981105643,6.99,1.23,3.67
1,1545981105644,6.19,0.35,3.96
1,1545981105705,5.5,0.25,4.08
1,1545981105706,6.38,-0.01,2.01
1,1545981105706,6.19,-0.56,1.89
1,1545981105727,5.42,-0.5,2.5
1,1545981105727,5.09,0.44,2.59
1,1545981105727,5.76,2.48,1.21
1,1545981105729,6.25,2.36,1.64
1,1545981105799,6.3,1.64,2.05
1,1545981105800,6.77,1.09,2.59
1,1545981105800,7.57,1.56,1.81
1,1545981105800,8.04,2.53,1.3
1,1545981105800,7.92,3.02,1.3
1,1545981105800,7.63,2.89,2.63
1,1545981105801,12.44,3.39,1.38
1,1545981105801,10.27,3.2,1.28
