1,1547631518254,7.79,-7.79,-11.09
1,1547631518255,7.44,-9.27,-11.09
1,1547631518255,4.8,-1.23,-12.44
1,1547631518255,4.96,-1.03,-12.46
1,1547631518255,5.21,-1.13,-11.79
1,1547631518255,6.99,-2.4,-11.42
1,1547631518256,7.2,-1.97,-11.23
1,1547631518256,7.16,-1.77,-10.35
1,1547631518319,6.79,-2.73,-9.98
1,1547631518319,6.21,-3.24,-8.0
1,1547631518319,6.89,-2.32,-7.94
1,1547631518337,7.16,-1.87,-7.61
1,1547631518337,5.82,-2.03,-6.4
1,1547631518337,5.27,-2.12,-6.11
1,1547631518338,5.11,-1.99,-6.32
1,1547631518394,5.48,-1.62,-6.81
1,1547631518394,6.23,-1.48,-7.83
1,1547631518395,6.56,-1.85,-8.2
1,1547631518395,6.69,-2.26,-8.9
1,1547631518396,6.62,-2.61,-9.64
1,1547631518396,6.67,-3.08,-10.95
1,1547631518396,7.16,-3.53,-11.05
1,1547631518404,7.53,-3.92,-11.34
1,1547631518470,7.5,-3.86,-11.28
1,1547631518470,7.48,-3.69,-11.26
1,1547631518470,7.77,-4.23,-11.01
1,1547631518489,8.02,-5.05,-11.05
1,1547631518489,8.24,-5.97,-11.44
1,1547631518489,9.29,-8.22,-13.59
1,1547631518490,10.56,-8.37,-14.9
1,1547631518490,11.38,-7.44,-14.76
1,1547631518544,10.78,-6.26,-14.41
1,1547631518544,8.53,-4.9,-12.65
1,1547631518545,8.02,-5.13,-11.95
1,1547631518555,7.98,-5.74,-11.25
1,1547631518555,8.06,-6.5,-10.82
1,1547631518555,7.98,-7.77,-10.5
1,1547631518556,7.83,-7.94,-10.19
1,1547631518556,7.48,-7.85,-10.13
1,1547631518620,7.26,-7.42,-10.19
1,1547631518621,7.12,-6.07,-10.97
1,1547631518621,6.97,-5.5,-10.76
1,1547631518622,6.66,-5.41,-10.35
1,1547631518622,6.13,-5.74,-9.6
1,1547631518622,5.31,-6.75,-8.14
1,1547631518623,4.92,-7.1,-7.96
1,1547631518623,4.53,-7.36,-8.41
1,1547631518696,4.53,-7.55,-9.02
1,1547631518697,4.7,-8.71,-8.92
1,1547631518697,4.8,-9.27,-8.59
1,1547631518698,5.01,-9.49,-8.33
1,1547631518698,5.35,-9.02,-8.22
1,1547631518698,6.17,-5.78,-6.6
1,1547631518698,6.01,-3.49,-5.09
1,1547631518770,6.01,-1.21,-5.15
1,1547631518775,5.56,-0.03,-4.8
1,1547631518775,3.12,0.42,-2.12
1,1547631518776,1.95,0.78,-1.15
1,1547631518776,1.21,1.13,-1.03
1,1547631518776,0.87,1.56,-2.05
1,1547631518777,0.78,2.48,-3.59
1,1547631518777,0.68,2.32,-3.08
1,1547631518857,0.39,2.16,-1.66
1,1547631518857,-0.23,2.38,-0.39
1,1547631518857,-0.42,7.01,-0.35
1,1547631518857,-1.5,12.12,-3.16
1,1547631518858,-0.29,15.87,-5.29
1,1547631518858,0.74,16.87,-5.97
1,1547631518858,0.35,12.14,-4.35
1,1547631518919,-1.21,12.22,-3.33
1,1547631518920,-2.07,14.12,-3.0
1,1547631518921,-0.89,16.67,-3.39
1,1547631518921,3.61,18.1,-3.94
1,1547631518922,4.6,17.67,-4.02
1,1547631518922,3.28,16.58,-4.7
1,1547631518922,1.03,15.6,-5.93
1,1547631518923,-0.11,19.23,-9.57
1,1547631518993,0.97,22.24,-10.91
1,1547631519009,1.73,24.35,-11.48
1,1547631519009,1.01,24.19,-10.87
1,1547631519010,-2.85,19.9,-9.29
1,1547631519010,-3.65,19.0,-6.79
1,1547631519010,-3.55,16.99,3.51
1,1547631519010,5.17,23.88,4.25
1,1547631519069,12.3,23.76,13.06
1,1547631519069,6.87,18.39,1.54
1,1547631519070,-7.75,11.09,0.46
1,1547631519070,-5.05,13.26,-2.18
1,1547631519071,-1.42,19.06,-6.19
1,1547631519076,-0.5,5.44,-1.34
1,1547631519076,-0.72,3.76,2.44
1,1547631519077,-4.17,1.67,0.0
1,1547631519143,-3.78,4.27,-1.73
1,1547631519143,-4.47,3.78,-2.42
1,1547631519144,-4.04,3.12,-2.85
1,1547631519144,-3.0,3.9,-2.63
1,1547631519160,-3.71,5.58,1.99
1,1547631519160,-3.67,4.88,-0.74
1,1547631519161,-2.71,5.33,-1.83
1,1547631519229,-3.41,5.8,-2.71
1,1547631519229,-3.35,7.48,-3.51
1,1547631519230,-2.57,8.53,-2.96
1,1547631519230,-3.32,8.32,-2.75
1,1547631519230,-3.28,8.59,-2.73
1,1547631519230,-2.34,10.91,-4.1
1,1547631519231,-2.32,11.85,-3.47
1,1547631519293,-2.18,11.13,-2.91
1,1547631519312,-1.95,10.44,-3.1
1,1547631519313,-1.42,9.9,-3.86
1,1547631519313,-1.21,9.43,-3.8
1,1547631519313,-0.85,8.73,-3.18
1,1547631519314,0.11,9.1,-2.05
1,1547631519314,0.7,11.07,-1.23
1,1547631519314,0.74,11.4,-0.62
1,1547631519370,1.32,11.5,-1.23
1,1547631519371,1.44,11.17,-2.12
1,1547631519372,1.15,10.64,-3.14
1,1547631519372,0.97,10.64,-3.43
1,1547631519373,0.68,10.37,-3.3
1,1547631519373,0.6,9.82,-3.2
1,1547631519374,0.54,9.19,-3.33
1,1547631519444,0.6,8.84,-3.04
1,1547631519463,0.62,8.39,-3.1
1,1547631519463,0.62,8.37,-3.43
1,1547631519464,0.42,10.03,-3.69
1,1547631519464,0.23,10.21,-4.04
1,1547631519464,0.05,9.6,-3.78
1,1547631519464,0.11,8.49,-3.84
1,1547631519465,0.25,8.51,-3.82
1,1547631519518,0.56,8.96,-3.71
1,1547631519519,0.64,8.92,-3.51
1,1547631519519,0.64,8.49,-3.2
1,1547631519520,1.17,8.39,-3.04
1,1547631519531,1.73,8.61,-3.16
1,1547631519531,2.22,8.43,-3.22
1,1547631519532,2.51,8.16,-3.1
1,1547631519595,3.32,7.34,-3.26
1,1547631519595,3.49,7.28,-3.51
1,1547631519596,3.47,7.51,-3.41
1,1547631519597,3.32,7.91,-3.22
1,1547631519598,2.83,9.29,-3.02
1,1547631519598,2.48,9.47,-3.02
1,1547631519614,2.05,9.53,-3.06
1,1547631519615,1.52,9.94,-3.35
1,1547631519669,1.01,10.82,-3.88
1,1547631519669,0.99,11.09,-3.82
1,1547631519670,1.13,10.83,-3.94
1,1547631519670,1.34,10.27,-4.0
1,1547631519670,1.52,10.46,-3.53
1,1547631519671,1.38,10.97,-3.26
1,1547631519681,1.28,10.95,-3.06
1,1547631519749,1.36,10.66,-3.04
1,1547631519749,2.08,9.92,-3.59
1,1547631519749,2.3,9.31,-3.76
1,1547631519750,2.63,9.04,-3.73
1,1547631519751,2.91,9.76,-3.45
1,1547631519751,3.16,9.47,-3.06
1,1547631519751,3.22,9.16,-2.81
1,1547631519751,3.45,9.02,-2.91
1,1547631519820,3.55,8.88,-3.22
1,1547631519820,4.41,11.13,-2.77
1,1547631519821,4.51,11.64,-2.83
1,1547631519821,4.62,11.52,-2.36
1,1547631519821,4.84,11.03,-2.07
1,1547631519821,4.88,11.5,-1.75
1,1547631519821,4.68,12.1,-1.73
1,1547631519894,4.72,12.75,-1.71
1,1547631519900,4.82,13.98,-2.2
1,1547631519915,5.29,16.26,-2.24
1,1547631519915,5.35,15.83,-2.38
1,1547631519915,5.54,14.58,-2.55
1,1547631519915,5.76,12.55,-2.85
1,1547631519915,4.96,8.63,-3.61
1,1547631519916,4.12,7.34,-4.35
1,1547631519970,3.12,7.96,-4.74
1,1547631519970,1.67,9.64,-5.07
1,1547631519971,-0.42,12.81,-5.72
1,1547631519971,-0.37,12.94,-4.98
1,1547631519971,0.01,12.81,-4.29
1,1547631519971,0.46,12.94,-4.19
1,1547631519972,1.38,12.53,-4.7
1,1547631520044,1.73,11.87,-5.01
1,1547631520052,1.71,11.17,-5.37
1,1547631520054,1.52,10.56,-5.46
1,1547631520054,0.7,9.23,-5.6
1,1547631520055,0.56,8.51,-6.01
1,1547631520055,0.29,8.12,-5.89
1,1547631520055,0.21,8.08,-6.85
1,1547631520055,0.37,8.49,-5.42
1,1547631520119,0.54,9.0,-5.44
1,1547631520136,0.64,9.19,-5.35
1,1547631520136,0.8,9.08,-5.41
1,1547631520137,0.97,8.47,-5.66
1,1547631520137,0.72,8.0,-5.41
1,1547631520137,0.48,7.57,-4.92
1,1547631520137,-0.05,7.28,-4.82
1,1547631520193,-1.26,7.18,-4.74
1,1547631520194,-1.71,7.24,-4.35
1,1547631520195,-1.97,7.38,-4.0
1,1547631520196,-2.07,7.79,-4.49
1,1547631520196,-1.81,9.49,-4.08
1,1547631520197,-1.62,9.64,-3.76
1,1547631520197,-1.56,9.21,-3.32
1,1547631520198,-1.91,8.63,-2.75
1,1547631520268,-3.45,8.08,-2.55
1,1547631520269,-6.26,8.8,2.89
1,1547631520287,-6.07,9.04,-0.09
1,1547631520287,-5.89,8.92,0.0
1,1547631520288,-5.27,8.61,1.13
1,1547631520289,-5.25,8.53,1.26
1,1547631520289,-5.39,8.69,1.23
1,1547631520344,-5.62,8.76,1.19
1,1547631520345,-6.07,8.41,0.8
1,1547631520346,-6.32,7.71,0.68
1,1547631520346,-6.54,6.97,0.68
1,1547631520346,-6.64,6.26,0.78
1,1547631520347,-6.23,5.52,1.23
1,1547631520347,-5.7,5.42,1.3
1,1547631520348,-5.09,5.31,1.52
1,1547631520419,-4.58,5.27,1.71
1,1547631520439,-4.06,5.13,1.79
1,1547631520440,-3.98,5.11,2.1
1,1547631520440,-3.88,5.27,2.75
1,1547631520440,-3.61,5.74,3.14
1,1547631520440,-2.77,6.46,2.48
1,1547631520441,-2.32,6.44,2.18
1,1547631520493,-1.99,6.21,2.16
1,1547631520493,-1.79,5.85,2.14
1,1547631520494,-1.23,5.87,3.0
1,1547631520505,-0.8,6.19,2.98
1,1547631520506,-0.23,6.54,3.32
1,1547631520506,0.48,6.83,2.98
1,1547631520506,1.26,6.21,2.5
1,1547631520506,1.56,5.66,2.75
1,1547631520569,1.81,5.13,3.0
1,1547631520570,2.12,4.57,3.24
1,1547631520571,2.79,3.16,3.47
1,1547631520571,3.2,2.34,3.75
1,1547631520571,3.69,1.34,4.0
1,1547631520572,4.17,0.05,4.06
1,1547631520572,4.27,-2.24,4.27
1,1547631520643,4.86,-3.63,5.66
1,1547631520663,4.96,-3.92,6.77
1,1547631520663,4.57,-4.49,5.41
1,1547631520664,5.15,-4.17,6.79
1,1547631520664,5.58,-3.88,6.83
1,1547631520664,5.91,-3.51,6.79
1,1547631520664,6.09,-3.16,6.83
1,1547631520665,6.09,-2.61,7.07
1,1547631520718,6.03,-2.28,7.05
1,1547631520742,6.01,-1.81,6.95
1,1547631520742,6.03,-1.42,6.75
1,1547631520743,5.78,-1.01,6.58
1,1547631520743,5.64,-0.68,6.58
1,1547631520743,5.58,-0.25,6.52
1,1547631520744,5.66,0.25,6.48
1,1547631520794,6.28,0.78,6.34
1,1547631520794,6.54,0.89,6.34
1,1547631520794,6.62,0.85,6.36
1,1547631520795,6.64,0.78,6.38
1,1547631520795,7.1,-0.21,6.56
1,1547631520796,7.16,-0.82,6.77
1,1547631520797,7.2,-1.13,6.81
1,1547631520797,7.36,-1.13,6.54
1,1547631520869,8.55,-1.07,6.48
1,1547631520870,9.21,-0.89,6.54
1,1547631520870,10.25,-0.64,6.48
1,1547631520870,10.58,-0.74,6.58
1,1547631520871,11.34,-1.17,6.25
1,1547631520871,11.77,-1.81,6.01
1,1547631520871,12.08,-2.73,5.76
1,1547631520946,12.3,-3.28,5.66
1,1547631520946,12.26,-3.82,5.39
1,1547631520947,12.1,-3.76,5.15
1,1547631520947,11.85,-3.49,5.07
1,1547631520947,11.64,-3.3,5.05
1,1547631520947,11.83,-2.75,5.5
1,1547631520948,12.34,-2.77,5.72
1,1547631520948,12.71,-3.08,6.28
1,1547631521101,12.94,-3.41,6.81
1,1547631521101,13.57,-3.69,8.02
1,1547631521168,13.8,-3.59,8.69
1,1547631521169,13.88,-3.86,8.43
1,1547631521244,13.65,-4.98,8.28
1,1547631521244,11.66,-8.71,7.87
1,1547631521275,10.48,-10.07,7.51
1,1547631521276,9.78,-10.64,7.14
1,1547631521276,9.39,-10.58,6.73
1,1547631521276,9.39,-8.78,5.82
1,1547631521276,7.67,-2.36,4.7
1,1547631521277,7.4,-1.34,4.68
1,1547631521324,9.7,4.55,3.41
1,1547631521324,10.89,6.87,3.12
1,1547631521325,12.71,16.44,9.43
1,1547631521325,12.44,17.01,11.17
1,1547631521346,11.32,17.79,10.03
1,1547631521347,8.53,18.82,6.89
1,1547631521347,5.33,18.14,1.44
1,1547631521348,6.52,15.76,0.29
1,1547631521398,9.12,13.43,0.44
1,1547631521417,12.79,12.01,-0.41
1,1547631521417,11.93,10.85,-0.95
1,1547631521417,10.52,8.98,-0.85
1,1547631521418,9.51,6.54,-0.44
1,1547631521418,8.75,3.49,-0.13
1,1547631521418,8.45,3.69,1.25
1,1547631521418,5.66,6.07,4.12
1,1547631521468,5.66,6.07,4.12
1,1547631521479,1.07,11.89,6.75
1,1547631521480,1.54,12.51,6.58
1,1547631521480,3.02,12.03,6.28
1,1547631521480,4.47,10.56,5.48
1,1547631521480,5.35,8.73,3.57
1,1547631521481,4.94,8.47,1.58
1,1547631521481,4.58,8.35,0.76
1,1547631521547,4.37,8.06,-0.64
1,1547631521548,5.31,7.1,-1.73
1,1547631521548,5.56,5.8,-2.3
1,1547631521548,6.01,4.6,-3.22
1,1547631521548,6.69,4.02,-3.12
1,1547631521573,9.14,7.3,-3.75
1,1547631521573,10.64,11.6,-4.76
1,1547631521619,12.16,15.7,-5.29
1,1547631521632,12.69,17.92,-5.68
1,1547631521634,9.19,18.59,-4.86
1,1547631521635,8.24,17.42,-3.69
1,1547631521635,8.45,15.41,-2.32
1,1547631521636,9.06,13.94,-0.89
1,1547631521636,9.51,12.26,0.74
1,1547631521637,9.29,10.68,0.72
1,1547631521695,8.76,9.68,0.87
1,1547631521723,7.79,9.94,0.72
1,1547631521724,6.62,11.44,0.07
1,1547631521725,6.58,12.81,-0.37
1,1547631521725,6.81,14.0,-0.74
1,1547631521726,6.99,14.21,-0.82
1,1547631521726,6.5,12.87,-0.44
1,1547631521850,6.11,12.26,-0.03
1,1547631521852,5.99,11.77,0.41
1,1547631521853,6.11,11.3,1.05
1,1547631521853,5.99,9.82,2.12
1,1547631521854,5.87,8.96,2.73
1,1547631521924,5.76,8.26,3.16
1,1547631521925,5.85,7.59,3.51
1,1547631521926,6.19,6.5,3.51
1,1547631521950,6.23,6.09,2.51
1,1547631521951,6.13,5.66,1.97
1,1547631521951,3.69,1.17,2.81
1,1547631521951,4.35,1.89,3.2
1,1547631521952,4.9,2.92,3.37
1,1547631521998,5.07,3.8,3.37
1,1547631521999,3.53,6.15,1.54
1,1547631521999,3.53,6.48,1.42
1,1547631522000,3.73,6.71,1.26
1,1547631522075,3.84,6.73,1.23
1,1547631522076,3.9,6.09,1.19
1,1547631522077,3.71,5.56,1.07
1,1547631522077,3.53,5.29,0.99
1,1547631522078,3.43,5.21,0.85
1,1547631522079,3.53,4.96,1.07
1,1547631522079,3.65,5.25,1.25
1,1547631522080,3.98,5.8,1.26
1,1547631522154,4.35,6.28,1.25
1,1547631522155,4.41,7.07,1.21
1,1547631522156,4.1,7.55,0.74
1,1547631522157,4.14,7.65,0.48
1,1547631522158,4.21,7.46,0.35
1,1547631522158,4.04,6.89,0.27
1,1547631522159,3.63,6.21,0.25
1,1547631522160,2.59,5.25,0.48
1,1547631522307,2.05,5.07,0.29
1,1547631522309,1.99,5.15,0.42
1,1547631522373,2.03,5.41,0.44
1,1547631522375,2.07,6.32,0.39
1,1547631522387,1.95,6.81,0.39
1,1547631522389,1.87,7.14,0.44
1,1547631522389,1.83,7.4,0.48
1,1547631522390,1.73,7.98,0.6
1,1547631522390,1.75,8.35,0.74
1,1547631522391,3.71,9.06,2.42
1,1547631522546,4.14,9.02,2.53
1,1547631522547,4.76,8.71,2.69
1,1547631522549,5.01,4.92,2.24
1,1547631522550,4.86,4.58,1.87
1,1547631522550,4.72,4.23,1.5
1,1547631522599,4.39,3.61,1.21
1,1547631522600,4.21,3.49,1.23
1,1547631522673,4.12,3.47,1.54
1,1547631522675,4.23,3.65,2.26
1,1547631522756,3.45,3.26,2.89
1,1547631522757,3.49,2.87,2.96
1,1547631522758,3.63,2.57,3.14
1,1547631522758,3.65,2.44,3.26
1,1547631522759,4.1,2.75,3.33
1,1547631522760,5.13,3.43,2.94
1,1547631522761,5.39,3.55,3.28
1,1547631522762,5.7,3.69,3.55
1,1547631522820,8.86,4.17,3.63
1,1547631522821,9.86,3.94,3.71
1,1547631522822,18.06,4.12,2.5
1,1547631522822,19.6,4.6,2.38
1,1547631522822,21.75,6.71,2.44
1,1547631522823,21.5,8.2,2.55
1,1547631522823,20.89,9.27,2.5
1,1547631522824,18.53,9.66,2.32
1,1547631522901,17.18,9.35,1.97
1,1547631522903,15.97,8.88,1.6
1,1547631522904,14.66,8.32,1.3
1,1547631522905,12.12,6.77,1.17
1,1547631522906,11.52,5.62,1.19
1,1547631522907,11.58,4.68,1.26
1,1547631522907,11.99,4.19,1.36
1,1547631522908,12.63,3.73,1.4
1,1547631522975,12.65,3.76,1.4
1,1547631522976,12.71,3.76,1.21
1,1547631522978,12.55,3.69,1.13
1,1547631522979,11.93,2.91,0.42
1,1547631522979,11.67,1.87,0.17
1,1547631522980,11.36,0.33,0.0
1,1547631522982,10.89,-0.95,0.09
1,1547631522983,9.14,-1.54,0.33
1,1547631523058,7.85,-1.26,-0.33
1,1547631523059,6.54,-0.82,-0.54
1,1547631523059,5.31,0.17,-0.74
1,1547631523060,3.86,1.89,-1.64
1,1547631523060,3.8,2.55,-1.91
1,1547631523061,4.04,3.02,-1.77
1,1547631523062,4.47,3.35,-1.69
1,1547631523062,5.58,3.96,-1.64
1,1547631523121,6.07,4.04,-1.52
1,1547631523122,6.4,4.04,-1.34
1,1547631523122,6.52,3.98,-1.21
1,1547631523122,6.34,4.19,-0.54
1,1547631523198,6.23,4.49,-0.23
1,1547631523199,6.32,4.72,0.23
1,1547631523210,6.56,4.6,0.52
1,1547631523210,6.99,3.9,0.5
1,1547631523211,7.07,3.55,0.46
1,1547631523212,7.03,3.39,0.33
1,1547631523212,6.87,3.35,0.13
1,1547631523213,6.81,3.32,0.01
1,1547631523273,6.95,3.37,0.11
1,1547631523274,7.89,2.92,0.19
1,1547631523274,8.02,2.48,0.31
1,1547631523274,8.02,2.14,0.39
1,1547631523275,7.91,1.99,0.5
1,1547631523275,7.55,1.97,0.62
1,1547631523275,7.51,1.95,0.87
1,1547631523276,7.63,1.99,0.99
1,1547631523362,7.87,2.1,1.07
1,1547631523363,8.65,2.59,1.19
1,1547631523364,8.92,2.91,1.19
1,1547631523365,9.04,3.22,1.23
1,1547631523366,9.08,3.51,1.21
1,1547631523366,9.04,4.12,1.21
1,1547631523367,9.08,4.35,1.26
1,1547631523420,9.19,4.55,1.36
1,1547631523422,9.39,4.64,1.62
1,1547631523422,9.8,4.68,1.3
1,1547631523422,9.88,4.57,1.26
1,1547631523422,9.84,4.39,1.3
1,1547631523423,9.68,4.33,1.34
1,1547631523423,9.25,4.7,1.36
1,1547631523423,9.02,4.98,1.32
1,1547631523498,8.78,5.23,1.26
1,1547631523499,8.61,5.48,1.26
1,1547631523500,8.55,5.7,1.21
1,1547631523501,9.23,5.29,2.42
1,1547631523501,9.74,6.23,1.91
1,1547631523502,9.19,7.94,1.32
1,1547631523512,8.24,6.64,1.58
1,1547631523513,8.61,4.47,2.36
1,1547631523572,9.33,3.55,3.41
1,1547631523573,10.25,4.33,3.57
1,1547631523575,12.12,8.61,2.5
1,1547631523576,12.63,10.31,1.95
1,1547631523577,12.65,10.97,1.42
1,1547631523578,12.28,10.58,1.93
1,1547631523580,11.62,8.69,3.2
1,1547631523581,11.25,8.63,2.44
1,1547631523666,10.56,9.16,1.85
1,1547631523668,9.66,9.47,1.46
1,1547631523669,7.81,7.92,1.03
1,1547631523669,7.03,6.99,0.91
1,1547631523670,6.62,6.36,0.8
1,1547631523672,6.48,6.01,0.8
1,1547631523672,7.2,5.6,0.62
1,1547631523723,7.85,5.44,0.58
1,1547631523725,8.65,5.37,0.62
1,1547631523727,9.51,5.44,0.74
1,1547631523731,10.97,6.05,0.97
1,1547631523733,11.75,6.32,1.11
1,1547631523735,12.57,6.46,1.13
1,1547631523736,13.33,6.5,1.01
1,1547631523737,14.1,6.3,0.7
1,1547631523798,13.92,6.28,0.44
1,1547631523799,13.32,6.32,0.25
1,1547631523799,12.53,6.46,0.03
1,1547631523874,10.82,5.8,-0.27
1,1547631523875,10.78,5.39,-0.23
1,1547631523876,10.83,5.05,-0.33
1,1547631523899,10.83,4.88,-0.33
1,1547631523900,10.58,4.84,-0.6
1,1547631523900,10.48,4.8,-0.76
1,1547631523901,10.39,4.84,-0.87
1,1547631523965,10.25,4.84,-1.11
1,1547631523966,10.09,4.72,-1.48
1,1547631523966,10.01,4.57,-1.58
1,1547631523967,9.86,4.43,-1.77
1,1547631523968,9.66,4.27,-1.95
1,1547631523969,9.57,4.21,-2.07
1,1547631523969,9.45,4.08,-2.14
1,1547631523970,9.35,3.84,-2.26
1,1547631524021,9.31,3.69,-2.4
1,1547631524022,9.08,3.47,-2.53
1,1547631524031,8.84,3.37,-2.55
1,1547631524031,8.71,3.37,-2.51
1,1547631524032,8.65,3.39,-2.46
1,1547631524032,8.63,3.37,-2.48
1,1547631524032,8.49,3.3,-2.42
1,1547631524032,8.39,3.26,-2.42
1,1547631524097,8.24,3.3,-2.44
1,1547631524098,8.06,3.32,-2.4
1,1547631524118,7.63,3.32,-2.22
1,1547631524119,7.38,3.35,-2.08
1,1547631524120,7.24,3.33,-1.97
1,1547631524120,7.42,3.22,-2.08
1,1547631524120,9.1,2.92,-2.46
1,1547631524121,9.94,2.65,-2.71
1,1547631524172,10.46,2.42,-3.0
1,1547631524173,10.56,2.14,-3.16
1,1547631524173,9.35,1.91,-3.12
1,1547631524173,8.33,2.1,-2.87
1,1547631524174,7.28,2.63,-2.55
1,1547631524174,6.38,3.39,-2.12
1,1547631524174,5.19,5.21,-0.78
1,1547631524271,4.72,6.21,0.11
1,1547631524272,4.41,7.14,0.78
1,1547631524273,4.27,7.81,1.3
1,1547631524274,4.49,8.69,2.34
1,1547631524275,4.9,9.0,2.55
1,1547631524324,5.44,9.25,2.87
1,1547631524325,6.17,9.6,2.94
1,1547631524325,8.28,9.7,1.62
1,1547631524326,9.16,9.14,0.99
1,1547631524326,9.55,7.94,0.31
1,1547631524326,9.45,6.23,-0.11
1,1547631524327,9.06,2.16,0.37
1,1547631524327,9.31,0.07,1.17
1,1547631524397,9.62,-1.4,1.99
1,1547631524418,10.25,-2.34,4.25
1,1547631524420,10.72,-1.52,4.41
1,1547631524421,11.07,-0.87,4.49
1,1547631524423,11.13,-0.07,4.53
1,1547631524423,10.82,1.48,4.25
1,1547631524425,10.58,1.99,4.17
1,1547631524425,10.41,2.26,4.16
1,1547631524475,10.21,2.44,4.17
1,1547631524475,10.09,2.98,4.29
1,1547631524476,10.15,3.33,4.33
1,1547631524477,10.29,3.59,4.37
1,1547631524478,10.27,3.67,4.39
1,1547631524478,9.74,3.32,4.37
1,1547631524488,9.39,3.02,4.39
1,1547631524488,9.12,2.81,4.37
1,1547631524567,8.88,2.59,4.31
1,1547631524568,8.67,2.4,3.96
1,1547631524568,8.61,2.4,3.73
1,1547631524568,8.53,2.38,3.43
1,1547631524568,8.41,2.38,3.04
1,1547631524568,8.24,2.51,2.36
1,1547631524569,8.2,2.51,2.22
1,1547631524569,8.24,2.63,1.99
1,1547631524625,8.35,2.87,1.75
1,1547631524625,8.63,3.39,1.52
1,1547631524625,8.76,3.67,1.3
1,1547631524635,8.86,3.92,1.23
1,1547631524636,8.96,4.12,1.19
1,1547631524636,9.04,4.43,1.01
1,1547631524636,8.9,4.55,0.8
1,1547631524693,8.69,4.57,0.58
1,1547631524694,8.49,4.6,0.33
1,1547631524703,8.22,4.62,0.01
1,1547631524703,8.3,4.72,-0.09
1,1547631524703,8.51,4.8,-0.27
1,1547631524703,8.73,4.86,-0.46
1,1547631524704,8.96,4.78,-0.78
1,1547631524704,8.88,4.6,-0.97
1,1547631524773,8.76,4.43,-1.17
1,1547631524774,8.65,4.23,-1.23
1,1547631524774,8.35,4.14,-1.21
1,1547631524774,8.28,4.17,-1.21
1,1547631524775,8.26,4.19,-1.17
1,1547631524775,8.3,4.19,-1.13
1,1547631524843,8.2,4.0,-1.23
1,1547631524845,8.04,3.88,-1.28
1,1547631524845,7.85,3.71,-1.3
1,1547631524846,7.67,3.63,-1.34
1,1547631524846,7.38,3.65,-1.25
1,1547631524847,7.3,3.73,-1.25
1,1547631524847,7.16,3.9,-1.23
1,1547631524848,6.97,4.08,-1.13
1,1547631524918,6.6,4.31,-0.95
1,1547631524919,6.36,4.35,-0.83
1,1547631524920,6.17,4.41,-0.74
1,1547631524922,6.03,4.41,-0.6
1,1547631524923,6.03,4.45,-0.41
1,1547631524923,6.15,4.43,-0.37
1,1547631524923,6.3,4.39,-0.39
1,1547631524923,6.48,4.33,-0.46
1,1547631524993,7.1,4.29,-0.5
1,1547631525008,7.73,4.45,-0.41
1,1547631525008,8.63,4.72,-0.23
1,1547631525008,10.39,5.35,-0.07
1,1547631525009,10.8,5.93,0.29
1,1547631525009,10.25,6.21,0.46
1,1547631525009,9.55,6.52,0.64
1,1547631525009,8.84,6.73,0.76
1,1547631525069,8.43,7.1,0.64
1,1547631525069,8.78,7.16,0.5
1,1547631525088,9.39,7.14,0.29
1,1547631525089,10.01,6.93,0.13
1,1547631525089,10.83,6.15,-0.03
1,1547631525089,11.07,5.89,-0.15
1,1547631525089,11.38,5.7,-0.17
1,1547631525144,11.75,5.52,-0.05
1,1547631525156,12.44,5.05,0.31
1,1547631525157,12.75,4.76,0.7
1,1547631525157,12.98,4.47,1.05
1,1547631525157,13.08,4.06,1.23
1,1547631525157,13.16,2.94,1.38
1,1547631525158,13.18,2.3,1.46
1,1547631525158,13.08,1.73,1.48
1,1547631525218,12.81,1.4,1.38
1,1547631525219,11.97,1.25,1.17
1,1547631525240,11.58,1.28,1.01
1,1547631525240,11.32,1.36,0.74
1,1547631525241,11.23,1.5,0.6
1,1547631525241,11.36,1.66,0.52
1,1547631525241,11.5,1.79,0.33
1,1547631525294,11.56,2.08,0.0
1,1547631525295,11.48,2.44,-0.44
1,1547631525296,11.03,3.43,-1.56
1,1547631525296,10.7,3.94,-2.07
1,1547631525297,10.37,4.43,-2.57
1,1547631525297,10.03,4.88,-3.08
1,1547631525298,9.39,5.6,-3.88
1,1547631525298,9.04,5.89,-4.14
1,1547631525370,8.67,6.15,-4.37
1,1547631525393,8.3,6.4,-4.41
1,1547631525393,7.69,6.71,-4.33
1,1547631525393,7.48,6.85,-4.25
1,1547631525394,7.32,6.91,-4.17
1,1547631525394,7.22,6.95,-4.0
1,1547631525394,7.18,7.01,-3.75
1,1547631525444,7.2,6.91,-3.67
1,1547631525445,7.24,6.73,-3.55
1,1547631525445,7.28,6.58,-3.47
1,1547631525458,7.32,6.34,-3.24
1,1547631525459,7.36,6.36,-3.14
1,1547631525459,7.51,6.32,-2.98
1,1547631525459,7.63,6.17,-2.85
1,1547631525459,7.85,5.72,-2.69
1,1547631525519,7.94,5.58,-2.63
1,1547631525542,8.06,5.54,-2.53
1,1547631525542,8.18,5.54,-2.42
1,1547631525542,8.43,5.35,-2.26
1,1547631525542,8.55,5.23,-2.24
1,1547631525543,8.69,5.11,-2.16
1,1547631525543,8.82,4.94,-2.16
1,1547631525593,9.16,4.43,-2.24
1,1547631525609,9.29,4.12,-2.26
1,1547631525610,9.39,3.84,-2.28
1,1547631525610,9.43,3.57,-2.14
1,1547631525611,9.25,3.1,-2.03
1,1547631525612,9.14,2.85,-1.95
1,1547631525612,9.06,2.59,-1.83
1,1547631525612,8.96,2.38,-1.66
1,1547631525668,8.57,2.3,-1.25
1,1547631525669,8.33,2.4,-1.03
1,1547631525669,8.02,2.57,-0.78
1,1547631525669,7.83,2.96,-0.66
1,1547631525669,7.75,3.41,-0.6
1,1547631525684,7.73,3.22,-0.66
1,1547631525685,7.77,2.89,-0.8
1,1547631525743,7.89,2.77,-0.83
1,1547631525760,7.92,3.28,-0.68
1,1547631525760,7.79,3.67,-0.56
1,1547631525760,7.55,3.98,-0.46
1,1547631525761,7.28,4.21,-0.48
1,1547631525761,7.07,4.55,-0.58
1,1547631525761,7.2,4.74,-0.33
1,1547631525818,7.69,4.86,-0.13
1,1547631525819,8.35,4.9,-0.29
1,1547631525819,9.08,5.15,-0.52
1,1547631525819,8.94,5.42,-0.99
1,1547631525828,8.73,5.76,-1.38
1,1547631525828,8.59,5.95,-1.71
1,1547631525828,8.96,5.8,-2.05
1,1547631525828,9.37,5.76,-1.89
1,1547631525894,9.8,5.82,-1.71
1,1547631525894,10.19,5.83,-1.5
1,1547631525895,10.64,5.97,-0.7
1,1547631525896,10.66,5.99,-0.29
1,1547631525896,10.58,5.91,0.19
1,1547631525896,10.35,5.64,0.56
1,1547631525896,10.0,4.92,1.21
1,1547631525968,9.88,4.55,1.25
1,1547631525969,9.78,4.31,1.48
1,1547631525969,9.68,3.9,1.85
1,1547631525969,9.49,2.55,2.59
1,1547631525979,9.58,1.73,3.18
1,1547631525979,9.76,1.26,3.8
1,1547631525980,9.92,1.5,4.08
1,1547631525980,10.33,1.75,5.72
1,1547631526043,10.39,1.17,6.67
1,1547631526044,10.35,0.46,7.01
1,1547631526044,10.15,-0.35,7.61
1,1547631526063,9.17,-2.03,8.04
1,1547631526064,8.67,-1.66,7.1
1,1547631526064,8.47,-0.56,6.17
1,1547631526064,8.45,1.09,5.23
1,1547631526119,8.84,3.06,4.04
1,1547631526120,9.0,3.2,3.67
1,1547631526120,8.96,3.02,3.2
1,1547631526121,8.78,3.04,2.77
1,1547631526130,8.71,3.92,2.05
1,1547631526131,8.86,4.27,1.89
1,1547631526131,9.1,4.35,1.73
1,1547631526132,9.66,4.0,1.75
1,1547631526196,10.19,4.02,1.85
1,1547631526197,10.54,4.27,1.81
1,1547631526214,10.87,4.53,1.85
1,1547631526215,11.13,4.68,1.87
1,1547631526215,11.34,4.72,1.79
1,1547631526215,11.26,4.68,1.71
1,1547631526215,11.13,4.6,1.62
1,1547631526269,11.01,4.6,1.52
1,1547631526270,10.8,4.55,1.25
1,1547631526282,10.7,4.51,1.23
1,1547631526282,10.64,4.49,1.19
1,1547631526283,10.52,4.43,1.03
1,1547631526283,10.35,4.45,0.66
1,1547631526283,10.25,4.47,0.5
1,1547631526283,10.15,4.49,0.37
1,1547631526344,10.09,4.53,0.23
1,1547631526345,10.01,4.64,0.07
1,1547631526345,9.94,4.78,-0.01
1,1547631526345,9.92,4.82,-0.11
1,1547631526345,9.8,4.86,-0.17
1,1547631526345,9.53,4.76,-0.15
1,1547631526346,9.41,4.74,-0.13
1,1547631526419,9.25,4.74,-0.05
1,1547631526419,9.12,4.78,-0.11
1,1547631526420,8.73,4.76,0.0
1,1547631526420,8.59,4.72,0.01
1,1547631526421,8.41,4.68,0.01
1,1547631526421,8.2,4.6,0.05
1,1547631526421,7.92,4.53,0.05
1,1547631526421,7.81,4.41,0.11
1,1547631526493,7.73,4.33,0.13
1,1547631526494,7.67,4.25,0.07
1,1547631526497,7.65,4.17,0.0
1,1547631526498,7.77,4.19,0.11
1,1547631526498,7.85,4.21,0.19
1,1547631526498,7.85,4.19,0.29
1,1547631526498,7.81,4.25,0.42
1,1547631526569,7.77,4.21,0.46
1,1547631526570,7.79,4.21,0.52
1,1547631526570,7.87,4.31,0.52
1,1547631526582,8.16,4.33,0.66
1,1547631526582,8.33,4.39,0.82
1,1547631526582,8.51,4.53,0.95
1,1547631526583,8.57,4.6,1.01
1,1547631526583,8.32,4.64,1.11
1,1547631526643,8.24,4.57,1.09
1,1547631526643,8.24,4.45,1.11
1,1547631526649,8.35,4.31,1.15
1,1547631526650,8.51,4.1,1.17
1,1547631526650,8.55,3.9,1.13
1,1547631526650,8.49,3.67,1.11
1,1547631526650,8.47,3.47,1.03
1,1547631526720,8.96,3.18,0.78
1,1547631526721,9.41,3.12,0.56
1,1547631526721,9.88,2.96,0.37
1,1547631526721,10.17,2.85,0.33
1,1547631526721,10.25,2.87,0.33
1,1547631526722,9.96,3.08,0.37
1,1547631526722,9.51,3.3,0.5
1,1547631526722,9.08,3.51,0.7
1,1547631526794,8.51,4.12,1.07
1,1547631526795,8.33,4.51,1.17
1,1547631526795,8.14,4.76,1.23
1,1547631526795,7.92,5.0,1.23
1,1547631526796,7.57,5.0,1.42
1,1547631526796,7.51,4.92,1.6
1,1547631526796,7.59,4.92,1.85
1,1547631526871,7.94,4.96,2.01
1,1547631526871,8.94,5.0,2.1
1,1547631526872,9.27,4.82,2.08
1,1547631526872,9.45,4.49,2.12
1,1547631526872,9.51,4.08,2.22
1,1547631526872,9.49,3.24,2.4
1,1547631526872,9.47,2.71,2.61
1,1547631526873,9.47,2.16,2.77
1,1547631526943,9.53,1.77,3.0
1,1547631526944,9.62,1.3,3.43
1,1547631526944,9.62,1.21,3.53
1,1547631526944,9.58,1.15,3.69
1,1547631526951,9.53,1.07,3.75
1,1547631526951,9.49,1.03,3.35
1,1547631526952,9.49,1.01,2.85
1,1547631527019,9.51,0.87,2.26
1,1547631527021,9.47,0.7,1.81
1,1547631527022,9.41,0.42,1.17
1,1547631527022,9.43,0.52,1.01
1,1547631527023,9.47,0.78,0.89
1,1547631527023,9.53,1.01,0.83
1,1547631527023,9.47,1.81,0.64
1,1547631527023,9.45,2.18,0.5
1,1547631527101,9.45,2.46,0.44
1,1547631527101,9.37,2.69,0.44
1,1547631527102,9.14,3.53,0.35
1,1547631527102,9.1,4.1,0.31
1,1547631527102,9.06,4.58,0.31
1,1547631527102,9.14,4.92,0.23
1,1547631527103,9.25,5.23,0.21
1,1547631527171,9.29,5.27,0.17
1,1547631527172,9.31,5.29,0.11
1,1547631527173,9.37,5.29,-0.05
1,1547631527174,9.53,5.01,-0.31
1,1547631527174,9.57,4.8,-0.5
1,1547631527185,9.58,4.57,-0.66
1,1547631527185,9.6,4.45,-0.7
1,1547631527185,9.7,4.16,-0.66
1,1547631527252,9.86,4.02,-0.5
1,1547631527252,10.03,3.94,-0.52
1,1547631527253,10.17,3.8,-0.54
1,1547631527253,9.9,3.57,-0.72
1,1547631527253,9.72,3.47,-0.97
1,1547631527254,9.6,3.39,-1.17
1,1547631527254,9.57,3.28,-1.34
1,1547631527319,9.43,3.22,-1.69
1,1547631527319,9.35,3.3,-1.69
1,1547631527320,9.31,3.49,-1.79
1,1547631527320,9.27,3.69,-1.97
1,1547631527320,9.64,4.7,-2.07
1,1547631527321,10.05,5.39,-2.03
1,1547631527322,10.09,5.19,-1.93
1,1547631527322,10.27,4.64,-1.56
1,1547631527395,10.66,5.31,-2.07
1,1547631527396,10.82,6.23,-2.05
1,1547631527396,10.58,7.3,-1.83
1,1547631527396,9.88,8.32,-1.89
1,1547631527397,9.33,8.12,-2.51
1,1547631527397,8.98,7.85,-2.69
1,1547631527397,8.67,7.73,-2.81
1,1547631527473,8.33,7.32,-4.41
1,1547631527473,8.55,7.01,-3.3
1,1547631527474,8.02,6.64,-2.92
1,1547631527474,7.75,6.13,-2.85
1,1547631527474,7.81,5.66,-3.12
1,1547631527546,7.83,6.36,-4.47
1,1547631527546,8.2,6.58,-3.65
1,1547631527547,8.06,6.05,-3.96
1,1547631527547,8.33,6.25,-4.14
1,1547631527547,8.57,5.58,-3.63
1,1547631527548,8.08,3.59,-4.9
1,1547631527548,8.3,3.9,-2.48
1,1547631527548,8.67,7.87,-2.16
1,1547631527619,8.92,7.81,-1.95
1,1547631527620,5.62,0.19,-2.57
1,1547631527620,6.19,0.44,-3.35
1,1547631527621,9.06,4.39,-3.73
1,1547631527621,9.41,5.78,-4.08
1,1547631527621,8.37,5.52,-4.35
1,1547631527622,6.69,3.84,-4.86
1,1547631527622,7.67,3.49,-4.0
1,1547631527696,8.1,5.31,-3.1
1,1547631527697,5.91,-0.17,-3.45
1,1547631527697,4.57,-8.75,-1.75
1,1547631527698,9.72,9.0,-8.88
1,1547631527698,8.28,8.39,-5.46
1,1547631527698,4.82,-1.09,-5.29
1,1547631527698,5.31,-3.8,-5.11
1,1547631527699,6.34,1.26,-5.39
1,1547631527769,5.97,-1.01,-5.15
1,1547631527770,4.88,-4.66,-5.03
1,1547631527770,5.46,-3.37,-6.3
1,1547631527771,5.83,3.61,-8.55
1,1547631527771,5.44,2.16,-8.1
1,1547631527771,5.78,2.71,-7.69
1,1547631527772,4.96,0.37,-7.28
1,1547631527844,4.68,-1.32,-8.57
1,1547631527844,5.41,2.22,-9.45
1,1547631527845,6.19,4.53,-10.01
1,1547631527845,6.52,5.31,-10.39
1,1547631527846,5.89,7.69,-11.52
1,1547631527846,6.56,7.69,-11.52
1,1547631527846,6.34,6.38,-11.32
1,1547631527846,5.83,4.57,-10.93
1,1547631527920,5.27,2.73,-10.62
1,1547631527920,4.64,1.6,-10.35
1,1547631527921,4.12,1.23,-9.9
1,1547631527921,4.04,1.67,-9.72
1,1547631527921,5.58,1.01,-8.84
1,1547631527921,6.3,0.25,-8.22
1,1547631527922,6.25,-0.15,-7.34
1,1547631527922,6.36,0.19,-6.46
1,1547631527995,7.69,1.25,-5.03
1,1547631527995,8.2,2.14,-4.57
1,1547631527996,8.51,3.43,-4.72
1,1547631527996,8.84,4.6,-5.35
1,1547631527997,9.57,6.19,-5.42
1,1547631527997,10.13,6.85,-5.37
1,1547631527997,10.58,6.32,-5.37
1,1547631528069,10.64,5.52,-4.86
1,1547631528070,9.76,3.88,-3.59
1,1547631528071,9.53,2.34,-2.65
1,1547631528072,9.57,1.09,-2.01
1,1547631528073,9.66,-0.01,-1.64
1,1547631528073,8.92,-1.25,-0.85
1,1547631528073,8.33,-1.83,-0.99
1,1547631528143,8.28,-1.81,-1.56
1,1547631528144,8.28,-1.64,-2.38
1,1547631528144,8.53,-0.72,-3.98
1,1547631528145,8.69,0.31,-4.47
1,1547631528145,8.92,1.23,-4.7
1,1547631528146,9.23,2.26,-5.15
1,1547631528146,9.02,3.9,-5.68
1,1547631528146,8.88,4.21,-5.74
1,1547631528222,9.08,4.14,-5.54
1,1547631528224,9.31,3.9,-4.88
1,1547631528226,9.33,4.21,-4.35
1,1547631528226,8.98,4.58,-4.27
1,1547631528226,8.8,4.72,-4.35
1,1547631528227,8.84,4.62,-4.06
1,1547631528227,8.3,4.43,-3.55
1,1547631528297,8.53,3.63,-3.3
1,1547631528298,8.53,2.71,-3.1
1,1547631528299,8.12,1.26,-3.02
1,1547631528299,7.98,0.95,-3.02
1,1547631528300,7.92,0.83,-3.08
1,1547631528314,7.87,0.87,-3.22
1,1547631528315,7.75,1.11,-3.33
1,1547631528315,8.06,1.71,-3.84
1,1547631528371,8.33,2.01,-3.73
1,1547631528379,8.35,2.48,-3.63
1,1547631528380,8.65,3.41,-5.76
1,1547631528380,9.55,6.83,-6.19
1,1547631528380,8.45,5.83,-3.1
1,1547631528380,8.28,3.9,-3.32
1,1547631528381,8.67,3.12,-3.94
1,1547631528447,8.82,3.63,-3.98
1,1547631528471,8.55,3.26,-3.71
1,1547631528472,8.75,3.04,-3.43
1,1547631528473,9.0,3.24,-3.04
1,1547631528473,9.0,4.06,-3.39
1,1547631528473,8.57,4.23,-2.83
1,1547631528474,8.94,3.59,-2.32
1,1547631528474,8.47,3.55,-2.91
1,1547631528524,8.04,3.75,-3.39
1,1547631528527,7.85,3.47,-3.9
1,1547631528528,7.89,3.18,-4.39
1,1547631528530,8.53,3.51,-4.76
1,1547631528531,9.14,5.25,-5.23
1,1547631528532,8.76,4.12,-5.46
1,1547631528533,8.53,3.16,-5.27
1,1547631528598,8.8,3.55,-4.9
1,1547631528599,8.73,4.04,-5.6
1,1547631528600,8.71,3.12,-5.56
1,1547631528601,8.57,2.4,-5.52
1,1547631528601,8.39,2.87,-5.58
1,1547631528602,8.76,2.3,-5.39
1,1547631528603,8.71,2.08,-5.54
1,1547631528673,8.57,1.36,-5.7
1,1547631528674,8.14,0.85,-5.19
1,1547631528674,8.41,1.13,-3.26
1,1547631528675,8.63,1.93,-3.39
1,1547631528675,8.43,1.67,-4.08
1,1547631528675,7.65,3.37,-4.66
1,1547631528676,7.61,3.37,-4.08
1,1547631528676,7.73,3.08,-3.88
1,1547631528751,7.57,2.28,-4.08
1,1547631528752,7.5,1.69,-4.27
1,1547631528752,7.34,0.97,-4.94
1,1547631528752,7.67,1.54,-5.33
1,1547631528770,7.94,1.95,-5.91
1,1547631528771,8.1,2.5,-6.38
1,1547631528772,8.71,3.61,-7.14
1,1547631528772,9.08,3.86,-7.14
1,1547631528824,9.27,3.51,-7.14
1,1547631528826,9.6,3.08,-7.14
1,1547631528826,9.94,2.36,-7.3
1,1547631528827,9.51,2.14,-7.3
1,1547631528828,9.37,2.42,-7.14
1,1547631528829,9.31,2.26,-6.93
1,1547631528830,10.05,2.96,-5.97
1,1547631528896,10.52,3.24,-5.54
1,1547631528897,10.11,2.16,-5.42
1,1547631528897,9.27,1.34,-5.27
1,1547631528897,8.71,2.44,-5.35
1,1547631528898,8.61,3.08,-5.13
1,1547631528898,8.57,2.94,-4.76
1,1547631528898,8.04,3.08,-4.66
1,1547631528921,6.89,4.39,-5.0
1,1547631528985,6.42,4.88,-5.35
1,1547631528985,5.99,5.23,-5.76
1,1547631528986,5.5,5.09,-6.13
1,1547631528986,4.72,3.59,-6.15
1,1547631528986,4.58,2.67,-5.95
1,1547631528986,4.17,1.54,-5.74
1,1547631528987,4.37,0.5,-5.41
1,1547631529045,4.53,0.97,-5.44
1,1547631529045,4.86,1.19,-5.5
1,1547631529045,5.27,0.97,-5.6
1,1547631529074,6.23,-0.19,-5.5
1,1547631529076,6.48,-0.82,-5.58
1,1547631529077,7.1,-0.82,-5.48
1,1547631529078,7.61,-0.62,-5.15
1,1547631529079,7.87,0.15,-3.78
1,1547631529130,8.06,1.21,-3.71
1,1547631529131,8.47,1.46,-4.41
1,1547631529131,9.02,0.68,-4.72
1,1547631529131,9.39,0.42,-4.64
1,1547631529131,10.03,1.4,-4.94
1,1547631529132,9.33,0.56,-5.17
1,1547631529132,8.57,-0.03,-5.66
1,1547631529196,8.41,0.25,-5.6
1,1547631529196,9.16,1.56,-6.58
1,1547631529197,10.41,-2.79,-0.95
1,1547631529197,11.11,-0.93,-1.6
1,1547631529221,10.46,4.14,-3.47
1,1547631529221,8.69,0.5,-4.06
1,1547631529222,8.96,-0.37,-4.41
1,1547631529222,8.82,1.13,-4.92
1,1547631529273,8.1,1.48,-5.58
1,1547631529275,7.71,1.42,-5.52
1,1547631529277,7.55,1.66,-5.58
1,1547631529278,7.53,1.71,-5.85
1,1547631529278,6.87,2.24,-5.76
1,1547631529279,6.93,2.75,-5.48
1,1547631529279,7.1,2.89,-5.35
1,1547631529345,7.22,2.75,-5.56
1,1547631529346,7.14,3.33,-6.13
1,1547631529347,6.71,4.04,-5.97
1,1547631529348,6.25,3.82,-5.76
1,1547631529348,6.3,3.12,-5.6
1,1547631529349,6.89,2.91,-5.39
1,1547631529350,6.95,2.85,-4.9
1,1547631529350,7.51,3.69,-4.57
1,1547631529423,7.69,4.58,-4.49
1,1547631529439,7.91,4.66,-4.21
1,1547631529439,7.5,4.33,-3.98
1,1547631529440,7.38,4.92,-4.35
1,1547631529440,7.28,5.58,-4.62
1,1547631529440,7.79,4.31,-4.74
1,1547631529440,8.35,3.57,-4.64
1,1547631529496,8.78,3.08,-4.47
1,1547631529497,9.21,2.83,-4.31
1,1547631529497,10.13,2.81,-4.55
1,1547631529506,10.46,2.53,-4.7
1,1547631529506,10.6,2.24,-4.82
1,1547631529506,10.41,2.24,-4.82
1,1547631529507,9.66,3.08,-5.56
1,1547631529507,9.21,3.1,-5.78
1,1547631529571,8.59,2.85,-5.35
1,1547631529571,7.59,2.3,-4.31
1,1547631529571,6.28,1.99,-2.1
1,1547631529572,6.05,2.42,-2.51
1,1547631529590,5.95,2.63,-3.65
1,1547631529591,6.13,2.51,-4.16
1,1547631529591,7.05,1.17,-4.88
1,1547631529649,7.61,-0.01,-4.53
1,1547631529677,7.83,-1.03,-3.92
1,1547631529677,7.61,-1.48,-3.49
1,1547631529678,6.62,-0.89,-4.88
1,1547631529678,6.13,0.33,-6.3
1,1547631529678,6.23,1.44,-7.32
1,1547631529678,6.48,2.12,-7.73
1,1547631529679,6.54,3.2,-7.59
1,1547631529722,7.61,3.65,-8.78
1,1547631529723,8.06,3.9,-9.1
1,1547631529724,8.26,4.49,-9.29
1,1547631529727,8.49,5.31,-9.08
1,1547631529728,8.9,6.09,-7.22
1,1547631529728,8.73,5.76,-7.44
1,1547631529729,8.9,5.7,-6.85
1,1547631529796,9.19,6.46,-6.07
1,1547631529818,9.92,8.2,-4.02
1,1547631529820,10.11,8.37,-3.59
1,1547631529820,9.98,8.28,-4.29
1,1547631529821,8.86,8.24,-5.52
1,1547631529822,8.82,7.98,-6.15
1,1547631529823,8.76,7.4,-6.52
1,1547631529823,9.12,6.69,-6.38
1,1547631529880,7.98,5.62,-6.32
1,1547631529881,7.26,6.26,-6.05
1,1547631529881,6.64,7.2,-5.58
1,1547631529881,6.54,7.48,-4.9
1,1547631529882,6.13,5.74,-4.06
1,1547631529882,6.25,5.05,-3.98
1,1547631529882,6.36,5.17,-3.86
1,1547631529949,6.07,5.99,-3.84
1,1547631529950,5.99,6.99,-4.98
1,1547631529950,6.01,6.81,-5.87
1,1547631529950,6.42,6.71,-7.03
1,1547631529950,6.67,6.91,-7.89
1,1547631529951,7.65,6.99,-8.53
1,1547631529951,7.75,7.12,-9.02
1,1547631530021,7.71,7.81,-8.45
1,1547631530051,8.24,7.67,-7.03
1,1547631530052,9.43,6.58,-5.66
1,1547631530053,9.0,7.24,-5.0
1,1547631530054,8.1,7.44,-4.23
1,1547631530054,7.5,6.91,-3.8
1,1547631530055,7.85,4.92,-2.59
1,1547631530056,8.04,3.78,-1.87
1,1547631530110,8.22,2.96,-1.34
1,1547631530110,8.45,2.59,-0.72
1,1547631530111,9.19,2.59,0.21
1,1547631530111,9.6,2.87,0.44
1,1547631530112,10.01,3.28,0.66
1,1547631530112,10.44,3.73,0.78
1,1547631530112,11.19,5.11,0.76
1,1547631530173,11.44,5.76,0.58
1,1547631530174,11.56,6.28,0.37
1,1547631530195,11.58,6.6,0.09
1,1547631530196,11.4,6.6,-0.7
1,1547631530196,11.26,6.42,-1.07
1,1547631530196,11.09,6.11,-1.34
1,1547631530197,10.91,5.7,-1.58
1,1547631530197,10.74,5.21,-1.75
1,1547631530248,10.37,4.49,-2.03
1,1547631530249,10.17,4.29,-2.12
1,1547631530251,9.94,4.14,-2.12
1,1547631530253,9.45,3.98,-2.16
1,1547631530254,9.25,3.92,-2.16
1,1547631530275,9.1,3.86,-2.12
1,1547631530276,8.9,3.96,-2.05
1,1547631530276,8.47,4.21,-2.05
1,1547631530326,8.24,4.35,-2.07
1,1547631530327,7.98,4.49,-2.03
1,1547631530328,7.73,4.55,-1.99
1,1547631530328,7.44,4.64,-1.89
1,1547631530329,6.85,4.86,-1.73
1,1547631530329,6.64,4.94,-1.62
1,1547631530330,6.46,4.92,-1.48
1,1547631530396,6.28,4.88,-1.38
1,1547631530397,6.11,4.57,-1.3
1,1547631530398,6.03,4.31,-1.15
1,1547631530399,5.93,4.06,-0.99
1,1547631530399,5.87,3.9,-0.93
1,1547631530411,6.01,3.63,-0.89
1,1547631530412,6.05,3.37,-0.87
1,1547631530472,6.13,3.08,-0.95
1,1547631530479,6.95,2.87,-1.01
1,1547631530480,7.75,2.79,-1.23
1,1547631530481,8.53,2.73,-1.44
1,1547631530482,9.27,2.51,-1.66
1,1547631530482,10.13,2.34,-2.01
1,1547631530483,10.33,2.57,-2.03
1,1547631530548,10.11,3.06,-1.91
1,1547631530551,9.55,3.73,-1.5
1,1547631530564,8.76,4.66,-0.78
1,1547631530565,7.36,6.5,0.11
1,1547631530566,6.85,7.18,0.42
1,1547631530566,6.46,7.71,0.85
1,1547631530567,5.89,8.47,1.23
1,1547631530567,5.72,8.9,1.36
1,1547631530622,5.64,9.41,1.62
1,1547631530623,5.64,9.96,1.85
1,1547631530624,6.28,10.76,2.07
1,1547631530624,6.85,10.89,2.24
1,1547631530625,7.57,10.91,2.67
1,1547631530625,8.37,10.78,2.94
1,1547631530626,10.62,9.08,2.94
1,1547631530626,11.36,7.61,3.04
1,1547631530698,11.83,5.76,3.28
1,1547631530699,12.34,3.49,3.8
1,1547631530699,12.67,1.26,4.51
1,1547631530700,13.12,-1.56,4.68
1,1547631530700,13.22,-1.56,5.6
1,1547631530701,12.67,-0.82,5.66
1,1547631530702,14.31,-0.01,6.4
1,1547631530776,13.57,0.78,3.67
1,1547631530779,13.53,-0.03,3.53
1,1547631530780,13.92,-0.5,4.08
1,1547631530781,12.24,4.9,3.67
1,1547631530782,12.34,7.05,3.88
1,1547631530783,12.07,7.1,4.16
1,1547631530785,11.3,5.72,4.58
1,1547631530785,9.66,3.92,5.03
1,1547631530927,9.23,4.33,5.09
1,1547631530929,9.1,4.37,4.76
1,1547631530931,9.02,3.86,4.49
1,1547631530933,7.98,3.78,3.71
1,1547631530934,7.71,3.98,3.32
1,1547631530998,7.51,4.0,3.06
1,1547631530999,7.3,3.92,2.79
1,1547631530999,6.89,3.53,2.46
1,1547631531000,6.73,3.2,2.16
1,1547631531001,6.62,3.12,1.97
1,1547631531001,6.54,2.94,1.21
1,1547631531002,6.64,2.96,1.11
1,1547631531002,6.64,3.02,1.01
1,1547631531074,6.66,3.12,0.93
1,1547631531075,6.46,3.61,0.5
1,1547631531076,6.71,3.9,0.15
1,1547631531076,6.85,3.98,-0.05
1,1547631531077,6.99,4.08,-0.19
1,1547631531077,7.07,4.19,-0.46
1,1547631531078,7.12,4.27,-0.56
1,1547631531078,7.3,4.57,-0.85
1,1547631531146,7.36,4.7,-0.99
1,1547631531149,7.42,4.84,-1.11
1,1547631531150,7.44,5.15,-1.26
1,1547631531152,7.44,5.29,-1.3
1,1547631531154,7.44,5.42,-1.25
1,1547631531156,7.48,5.62,-1.13
1,1547631531157,7.73,5.97,-1.03
1,1547631531158,7.87,6.07,-0.99
1,1547631531222,7.98,6.09,-0.93
1,1547631531224,8.02,6.09,-0.95
1,1547631531225,8.16,6.05,-0.89
1,1547631531226,8.3,6.05,-0.83
1,1547631531227,8.55,6.03,-0.83
1,1547631531228,8.86,6.01,-0.78
1,1547631531230,9.78,6.17,-0.62
1,1547631531231,10.23,6.26,-0.52
1,1547631531297,10.6,6.38,-0.46
1,1547631531299,10.87,6.46,-0.46
1,1547631531323,10.78,6.42,-0.23
1,1547631531324,10.33,6.5,-0.07
1,1547631531325,9.68,6.62,0.01
1,1547631531326,8.96,6.71,0.17
1,1547631531326,7.92,6.81,0.42
1,1547631531374,7.63,6.85,0.58
1,1547631531376,7.42,6.87,0.78
1,1547631531378,7.2,6.93,0.99
1,1547631531379,6.89,7.14,1.21
1,1547631531382,6.85,7.28,1.21
1,1547631531383,6.95,7.34,1.21
1,1547631531385,7.12,7.32,1.23
1,1547631531386,7.85,7.18,1.13
1,1547631531449,8.39,6.99,1.11
1,1547631531450,8.98,6.71,1.09
1,1547631531451,9.6,6.46,1.11
1,1547631531452,11.03,6.15,1.23
1,1547631531452,11.87,6.03,1.23
1,1547631531453,12.65,5.93,1.23
1,1547631531454,13.33,5.78,1.3
1,1547631531525,13.8,5.6,1.34
1,1547631531536,13.71,5.19,1.69
1,1547631531537,13.41,5.0,1.56
1,1547631531537,13.16,4.64,1.42
1,1547631531538,12.34,3.49,1.25
1,1547631531538,11.91,3.06,1.23
1,1547631531538,11.5,2.77,1.23
1,1547631531538,11.17,2.61,1.21
1,1547631531597,10.85,2.71,1.23
1,1547631531605,10.89,2.91,1.28
1,1547631531606,11.09,3.16,1.25
1,1547631531606,11.25,3.41,1.26
1,1547631531607,11.13,3.59,1.25
1,1547631531607,10.95,3.63,1.23
1,1547631531608,10.76,3.65,1.21
1,1547631531672,10.6,3.69,1.21
1,1547631531673,10.41,3.82,1.19
1,1547631531673,10.31,3.82,1.15
1,1547631531674,10.21,3.65,1.15
1,1547631531674,10.05,3.49,1.07
1,1547631531675,9.68,3.02,0.95
1,1547631531675,9.53,2.75,0.85
1,1547631531675,9.43,2.55,0.76
1,1547631531746,9.43,2.48,0.66
1,1547631531746,9.41,2.44,0.6
1,1547631531747,9.06,2.34,0.41
1,1547631531747,8.75,2.28,0.44
1,1547631531747,8.49,2.2,0.46
1,1547631531755,8.1,2.24,0.56
1,1547631531756,8.02,2.51,0.87
1,1547631531819,8.12,2.77,1.05
1,1547631531821,8.61,3.02,0.97
1,1547631531822,9.88,2.77,0.72
1,1547631531823,10.23,2.42,0.41
1,1547631531824,10.52,2.18,0.0
1,1547631531824,10.8,1.95,-0.54
1,1547631531825,11.28,1.66,-1.42
1,1547631531826,11.48,1.85,-1.79
1,1547631531895,11.52,2.18,-2.12
1,1547631531896,11.25,2.44,-2.4
1,1547631531912,9.8,2.34,-2.61
1,1547631531913,9.0,2.34,-2.59
1,1547631531914,8.37,2.57,-2.51
1,1547631531915,7.96,3.0,-2.51
1,1547631531916,7.79,3.35,-2.48
1,1547631531970,7.44,3.65,-2.16
1,1547631531991,7.2,3.67,-2.03
1,1547631531992,6.93,3.67,-1.97
1,1547631531992,6.81,3.57,-1.73
1,1547631531993,6.69,3.33,-1.4
1,1547631531993,6.6,3.14,-1.25
1,1547631531993,6.48,2.91,-1.13
1,1547631531993,6.09,2.48,-1.09
1,1547631532047,5.99,2.28,-1.01
1,1547631532049,5.99,2.07,-0.93
1,1547631532050,6.15,1.83,-0.89
1,1547631532051,7.38,1.77,-0.87
1,1547631532052,7.91,1.79,-0.85
1,1547631532053,8.43,1.75,-0.83
1,1547631532054,8.9,1.79,-0.82
1,1547631532124,9.98,2.32,-0.54
1,1547631532125,10.7,2.91,-0.29
1,1547631532126,11.6,3.69,-0.01
1,1547631532127,12.5,4.58,0.23
1,1547631532128,13.37,5.44,0.52
1,1547631532129,14.72,6.95,0.99
1,1547631532130,15.39,7.59,1.19
1,1547631532131,15.89,8.22,1.26
1,1547631532196,16.26,8.75,1.28
1,1547631532197,16.36,9.45,1.11
1,1547631532197,16.03,9.41,1.05
1,1547631532198,15.5,9.25,1.11
1,1547631532198,13.78,9.35,1.26
1,1547631532199,12.87,9.49,1.79
1,1547631532271,12.63,8.65,1.75
1,1547631532272,12.53,7.38,1.19
1,1547631532273,12.4,2.32,5.78
1,1547631532273,12.69,1.05,4.49
1,1547631532273,12.94,2.77,3.0
1,1547631532274,12.63,5.66,2.59
1,1547631532274,12.4,6.23,3.08
1,1547631532275,12.2,5.41,2.26
1,1547631532347,11.62,7.07,1.66
1,1547631532348,11.42,6.79,2.2
1,1547631532362,10.97,0.95,3.14
1,1547631532363,10.91,-2.79,4.86
1,1547631532364,10.25,-3.24,4.47
1,1547631532365,9.47,-0.62,3.9
1,1547631532366,9.06,1.21,3.75
1,1547631532367,9.14,-0.78,3.88
1,1547631532423,8.98,-1.6,4.02
1,1547631532424,8.59,-0.97,3.76
1,1547631532424,7.77,4.35,1.99
1,1547631532424,7.83,5.93,1.6
1,1547631532425,8.14,6.13,1.5
1,1547631532425,8.57,5.66,1.64
1,1547631532425,8.78,5.35,1.71
1,1547631532498,8.53,5.78,1.4
1,1547631532498,8.37,6.01,1.25
1,1547631532511,8.39,5.91,1.23
1,1547631532512,8.73,4.64,1.23
1,1547631532512,8.92,3.84,1.26
1,1547631532512,9.08,3.22,1.23
1,1547631532513,9.17,2.67,1.23
1,1547631532576,9.66,2.01,1.23
1,1547631532578,9.86,1.73,1.23
1,1547631532579,10.01,1.54,1.26
1,1547631532580,10.01,1.48,1.34
1,1547631532581,9.8,2.01,1.66
1,1547631532582,9.6,2.42,1.79
1,1547631532583,9.35,2.77,1.81
1,1547631532584,9.0,3.02,1.62
1,1547631532647,8.22,3.12,1.17
1,1547631532648,7.94,3.02,0.91
1,1547631532648,7.91,2.89,0.66
1,1547631532649,8.02,2.71,0.29
1,1547631532649,8.39,2.67,0.31
1,1547631532649,9.06,2.79,0.33
1,1547631532650,9.23,2.92,0.44
1,1547631532650,9.21,3.1,0.56
1,1547631532723,9.02,3.51,0.66
1,1547631532724,8.82,3.67,0.56
1,1547631532725,8.57,3.8,0.44
1,1547631532725,8.2,3.88,0.39
1,1547631532726,7.51,3.9,0.21
1,1547631532726,7.26,3.86,0.27
1,1547631532727,7.08,3.8,0.27
1,1547631532795,6.89,3.73,0.31
1,1547631532796,6.81,3.53,0.35
1,1547631532814,6.91,3.51,0.39
1,1547631532815,7.08,3.45,0.39
1,1547631532816,7.32,3.47,0.39
1,1547631532817,7.89,3.76,0.46
1,1547631532818,8.16,4.0,0.5
1,1547631532819,8.49,4.27,0.54
1,1547631532870,8.82,4.49,0.58
1,1547631532871,9.16,4.64,0.62
1,1547631532871,9.78,4.8,0.7
1,1547631532881,10.05,4.9,0.68
1,1547631532882,10.27,5.03,0.66
1,1547631532882,10.58,5.23,0.56
1,1547631532882,10.74,5.29,0.48
1,1547631532946,10.87,5.35,0.39
1,1547631532965,11.05,5.39,0.31
1,1547631532966,11.38,5.52,-0.09
1,1547631532966,11.44,5.62,-0.35
1,1547631532966,11.36,5.68,-0.52
1,1547631532967,11.21,5.72,-0.66
1,1547631532967,10.93,5.85,-1.07
1,1547631532967,10.72,5.83,-1.17
1,1547631533023,10.5,5.87,-1.23
1,1547631533024,10.31,5.95,-1.07
1,1547631533025,10.27,6.38,-0.95
1,1547631533026,10.33,6.67,-0.82
1,1547631533027,10.31,6.81,-0.74
1,1547631533028,9.98,6.99,-0.78
1,1547631533028,9.08,7.67,-0.82
1,1547631533096,9.08,7.98,-0.83
1,1547631533098,9.68,8.26,-0.7
1,1547631533098,10.68,8.12,-0.83
1,1547631533098,13.0,6.93,-1.42
1,1547631533099,13.88,6.26,-1.58
1,1547631533099,14.58,5.93,-1.71
1,1547631533099,15.11,5.91,-1.52
1,1547631533118,15.25,6.25,-0.95
1,1547631533173,12.77,7.61,0.82
1,1547631533173,10.58,8.18,1.4
1,1547631533174,8.37,8.51,2.01
1,1547631533174,4.94,8.18,2.55
1,1547631533175,4.06,7.71,2.59
1,1547631533175,3.78,7.28,2.4
1,1547631533177,4.19,6.85,2.1
1,1547631533245,7.81,4.92,1.11
1,1547631533246,8.73,3.96,0.87
1,1547631533246,9.47,2.94,0.7
1,1547631533246,10.21,2.01,0.64
1,1547631533322,11.67,0.46,0.39
1,1547631533334,12.07,-0.35,0.41
1,1547631533335,12.05,-0.97,0.41
1,1547631533335,11.6,-1.17,0.41
1,1547631533335,9.78,-1.28,0.52
1,1547631533336,8.78,-1.3,0.64
1,1547631533336,7.89,-1.19,0.74
1,1547631533336,7.3,-1.01,0.78
1,1547631533397,6.5,0.39,0.44
1,1547631533398,6.26,1.15,0.01
1,1547631533399,6.17,1.81,-0.66
1,1547631533399,5.74,1.6,-1.09
1,1547631533400,5.37,1.62,-1.26
1,1547631533400,4.9,1.73,-1.38
1,1547631533471,4.43,1.97,-1.5
1,1547631533472,3.73,2.28,-1.56
1,1547631533546,3.69,2.44,-1.44
1,1547631533621,3.8,2.61,-1.36
1,1547631533636,3.94,2.73,-1.48
1,1547631533637,4.27,2.67,-1.6
1,1547631533637,4.27,2.38,-1.64
1,1547631533637,4.16,2.03,-1.75
1,1547631533637,3.96,1.58,-1.75
1,1547631533637,3.65,0.85,-0.95
1,1547631533638,4.06,0.56,-0.95
1,1547631533694,9.06,2.16,-2.48
1,1547631533703,12.44,3.63,-5.8
1,1547631533704,13.24,3.35,-5.99
1,1547631533704,13.86,3.3,-5.89
1,1547631533704,13.82,4.55,-4.51
1,1547631533704,13.02,5.46,-3.75
1,1547631533704,12.12,6.19,-2.91
1,1547631533705,11.26,6.77,-2.2
1,1547631533769,10.48,7.4,-1.56
1,1547631533770,10.62,7.28,-1.79
1,1547631533770,10.83,6.75,-2.22
1,1547631533770,10.82,5.89,-2.59
1,1547631533800,10.5,4.31,-3.32
1,1547631533801,10.33,3.84,-3.43
1,1547631533802,10.21,3.45,-3.53
1,1547631533803,10.25,3.06,-3.43
1,1547631533862,10.5,2.42,-2.92
1,1547631533862,10.66,2.28,-2.67
1,1547631533862,10.83,2.14,-2.42
1,1547631533863,10.97,2.14,-2.14
1,1547631533863,11.25,2.3,-1.71
1,1547631533863,11.48,2.46,-1.54
1,1547631533864,11.77,2.73,-1.42
1,1547631533864,11.93,2.92,-1.34
1,1547631533921,11.15,3.06,-1.3
1,1547631533922,10.39,3.06,-1.36
1,1547631533924,9.76,3.16,-1.48
1,1547631533925,9.45,3.33,-1.67
1,1547631533926,9.35,3.33,-1.99
1,1547631533926,9.47,3.18,-2.07
1,1547631533927,9.53,3.04,-2.01
1,1547631533999,9.49,2.96,-2.07
1,1547631534001,9.25,2.92,-1.87
1,1547631534002,9.04,2.96,-1.81
1,1547631534003,8.84,2.98,-1.87
1,1547631534005,8.69,2.96,-1.91
1,1547631534006,8.65,3.04,-2.12
1,1547631534009,8.69,3.14,-2.16
1,1547631534011,8.69,3.32,-2.1
1,1547631534076,8.75,3.51,-2.05
1,1547631534078,9.04,3.86,-1.95
1,1547631534079,9.16,4.04,-1.67
1,1547631534080,9.29,4.14,-1.5
1,1547631534114,9.37,4.16,-1.52
1,1547631534115,9.51,4.14,-1.58
1,1547631534115,9.53,4.02,-1.73
1,1547631534146,9.53,3.9,-1.99
1,1547631534147,9.55,3.76,-2.12
1,1547631534148,9.41,3.76,-2.03
1,1547631534169,9.23,3.86,-1.89
1,1547631534170,9.12,4.04,-1.52
1,1547631534170,9.17,4.23,-1.23
1,1547631534170,9.43,4.06,-1.15
1,1547631534170,9.62,3.75,-1.21
1,1547631534220,9.76,3.45,-1.54
1,1547631534222,9.84,3.26,-1.81
1,1547631534223,9.43,2.63,-1.79
1,1547631534223,9.21,2.53,-1.83
1,1547631534224,9.25,2.61,-1.99
1,1547631534225,9.35,2.79,-2.01
1,1547631534228,9.51,3.1,-1.69
1,1547631534298,9.7,3.02,-1.58
1,1547631534298,10.03,2.71,-1.6
1,1547631534298,10.33,2.48,-1.79
1,1547631534299,10.21,2.83,-2.3
1,1547631534299,9.94,3.02,-2.38
1,1547631534299,9.6,2.73,-2.32
1,1547631534310,9.41,2.26,-2.12
1,1547631534311,9.53,1.89,-1.25
1,1547631534388,9.84,2.01,-1.01
1,1547631534389,10.68,2.22,-1.17
1,1547631534389,10.93,2.51,-1.58
1,1547631534390,10.33,3.43,-2.1
1,1547631534390,9.94,3.71,-1.93
1,1547631534390,9.9,3.67,-1.64
1,1547631534390,10.07,3.49,-1.32
1,1547631534446,10.11,2.3,-1.07
1,1547631534447,9.84,1.95,-1.26
1,1547631534448,9.58,2.28,-1.42
1,1547631534448,9.39,2.92,-1.69
1,1547631534449,9.43,3.57,-2.05
1,1547631534449,9.45,3.51,-2.07
1,1547631534450,9.47,3.75,-1.97
1,1547631534521,9.53,4.17,-2.01
1,1547631534522,9.72,4.64,-2.08
1,1547631534522,9.78,4.35,-2.08
1,1547631534522,9.78,3.8,-1.97
1,1547631534522,9.72,3.24,-1.91
1,1547631534523,9.41,3.47,-1.91
1,1547631534523,9.35,3.86,-2.26
1,1547631534523,9.33,4.14,-2.5
1,1547631534597,9.29,4.19,-2.61
1,1547631534598,9.21,3.61,-2.71
1,1547631534598,9.08,3.24,-2.77
1,1547631534599,8.76,3.2,-2.81
1,1547631534609,8.43,3.55,-2.75
1,1547631534610,8.61,4.33,-1.95
1,1547631534610,8.88,2.98,-1.77
1,1547631534675,9.08,2.38,-1.66
1,1547631534675,9.29,2.5,-1.71
1,1547631534676,9.17,2.36,-1.99
1,1547631534676,8.71,1.79,-2.2
1,1547631534677,8.47,1.69,-2.38
1,1547631534677,8.51,1.71,-2.5
1,1547631534678,8.67,1.93,-2.89
1,1547631534678,8.8,2.16,-3.1
1,1547631534749,8.98,2.32,-3.24
1,1547631534751,9.21,2.5,-3.45
1,1547631534752,9.43,2.57,-4.04
1,1547631534752,9.66,2.57,-4.16
1,1547631534753,9.7,2.22,-4.1
1,1547631534754,9.49,1.87,-3.92
1,1547631534755,9.55,2.46,-3.78
1,1547631534825,9.66,3.02,-3.71
1,1547631534827,9.94,3.39,-3.28
1,1547631534827,10.39,3.51,-2.89
1,1547631534828,11.21,3.45,-3.22
1,1547631534829,11.91,3.28,-3.06
1,1547631534829,11.85,3.35,-2.38
1,1547631534830,11.64,3.57,-2.01
1,1547631534830,11.25,1.66,-1.62
1,1547631534900,11.3,-0.03,-1.4
1,1547631534905,11.83,-0.39,-1.5
1,1547631534907,12.73,1.01,-1.26
1,1547631534908,11.69,4.98,-4.23
1,1547631534910,9.98,6.71,-4.88
1,1547631534911,9.1,8.28,-5.19
1,1547631534912,9.27,8.51,-7.38
1,1547631534974,9.06,6.71,-6.5
1,1547631534976,9.62,5.25,-12.53
1,1547631534978,9.57,3.84,-7.73
1,1547631534978,9.76,1.73,-4.23
1,1547631534979,11.87,-1.25,-1.5
1,1547631534980,13.1,-0.8,-1.79
1,1547631534980,13.96,0.64,-2.55
1,1547631534981,13.96,0.97,-3.0
1,1547631535048,13.2,-1.77,-1.56
1,1547631535049,13.1,-1.97,-1.01
1,1547631535050,12.96,-1.17,-0.83
1,1547631535050,13.39,0.0,-1.66
1,1547631535051,12.5,1.13,-1.85
1,1547631535052,12.05,1.05,-0.52
1,1547631535052,12.3,0.83,1.11
1,1547631535123,12.55,0.35,1.11
1,1547631535132,12.59,0.72,-0.64
1,1547631535134,12.73,1.5,-1.6
1,1547631535134,12.75,1.87,-2.07
1,1547631535135,12.65,1.67,-2.26
1,1547631535136,12.55,1.42,-2.42
1,1547631535136,12.53,1.42,-2.59
1,1547631535137,12.48,1.36,-2.79
1,1547631535195,12.24,0.99,-2.92
1,1547631535196,11.11,5.56,-1.93
1,1547631535196,10.41,21.66,-6.11
1,1547631535197,11.54,-10.03,-7.63
1,1547631535198,11.71,-10.0,4.35
1,1547631535198,11.62,1.83,-4.74
1,1547631535199,12.61,-5.13,-2.67
1,1547631535272,12.08,-2.53,-1.83
1,1547631535273,11.62,-1.01,-2.87
1,1547631535274,11.26,-0.72,-1.69
1,1547631535275,10.99,4.66,-3.28
1,1547631535275,10.39,7.85,-3.9
1,1547631535276,9.78,6.32,-3.57
1,1547631535276,9.76,-1.19,-2.34
1,1547631535347,10.15,-1.97,-1.93
1,1547631535348,10.41,-1.01,-2.14
1,1547631535349,10.64,0.62,-2.51
1,1547631535349,10.8,0.87,-2.59
1,1547631535350,10.62,-0.44,-2.1
1,1547631535351,10.42,-1.19,-1.73
1,1547631535352,10.54,-0.97,-1.81
1,1547631535352,10.64,1.46,-2.34
1,1547631535423,10.44,1.79,-2.18
1,1547631535424,10.03,1.11,-1.77
1,1547631535424,9.8,0.41,-1.66
1,1547631535425,10.19,0.23,-1.75
1,1547631535425,11.15,0.17,-1.71
1,1547631535426,11.09,-0.23,-1.52
1,1547631535426,10.66,-0.21,-1.75
1,1547631535427,9.98,1.21,-1.97
1,1547631535502,10.29,1.52,-2.22
1,1547631535504,10.58,1.62,-2.44
1,1547631535505,10.5,1.54,-2.48
1,1547631535506,9.64,0.35,-1.75
1,1547631535507,9.33,-1.91,-1.03
1,1547631535576,9.64,-1.32,-1.4
1,1547631535577,10.15,-0.35,-2.01
1,1547631535578,10.19,0.31,-2.81
1,1547631535578,9.57,0.19,-2.38
1,1547631535579,8.96,-0.03,-2.08
1,1547631535579,8.75,-0.05,-1.71
1,1547631535580,9.29,-0.48,-1.64
1,1547631535581,9.6,-0.46,-1.83
1,1547631535647,9.72,0.09,-1.54
1,1547631535648,9.41,0.58,-1.13
1,1547631535648,8.47,1.21,-0.68
1,1547631535648,8.51,1.21,-0.56
1,1547631535649,8.32,0.82,-0.64
1,1547631535649,8.24,0.52,-1.17
1,1547631535649,8.96,0.21,-1.62
1,1547631535650,9.12,-0.33,-1.66
1,1547631535725,9.31,-0.66,-1.38
1,1547631535727,9.19,-0.64,-1.3
1,1547631535729,9.1,-0.33,-1.52
1,1547631535730,9.17,-0.35,-1.52
1,1547631535731,9.08,-0.29,-1.46
1,1547631535732,8.73,-0.19,-1.4
1,1547631535733,8.75,-0.62,-1.05
1,1547631535734,9.16,-0.44,-1.21
1,1547631535796,9.31,0.09,-1.48
1,1547631535797,8.92,0.27,-1.69
1,1547631535797,8.1,-0.23,-1.44
1,1547631535798,8.3,-0.5,-1.38
1,1547631535874,8.59,-0.56,-1.25
1,1547631535875,8.65,-0.29,-0.99
1,1547631535876,8.35,0.25,-0.72
1,1547631535877,8.41,0.03,-0.46
1,1547631535878,8.55,-0.27,-0.35
1,1547631535878,8.43,-0.42,-0.66
1,1547631535879,7.94,0.25,-0.78
1,1547631535879,7.92,0.5,-0.89
1,1547631535950,8.06,0.42,-1.23
1,1547631535951,8.04,0.21,-1.23
1,1547631535952,8.33,0.29,-0.42
1,1547631535953,8.59,0.46,-0.35
1,1547631535953,8.65,0.68,-0.33
1,1547631535953,8.67,0.54,-0.5
1,1547631535954,8.8,0.0,-0.31
1,1547631535954,8.8,-0.33,-0.27
1,1547631536020,8.76,-0.27,-0.46
1,1547631536020,8.82,-0.19,-0.72
1,1547631536021,8.88,-0.64,-0.7
1,1547631536096,8.9,-0.78,-0.54
1,1547631536099,8.73,-0.13,-0.48
1,1547631536100,8.82,0.25,-0.46
1,1547631536101,8.94,0.37,-0.42
1,1547631536102,8.94,0.46,-0.35
1,1547631536102,8.76,1.01,-0.19
1,1547631536103,8.94,1.34,0.13
1,1547631536104,9.35,1.34,-0.19
1,1547631536171,9.74,1.03,-0.37
1,1547631536172,9.0,0.42,-0.5
1,1547631536174,9.29,0.91,-0.64
1,1547631536248,9.57,0.29,-0.68
1,1547631536249,9.62,-0.09,-0.41
1,1547631536249,9.49,-0.7,0.33
1,1547631536279,9.04,-1.3,0.52
1,1547631536280,8.88,-1.01,0.11
1,1547631536281,8.69,-0.46,-0.05
1,1547631536281,8.49,-0.03,0.01
1,1547631536282,8.57,0.09,-0.54
1,1547631536344,8.84,0.23,-0.95
1,1547631536344,9.25,0.42,-1.3
1,1547631536345,9.33,0.97,-1.17
1,1547631536345,8.28,1.25,0.5
1,1547631536346,7.98,1.62,0.68
1,1547631536346,8.16,1.91,0.68
1,1547631536346,8.51,2.12,0.52
1,1547631536347,8.9,1.97,-0.91
1,1547631536395,9.1,1.5,-1.44
1,1547631536395,9.23,0.95,-1.69
1,1547631536396,9.14,0.62,-1.73
1,1547631536471,8.53,0.8,-1.3
1,1547631536472,8.47,1.21,-1.07
1,1547631536472,8.49,1.66,-0.8
1,1547631536473,8.57,1.95,-0.76
1,1547631536473,8.41,2.16,-0.68
1,1547631536473,8.16,1.97,-0.68
1,1547631536473,7.94,1.79,-0.72
1,1547631536474,7.94,1.89,-1.07
1,1547631536549,8.8,2.77,-1.19
1,1547631536550,8.92,3.0,-0.68
1,1547631536551,8.28,3.2,-0.27
1,1547631536627,8.55,3.22,-0.54
1,1547631536628,8.84,3.32,-0.48
1,1547631536630,10.23,3.02,-2.4
1,1547631536631,11.19,2.44,-3.98
1,1547631536632,11.42,1.5,-4.27
1,1547631536633,10.99,0.54,-3.16
1,1547631536634,10.8,0.62,-0.15
1,1547631536635,11.03,0.72,0.15
1,1547631536699,11.28,0.97,-0.21
1,1547631536700,12.03,1.89,-1.3
1,1547631536700,11.38,1.58,-1.01
1,1547631536701,11.05,2.18,-1.01
1,1547631536701,11.15,1.95,-0.83
1,1547631536701,11.28,1.62,-0.7
1,1547631536702,11.17,1.71,-0.82
1,1547631536702,10.74,2.24,-0.8
1,1547631536771,10.21,2.79,-0.64
1,1547631536772,10.11,2.44,-0.07
1,1547631536774,10.07,2.07,0.25
1,1547631536774,9.82,1.91,0.6
1,1547631536775,9.6,2.14,0.76
1,1547631536775,9.88,2.14,0.48
1,1547631536776,10.17,1.79,0.56
1,1547631536776,10.19,1.58,0.58
1,1547631536849,10.0,1.73,0.56
1,1547631536850,9.82,2.38,0.03
1,1547631536851,9.88,2.65,-0.58
1,1547631536852,10.0,2.73,-0.74
1,1547631536852,10.05,2.55,-0.97
1,1547631536853,10.0,1.66,-1.73
1,1547631536854,10.11,1.23,-1.81
1,1547631536854,10.29,1.01,-1.46
1,1547631536922,10.31,1.28,-1.03
1,1547631536923,10.0,1.97,-1.19
1,1547631536923,9.94,1.99,-1.38
1,1547631536924,9.92,1.75,-1.4
1,1547631536925,9.98,1.52,-1.28
1,1547631536945,9.82,1.73,-1.17
1,1547631536946,9.74,2.2,-1.05
1,1547631537000,9.8,2.59,-1.28
1,1547631537000,9.94,2.61,-1.6
1,1547631537012,9.6,1.83,-1.69
1,1547631537012,9.49,1.54,-1.36
1,1547631537012,9.7,1.62,-1.13
1,1547631537012,9.84,2.14,-0.99
1,1547631537013,9.51,3.06,-1.48
1,1547631537013,9.7,2.63,-1.32
1,1547631537071,10.05,1.87,-1.36
1,1547631537072,10.29,1.17,-1.69
1,1547631537074,10.82,0.42,-2.5
1,1547631537075,11.38,0.62,-2.65
1,1547631537076,11.83,1.09,-2.4
1,1547631537077,12.05,1.64,-2.05
1,1547631537078,11.4,2.63,-0.48
1,1547631537147,10.68,2.87,0.09
1,1547631537167,10.01,2.75,0.48
1,1547631537168,9.64,2.05,0.99
1,1547631537169,9.58,0.52,0.95
1,1547631537169,9.45,0.87,0.6
1,1547631537170,8.92,1.6,0.7
1,1547631537170,8.26,2.26,0.64
1,1547631537170,7.69,2.89,0.07
1,1547631537235,7.94,2.67,-0.39
1,1547631537236,8.32,2.07,-0.56
1,1547631537238,8.57,1.32,-0.44
1,1547631537240,8.78,-0.03,0.33
1,1547631537241,8.88,-0.25,0.82
1,1547631537243,9.1,-0.13,1.07
1,1547631537244,9.23,0.07,1.03
1,1547631537295,9.27,0.76,0.74
1,1547631537299,9.39,1.17,1.07
1,1547631537302,9.55,1.6,1.19
1,1547631537303,9.74,2.03,1.23
1,1547631537304,10.44,1.81,1.58
1,1547631537306,10.54,1.4,1.81
1,1547631537306,10.33,1.25,1.77
1,1547631537373,10.05,1.3,1.58
1,1547631537374,9.58,0.6,1.89
1,1547631537375,9.41,-0.35,2.05
1,1547631537382,9.41,-0.87,1.77
1,1547631537382,9.57,-0.82,1.62
1,1547631537382,9.49,0.42,1.26
1,1547631537383,9.41,1.13,1.34
1,1547631537383,9.31,1.26,1.64
1,1547631537447,9.14,0.95,2.01
1,1547631537448,8.96,0.39,2.22
1,1547631537449,9.14,0.56,2.1
1,1547631537450,9.21,0.42,2.36
1,1547631537451,8.9,0.29,2.55
1,1547631537451,8.43,0.78,2.36
1,1547631537452,8.55,0.64,2.2
1,1547631537453,8.61,0.44,2.22
1,1547631537523,8.63,0.44,2.24
1,1547631537525,8.8,0.76,2.05
1,1547631537526,8.67,0.5,1.97
1,1547631537602,8.45,0.19,1.93
1,1547631537624,8.04,0.05,2.03
1,1547631537624,7.96,0.68,1.56
1,1547631537625,8.32,1.25,1.5
1,1547631537625,8.57,1.42,1.62
1,1547631537625,8.63,1.32,1.71
1,1547631537625,8.53,1.19,1.23
1,1547631537625,8.47,1.4,1.05
1,1547631537672,8.39,1.62,0.76
1,1547631537672,8.55,1.5,0.66
1,1547631537673,9.45,0.76,1.23
1,1547631537684,9.19,1.11,1.28
1,1547631537685,8.82,1.58,1.34
1,1547631537685,8.69,1.77,1.21
1,1547631537685,9.06,1.32,1.21
1,1547631537685,9.35,0.74,1.21
1,1547631537746,9.53,0.42,1.07
1,1547631537746,10.37,1.32,0.27
1,1547631537747,11.19,1.6,0.23
1,1547631537769,12.14,1.71,0.11
1,1547631537770,12.94,2.14,-0.11
1,1547631537770,12.18,2.16,-0.05
1,1547631537771,11.01,1.81,-0.11
1,1547631537772,10.21,1.42,-0.17
1,1547631537837,10.42,0.76,0.01
1,1547631537838,11.09,0.54,0.31
1,1547631537838,11.4,0.39,0.68
1,1547631537838,11.15,0.33,0.8
1,1547631537838,9.98,0.78,0.25
1,1547631537839,9.57,0.97,0.31
1,1547631537839,9.51,1.07,0.15
1,1547631537839,9.6,1.6,0.07
1,1547631537984,9.43,1.89,0.01
1,1547631537985,9.41,1.62,0.11
1,1547631537986,9.37,1.32,0.09
1,1547631537986,9.23,1.15,0.21
1,1547631537987,8.63,1.58,0.25
1,1547631538050,8.69,1.79,-0.05
1,1547631538052,8.76,1.66,-0.15
1,1547631538052,8.78,1.44,-0.09
1,1547631538124,9.55,1.32,-0.62
1,1547631538125,11.67,1.54,-1.52
1,1547631538125,11.97,1.71,-0.95
1,1547631538125,12.22,1.79,-0.95
1,1547631538125,12.34,1.81,-0.99
1,1547631538126,12.26,1.6,-0.87
1,1547631538151,10.83,1.01,-0.5
1,1547631538151,10.46,1.19,-0.78
1,1547631538195,9.94,0.68,-1.11
1,1547631538211,9.68,0.64,-1.28
1,1547631538212,8.98,1.19,-1.32
1,1547631538272,9.02,1.21,-0.87
1,1547631538294,8.73,1.77,-0.5
1,1547631538295,8.61,1.99,-0.19
1,1547631538295,8.73,2.14,-0.11
1,1547631538296,9.16,2.57,-0.17
1,1547631538296,9.51,2.48,-0.19
1,1547631538296,9.47,1.87,-0.56
1,1547631538345,9.55,1.62,-0.89
1,1547631538346,9.57,1.62,-1.07
1,1547631538347,9.78,1.4,-0.95
1,1547631538420,9.53,0.58,-0.13
1,1547631538422,9.98,-0.09,-0.23
1,1547631538422,9.96,0.52,-0.27
1,1547631538499,10.25,0.56,-0.54
1,1547631538500,10.52,0.58,-0.95
1,1547631538502,10.82,0.82,-1.19
1,1547631538503,11.6,1.44,-1.34
1,1547631538573,11.42,1.19,-0.95
1,1547631538575,11.11,0.6,-0.35
1,1547631538601,10.89,0.29,-0.13
1,1547631538602,10.07,1.19,0.52
1,1547631538602,9.86,1.21,0.7
1,1547631538602,9.58,1.19,0.97
1,1547631538603,8.9,0.42,0.93
1,1547631538647,9.29,1.25,0.44
1,1547631538648,9.49,1.56,0.27
1,1547631538649,9.68,1.44,0.19
1,1547631538650,8.96,1.48,1.17
1,1547631538651,9.57,1.23,0.93
1,1547631538652,10.09,0.58,0.97
1,1547631538654,10.56,0.01,0.87
1,1547631538738,10.85,-0.01,0.82
1,1547631538739,10.58,0.39,0.87
1,1547631538740,9.82,0.82,1.26
1,1547631538740,9.45,1.03,1.34
1,1547631538740,9.57,1.23,1.52
1,1547631538741,9.98,0.97,1.26
1,1547631538742,10.33,0.82,1.17
1,1547631538797,10.54,0.95,1.09
1,1547631538799,10.62,1.3,1.05
1,1547631538800,10.17,1.03,1.09
1,1547631538873,9.84,1.09,1.17
1,1547631538875,9.41,1.52,1.17
1,1547631538875,9.41,1.6,1.11
1,1547631538876,9.57,1.38,1.09
1,1547631538877,9.64,1.13,1.11
1,1547631538878,9.58,0.6,1.05
1,1547631538878,9.45,0.5,0.97
1,1547631538951,9.19,0.7,0.91
1,1547631538952,9.16,1.21,0.91
1,1547631538952,9.21,1.28,0.91
1,1547631538953,9.12,0.7,1.03
1,1547631538953,9.31,0.76,0.83
1,1547631538954,9.58,0.95,0.64
1,1547631538954,9.86,1.54,0.42
1,1547631539033,9.76,1.6,0.42
1,1547631539035,9.78,1.21,0.46
1,1547631539035,9.51,0.03,0.58
1,1547631539036,9.37,0.66,0.39
1,1547631539036,9.39,1.28,0.25
1,1547631539037,9.55,1.23,0.25
1,1547631539038,9.51,0.0,0.21
1,1547631539132,9.66,0.05,0.29
1,1547631539133,9.8,0.33,0.33
1,1547631539133,9.14,1.5,0.03
1,1547631539133,9.17,1.64,0.19
1,1547631539133,9.47,1.52,0.31
1,1547631539134,9.82,1.4,0.29
1,1547631539134,10.07,1.44,0.17
1,1547631539169,10.03,1.28,0.01
1,1547631539170,9.98,1.01,0.01
1,1547631539171,9.88,0.74,0.17
1,1547631539247,9.94,0.6,0.13
1,1547631539262,9.96,0.99,0.07
1,1547631539263,9.76,1.4,-0.03
1,1547631539263,9.57,1.69,-0.07
1,1547631539263,9.62,1.42,0.03
1,1547631539264,9.78,0.95,0.05
1,1547631539264,9.8,1.03,-0.03
1,1547631539265,9.43,2.01,-0.52
1,1547631539326,9.31,2.4,-0.62
1,1547631539327,9.37,2.32,-0.35
1,1547631539328,9.55,2.36,0.41
1,1547631539328,9.64,2.5,0.19
1,1547631539328,9.94,1.28,-0.15
1,1547631539329,10.01,0.56,-0.15
1,1547631539329,10.23,0.27,-0.23
1,1547631539330,10.39,0.82,-0.09
1,1547631539397,10.07,2.03,0.21
1,1547631539399,9.96,1.64,0.17
1,1547631539399,10.01,1.38,0.21
1,1547631539475,10.15,1.44,0.07
1,1547631539478,10.29,1.62,0.19
1,1547631539479,10.19,1.66,0.27
1,1547631539479,9.96,1.46,0.39
1,1547631539480,9.72,1.25,0.44
1,1547631539482,9.72,1.38,0.44
1,1547631539483,9.7,1.6,0.39
1,1547631539484,9.57,1.69,0.33
1,1547631539551,9.7,1.75,0.23
1,1547631539553,9.88,1.67,0.23
1,1547631539554,9.45,1.38,0.56
1,1547631539555,9.47,1.32,0.35
1,1547631539556,9.39,1.42,0.07
1,1547631539557,9.62,1.42,-0.42
1,1547631539557,10.05,1.01,-0.83
1,1547631539558,10.03,0.62,-0.64
1,1547631539622,9.55,0.68,-0.33
1,1547631539623,9.23,1.21,-0.09
1,1547631539624,9.6,2.34,-0.19
1,1547631539625,9.72,2.4,-0.15
1,1547631539625,9.68,2.05,-0.01
1,1547631539626,9.72,1.48,0.0
1,1547631539627,9.92,1.62,-0.37
1,1547631539700,10.01,1.97,-0.5
1,1547631539702,9.94,2.2,-0.31
1,1547631539703,9.88,2.03,-0.52
1,1547631539706,9.72,1.09,-0.56
1,1547631539707,9.6,0.7,-0.37
1,1547631539708,9.66,1.05,-0.21
1,1547631539709,9.98,1.99,0.05
1,1547631539776,10.44,2.77,-0.27
1,1547631539778,10.33,2.36,-0.27
1,1547631539779,10.19,2.07,0.03
1,1547631539780,10.09,2.12,0.31
1,1547631539780,9.82,2.63,0.27
1,1547631539781,9.74,2.59,0.11
1,1547631539782,9.78,2.16,-0.13
1,1547631539782,9.88,1.73,-0.37
1,1547631539847,9.82,1.3,-0.54
1,1547631539849,9.68,1.32,-0.5
1,1547631539851,9.57,1.42,-0.56
1,1547631539852,9.51,1.44,-0.72
1,1547631539853,9.41,1.69,-0.46
1,1547631539853,9.47,1.97,-0.41
1,1547631539854,9.58,2.18,-0.48
1,1547631539855,9.76,2.07,-0.58
1,1547631539929,9.74,1.28,-0.7
1,1547631539929,9.57,0.87,-0.7
1,1547631539930,9.45,0.44,-1.03
1,1547631539930,9.62,0.33,-1.21
1,1547631539931,10.21,0.7,-1.11
1,1547631539931,10.25,0.89,-1.19
1,1547631539932,10.11,0.76,-1.36
1,1547631539932,10.31,0.87,-0.83
1,1547631539996,9.98,-0.7,1.01
1,1547631539998,10.01,-1.54,1.38
1,1547631539999,10.11,-1.79,1.77
1,1547631540000,10.29,-0.8,1.36
1,1547631540001,10.05,4.14,-1.25
1,1547631540002,9.8,5.99,-2.34
1,1547631540002,9.49,5.78,-3.02
1,1547631540003,9.51,4.12,-2.57
1,1547631540071,9.49,0.91,-0.48
1,1547631540073,9.39,1.05,0.17
1,1547631540073,8.92,2.4,-0.05
1,1547631540074,8.57,4.16,-0.27
1,1547631540075,9.68,11.3,0.8
1,1547631540075,12.24,20.68,-1.75
1,1547631540076,6.73,-15.17,1.6
1,1547631540148,11.21,9.19,0.46
1,1547631540149,7.69,2.08,-1.21
1,1547631540150,7.98,1.85,-0.41
1,1547631540150,9.35,0.68,0.7
1,1547631540151,9.94,0.09,0.87
1,1547631540151,9.37,-0.07,0.44
1,1547631540152,9.25,0.42,-0.23
1,1547631540152,9.8,1.66,-1.19
1,1547631540231,10.27,1.85,-1.54
1,1547631540232,11.44,2.18,-1.56
1,1547631540233,11.25,1.87,-1.28
1,1547631540233,10.48,1.25,-0.83
1,1547631540234,10.64,1.52,-0.56
1,1547631540234,9.94,1.52,0.29
1,1547631540297,6.99,-0.78,1.69
1,1547631540298,8.63,3.69,1.17
1,1547631540298,9.39,10.48,-1.4
1,1547631540298,8.76,7.92,-0.5
1,1547631540299,9.12,4.92,-0.03
1,1547631540300,9.25,3.33,0.03
1,1547631540301,8.69,1.87,0.11
1,1547631540301,8.67,-1.66,-0.15
1,1547631540372,8.98,-1.54,-0.66
1,1547631540375,9.33,-0.87,-1.09
1,1547631540376,9.78,-0.11,-1.28
1,1547631540377,10.66,1.05,-1.34
1,1547631540378,10.44,1.44,-1.13
1,1547631540378,9.8,1.54,-0.78
1,1547631540379,9.31,1.25,-0.23
1,1547631540379,9.72,0.23,0.25
1,1547631540447,10.19,0.13,0.64
1,1547631540448,10.46,0.35,0.97
1,1547631540449,10.39,0.6,0.74
1,1547631540449,9.82,1.32,-0.48
1,1547631540449,9.88,1.71,-0.66
1,1547631540450,10.17,1.54,-0.48
1,1547631540450,10.48,1.03,-0.15
1,1547631540450,10.83,0.17,0.29
1,1547631540527,10.74,0.76,0.27
1,1547631540528,10.48,1.64,0.19
1,1547631540529,10.17,2.28,0.13
1,1547631540529,9.68,1.73,0.29
1,1547631540530,9.57,1.17,0.35
1,1547631540530,9.47,0.99,0.15
1,1547631540531,9.47,1.09,-0.29
1,1547631540531,10.0,1.77,-0.56
1,1547631540596,10.33,1.46,-0.68
1,1547631540597,10.44,1.11,-0.48
1,1547631540598,10.39,0.89,-0.41
1,1547631540599,9.82,1.25,-0.31
1,1547631540599,9.37,1.71,-0.25
1,1547631540600,9.17,1.99,-0.07
1,1547631540601,9.37,1.87,-0.09
1,1547631540674,9.8,1.34,0.23
1,1547631540675,9.92,1.44,-0.05
1,1547631540694,9.94,1.75,-0.48
1,1547631540695,10.03,1.75,-0.68
1,1547631540696,9.74,1.26,-0.44
1,1547631540696,9.8,1.32,-0.25
1,1547631540697,9.9,1.62,0.09
1,1547631540698,9.9,1.81,0.37
1,1547631540746,9.41,1.4,0.6
1,1547631540747,9.12,1.52,0.27
1,1547631540747,9.0,1.66,0.07
1,1547631540758,9.21,1.75,0.07
1,1547631540759,9.84,1.44,-0.31
1,1547631540759,10.03,1.09,-0.66
1,1547631540760,10.23,0.78,-0.83
1,1547631540837,10.46,0.91,-0.37
1,1547631540838,10.05,1.21,-0.23
1,1547631540838,9.62,1.03,-0.37
1,1547631540839,9.53,1.03,-0.37
1,1547631540839,9.76,1.36,0.03
1,1547631540840,10.19,1.66,0.37
1,1547631540841,9.98,1.6,0.58
1,1547631540841,9.58,1.64,0.44
1,1547631540897,9.37,1.87,0.11
1,1547631540898,10.03,2.01,-0.29
1,1547631540898,10.44,1.67,-0.19
1,1547631540898,10.56,1.26,-0.13
1,1547631540911,10.25,1.01,0.09
1,1547631540911,9.21,1.32,0.19
1,1547631540912,8.92,1.67,-0.29
1,1547631540971,9.02,1.79,-0.95
1,1547631540972,9.55,1.73,-0.83
1,1547631540972,10.5,1.4,0.23
1,1547631541046,10.35,0.93,0.31
1,1547631541046,10.07,0.58,0.35
1,1547631541047,9.92,0.6,0.56
1,1547631541047,9.84,1.52,0.07
1,1547631541047,9.58,1.93,0.05
1,1547631541047,9.17,2.05,0.23
1,1547631541048,9.0,1.77,-0.01
1,1547631541048,9.8,1.52,-0.25
1,1547631541131,10.09,1.44,-0.23
1,1547631541132,10.0,1.42,-0.27
1,1547631541132,9.49,1.77,-0.33
1,1547631541133,9.53,2.14,-0.15
1,1547631541133,9.27,2.26,-0.25
1,1547631541134,9.16,1.58,0.09
1,1547631541134,9.1,1.28,-0.15
1,1547631541196,8.98,1.23,-0.5
1,1547631541197,9.02,1.4,-0.78
1,1547631541198,9.68,1.81,-0.66
1,1547631541198,10.01,1.91,-0.58
1,1547631541199,10.07,1.91,-0.72
1,1547631541199,10.03,1.87,-0.56
1,1547631541199,9.57,1.83,-0.48
1,1547631541200,9.27,1.6,-0.31
1,1547631541271,9.19,1.48,-0.23
1,1547631541272,9.74,1.99,-0.15
1,1547631541299,10.15,2.26,-0.5
1,1547631541300,10.33,2.14,0.05
1,1547631541300,10.39,1.77,0.29
1,1547631541301,9.76,1.19,0.25
1,1547631541302,9.41,1.44,0.25
1,1547631541302,9.25,1.73,-0.17
1,1547631541349,9.58,1.83,-0.17
1,1547631541350,11.07,2.48,-0.39
1,1547631541350,10.76,2.63,0.35
1,1547631541351,9.86,2.42,0.91
1,1547631541351,9.33,2.08,1.21
1,1547631541351,9.92,2.69,0.35
1,1547631541351,9.84,2.79,0.48
1,1547631541430,9.55,2.73,0.56
1,1547631541431,9.12,2.18,0.74
1,1547631541431,8.96,1.5,0.7
1,1547631541431,9.43,1.73,0.66
1,1547631541432,9.53,1.99,0.56
1,1547631541432,9.51,2.32,0.48
1,1547631541432,9.31,2.36,0.64
1,1547631541434,9.1,2.07,0.7
1,1547631541518,9.17,1.71,0.83
1,1547631541519,9.37,1.52,0.68
1,1547631541519,9.6,1.89,0.56
1,1547631541520,9.62,1.89,0.52
1,1547631541520,9.62,1.95,0.64
1,1547631541520,9.57,2.05,0.66
1,1547631541521,9.72,2.55,0.6
1,1547631541521,9.92,2.51,0.68
1,1547631541570,9.84,2.16,0.8
1,1547631541581,9.64,1.83,0.76
1,1547631541581,9.94,1.64,0.29
1,1547631541581,10.03,2.3,0.21
1,1547631541581,9.9,2.71,0.01
1,1547631541582,9.74,2.42,-0.6
1,1547631541582,9.84,1.56,-0.39
1,1547631541648,9.84,1.3,-0.33
1,1547631541649,9.8,1.5,-0.29
1,1547631541650,9.8,1.73,-0.41
1,1547631541651,9.86,1.67,-0.46
1,1547631541651,10.07,1.77,-0.31
1,1547631541652,10.13,1.89,-0.39
1,1547631541652,10.07,2.03,-0.46
1,1547631541653,9.58,2.05,-0.39
1,1547631541736,9.43,1.81,-0.52
1,1547631541737,9.49,1.62,-0.58
1,1547631541738,9.68,1.54,-0.56
1,1547631541739,9.96,1.15,-0.82
1,1547631541802,10.01,1.05,-0.82
1,1547631541805,9.98,1.05,-0.85
1,1547631541807,9.86,1.32,-0.56
1,1547631541809,9.78,1.87,-0.52
1,1547631541810,9.84,1.71,-0.58
1,1547631541811,9.98,1.48,-0.68
1,1547631541813,9.98,1.52,-0.56
1,1547631541814,9.86,1.69,-0.6
1,1547631541872,10.0,1.64,-0.56
1,1547631541873,10.09,1.34,-0.56
1,1547631541873,10.07,1.48,-0.33
1,1547631541874,9.78,1.62,-0.09
1,1547631541874,9.55,1.54,-0.44
1,1547631541874,9.53,1.62,-0.68
1,1547631541875,10.03,2.03,-0.72
1,1547631541875,10.21,2.03,-0.58
1,1547631541946,10.09,1.89,-0.29
1,1547631541947,9.84,1.67,-0.19
1,1547631541947,9.49,1.38,-0.31
1,1547631541947,9.49,1.4,-0.41
1,1547631542032,9.53,1.46,-0.31
1,1547631542033,9.62,1.77,-0.5
1,1547631542033,9.98,1.91,-0.64
1,1547631542033,10.0,1.58,-0.56
1,1547631542034,9.9,1.32,-0.5
1,1547631542034,9.76,1.46,-0.44
1,1547631542034,9.84,2.12,-0.58
1,1547631542034,9.9,1.95,-0.56
1,1547631542096,10.0,1.67,-0.33
1,1547631542096,9.94,1.75,-0.29
1,1547631542121,10.03,1.71,-0.78
1,1547631542122,10.13,1.67,-0.54
1,1547631542122,9.84,1.38,-0.44
1,1547631542122,9.8,1.28,-0.54
1,1547631542171,9.98,1.5,-0.46
1,1547631542172,10.09,1.93,-0.42
1,1547631542172,9.66,2.03,-0.68
1,1547631542173,9.41,1.5,-0.66
1,1547631542173,9.37,0.99,-0.6
1,1547631542173,9.64,0.97,-0.56
1,1547631542174,10.09,1.81,-0.8
1,1547631542174,9.92,1.97,-0.78
1,1547631542243,9.62,1.87,-0.66
1,1547631542244,9.49,1.77,-0.54
1,1547631542252,9.78,1.3,-0.62
1,1547631542253,9.82,1.4,-0.48
1,1547631542254,9.82,1.48,-0.58
1,1547631542254,9.76,1.54,-0.8
1,1547631542255,9.76,1.62,-0.83
1,1547631542255,9.82,1.64,-0.78
1,1547631542322,9.94,1.66,-0.74
1,1547631542322,9.8,1.6,-0.56
1,1547631542323,9.66,1.32,-0.56
1,1547631542323,9.66,1.26,-0.42
1,1547631542323,9.7,1.34,-0.5
1,1547631542335,9.57,1.62,-0.52
1,1547631542335,9.55,1.75,-0.52
1,1547631542336,9.53,1.73,-0.52
1,1547631542397,9.51,1.44,-0.48
1,1547631542398,9.55,1.19,-0.52
1,1547631542431,9.55,1.5,-0.54
1,1547631542432,9.49,1.83,-0.5
1,1547631542432,9.39,1.93,-0.54
1,1547631542433,9.21,1.58,-0.58
1,1547631542433,9.21,1.6,-0.66
1,1547631542434,9.31,1.87,-0.64
1,1547631542482,9.47,2.18,-0.62
1,1547631542483,9.25,1.91,-0.64
1,1547631542483,9.23,1.69,-0.58
1,1547631542483,9.33,1.56,-0.58
1,1547631542483,9.39,1.44,-0.6
1,1547631542483,9.55,1.09,-0.64
1,1547631542484,9.64,1.21,-0.62
1,1547631542484,9.74,1.56,-0.46
1,1547631542544,9.39,2.08,-0.54
1,1547631542544,9.62,1.79,-0.62
1,1547631542555,10.13,1.66,-0.48
1,1547631542556,10.25,1.48,-0.42
1,1547631542556,9.94,1.13,-0.33
1,1547631542556,9.45,1.09,-0.39
1,1547631542556,9.74,1.6,-0.39
1,1547631542557,10.07,1.95,-0.15
1,1547631542621,10.17,1.64,-0.27
1,1547631542621,10.01,1.3,-0.35
1,1547631542622,9.96,1.83,-0.48
1,1547631542622,9.9,2.32,-0.6
1,1547631542641,9.9,2.36,-0.48
1,1547631542642,9.86,1.83,-0.35
1,1547631542642,9.82,1.54,-0.13
1,1547631542697,9.74,1.25,-0.15
1,1547631542723,9.66,1.17,-0.09
1,1547631542725,9.57,2.07,-0.21
1,1547631542726,9.6,2.46,-0.23
1,1547631542727,9.58,2.4,-0.31
1,1547631542728,9.58,2.01,-0.23
1,1547631542729,9.43,1.6,-0.21
1,1547631542730,9.41,1.83,-0.41
1,1547631542770,9.41,2.16,-0.6
1,1547631542770,9.45,2.36,-0.68
1,1547631542791,9.68,1.95,-0.37
1,1547631542793,9.78,1.54,-0.25
1,1547631542794,9.78,1.28,-0.64
1,1547631542795,9.74,1.5,-0.89
1,1547631542797,9.55,2.71,-0.72
1,1547631542845,9.57,2.73,-0.72
1,1547631542846,9.7,2.46,-0.68
1,1547631542849,9.88,2.08,-0.58
1,1547631542850,10.05,1.85,-0.42
1,1547631542919,10.0,2.05,-0.44
1,1547631542940,9.8,2.01,-0.99
1,1547631542942,9.84,1.89,-1.17
1,1547631542942,9.92,2.18,-0.83
1,1547631542943,9.92,2.61,-0.72
1,1547631542943,9.8,2.87,-0.58
1,1547631542943,9.76,2.65,-0.46
1,1547631542943,10.0,1.81,-0.27
