1,1547451539652,-10.54,-3.02,0.85
1,1547451539659,-10.52,-3.0,0.66
1,1547451539660,-11.01,-2.36,0.0
1,1547451539660,-10.93,-2.16,-0.58
1,1547451539660,-10.97,-3.26,-0.72
1,1547451539660,-11.54,-4.41,-0.39
1,1547451539660,-11.11,-4.17,-0.17
1,1547451539661,-10.37,-2.98,0.27
1,1547451539727,-9.45,-1.93,0.35
1,1547451539728,-8.92,-2.26,-0.13
1,1547451539743,-11.36,-4.94,-1.48
1,1547451539743,-12.5,-4.62,-1.44
1,1547451539743,-11.89,-3.65,-1.36
1,1547451539744,-10.62,-2.87,-0.76
1,1547451539744,-9.7,-3.8,-0.52
1,1547451539802,-9.92,-4.16,-1.05
1,1547451539802,-10.46,-4.57,-1.3
1,1547451539803,-10.93,-4.7,-1.36
1,1547451539803,-11.01,-4.1,-0.87
1,1547451539803,-10.29,-2.83,-0.6
1,1547451539810,-9.21,-1.83,-0.56
1,1547451539810,-8.57,-2.57,-0.74
1,1547451539811,-9.33,-4.08,-0.76
1,1547451539877,-10.95,-4.57,-0.37
1,1547451539878,-10.54,-3.92,-0.7
1,1547451539879,-9.68,-3.53,-0.83
1,1547451539896,-9.39,-3.84,-0.68
1,1547451539897,-10.05,-3.43,-0.64
1,1547451539897,-9.76,-2.1,0.46
1,1547451539897,-8.67,-0.91,0.89
1,1547451539897,-7.85,-1.81,0.66
1,1547451539953,-7.71,-3.55,1.05
1,1547451539953,-8.06,-3.86,1.11
1,1547451539961,-8.57,-3.24,0.54
1,1547451539962,-8.82,-2.65,-0.66
1,1547451539962,-10.23,-1.87,0.54
1,1547451539962,-7.79,-1.34,1.42
1,1547451539962,-4.51,-1.54,2.65
1,1547451540028,-1.15,-1.21,5.8
1,1547451540028,-1.07,-0.42,5.29
1,1547451540029,-0.58,-0.15,2.96
1,1547451540030,-2.14,-5.05,-0.44
1,1547451540030,-6.25,-11.56,-5.89
1,1547451540031,-13.51,-12.94,-6.17
1,1547451540032,-13.84,2.28,-3.14
1,1547451540032,-5.97,9.1,-2.36
1,1547451540102,2.22,10.01,-0.44
1,1547451540103,7.05,4.02,1.93
1,1547451540103,7.94,-7.91,8.63
1,1547451540103,5.5,-7.34,5.07
1,1547451540113,0.6,-4.86,0.62
1,1547451540113,-5.37,-2.81,-3.0
1,1547451540114,-13.67,-6.54,-4.21
1,1547451540179,-12.22,-2.46,0.62
1,1547451540180,-6.3,2.89,1.93
1,1547451540180,-1.05,4.8,2.12
1,1547451540180,2.89,-0.07,4.14
1,1547451540180,2.05,-3.55,4.98
1,1547451540181,-1.99,-4.84,5.37
1,1547451540181,-6.87,-3.16,3.82
1,1547451540181,-9.06,0.62,1.77
1,1547451540253,-7.91,2.14,2.36
1,1547451540266,-6.32,-1.64,2.71
1,1547451540267,-6.89,-3.94,4.12
1,1547451540267,-8.12,-2.36,4.51
1,1547451540267,-7.61,1.99,2.98
1,1547451540268,-6.28,1.75,4.6
1,1547451540268,-6.25,-0.21,4.58
1,1547451540268,-7.63,-1.71,5.05
1,1547451540327,-10.0,-2.1,1.42
1,1547451540328,-9.66,-0.41,3.51
1,1547451540339,-8.18,0.8,5.37
1,1547451540339,-7.59,0.72,5.87
1,1547451540339,-8.92,0.54,5.97
1,1547451540340,-8.26,0.0,6.42
1,1547451540340,-7.08,0.09,8.37
1,1547451540402,-6.5,-0.05,8.69
1,1547451540403,-6.56,-1.28,6.99
1,1547451540404,-10.39,-2.14,3.65
1,1547451540404,-12.16,-1.03,6.34
1,1547451540415,-10.97,0.46,7.36
1,1547451540415,-8.43,1.15,6.89
1,1547451540415,-6.34,0.99,8.88
1,1547451540416,-6.64,0.5,8.69
1,1547451540488,-6.81,0.56,8.8
1,1547451540489,-7.51,0.56,7.75
1,1547451540489,-10.03,0.39,6.52
1,1547451540489,-10.11,-0.33,8.51
1,1547451540489,-8.76,-0.93,9.0
1,1547451540489,-7.44,-0.07,9.84
1,1547451540490,-5.13,0.68,9.39
1,1547451540553,-5.64,0.44,9.39
1,1547451540554,-6.48,0.52,8.86
1,1547451540568,-7.2,-0.33,8.12
1,1547451540569,-7.85,-1.32,7.53
1,1547451540569,-6.64,0.66,8.84
1,1547451540570,-6.11,0.99,10.07
1,1547451540570,-4.02,2.59,11.19
1,1547451540570,-1.66,3.88,11.85
1,1547451540628,-2.57,1.21,9.74
1,1547451540629,-4.58,-1.42,7.67
1,1547451540630,-5.6,-3.02,8.71
1,1547451540630,-5.64,-1.87,9.8
1,1547451540631,-3.61,2.22,7.77
1,1547451540631,-2.08,1.15,7.1
1,1547451540631,-1.11,-1.17,7.44
1,1547451540632,-0.01,-0.99,8.16
1,1547451540703,2.73,1.85,8.45
1,1547451540704,2.28,3.16,8.26
1,1547451540706,1.13,2.87,7.2
1,1547451540706,0.19,1.13,7.71
1,1547451540707,2.94,2.65,7.79
1,1547451540707,4.35,2.28,4.58
1,1547451540708,3.41,-0.56,4.37
1,1547451540786,3.94,-0.05,7.98
1,1547451540786,6.23,3.41,9.53
1,1547451540787,6.67,4.45,5.8
1,1547451540787,4.16,0.91,5.31
1,1547451540787,3.06,-1.15,4.41
1,1547451540787,4.31,-0.27,4.98
1,1547451540787,8.26,1.28,6.77
1,1547451540787,8.61,0.48,6.21
1,1547451540867,8.22,-0.54,5.54
1,1547451540867,7.77,0.93,5.95
1,1547451540868,6.77,6.75,6.38
1,1547451540868,6.46,3.86,4.31
1,1547451540868,6.77,-0.56,3.8
1,1547451540869,7.81,-2.91,5.15
1,1547451540869,10.13,0.87,4.86
1,1547451540940,9.16,3.73,3.76
1,1547451540941,8.26,4.78,5.35
1,1547451540941,9.7,5.89,6.34
1,1547451540941,9.12,0.99,2.94
1,1547451540941,8.78,-0.91,4.53
1,1547451540942,10.74,0.95,4.72
1,1547451540942,10.52,2.18,3.04
1,1547451540942,7.53,0.17,1.97
1,1547451541005,6.77,0.27,3.35
1,1547451541006,8.59,2.83,3.39
1,1547451541006,9.68,3.51,4.51
1,1547451541006,12.57,4.74,6.48
1,1547451541006,13.88,3.69,3.04
1,1547451541006,9.62,0.25,3.47
1,1547451541007,7.98,-1.23,3.61
1,1547451541007,7.98,-0.6,2.16
1,1547451541085,5.05,-2.55,0.25
1,1547451541086,6.85,-0.95,3.86
1,1547451541086,12.51,4.02,5.5
1,1547451541087,15.11,6.77,3.32
1,1547451541087,10.35,1.97,2.34
1,1547451541087,10.0,0.09,2.85
1,1547451541087,10.72,-0.05,2.79
1,1547451541152,9.72,-0.72,3.12
1,1547451541153,11.21,0.66,3.75
1,1547451541176,10.74,1.3,1.09
1,1547451541177,8.1,0.54,1.15
1,1547451541177,8.41,1.58,3.04
1,1547451541177,11.23,2.89,2.5
1,1547451541177,11.4,0.07,2.01
1,1547451541177,11.56,-0.39,3.24
1,1547451541238,11.73,-0.07,3.3
1,1547451541239,10.82,0.03,2.08
1,1547451541239,11.01,0.21,1.97
1,1547451541239,13.26,1.26,1.03
1,1547451541239,12.81,1.23,0.19
1,1547451541240,10.72,-0.52,1.09
1,1547451541240,11.03,-0.54,1.83
1,1547451541302,11.87,0.48,2.03
1,1547451541330,13.04,0.27,3.02
1,1547451541330,14.06,-1.03,3.24
1,1547451541331,11.64,-2.94,1.01
1,1547451541331,9.98,-1.66,1.19
1,1547451541332,9.74,0.15,1.46
1,1547451541332,10.03,0.46,1.15
1,1547451541332,10.15,-0.37,0.87
1,1547451541389,12.26,-1.48,2.36
1,1547451541389,12.83,-0.93,2.3
1,1547451541389,12.36,-0.78,2.26
1,1547451541389,11.87,-1.34,2.32
1,1547451541390,11.6,-2.38,1.81
1,1547451541390,10.54,-3.8,0.76
1,1547451541390,9.9,-3.67,0.83
1,1547451541390,10.42,-1.48,2.07
1,1547451541452,11.05,-0.64,1.28
1,1547451541453,10.68,-2.36,0.82
1,1547451541453,10.82,-2.71,1.19
1,1547451541453,11.36,-1.73,1.54
1,1547451541454,10.8,-2.1,1.73
1,1547451541454,10.35,-3.1,0.95
1,1547451541454,10.33,-2.63,0.03
1,1547451541528,10.5,-1.52,0.0
1,1547451541528,10.58,-1.48,0.42
1,1547451541543,11.25,-1.62,1.5
1,1547451541543,10.97,-1.93,1.11
1,1547451541543,10.07,-2.46,0.8
1,1547451541544,9.76,-2.81,0.78
1,1547451541544,10.48,-3.02,0.91
1,1547451541544,10.7,-4.14,1.23
1,1547451541606,10.99,-4.43,1.93
1,1547451541607,12.26,-2.91,1.54
1,1547451541607,10.91,0.13,0.33
1,1547451541607,10.07,-1.42,1.11
1,1547451541608,9.62,-2.85,1.44
1,1547451541608,9.57,-3.2,1.11
1,1547451541608,10.85,-3.8,0.31
1,1547451541716,11.15,-4.96,0.37
1,1547451541716,11.91,-5.19,0.56
1,1547451541716,12.71,-3.96,0.66
1,1547451541716,12.67,-1.36,0.42
1,1547451541717,12.1,-1.77,0.44
1,1547451541717,11.05,-3.22,0.56
1,1547451541717,10.13,-4.12,1.32
1,1547451541717,9.62,-3.3,1.89
1,1547451541765,10.31,-0.93,1.66
1,1547451541766,10.25,-1.58,1.93
1,1547451541766,10.21,-3.04,2.01
1,1547451541766,10.93,-4.06,2.14
1,1547451541767,11.69,-2.5,1.42
1,1547451541767,11.13,-1.99,0.72
1,1547451541767,11.05,-2.14,0.99
1,1547451541870,11.4,-2.77,1.07
1,1547451541870,11.11,-2.3,2.08
1,1547451541870,10.35,-1.58,2.08
1,1547451541871,9.6,-1.73,1.62
1,1547451541871,9.31,-2.34,1.44
1,1547451541871,10.83,-3.12,1.26
1,1547451541871,11.19,-2.85,1.28
1,1547451541871,10.35,-2.42,1.07
1,1547451541922,9.68,-2.44,1.21
1,1547451541922,10.83,-3.02,2.1
1,1547451541923,10.35,-3.53,2.07
1,1547451541923,9.94,-3.3,1.66
1,1547451541923,9.98,-2.89,1.17
1,1547451541923,9.7,-2.83,0.95
1,1547451541924,11.26,-3.47,1.6
1,1547451541924,10.99,-2.79,1.05
1,1547451541992,10.0,-3.06,0.52
1,1547451541993,9.74,-4.16,1.05
1,1547451541993,9.57,-3.75,1.48
1,1547451541993,9.45,-2.01,1.28
1,1547451541994,9.6,-1.03,1.46
1,1547451541994,9.51,-1.71,1.67
1,1547451541994,10.41,-3.39,2.42
1,1547451542053,11.19,-3.3,2.67
1,1547451542054,11.38,-3.32,2.22
1,1547451542062,10.41,-3.53,1.25
1,1547451542062,9.66,-3.33,0.68
1,1547451542063,9.64,-3.14,0.6
1,1547451542063,9.27,-2.63,0.68
1,1547451542063,9.55,-1.87,1.17
1,1547451542063,11.01,-3.61,2.3
1,1547451542129,10.83,-4.72,1.64
1,1547451542130,10.0,-4.66,1.13
1,1547451542130,9.84,-3.63,1.46
1,1547451542130,10.6,-3.14,1.21
1,1547451542131,9.64,-3.76,1.03
1,1547451542131,9.04,-3.37,1.11
1,1547451542131,9.41,-2.26,1.48
1,1547451542202,10.21,-1.62,1.73
1,1547451542203,10.35,-2.36,2.26
1,1547451542203,10.09,-3.0,2.28
1,1547451542204,10.07,-3.63,1.93
1,1547451542211,9.78,-3.86,1.58
1,1547451542212,8.75,-1.6,2.26
1,1547451542212,9.02,-0.91,1.85
1,1547451542212,9.37,-1.62,1.66
1,1547451542278,9.6,-2.77,2.14
1,1547451542279,10.97,-1.91,2.16
1,1547451542279,10.85,-1.66,2.14
1,1547451542280,10.01,-1.99,1.91
1,1547451542280,8.9,-2.69,1.28
1,1547451542280,8.3,-3.37,1.25
1,1547451542281,10.33,-3.14,1.4
1,1547451542294,11.38,-3.22,1.66
1,1547451542360,11.67,-3.57,2.81
1,1547451542361,11.64,-4.51,2.75
1,1547451542361,10.17,-2.81,1.5
1,1547451542361,8.84,-1.01,1.48
1,1547451542362,7.81,-0.83,2.14
1,1547451542362,8.26,-1.91,1.67
1,1547451542362,8.96,-2.08,2.05
1,1547451542444,8.96,-2.1,1.69
1,1547451542444,9.9,-2.22,1.4
1,1547451542444,10.6,-1.89,2.36
1,1547451542445,10.21,-2.91,2.24
1,1547451542445,9.82,-3.59,1.42
1,1547451542445,9.76,-2.91,1.01
1,1547451542445,9.41,-2.71,0.09
1,1547451542445,9.57,-3.02,1.34
1,1547451542511,9.49,-2.22,1.97
1,1547451542512,9.06,-1.44,2.32
1,1547451542512,9.66,-1.83,2.5
1,1547451542512,10.62,-3.12,2.46
1,1547451542513,10.15,-3.82,1.34
1,1547451542513,10.19,-2.24,0.89
1,1547451542513,10.42,-1.44,0.56
1,1547451542579,10.42,-1.99,0.87
1,1547451542579,10.03,-5.29,1.28
1,1547451542580,10.29,-4.25,1.89
1,1547451542580,10.15,-1.95,1.46
1,1547451542580,10.41,0.19,0.72
1,1547451542580,9.39,-0.93,-0.72
1,1547451542581,9.94,-1.3,-1.13
1,1547451542581,10.37,-0.91,-0.68
1,1547451542653,10.31,-2.36,0.5
1,1547451542654,11.09,-4.84,1.34
1,1547451542655,11.05,-3.65,1.23
1,1547451542655,11.19,-2.51,0.23
1,1547451542656,11.44,-2.36,-0.35
1,1547451542656,12.42,-2.42,-0.48
1,1547451542656,12.73,-3.49,-0.35
1,1547451542656,11.69,-5.37,0.44
1,1547451542727,11.52,-6.05,-0.15
1,1547451542727,12.14,-5.21,2.07
1,1547451542728,12.38,-4.6,2.94
1,1547451542747,13.59,-2.63,3.41
1,1547451542747,13.92,-0.5,2.05
1,1547451542748,13.63,-0.95,0.82
1,1547451542748,14.6,-4.7,1.77
1,1547451542802,16.09,-4.94,1.81
1,1547451542815,17.22,-4.68,2.2
1,1547451542816,17.85,-4.68,2.18
1,1547451542816,17.18,-4.84,1.13
1,1547451542816,17.14,-4.47,0.48
1,1547451542816,17.22,-4.08,-0.93
1,1547451542816,16.79,-3.84,-2.42
1,1547451542817,16.42,-4.23,-3.43
1,1547451542882,16.42,-5.48,-4.14
1,1547451542882,16.54,-5.82,-4.31
1,1547451542882,16.56,-6.19,-4.21
1,1547451542883,16.6,-6.42,-4.23
1,1547451542883,16.38,-6.38,-4.76
1,1547451542883,16.36,-6.54,-5.17
1,1547451542883,16.25,-6.52,-5.83
1,1547451542954,16.17,-5.82,-6.23
1,1547451542955,16.71,-3.18,-6.26
1,1547451542956,16.69,-1.93,-6.21
1,1547451542957,16.44,-1.52,-5.89
1,1547451542957,16.07,-1.85,-5.35
1,1547451542957,15.62,-2.32,-3.86
1,1547451542958,15.52,-2.03,-3.76
1,1547451542958,15.21,-1.89,-3.9
1,1547451543028,14.78,-1.64,-3.75
1,1547451543034,14.17,-1.17,-3.43
1,1547451543034,13.35,0.56,-2.46
1,1547451543034,13.04,1.44,-1.34
1,1547451543035,12.51,2.34,-1.21
1,1547451543035,11.66,2.28,-0.58
1,1547451543035,10.31,0.95,0.68
1,1547451543035,9.74,1.21,0.91
1,1547451543104,9.12,1.83,0.85
1,1547451543118,8.39,2.53,0.44
1,1547451543118,6.64,3.08,-0.8
1,1547451543118,5.85,3.12,-0.91
1,1547451543118,5.5,3.16,-0.64
1,1547451543119,5.52,3.24,-0.13
1,1547451543119,5.89,3.26,1.87
1,1547451543176,6.09,3.35,2.4
1,1547451543177,6.15,3.35,2.65
1,1547451543184,5.64,3.04,2.65
1,1547451543184,4.74,2.4,2.59
1,1547451543184,3.12,1.21,4.1
1,1547451543185,1.93,0.01,5.44
1,1547451543185,0.82,-1.97,5.58
1,1547451543185,0.62,-3.26,5.68
1,1547451543252,2.79,-1.42,5.31
1,1547451543255,3.18,1.42,4.72
1,1547451543255,2.81,3.98,3.55
1,1547451543256,2.34,5.58,3.39
1,1547451543256,2.28,6.15,3.82
1,1547451543257,2.34,5.52,3.75
1,1547451543257,2.34,4.66,3.71
1,1547451543327,2.34,3.78,3.67
1,1547451543327,2.91,3.59,3.22
1,1547451543327,3.32,4.0,2.92
1,1547451543328,3.86,4.1,2.57
1,1547451543328,4.47,3.82,2.34
1,1547451543336,5.58,2.83,2.36
1,1547451543336,6.62,3.55,2.24
1,1547451543336,7.5,4.88,1.83
1,1547451543403,7.91,5.89,1.15
1,1547451543405,8.18,6.19,0.52
1,1547451543406,9.16,5.31,0.07
1,1547451543406,9.88,4.94,-0.19
1,1547451543406,10.7,4.84,-0.48
1,1547451543407,11.5,4.98,-0.83
1,1547451543407,12.79,5.19,-1.85
1,1547451543408,13.28,5.19,-2.44
1,1547451543478,13.51,5.11,-2.94
1,1547451543478,13.49,4.78,-3.24
1,1547451543478,13.28,3.24,-3.45
1,1547451543488,13.18,2.61,-3.32
1,1547451543489,13.06,2.22,-3.22
1,1547451543489,13.04,2.08,-3.12
1,1547451543489,13.63,2.69,-3.37
1,1547451543552,14.0,2.98,-3.57
1,1547451543553,14.19,2.79,-3.75
1,1547451543553,14.02,2.1,-3.78
1,1547451543554,13.69,1.23,-3.84
1,1547451543554,12.94,0.35,-3.9
1,1547451543555,12.67,0.15,-3.98
1,1547451543555,12.55,0.13,-4.0
1,1547451543570,12.59,0.29,-4.14
1,1547451543627,13.22,0.8,-4.14
1,1547451543638,13.26,0.85,-4.1
1,1547451543638,13.06,0.56,-3.84
1,1547451543638,12.53,0.29,-3.67
1,1547451543638,10.82,0.0,-3.02
1,1547451543639,9.94,0.27,-2.91
1,1547451543639,9.14,0.54,-2.77
1,1547451543702,8.45,0.58,-2.53
1,1547451543702,7.53,0.64,-2.01
1,1547451543705,7.22,0.64,-1.62
1,1547451543705,6.99,0.58,-1.25
1,1547451543705,6.71,0.58,-0.97
1,1547451543706,6.44,0.58,-0.72
1,1547451543706,5.87,0.89,-0.46
1,1547451543706,5.68,1.05,-0.37
1,1547451543777,5.54,1.26,-0.31
1,1547451543777,5.44,1.44,-0.29
1,1547451543789,5.25,1.71,-0.25
1,1547451543789,5.13,1.69,-0.17
1,1547451543789,5.09,1.6,-0.19
1,1547451543789,5.09,1.54,-0.21
1,1547451543789,5.41,1.52,-0.35
1,1547451543852,5.62,1.64,-0.37
1,1547451543853,5.87,1.85,-0.42
1,1547451543853,6.21,2.05,-0.48
1,1547451543854,7.08,2.12,-0.35
1,1547451543863,7.69,2.4,-0.35
1,1547451543863,8.24,2.79,-0.48
1,1547451543863,8.71,3.06,-0.68
1,1547451543863,9.02,3.08,-0.82
1,1547451543927,9.39,2.65,-0.91
1,1547451543928,9.94,2.01,-0.93
1,1547451543929,10.37,1.71,-0.97
1,1547451543929,10.37,1.71,-0.97
1,1547451543930,12.14,1.83,-1.05
1,1547451543930,12.71,1.89,-1.13
1,1547451543931,13.1,1.89,-1.15
1,1547451544003,13.43,1.69,-1.17
1,1547451544008,14.1,1.52,-1.32
1,1547451544009,14.39,1.66,-1.52
1,1547451544009,14.64,1.93,-1.6
1,1547451544010,14.76,2.3,-1.62
1,1547451544010,14.6,3.37,-1.67
1,1547451544010,14.23,3.75,-1.54
1,1547451544026,13.71,3.84,-1.21
1,1547451544078,13.08,3.63,-0.82
1,1547451544092,11.93,3.49,-0.41
1,1547451544094,11.44,3.55,-0.42
1,1547451544094,11.05,3.76,-0.52
1,1547451544094,10.72,3.84,-0.7
1,1547451544094,10.56,3.82,-0.8
1,1547451544094,10.64,3.59,-1.09
1,1547451544095,10.7,3.57,-1.11
1,1547451544152,10.58,3.69,-1.01
1,1547451544160,10.23,3.69,-0.87
1,1547451544160,9.33,3.55,-0.8
1,1547451544161,8.92,3.39,-0.8
1,1547451544161,8.71,3.28,-0.8
1,1547451544161,8.63,3.14,-0.83
1,1547451544161,8.53,2.85,-0.8
1,1547451544161,8.45,2.79,-0.89
1,1547451544228,8.43,2.71,-1.01
1,1547451544228,8.55,2.59,-1.07
1,1547451544242,9.37,1.81,-1.36
1,1547451544243,9.9,1.46,-1.48
1,1547451544243,10.29,1.32,-1.5
1,1547451544243,10.41,1.36,-1.48
1,1547451544302,10.23,1.56,-1.38
1,1547451544317,9.43,1.97,-1.01
1,1547451544317,9.02,2.16,-0.6
1,1547451544317,8.8,2.4,-0.05
1,1547451544317,8.76,2.79,0.52
1,1547451544318,8.71,3.2,1.38
1,1547451544318,8.82,2.77,1.81
1,1547451544318,9.21,2.07,2.2
1,1547451544377,9.82,1.38,2.34
1,1547451544378,10.74,1.42,1.87
1,1547451544379,10.91,2.07,1.4
1,1547451544379,10.93,2.59,1.01
1,1547451544379,11.05,2.91,0.8
1,1547451544380,12.4,3.53,1.15
1,1547451544380,13.28,3.73,1.77
1,1547451544380,14.0,3.88,2.22
1,1547451544458,14.51,3.88,2.55
1,1547451544459,13.82,3.3,3.33
1,1547451544459,12.87,2.79,3.47
1,1547451544459,12.05,2.46,3.35
1,1547451544459,11.54,2.3,3.02
1,1547451544616,11.25,2.5,2.59
1,1547451544617,10.8,3.08,2.26
1,1547451544617,10.48,3.14,2.1
1,1547451544617,10.13,3.04,2.03
1,1547451544617,9.78,2.83,1.99
1,1547451544618,9.02,2.63,1.5
1,1547451544618,8.69,3.08,1.03
1,1547451544618,8.49,4.43,0.56
1,1547451544684,7.71,4.98,0.09
1,1547451544684,6.46,0.7,1.54
1,1547451544685,8.28,2.08,-1.64
1,1547451544685,8.75,2.05,-1.56
1,1547451544685,9.23,2.01,-1.66
1,1547451544685,9.62,1.95,-1.77
1,1547451544685,10.15,1.52,-1.5
1,1547451544685,10.29,1.26,-1.26
1,1547451544753,10.64,0.97,-0.99
1,1547451544753,11.17,0.72,-0.83
1,1547451544754,12.38,0.03,-0.21
1,1547451544754,12.92,-0.54,-0.07
1,1547451544755,13.14,-0.97,-0.19
1,1547451544755,13.04,-1.23,-0.6
1,1547451544755,12.42,-1.34,-1.46
1,1547451544755,12.32,-1.36,-1.81
1,1547451544827,12.48,-1.11,-2.05
1,1547451544827,12.69,-0.7,-2.26
1,1547451544828,12.91,-0.52,-2.22
1,1547451544903,13.16,-1.46,-1.38
1,1547451544904,13.18,-1.71,-1.32
1,1547451544904,13.26,-1.67,-1.46
1,1547451544904,13.26,-1.34,-1.71
1,1547451544904,12.65,0.6,-2.55
1,1547451544905,12.16,1.25,-2.98
1,1547451544905,11.56,1.62,-3.2
1,1547451544905,10.97,1.71,-3.14
1,1547451544977,10.62,1.13,-3.22
1,1547451544978,10.95,0.64,-3.0
1,1547451544978,10.72,3.39,-5.46
1,1547451544978,10.44,4.31,-6.3
1,1547451544987,10.11,4.29,-6.91
1,1547451544987,9.78,3.98,-7.07
1,1547451544987,9.06,4.21,-7.26
1,1547451544988,8.33,4.31,-7.28
1,1547451545060,7.48,4.0,-7.24
1,1547451545060,4.6,3.88,-7.59
1,1547451545061,3.84,4.0,-8.02
1,1547451545061,3.18,3.88,-8.02
1,1547451545061,2.53,3.2,-7.77
1,1547451545061,2.01,2.5,-6.79
1,1547451545061,1.83,2.55,-6.05
1,1547451545061,1.4,2.22,-5.25
1,1547451545153,0.7,0.91,-3.96
1,1547451545154,-0.15,-3.12,0.76
1,1547451545154,0.15,-4.66,2.28
1,1547451545154,-0.29,-5.25,1.05
1,1547451545154,-3.1,-4.82,-3.1
1,1547451545155,-5.21,2.3,-2.32
1,1547451545155,-5.76,5.46,-0.48
1,1547451545155,-7.14,4.14,-0.44
1,1547451545224,-6.97,-0.89,2.28
1,1547451545224,-2.91,-5.72,3.96
1,1547451545225,15.39,-0.33,0.87
1,1547451545225,21.81,8.94,-4.45
1,1547451545225,24.62,20.62,-6.87
1,1547451545225,20.82,30.03,-4.82
1,1547451545226,15.89,19.94,-3.65
1,1547451545226,17.16,14.08,-1.52
1,1547451545288,20.56,12.98,-0.52
1,1547451545358,24.58,14.45,-0.87
1,1547451545358,26.79,12.44,-1.01
1,1547451545358,24.64,7.96,-0.31
1,1547451545358,21.99,3.69,0.64
1,1547451545359,19.82,0.31,-0.29
1,1547451545359,17.81,-1.42,-0.97
1,1547451545359,17.87,0.68,-0.56
1,1547451545359,18.22,2.85,0.27
1,1547451545447,17.96,3.16,1.79
1,1547451545448,17.38,0.72,2.01
1,1547451545448,12.59,-10.39,-4.14
1,1547451545448,11.93,-7.03,-4.17
1,1547451545448,12.05,-3.02,-3.84
1,1547451545449,11.71,0.35,-3.26
1,1547451545449,10.42,1.36,-3.76
1,1547451545449,10.44,0.48,-3.69
1,1547451545539,10.5,-0.48,-3.51
1,1547451545539,10.41,-1.32,-3.53
1,1547451545539,9.39,-0.52,-3.67
1,1547451545539,8.73,0.17,-3.71
1,1547451545540,8.18,0.76,-4.04
1,1547451545540,7.69,1.58,-4.31
1,1547451545540,6.89,2.12,-3.2
1,1547451545540,6.69,1.75,-1.99
1,1547451545675,6.56,0.68,-0.74
1,1547451545676,6.6,-0.91,0.31
1,1547451545676,6.73,-2.75,1.07
1,1547451545676,6.71,-3.49,1.71
1,1547451545677,6.3,-2.73,1.32
1,1547451545727,5.76,-1.81,0.62
1,1547451545746,5.29,-0.97,0.25
1,1547451545747,4.86,-0.23,-0.99
1,1547451545747,4.6,-0.15,-1.71
1,1547451545747,4.72,0.48,-1.54
1,1547451545748,7.98,2.05,2.01
1,1547451545748,9.23,2.14,2.03
1,1547451545748,9.88,2.36,1.5
1,1547451545802,10.58,3.0,1.07
1,1547451545822,10.95,3.88,-2.96
1,1547451545823,10.52,4.1,-3.55
1,1547451545823,10.37,5.07,-4.06
1,1547451545823,10.11,6.34,-4.25
1,1547451545823,9.1,7.42,-3.75
1,1547451545824,8.8,6.99,-3.02
1,1547451545824,8.96,6.69,-2.1
1,1547451545876,9.41,6.79,-1.42
1,1547451545877,9.96,6.93,-0.89
1,1547451545877,10.56,7.05,0.03
1,1547451545878,10.03,5.72,0.95
1,1547451545888,9.92,4.96,1.69
1,1547451545888,10.13,4.39,2.4
1,1547451545889,10.54,3.14,4.06
1,1547451545889,10.48,2.14,4.78
1,1547451545952,10.37,1.15,4.92
1,1547451545952,10.5,0.74,4.76
1,1547451545972,10.54,0.48,4.31
1,1547451545972,10.37,0.13,4.08
1,1547451545972,10.42,0.0,3.61
1,1547451545972,10.72,0.35,3.22
1,1547451545973,10.89,1.77,2.22
1,1547451545973,10.87,2.48,1.95
1,1547451546027,10.66,2.87,1.38
1,1547451546027,10.5,2.89,0.64
1,1547451546040,10.82,2.55,-0.41
1,1547451546041,10.93,2.28,-0.68
1,1547451546041,10.99,2.14,-0.89
1,1547451546042,10.97,2.28,-1.03
1,1547451546042,10.82,2.51,-1.17
1,1547451546102,10.41,2.79,-1.19
1,1547451546102,10.27,2.65,-1.07
1,1547451546103,10.31,2.4,-0.82
1,1547451546103,10.31,2.18,-0.74
1,1547451546105,10.19,2.07,-0.54
1,1547451546105,10.09,2.03,-0.42
1,1547451546105,10.01,2.1,-0.48
1,1547451546106,10.01,2.2,-0.58
1,1547451546176,10.11,2.26,-0.93
1,1547451546177,10.25,2.16,-1.01
1,1547451546177,10.37,2.1,-1.05
1,1547451546187,10.46,2.16,-1.03
1,1547451546188,10.17,2.3,-0.83
1,1547451546188,9.9,2.38,-0.68
1,1547451546188,9.68,2.5,-0.6
1,1547451546189,9.55,2.48,-0.54
1,1547451546252,9.45,2.4,-0.48
1,1547451546253,9.35,2.26,-0.76
1,1547451546253,9.27,2.24,-0.87
1,1547451546254,9.29,2.12,-1.05
1,1547451546254,9.37,2.07,-1.11
1,1547451546254,9.37,2.01,-1.17
1,1547451546254,9.31,1.95,-1.15
1,1547451546329,9.27,1.83,-1.17
1,1547451546329,9.23,1.77,-1.19
1,1547451546330,9.39,1.66,-1.17
1,1547451546330,9.49,1.66,-1.05
1,1547451546340,9.43,1.73,-0.83
1,1547451546340,9.31,1.91,-0.6
1,1547451546340,8.75,2.08,-0.35
1,1547451546341,8.43,2.01,-0.29
1,1547451546403,8.26,1.81,-0.21
1,1547451546404,8.24,1.56,-0.23
1,1547451546404,8.26,1.46,-0.37
1,1547451546404,8.32,1.4,-0.72
1,1547451546405,8.32,1.48,-0.82
1,1547451546405,8.32,1.5,-0.8
1,1547451546405,8.39,1.6,-0.72
1,1547451546478,8.71,2.12,-0.78
1,1547451546478,8.88,2.38,-0.8
1,1547451546552,9.06,2.5,-0.8
1,1547451546552,9.19,2.53,-0.78
1,1547451546553,9.43,2.63,-0.95
1,1547451546553,9.53,2.55,-0.87
1,1547451546558,9.53,2.55,-0.8
1,1547451546558,9.53,2.51,-0.78
1,1547451546558,9.37,2.63,-0.56
1,1547451546559,9.31,2.67,-0.5
1,1547451546628,9.29,2.67,-0.42
1,1547451546629,9.31,2.65,-0.27
1,1547451546629,9.92,2.69,0.5
1,1547451546629,10.05,2.91,0.76
1,1547451546630,10.42,3.41,1.15
1,1547451546630,10.5,3.55,1.21
1,1547451546630,10.62,3.53,1.25
1,1547451546631,10.7,3.35,1.19
1,1547451546702,10.82,2.77,0.83
1,1547451546703,10.97,2.08,0.41
1,1547451546703,11.07,1.89,0.25
1,1547451546703,11.05,1.6,0.31
1,1547451546703,10.87,1.73,0.54
1,1547451546710,10.56,1.93,0.8
1,1547451546710,10.21,2.16,1.03
1,1547451546710,9.84,2.5,1.26
1,1547451546855,9.31,3.1,1.25
1,1547451546855,9.04,3.14,1.23
1,1547451546856,8.86,3.1,1.03
1,1547451546856,8.84,3.04,0.87
1,1547451546857,9.0,3.08,0.58
1,1547451546930,9.0,3.32,0.48
1,1547451546931,9.0,3.57,0.42
1,1547451546931,8.94,3.84,0.44
1,1547451546931,8.84,4.19,0.64
1,1547451546932,8.84,4.25,0.8
1,1547451546932,8.49,3.47,0.74
1,1547451546932,8.47,3.45,0.85
1,1547451546932,8.59,3.49,0.93
1,1547451547004,8.71,3.51,1.01
1,1547451547005,8.88,3.51,1.07
1,1547451547005,8.92,3.53,1.03
1,1547451547006,8.9,3.49,0.91
1,1547451547006,8.86,3.43,0.85
1,1547451547006,8.88,3.33,0.85
1,1547451547006,8.92,3.2,0.87
1,1547451547007,9.02,3.02,1.01
1,1547451547077,9.16,2.98,1.09
1,1547451547081,9.23,2.96,1.17
1,1547451547081,9.31,3.0,1.17
1,1547451547081,9.31,3.06,1.15
1,1547451547082,9.19,3.2,1.13
1,1547451547082,9.14,3.32,1.05
1,1547451547082,9.1,3.35,1.03
1,1547451547082,9.04,3.33,1.03
1,1547451547153,8.98,3.3,0.99
1,1547451547154,9.02,3.35,1.03
1,1547451547154,9.08,3.37,1.09
1,1547451547154,9.12,3.37,1.11
1,1547451547155,9.19,3.3,1.17
1,1547451547155,9.12,3.26,1.23
1,1547451547155,9.06,3.2,1.25
1,1547451547155,8.96,3.18,1.23
1,1547451547229,8.8,3.16,1.26
1,1547451547312,8.76,3.12,1.21
1,1547451547313,8.76,3.1,1.15
1,1547451547313,8.8,3.02,1.15
1,1547451547313,8.8,3.04,1.15
1,1547451547314,8.84,3.06,1.15
1,1547451547314,8.78,3.1,1.15
1,1547451547314,8.73,3.12,1.19
1,1547451547314,8.71,3.06,1.23
1,1547451547380,8.82,3.02,1.19
1,1547451547381,8.88,3.04,1.23
1,1547451547381,9.12,3.08,1.23
1,1547451547381,9.16,3.14,1.23
1,1547451547382,9.17,3.22,1.23
1,1547451547382,9.17,3.16,1.23
1,1547451547383,9.17,3.14,1.26
1,1547451547385,9.17,3.12,1.3
1,1547451547464,9.17,3.12,1.3
1,1547451547464,9.27,3.14,1.23
1,1547451547464,9.31,3.16,1.23
1,1547451547465,9.31,3.2,1.21
1,1547451547465,9.31,3.26,1.23
1,1547451547465,9.35,3.32,1.25
1,1547451547465,9.37,3.33,1.26
1,1547451547466,9.35,3.37,1.28
1,1547451547531,9.23,3.43,1.3
1,1547451547531,9.17,3.43,1.34
1,1547451547531,9.16,3.37,1.32
1,1547451547532,9.12,3.43,1.28
1,1547451547532,9.12,3.47,1.25
1,1547451547532,9.17,3.51,1.25
1,1547451547532,9.25,3.59,1.25
1,1547451547532,9.29,3.61,1.23
1,1547451547604,9.35,3.59,1.25
1,1547451547605,9.45,3.45,1.21
1,1547451547605,9.47,3.43,1.23
1,1547451547605,9.49,3.43,1.23
1,1547451547606,9.41,3.39,1.21
1,1547451547606,9.33,3.28,1.19
1,1547451547606,9.35,3.32,1.15
1,1547451547607,9.39,3.35,1.15
1,1547451547680,9.43,3.41,1.15
1,1547451547681,9.43,3.43,1.19
1,1547451547681,9.49,3.41,1.21
1,1547451547681,9.49,3.41,1.23
1,1547451547682,9.51,3.33,1.17
1,1547451547753,9.47,3.24,1.11
1,1547451547754,9.41,3.14,1.13
1,1547451547754,9.41,3.06,1.07
1,1547451547754,9.41,2.98,1.09
1,1547451547755,9.37,2.87,1.09
1,1547451547755,9.37,2.83,1.01
1,1547451547755,9.37,2.87,0.99
1,1547451547755,9.35,2.91,1.01
1,1547451547829,9.35,2.89,0.97
1,1547451547830,9.31,2.98,1.01
1,1547451547830,9.27,3.0,1.03
1,1547451547830,9.23,3.06,1.03
1,1547451547831,9.16,3.1,0.97
1,1547451547831,9.14,3.08,0.97
1,1547451547831,9.14,3.04,0.93
1,1547451547902,9.16,3.02,0.87
1,1547451547904,9.25,3.02,0.83
1,1547451547905,9.25,3.12,0.87
1,1547451547905,9.25,3.12,0.95
1,1547451547906,9.25,3.12,0.95
1,1547451547906,9.21,3.06,0.93
1,1547451547906,9.31,3.02,0.99
1,1547451547907,9.25,3.04,0.97
1,1547451547980,9.25,3.04,1.01
1,1547451547981,9.19,3.04,1.03
1,1547451547981,9.23,2.98,1.05
1,1547451547982,9.27,2.98,0.97
1,1547451547982,9.33,2.96,1.03
1,1547451548052,9.41,3.04,0.97
1,1547451548052,9.55,3.06,1.03
1,1547451548052,9.6,3.0,1.07
1,1547451548053,9.58,2.94,1.17
1,1547451548071,9.49,2.91,1.11
1,1547451548071,9.29,2.83,1.03
1,1547451548071,9.25,2.77,0.99
1,1547451548072,9.27,2.83,0.95
1,1547451548127,9.27,2.85,0.97
1,1547451548128,9.31,2.87,1.01
1,1547451548129,9.43,2.85,0.99
1,1547451548129,9.43,2.87,0.87
1,1547451548131,9.39,2.85,0.85
1,1547451548131,9.35,2.87,0.87
1,1547451548132,9.35,2.83,0.83
1,1547451548133,9.35,2.85,0.89
1,1547451548206,9.43,2.79,0.89
1,1547451548207,9.47,2.73,0.87
1,1547451548207,9.47,2.71,0.87
1,1547451548207,9.51,2.73,0.8
1,1547451548207,9.43,2.79,0.8
1,1547451548208,9.39,2.83,0.8
1,1547451548208,9.39,2.85,0.85
1,1547451548208,9.35,2.81,0.83
1,1547451548278,9.45,2.69,0.76
1,1547451548288,9.55,2.65,0.74
1,1547451548289,9.6,2.67,0.72
1,1547451548290,9.6,2.69,0.7
1,1547451548290,9.6,2.57,0.78
1,1547451548290,9.57,2.57,0.76
1,1547451548290,9.55,2.55,0.76
1,1547451548290,9.49,2.57,0.76
1,1547451548352,9.47,2.57,0.8
1,1547451548358,9.35,2.59,0.78
1,1547451548358,9.29,2.55,0.76
1,1547451548358,9.23,2.51,0.72
1,1547451548358,9.16,2.44,0.78
1,1547451548359,8.98,2.4,0.8
1,1547451548359,8.86,2.36,0.78
1,1547451548359,8.8,2.36,0.82
1,1547451548428,8.73,2.38,0.8
1,1547451548429,8.65,2.38,0.91
1,1547451548430,8.61,2.38,0.87
1,1547451548430,8.55,2.4,0.85
1,1547451548431,8.57,2.38,0.82
1,1547451548431,8.57,2.42,0.8
1,1547451548431,8.59,2.42,0.8
1,1547451548431,8.65,2.46,0.83
1,1547451548502,8.67,2.51,0.8
1,1547451548503,8.73,2.55,0.8
1,1547451548512,8.94,2.55,0.89
1,1547451548513,9.06,2.59,0.91
1,1547451548513,9.12,2.65,1.03
1,1547451548513,9.06,2.67,1.01
1,1547451548513,8.84,2.61,0.95
1,1547451548579,8.82,2.65,0.93
1,1547451548580,8.9,2.71,0.95
1,1547451548580,8.96,2.85,0.95
1,1547451548593,9.1,2.94,0.97
1,1547451548594,9.23,2.89,0.91
1,1547451548594,9.47,2.83,0.91
1,1547451548594,9.74,2.79,0.99
1,1547451548595,9.94,2.94,1.19
1,1547451548731,9.9,3.0,1.26
1,1547451548732,9.84,3.0,1.34
1,1547451548732,9.74,2.92,1.34
1,1547451548732,9.7,2.85,1.32
1,1547451548732,9.57,2.79,1.25
1,1547451548803,9.51,2.81,1.19
1,1547451548803,9.53,2.79,1.17
1,1547451548804,9.58,2.77,1.11
1,1547451548804,9.76,2.87,1.11
1,1547451548804,9.76,2.92,1.15
1,1547451548804,9.16,2.98,1.19
1,1547451548805,9.1,3.06,1.15
1,1547451548805,9.08,3.14,1.19
1,1547451548956,8.98,3.24,1.25
1,1547451548957,8.47,3.02,1.36
1,1547451548957,8.61,2.89,1.32
1,1547451548957,8.9,2.79,1.19
1,1547451548957,9.41,2.79,1.13
1,1547451549042,9.53,2.87,1.11
1,1547451549043,9.55,2.96,1.11
1,1547451549043,9.57,2.98,1.15
1,1547451549044,9.6,3.08,1.28
1,1547451549044,9.51,3.06,1.3
1,1547451549044,9.45,3.32,0.85
1,1547451549044,9.47,3.35,0.87
1,1547451549045,9.47,3.47,0.82
1,1547451549109,9.35,3.59,0.91
1,1547451549109,9.29,3.26,0.87
1,1547451549110,9.19,3.32,0.74
1,1547451549110,9.17,3.33,0.72
1,1547451549110,9.14,3.28,0.76
1,1547451549110,9.1,3.24,0.8
1,1547451549111,9.14,3.16,0.85
1,1547451549111,9.23,3.28,0.76
1,1547451549193,9.45,3.59,0.68
1,1547451549193,9.72,4.08,0.35
1,1547451549194,10.37,5.35,-0.41
1,1547451549194,10.42,5.44,-0.5
1,1547451549194,10.5,5.25,-0.56
1,1547451549194,10.97,5.35,-0.41
1,1547451549194,12.89,8.88,-1.21
1,1547451549195,13.45,11.71,-2.03
1,1547451549252,13.49,12.73,-1.75
1,1547451549265,13.51,11.77,-1.3
1,1547451549265,13.53,10.27,-0.99
1,1547451549266,13.33,11.07,-1.17
1,1547451549266,13.0,11.99,-1.15
1,1547451549266,12.42,12.51,-1.09
1,1547451549266,11.77,12.63,-0.99
1,1547451549267,11.13,11.93,-0.82
1,1547451549327,10.95,11.5,-0.78
1,1547451549334,10.8,11.6,-0.8
1,1547451549335,10.58,12.12,-0.91
1,1547451549336,10.11,13.69,-1.67
1,1547451549336,10.09,14.16,-2.1
1,1547451549336,10.13,14.21,-2.5
1,1547451549351,10.13,14.17,-2.51
1,1547451549352,9.84,14.62,-2.08
1,1547451549403,9.19,14.27,-2.03
1,1547451549404,8.69,13.37,-1.93
1,1547451549404,8.35,12.65,-1.77
1,1547451549422,7.73,11.05,-1.69
1,1547451549422,7.08,10.25,-1.77
1,1547451549422,6.3,9.68,-1.97
1,1547451549422,5.7,10.03,-2.36
1,1547451549423,4.45,9.39,-1.97
1,1547451549476,3.71,7.57,-1.64
1,1547451549476,3.06,6.5,-1.64
1,1547451549477,2.48,5.66,-1.19
1,1547451549492,1.54,4.94,-0.97
1,1547451549493,0.01,5.37,-0.85
1,1547451549493,-0.33,5.58,-0.76
1,1547451549494,-0.37,5.33,-0.58
1,1547451549570,-0.09,4.64,-0.46
1,1547451549570,-0.01,2.65,-0.48
1,1547451549571,-0.78,1.71,-0.58
1,1547451549571,-1.95,1.54,-0.78
1,1547451549571,-2.79,2.26,-0.58
1,1547451549572,-3.06,4.78,-1.09
1,1547451549572,-2.71,5.6,-0.85
1,1547451549572,-2.34,5.6,-0.19
1,1547451549627,-2.05,4.98,0.68
1,1547451549627,-1.99,3.59,0.5
1,1547451549650,-2.34,3.53,0.56
1,1547451549650,-3.0,3.18,0.39
1,1547451549651,-3.8,2.77,0.11
1,1547451549651,-4.45,2.51,0.17
1,1547451549651,-3.84,2.44,0.07
1,1547451549702,-3.04,2.61,0.19
1,1547451549702,-2.46,2.65,0.01
1,1547451549703,-2.24,2.87,-0.46
1,1547451549703,-2.85,3.32,-0.46
1,1547451549703,-3.47,3.24,-0.21
1,1547451549704,-4.14,3.28,0.0
1,1547451549704,-4.49,3.82,0.44
1,1547451549705,-4.58,4.14,1.34
1,1547451549778,-4.51,3.78,1.56
1,1547451549779,-4.6,3.59,1.17
1,1547451549780,-4.78,4.1,0.48
1,1547451549781,-5.41,3.94,0.13
1,1547451549781,-5.56,3.33,-0.33
1,1547451549781,-5.97,3.78,-0.48
1,1547451549782,-6.54,4.74,-0.09
1,1547451549782,-7.5,4.55,1.01
1,1547451549853,-7.24,5.44,1.67
1,1547451549867,-6.44,6.81,2.16
1,1547451549868,-5.82,7.65,2.51
1,1547451549868,-4.96,6.87,4.19
1,1547451549868,-4.57,4.76,2.48
1,1547451549868,-4.88,5.07,1.36
1,1547451549868,-5.66,5.52,0.64
1,1547451549927,-6.99,4.74,0.17
1,1547451549927,-8.63,2.67,0.97
1,1547451549927,-8.26,2.75,2.12
1,1547451549934,-6.99,3.24,2.85
1,1547451549934,-5.25,4.17,3.12
1,1547451549935,-2.12,5.01,2.42
1,1547451549935,-0.8,5.29,2.18
1,1547451549935,-0.01,5.89,1.97
1,1547451550016,-0.27,6.64,1.89
1,1547451550016,-3.04,6.73,1.69
1,1547451550016,-3.86,6.11,1.64
1,1547451550017,-3.76,5.41,1.6
1,1547451550017,-3.06,4.66,1.58
1,1547451550017,-1.87,3.39,0.89
1,1547451550017,-1.95,2.67,0.48
1,1547451550083,-2.18,1.97,0.07
1,1547451550083,-2.4,1.64,-0.15
1,1547451550083,-2.36,1.67,-0.03
1,1547451550084,-2.08,1.97,0.19
1,1547451550084,-1.83,2.59,0.09
1,1547451550084,-1.5,3.28,0.11
1,1547451550084,-1.15,3.8,0.23
1,1547451550084,-0.87,4.8,-0.54
1,1547451550167,-0.41,5.56,-0.66
1,1547451550167,0.21,6.54,-0.82
1,1547451550167,0.78,8.18,-2.22
1,1547451550167,1.97,13.28,-4.25
1,1547451550168,2.01,13.94,-3.8
1,1547451550168,1.34,12.57,-3.65
1,1547451550168,0.42,10.05,-3.45
1,1547451550234,0.15,6.81,-1.6
1,1547451550234,0.62,6.64,-1.34
1,1547451550235,1.85,7.89,-1.56
1,1547451550235,3.08,9.7,-1.77
1,1547451550235,3.49,10.03,-1.15
1,1547451550235,3.04,8.53,-0.5
1,1547451550235,2.73,6.99,-0.03
1,1547451550236,2.91,6.13,0.44
1,1547451550302,3.57,5.7,0.68
1,1547451550303,5.78,6.09,0.48
1,1547451550304,7.05,7.14,0.5
1,1547451550321,8.1,7.14,0.56
1,1547451550321,8.53,6.25,0.48
1,1547451550321,8.41,4.16,0.64
1,1547451550322,8.76,3.3,0.78
1,1547451550322,9.74,2.79,0.76
1,1547451550377,11.25,2.55,0.76
1,1547451550378,15.0,2.89,0.29
1,1547451550378,17.1,3.26,0.58
1,1547451550379,19.31,3.78,0.64
1,1547451550379,21.4,4.53,0.82
1,1547451550385,25.62,7.65,0.52
1,1547451550386,27.3,10.13,0.68
1,1547451550453,28.04,12.32,1.03
1,1547451550454,27.12,13.18,0.68
1,1547451550454,21.77,11.07,-0.17
1,1547451550455,19.08,8.37,-0.87
1,1547451550456,16.66,5.7,-1.25
1,1547451550456,14.94,3.33,-0.66
1,1547451550456,13.53,1.36,0.29
1,1547451550457,12.36,0.7,2.26
1,1547451550530,12.63,2.3,2.32
1,1547451550531,12.67,3.51,2.3
1,1547451550531,12.24,3.02,2.32
1,1547451550531,11.34,0.27,2.3
1,1547451550532,11.09,-0.11,1.99
1,1547451550532,10.76,0.09,1.17
1,1547451550532,10.58,0.64,0.29
1,1547451550606,10.56,3.02,-1.03
1,1547451550607,10.23,4.08,-1.71
1,1547451550607,9.78,4.88,-2.3
1,1547451550607,9.37,5.19,-2.63
1,1547451550607,8.63,4.76,-2.65
1,1547451550679,8.28,4.47,-2.67
1,1547451550680,7.96,4.35,-2.59
1,1547451550681,7.69,4.37,-2.48
1,1547451550681,7.42,4.39,-2.24
1,1547451550681,6.77,4.06,-2.01
1,1547451550682,6.56,3.84,-1.85
1,1547451550682,6.36,3.61,-1.71
1,1547451550682,6.23,3.45,-1.62
1,1547451550757,5.95,2.98,-1.52
1,1547451550757,6.03,2.36,-1.6
1,1547451550758,6.23,2.14,-1.62
1,1547451550758,6.85,2.05,-1.75
1,1547451550758,7.1,2.12,-1.75
1,1547451550909,7.26,2.22,-1.83
1,1547451550909,7.48,2.36,-1.85
1,1547451550910,7.94,2.61,-1.81
1,1547451550910,8.39,2.75,-1.85
1,1547451550910,8.9,2.92,-1.79
1,1547451550979,9.33,3.08,-1.83
1,1547451550991,10.11,3.1,-1.64
1,1547451550992,10.44,3.04,-1.58
1,1547451550992,10.8,3.12,-1.54
1,1547451550992,11.66,3.84,-0.95
1,1547451550993,11.89,3.04,1.62
1,1547451550993,11.81,2.83,2.01
1,1547451550993,11.91,2.57,2.63
1,1547451551055,11.87,2.73,3.82
1,1547451551056,8.67,-0.17,5.11
1,1547451551056,8.53,-2.83,2.94
1,1547451551057,8.76,-3.14,2.57
1,1547451551057,8.61,-2.96,2.46
1,1547451551058,8.2,-2.07,2.08
1,1547451551058,8.51,0.68,1.5
1,1547451551058,8.76,1.56,1.4
1,1547451551131,8.84,2.22,1.42
1,1547451551132,8.76,2.48,1.3
1,1547451551132,8.98,2.28,1.44
1,1547451551133,9.19,2.32,1.32
1,1547451551134,9.29,2.57,1.07
1,1547451551134,9.31,2.83,0.66
1,1547451551135,9.25,3.3,-0.25
1,1547451551209,9.19,3.51,-0.64
1,1547451551211,9.1,3.59,-0.89
1,1547451551212,9.06,3.63,-1.09
1,1547451551214,8.94,3.59,-1.11
1,1547451551216,8.84,3.53,-0.93
1,1547451551217,8.8,3.43,-0.8
1,1547451551219,8.78,3.26,-0.58
1,1547451551220,8.8,3.06,-0.37
1,1547451551289,8.94,2.94,-0.03
1,1547451551290,9.04,2.92,0.01
1,1547451551291,9.16,2.89,0.05
1,1547451551292,9.29,2.85,0.01
1,1547451551292,9.7,2.67,-0.13
1,1547451551293,9.84,2.67,-0.29
1,1547451551294,9.88,2.69,-0.39
1,1547451551295,9.9,2.79,-0.5
1,1547451551359,9.82,2.98,-0.54
1,1547451551360,9.8,3.04,-0.5
1,1547451551361,9.8,3.06,-0.46
1,1547451551362,9.78,3.08,-0.39
1,1547451551362,9.74,3.08,-0.29
1,1547451551363,9.74,3.1,-0.17
1,1547451551363,9.74,3.16,-0.13
1,1547451551379,9.66,3.22,-0.07
1,1547451551436,9.57,3.2,-0.01
1,1547451551437,9.53,3.22,0.0
1,1547451551437,9.53,3.22,0.01
1,1547451551437,9.51,3.16,0.03
1,1547451551438,9.49,3.18,0.09
1,1547451551438,9.57,3.22,0.21
1,1547451551445,9.58,3.2,0.21
1,1547451551446,9.62,3.24,0.25
1,1547451551505,9.6,3.2,0.19
1,1547451551506,9.57,3.18,0.25
1,1547451551515,9.53,3.2,0.27
1,1547451551517,9.51,3.22,0.29
1,1547451551518,9.49,3.24,0.33
1,1547451551519,9.45,3.26,0.37
1,1547451551520,9.41,3.18,0.39
1,1547451551578,9.41,3.18,0.44
1,1547451551579,9.39,3.14,0.5
1,1547451551580,9.43,3.14,0.46
1,1547451551581,9.45,3.08,0.46
1,1547451551581,9.43,3.04,0.44
1,1547451551582,9.45,3.06,0.48
1,1547451551583,9.45,3.04,0.48
1,1547451551583,9.39,3.08,0.54
1,1547451551654,9.39,3.06,0.62
1,1547451551655,9.37,3.08,0.62
1,1547451551656,9.33,3.06,0.62
1,1547451551656,9.31,3.04,0.6
1,1547451551657,9.31,3.04,0.58
1,1547451551657,9.37,3.0,0.58
1,1547451551657,9.39,2.94,0.6
1,1547451551729,9.49,2.85,0.6
1,1547451551730,9.47,2.87,0.6
1,1547451551731,9.51,2.85,0.64
1,1547451551732,9.49,2.94,0.62
1,1547451551733,9.41,2.91,0.6
1,1547451551734,9.43,2.73,0.6
1,1547451551735,9.47,2.65,0.52
1,1547451551735,9.55,2.53,0.5
1,1547451551807,9.57,2.5,0.42
1,1547451551808,9.6,2.48,0.37
1,1547451551809,9.6,2.46,0.37
1,1547451551809,9.6,2.44,0.33
1,1547451551810,9.55,2.44,0.29
1,1547451551811,9.55,2.26,0.13
1,1547451551811,9.55,2.26,0.13
1,1547451551888,9.57,2.36,0.13
1,1547451551889,9.55,2.36,0.15
1,1547451551890,9.49,2.38,0.15
1,1547451551890,9.35,2.34,0.19
1,1547451551891,9.35,2.3,0.13
1,1547451551891,9.31,2.32,0.05
1,1547451551955,9.27,2.28,0.01
1,1547451551956,9.19,2.26,0.03
1,1547451551957,9.16,2.26,0.13
1,1547451551958,9.12,2.28,0.17
1,1547451551958,9.06,2.26,0.17
1,1547451551959,8.92,2.36,0.27
1,1547451551959,8.92,2.36,0.29
1,1547451551960,8.9,2.36,0.23
1,1547451552030,8.92,2.36,0.23
1,1547451552031,9.08,2.46,0.23
1,1547451552032,9.0,2.51,0.35
1,1547451552032,8.96,2.5,0.37
1,1547451552033,8.92,2.48,0.35
1,1547451552034,8.94,2.51,0.35
1,1547451552034,9.1,2.53,0.41
1,1547451552035,9.17,2.57,0.48
1,1547451552105,9.25,2.67,0.46
1,1547451552107,9.31,2.73,0.48
1,1547451552107,9.43,2.79,0.6
1,1547451552119,9.47,2.75,0.72
1,1547451552120,9.55,2.73,0.82
1,1547451552120,9.58,2.71,0.83
1,1547451552121,9.68,2.67,0.82
1,1547451552121,9.68,2.61,0.78
1,1547451552181,9.66,2.51,0.74
1,1547451552182,9.64,2.42,0.7
1,1547451552182,9.68,2.3,0.58
1,1547451552183,9.64,2.34,0.56
1,1547451552183,9.58,2.34,0.6
1,1547451552183,9.55,2.4,0.56
1,1547451552184,9.58,2.48,0.56
1,1547451552184,9.68,2.5,0.56
1,1547451552256,9.72,2.5,0.6
1,1547451552257,9.72,2.5,0.58
1,1547451552257,9.72,2.51,0.48
1,1547451552257,9.68,2.53,0.29
1,1547451552258,9.64,2.53,0.21
1,1547451552258,9.58,2.5,0.21
1,1547451552259,9.57,2.5,0.21
1,1547451552259,9.53,2.4,0.21
1,1547451552332,9.49,2.48,0.25
1,1547451552333,9.39,2.5,0.25
1,1547451552333,9.31,2.5,0.23
1,1547451552333,9.29,2.48,0.17
1,1547451552334,9.37,2.46,0.13
1,1547451552356,9.45,2.46,0.07
1,1547451552357,9.45,2.4,0.03
1,1547451552358,9.6,2.18,-0.03
1,1547451552408,9.64,2.1,-0.03
1,1547451552410,9.64,2.08,0.01
1,1547451552412,9.57,2.1,0.07
1,1547451552413,9.55,2.07,0.07
1,1547451552414,9.62,1.85,0.0
1,1547451552415,9.68,1.62,-0.03
1,1547451552416,9.86,1.46,0.07
1,1547451552481,10.13,1.26,0.13
1,1547451552481,10.6,0.7,0.11
1,1547451552504,10.58,0.54,0.17
1,1547451552504,10.44,0.54,0.19
1,1547451552505,10.35,0.56,0.19
1,1547451552505,10.33,0.97,0.31
1,1547451552505,10.41,1.17,0.6
1,1547451552505,10.37,1.3,0.99
1,1547451552559,10.37,1.32,1.32
1,1547451552577,10.52,0.89,1.6
1,1547451552577,10.44,0.64,1.56
1,1547451552578,10.54,0.56,1.71
1,1547451552578,10.93,0.54,1.73
1,1547451552578,11.54,0.54,1.73
1,1547451552579,12.2,-0.01,1.58
1,1547451552579,12.24,-0.66,1.3
1,1547451552629,12.16,-0.78,1.15
1,1547451552630,11.87,-0.17,1.01
1,1547451552630,10.39,0.58,1.3
1,1547451552638,9.62,0.54,1.67
1,1547451552639,9.21,0.48,2.03
1,1547451552639,8.98,0.29,2.26
1,1547451552639,8.9,0.46,2.34
1,1547451552704,8.84,0.68,2.34
1,1547451552706,8.71,1.05,2.34
1,1547451552706,8.55,1.4,2.3
1,1547451552707,8.24,2.07,2.3
1,1547451552728,7.96,2.26,2.18
1,1547451552729,7.63,2.18,1.93
1,1547451552730,7.28,1.77,1.87
1,1547451552731,7.08,1.5,1.83
1,1547451552778,7.12,2.22,1.64
1,1547451552779,7.3,2.3,1.58
1,1547451552779,7.61,2.2,1.58
1,1547451552780,7.91,2.16,1.48
1,1547451552780,8.37,2.57,0.83
1,1547451552780,8.69,2.92,0.44
1,1547451552780,8.98,3.33,0.05
1,1547451552853,9.04,3.67,-0.25
1,1547451552855,8.88,3.57,-0.58
1,1547451552856,8.86,3.26,-0.7
1,1547451552858,8.86,2.89,-0.78
1,1547451552859,8.96,2.73,-0.82
1,1547451552859,9.06,2.77,-0.89
1,1547451552860,9.06,2.92,-0.87
1,1547451552861,8.98,3.04,-0.8
1,1547451552932,8.88,3.16,-0.72
1,1547451552934,8.82,3.28,-0.68
1,1547451552946,8.69,3.65,-0.41
1,1547451552947,8.49,3.96,-0.31
1,1547451552947,8.02,4.12,-0.21
1,1547451552948,7.4,4.04,0.03
1,1547451552949,6.52,3.94,0.21
1,1547451552950,6.54,3.9,0.11
1,1547451553012,6.97,3.65,0.23
1,1547451553013,8.04,3.47,0.46
1,1547451553014,11.42,4.04,0.29
1,1547451553014,13.04,3.75,0.27
1,1547451553015,14.6,2.92,0.52
1,1547451553015,16.07,2.53,0.83
1,1547451553015,17.48,2.91,0.8
1,1547451553081,17.12,2.77,0.41
1,1547451553082,16.4,2.32,0.01
1,1547451553082,15.74,1.91,-0.27
1,1547451553082,15.23,1.44,-0.41
1,1547451553083,14.49,0.66,-0.74
1,1547451553083,14.16,0.56,-0.54
1,1547451553084,13.65,0.56,-0.13
1,1547451553085,12.98,0.56,0.62
1,1547451553162,11.77,1.5,1.91
1,1547451553178,11.32,2.46,2.3
1,1547451553179,11.15,3.14,2.34
1,1547451553179,11.07,3.26,2.34
1,1547451553179,11.4,2.65,1.5
1,1547451553179,11.23,2.08,0.66
1,1547451553180,10.6,1.25,0.21
1,1547451553230,9.84,0.44,0.39
1,1547451553231,8.33,-0.54,1.5
1,1547451553231,7.73,-0.42,1.69
1,1547451553231,7.22,-0.46,1.71
1,1547451553232,7.08,-0.35,1.87
1,1547451553242,7.36,-0.03,1.75
1,1547451553242,7.2,-0.15,1.73
1,1547451553243,6.87,0.01,1.54
1,1547451553305,6.73,-0.41,1.87
1,1547451553305,7.03,-0.15,1.64
1,1547451553305,9.29,3.24,-0.29
1,1547451553306,9.72,4.06,-1.13
1,1547451553306,9.21,3.59,-1.38
1,1547451553306,8.26,2.14,-1.07
1,1547451553307,7.24,-1.26,-0.54
1,1547451553338,7.3,-2.18,-0.91
1,1547451553395,7.44,-1.62,-2.34
1,1547451553396,7.3,0.25,-4.21
1,1547451553396,5.95,3.35,-7.85
1,1547451553397,5.78,4.8,-9.47
1,1547451553397,6.4,6.48,-10.85
1,1547451553397,7.83,8.73,-11.79
1,1547451553398,8.45,11.46,-12.14
1,1547451553536,7.2,10.42,-10.78
1,1547451553538,5.42,7.2,-8.06
1,1547451553539,4.94,3.86,-6.54
1,1547451553540,6.01,2.5,-5.44
1,1547451553541,9.53,6.62,-5.66
1,1547451553609,10.62,8.63,-4.94
1,1547451553610,11.95,10.15,-4.39
1,1547451553648,12.44,10.91,-2.79
1,1547451553649,11.26,6.62,-0.82
1,1547451553650,18.2,-0.64,-4.06
1,1547451553650,19.16,0.44,-3.37
1,1547451553651,16.17,-3.39,-1.79
1,1547451553651,13.9,-5.68,-1.85
1,1547451553684,12.65,-6.34,-2.67
1,1547451553684,13.53,2.61,-1.67
1,1547451553685,12.38,0.95,-1.28
1,1547451553685,11.4,-0.37,-0.78
1,1547451553685,11.21,-0.11,-1.67
1,1547451553685,10.78,-0.25,-2.18
1,1547451553686,10.42,-0.66,-2.4
1,1547451553686,8.39,-1.93,-3.12
1,1547451553755,6.77,-2.69,-2.94
1,1547451553762,5.27,-2.96,-1.97
1,1547451553763,3.92,-2.79,-0.95
1,1547451553763,2.69,-2.38,-0.44
1,1547451553763,0.25,0.11,0.99
1,1547451553764,0.23,1.07,0.6
1,1547451553764,0.17,2.2,0.52
1,1547451553764,0.09,2.5,0.64
1,1547451553832,0.15,0.68,-0.01
1,1547451553834,0.23,-0.01,-0.23
1,1547451553835,0.44,-0.68,-0.54
1,1547451553837,1.32,-0.35,-1.05
1,1547451553838,4.08,2.05,-0.91
1,1547451553839,5.46,3.18,-1.36
1,1547451553841,6.32,3.28,-2.28
1,1547451553842,6.87,2.5,-2.61
1,1547451553915,8.94,0.91,-2.22
1,1547451553917,10.46,1.09,-2.1
1,1547451553918,11.89,1.97,-1.95
1,1547451553919,13.14,3.39,-1.69
1,1547451553920,13.78,5.03,-1.79
1,1547451553921,12.83,6.85,-3.04
1,1547451553922,11.71,6.21,-3.73
1,1547451553980,10.62,4.41,-3.71
1,1547451553981,9.88,1.83,-2.85
1,1547451553999,9.66,-1.07,-2.1
1,1547451553999,9.64,-1.23,-1.66
1,1547451553999,9.45,-1.03,-1.11
1,1547451554000,9.02,-0.27,-1.13
1,1547451554000,7.38,1.75,-1.67
1,1547451554056,6.4,2.12,-1.66
1,1547451554072,5.7,1.64,-2.46
1,1547451554073,5.44,1.71,-3.24
1,1547451554073,6.32,4.58,-2.81
1,1547451554073,7.42,6.19,-2.14
1,1547451554073,8.26,6.85,-2.79
1,1547451554074,8.06,5.74,-2.75
1,1547451554074,6.99,2.85,-0.72
1,1547451554131,6.01,-0.31,-1.85
1,1547451554131,6.46,1.62,-3.06
1,1547451554131,7.42,4.58,-4.21
1,1547451554132,8.49,6.25,-4.74
1,1547451554132,8.73,4.06,-3.71
1,1547451554132,7.94,1.46,-2.81
1,1547451554132,7.14,-0.48,-2.16
1,1547451554151,6.28,-1.91,-1.79
1,1547451554207,5.05,-0.74,-2.73
1,1547451554216,4.96,0.46,-2.91
1,1547451554216,5.46,0.82,-2.79
1,1547451554217,6.3,0.6,-2.89
1,1547451554217,7.65,-0.74,-3.0
1,1547451554217,7.69,-1.4,-3.22
1,1547451554217,7.12,-1.69,-3.45
1,1547451554217,6.5,-1.83,-3.59
1,1547451554279,7.05,-3.3,-3.98
1,1547451554280,7.51,-4.45,-3.71
1,1547451554280,7.75,-5.7,-3.26
1,1547451554280,7.81,-6.69,-2.87
1,1547451554280,7.57,-6.93,-2.4
1,1547451554301,6.05,-5.23,-1.23
1,1547451554302,5.42,-4.25,-0.56
1,1547451554354,5.35,-3.47,0.03
1,1547451554376,5.52,-3.12,0.41
1,1547451554376,6.85,-2.63,0.44
1,1547451554377,7.77,-2.12,0.23
1,1547451554377,8.57,-1.67,-0.17
1,1547451554377,8.94,-1.23,-0.41
1,1547451554377,9.35,-1.93,-0.09
1,1547451554377,9.55,-3.12,0.09
1,1547451554429,9.82,-3.8,-0.03
1,1547451554454,10.37,-3.76,-0.17
1,1547451554455,12.28,-1.79,-0.91
1,1547451554456,12.79,-0.68,-1.3
1,1547451554458,12.65,-0.6,-1.03
1,1547451554459,12.38,-1.25,-0.35
1,1547451554460,12.36,-1.87,0.07
1,1547451554462,12.71,-2.18,0.31
1,1547451554521,12.87,-2.03,0.66
1,1547451554522,12.91,-2.3,0.37
1,1547451554522,12.53,-3.16,-0.27
1,1547451554523,12.53,-2.94,-0.99
1,1547451554523,12.53,-1.77,-1.05
1,1547451554524,11.77,-1.09,-0.62
1,1547451554524,10.89,-0.89,0.0
1,1547451554579,10.33,0.01,1.6
1,1547451554579,10.25,0.21,1.38
1,1547451554580,10.37,0.17,0.64
1,1547451554600,10.83,0.44,0.01
1,1547451554601,11.42,0.41,0.29
1,1547451554601,11.66,-0.33,0.93
1,1547451554601,11.97,-0.83,1.32
1,1547451554602,12.16,-0.8,1.11
1,1547451554738,12.28,0.01,0.76
1,1547451554741,12.91,0.17,0.72
1,1547451554743,13.3,-0.31,0.56
1,1547451554745,13.65,-0.8,0.76
1,1547451554747,13.53,-1.75,1.13
1,1547451554811,13.57,-2.1,1.32
1,1547451554813,13.71,-0.5,1.26
1,1547451554814,13.32,0.7,0.78
1,1547451554816,12.75,1.23,0.21
1,1547451554817,12.57,0.66,0.37
1,1547451554818,13.45,0.74,2.12
1,1547451554819,13.55,0.31,2.36
1,1547451554821,13.3,-0.19,2.38
1,1547451554882,13.16,0.31,1.81
1,1547451554884,12.12,0.85,-0.72
1,1547451554885,12.53,0.91,-0.52
1,1547451554885,12.89,0.66,-0.15
1,1547451554886,12.89,0.54,0.05
1,1547451554887,12.55,2.83,1.28
1,1547451554887,11.95,2.28,1.81
1,1547451554889,11.58,1.4,2.34
1,1547451554957,10.95,0.52,2.34
1,1547451554959,10.87,-0.25,1.81
1,1547451554960,11.56,-0.7,1.23
1,1547451554961,11.71,-0.83,0.0
1,1547451554962,11.05,-0.74,-1.28
1,1547451554963,10.52,-0.97,-1.44
1,1547451554964,10.31,-0.33,-0.31
1,1547451554965,10.41,1.71,0.15
1,1547451555034,10.19,3.14,0.27
1,1547451555036,9.68,2.87,-0.54
1,1547451555038,10.64,0.42,-0.68
1,1547451555039,10.99,-0.07,0.33
1,1547451555041,10.35,-0.82,0.27
1,1547451555108,9.94,-0.89,0.09
1,1547451555114,10.37,0.17,-1.09
1,1547451555116,10.17,0.87,-1.42
1,1547451555118,10.76,2.07,-1.48
1,1547451555119,10.76,2.55,-1.58
1,1547451555121,11.34,-0.03,-0.62
1,1547451555122,11.99,-0.42,-1.03
1,1547451555126,11.87,-0.05,-0.76
1,1547451555181,11.62,0.6,-0.27
1,1547451555182,10.99,3.35,-0.35
1,1547451555182,10.6,3.59,-0.72
1,1547451555183,10.48,2.5,-1.99
1,1547451555184,10.54,0.97,-2.36
1,1547451555184,10.52,0.23,-2.94
1,1547451555185,10.11,0.23,-3.32
1,1547451555185,10.03,0.25,-3.9
1,1547451555258,10.23,0.27,-4.7
1,1547451555259,9.47,-1.95,-4.47
1,1547451555274,9.82,-2.69,-4.49
1,1547451555274,8.47,-2.94,-3.76
1,1547451555275,8.1,-4.88,3.08
1,1547451555275,12.5,1.95,5.29
1,1547451555276,9.9,3.12,2.32
1,1547451555276,10.87,1.97,-2.5
1,1547451555334,12.73,0.52,-7.34
1,1547451555337,9.47,-3.59,-2.14
1,1547451555338,8.32,-2.32,0.0
1,1547451555339,9.37,1.67,-0.05
1,1547451555341,11.25,3.8,1.3
1,1547451555342,12.32,2.83,0.76
1,1547451555343,13.9,-1.23,1.52
1,1547451555344,15.27,-1.32,1.99
1,1547451555404,14.92,0.29,-0.99
1,1547451555406,13.59,1.4,-2.73
1,1547451555407,13.71,-1.73,-0.99
1,1547451555408,13.59,-1.91,-0.21
1,1547451555408,13.14,-0.01,0.13
1,1547451555408,12.53,1.15,-0.37
1,1547451555409,12.36,0.5,-3.98
1,1547451555409,12.5,-1.13,-2.98
1,1547451555481,12.89,-2.1,-1.62
1,1547451555482,13.41,-1.46,-0.64
1,1547451555482,13.88,-0.21,-2.16
1,1547451555484,13.92,-0.54,-2.42
1,1547451555484,13.43,-0.89,-1.6
1,1547451555485,13.8,-0.54,-0.97
1,1547451555486,13.73,0.31,-0.68
1,1547451555487,13.35,0.35,-2.57
1,1547451555555,13.78,0.05,-2.89
1,1547451555556,13.32,0.01,-2.75
1,1547451555556,12.77,0.03,-3.28
1,1547451555556,12.79,0.17,-2.94
1,1547451555557,12.81,-0.01,-2.96
1,1547451555576,13.61,0.01,-3.0
1,1547451555577,14.14,0.37,-2.48
1,1547451555577,13.28,0.56,-2.14
1,1547451555631,13.28,0.93,-2.69
1,1547451555632,13.22,1.5,-4.06
1,1547451555632,13.04,1.56,-5.5
1,1547451555633,12.14,0.01,-3.2
1,1547451555633,12.32,-0.01,-2.12
1,1547451555643,12.5,-0.44,-0.8
1,1547451555644,13.12,-0.21,0.8
1,1547451555704,14.17,1.95,-0.64
1,1547451555732,14.02,1.85,-0.93
1,1547451555733,14.23,1.21,-0.31
1,1547451555734,14.82,0.6,-0.01
1,1547451555735,14.68,0.13,0.66
1,1547451555735,9.33,-2.12,-6.6
1,1547451555736,7.32,-3.37,-7.1
1,1547451555737,7.65,-3.82,-4.23
1,1547451555784,10.72,-2.16,-0.72
1,1547451555785,15.72,0.72,-0.35
1,1547451555787,14.51,-0.09,-1.5
1,1547451555788,12.08,-2.91,-1.93
1,1547451555789,10.5,-4.74,-1.66
1,1547451555790,9.55,-1.32,-3.06
1,1547451555791,9.49,0.09,-3.02
1,1547451555858,9.04,-0.82,-2.5
1,1547451555860,8.22,-2.14,-2.63
1,1547451555860,6.97,-0.15,-3.94
1,1547451555861,6.03,0.11,-4.14
1,1547451555862,5.37,-0.58,-3.37
1,1547451555863,5.58,-1.56,-0.29
1,1547451555865,6.89,-1.07,2.28
1,1547451555866,7.92,2.51,0.89
1,1547451555933,7.36,3.32,-0.07
1,1547451555934,7.05,2.89,-0.39
1,1547451555934,6.4,1.46,-1.15
1,1547451555934,4.57,-0.62,-2.91
1,1547451555935,3.94,-2.07,-1.87
1,1547451555935,4.27,-2.05,-0.78
1,1547451555935,4.49,-0.76,-0.7
1,1547451555936,5.37,0.82,-1.4
1,1547451556009,5.6,0.83,-3.22
1,1547451556010,6.21,0.95,-4.78
1,1547451556011,6.62,1.23,-3.37
1,1547451556037,5.48,-1.5,-0.17
1,1547451556039,6.34,-3.24,1.13
1,1547451556086,7.07,-3.8,2.07
1,1547451556087,6.28,-3.35,1.21
1,1547451556088,4.7,-1.46,-1.81
1,1547451556089,5.48,-0.76,-1.25
1,1547451556090,7.51,-0.17,-0.8
1,1547451556091,9.51,0.56,-0.8
1,1547451556092,10.0,0.54,-0.31
1,1547451556093,9.74,-0.35,1.05
1,1547451556153,8.71,-1.46,1.15
1,1547451556155,7.71,-2.18,0.6
1,1547451556156,8.35,-1.26,-0.6
1,1547451556157,10.62,0.83,-3.61
1,1547451556158,10.17,0.27,-2.73
1,1547451556159,9.84,-1.25,-1.54
1,1547451556159,9.6,-2.12,-1.34
1,1547451556161,9.51,-1.71,-2.1
1,1547451556229,9.43,-0.83,-2.63
1,1547451556230,9.47,-0.35,-2.53
1,1547451556251,9.62,0.03,-2.67
1,1547451556252,8.8,0.56,-2.87
1,1547451556253,9.06,1.23,-2.71
1,1547451556253,9.45,2.61,-2.4
1,1547451556254,8.92,3.32,-1.75
1,1547451556254,7.55,2.75,-1.13
1,1547451556305,7.38,2.34,-0.37
1,1547451556314,7.73,2.96,-0.89
1,1547451556315,7.79,3.41,-2.08
1,1547451556315,7.22,3.75,-3.53
1,1547451556315,4.64,3.04,-6.01
1,1547451556316,3.3,2.16,-6.07
1,1547451556316,3.39,0.8,-6.09
1,1547451556316,3.98,-0.05,-6.17
1,1547451556380,3.75,-2.85,-3.37
1,1547451556399,4.76,-2.07,-3.39
1,1547451556402,6.66,0.44,-2.05
1,1547451556403,8.28,1.26,-1.46
1,1547451556404,9.9,-0.37,-0.19
1,1547451556405,10.15,0.39,0.09
1,1547451556406,9.88,2.18,-0.91
1,1547451556407,8.67,3.37,-2.65
1,1547451556457,7.38,3.3,-3.3
1,1547451556458,8.59,1.21,-2.36
1,1547451556458,10.31,1.3,-2.94
1,1547451556458,10.52,1.44,-2.87
1,1547451556474,10.09,1.32,-1.6
1,1547451556474,10.19,1.28,0.11
1,1547451556475,10.91,2.57,0.82
1,1547451556475,11.48,3.12,0.58
1,1547451556529,11.34,2.12,-0.5
1,1547451556610,10.33,0.56,-1.89
1,1547451556611,9.7,0.5,-1.71
1,1547451556612,9.04,-0.01,-1.13
1,1547451556612,9.0,0.19,-1.13
1,1547451556613,9.43,0.95,-1.99
1,1547451556613,9.35,0.5,-1.77
1,1547451556614,10.0,0.05,-1.89
1,1547451556615,10.78,-0.23,-2.07
1,1547451556680,10.89,-0.29,-1.58
1,1547451556681,9.98,-0.68,0.23
1,1547451556681,9.14,0.29,-1.85
1,1547451556682,11.69,0.01,-1.21
1,1547451556682,12.75,0.07,-0.58
1,1547451556682,9.57,-0.33,0.52
1,1547451556683,8.63,-0.66,-0.37
1,1547451556683,8.98,-0.15,-0.13
1,1547451556773,9.58,0.13,0.37
1,1547451556774,10.41,0.85,-0.91
1,1547451556774,10.09,0.68,-1.09
1,1547451556774,10.23,0.29,-1.01
1,1547451556775,10.8,-0.09,-1.75
1,1547451556775,11.28,-0.46,-2.44
1,1547451556776,10.99,-1.5,-2.59
1,1547451556776,10.35,-2.16,-3.14
1,1547451556828,9.88,-1.6,-3.88
1,1547451556828,9.78,-0.83,-4.14
1,1547451556829,10.8,-0.58,-2.61
1,1547451556829,10.93,-0.37,-2.55
1,1547451556829,10.19,0.23,-2.51
1,1547451556830,9.92,0.72,-2.91
1,1547451556830,10.6,0.74,-5.25
1,1547451556830,10.03,0.17,-5.39
1,1547451556906,10.15,0.39,-4.58
1,1547451556908,10.6,0.56,-3.94
1,1547451556910,10.76,0.85,-4.86
1,1547451556911,10.52,1.19,-4.84
1,1547451556913,10.0,0.6,-3.82
1,1547451556914,10.21,0.35,-3.18
1,1547451556915,9.62,0.56,-3.55
1,1547451556916,9.1,0.76,-4.06
1,1547451556980,8.61,0.87,-4.94
1,1547451556981,8.14,0.58,-5.46
1,1547451556982,9.02,0.68,-4.7
1,1547451556983,9.51,0.87,-4.1
1,1547451556983,9.47,0.56,-3.65
1,1547451556984,9.58,-0.01,-2.89
1,1547451556984,9.86,-0.6,-1.95
1,1547451556985,9.53,0.35,-1.83
1,1547451557057,8.96,1.26,-2.53
1,1547451557058,8.2,1.48,-3.35
1,1547451557058,8.06,0.62,-4.31
1,1547451557059,8.69,-1.36,-3.86
1,1547451557059,9.19,-1.71,-2.48
1,1547451557059,9.6,-1.99,-1.48
1,1547451557060,9.88,-1.83,-0.58
1,1547451557060,11.05,0.01,0.29
1,1547451557227,11.09,0.01,-0.35
1,1547451557228,10.83,0.09,-0.87
1,1547451557229,10.58,0.33,-0.72
1,1547451557230,11.01,1.21,-0.07
1,1547451557231,10.89,1.21,-0.13
1,1547451557283,10.82,0.82,0.01
1,1547451557325,10.76,0.29,0.17
1,1547451557327,10.72,-0.27,0.21
1,1547451557327,9.68,0.13,-0.25
1,1547451557328,9.27,0.03,-0.82
1,1547451557328,10.01,2.65,-0.21
1,1547451557329,9.74,3.71,-0.87
1,1547451557330,8.65,4.98,-1.93
1,1547451557360,8.16,4.64,-2.57
1,1547451557361,10.85,-3.22,-0.93
1,1547451557361,10.13,0.27,-1.83
1,1547451557361,8.41,3.26,-2.24
1,1547451557362,8.88,3.73,-1.19
1,1547451557362,9.35,4.39,-0.64
1,1547451557362,9.08,4.94,-0.87
1,1547451557363,8.65,4.6,-1.4
1,1547451557429,9.57,3.22,-1.89
1,1547451557430,9.92,2.26,-1.69
1,1547451557430,10.25,1.6,-1.25
1,1547451557431,10.31,1.91,-1.11
1,1547451557440,9.16,1.42,-0.76
1,1547451557441,9.12,1.01,-0.87
1,1547451557441,8.96,0.93,-1.44
1,1547451557441,8.9,1.58,-1.97
1,1547451557506,9.17,2.2,-1.36
1,1547451557508,9.51,2.05,-0.74
1,1547451557511,9.64,2.61,-0.72
1,1547451557512,9.21,3.18,-0.42
1,1547451557512,9.25,2.96,-0.33
1,1547451557513,9.57,2.14,-0.33
1,1547451557514,9.57,0.85,0.48
1,1547451557515,9.9,-0.35,0.23
1,1547451557667,10.62,-0.6,-0.31
1,1547451557669,9.92,0.42,-0.7
1,1547451557670,9.49,1.26,-0.68
1,1547451557671,8.94,2.24,-0.39
1,1547451557672,8.8,2.18,-0.17
1,1547451557733,9.41,0.91,0.87
1,1547451557734,9.58,0.52,1.05
1,1547451557734,9.25,0.66,0.66
1,1547451557735,9.23,1.17,0.29
1,1547451557735,10.0,2.81,-1.3
1,1547451557735,10.19,2.22,-1.28
1,1547451557736,9.72,1.01,-1.23
1,1547451557736,9.55,1.03,-0.99
1,1547451557804,9.58,1.28,-0.7
1,1547451557805,9.27,0.62,-0.23
1,1547451557827,9.35,0.7,-0.19
1,1547451557828,9.51,0.76,-0.23
1,1547451557828,9.78,0.93,-0.41
1,1547451557828,9.37,1.15,-0.58
1,1547451557829,9.19,1.09,-0.52
1,1547451557829,9.23,0.99,-0.54
1,1547451557958,9.64,1.05,-1.09
1,1547451557959,10.37,1.58,-2.38
1,1547451557960,10.56,1.19,-1.93
1,1547451557960,10.68,0.66,-1.36
1,1547451557961,10.58,0.52,-1.17
1,1547451558031,10.13,0.19,-1.97
1,1547451558033,10.19,0.42,-2.59
1,1547451558034,10.05,0.54,-2.85
1,1547451558034,9.9,0.52,-2.73
1,1547451558045,10.07,0.52,-2.36
1,1547451558046,9.92,-0.39,-1.67
1,1547451558046,10.13,-0.37,-2.03
1,1547451558047,9.84,0.52,-2.48
1,1547451558106,9.55,0.23,-2.3
1,1547451558106,9.62,0.29,-3.0
1,1547451558107,9.68,0.09,-2.77
1,1547451558129,10.58,0.11,-2.38
1,1547451558130,10.74,0.15,-2.42
1,1547451558130,10.5,0.35,-2.32
1,1547451558130,10.31,0.46,-2.14
1,1547451558130,10.17,0.33,-2.16
1,1547451558184,10.54,0.03,-2.57
1,1547451558184,10.35,0.09,-1.93
1,1547451558202,10.31,0.44,-1.4
1,1547451558202,10.42,0.76,-1.11
1,1547451558202,10.13,0.41,-0.66
1,1547451558203,10.56,0.29,-0.74
1,1547451558203,9.98,0.54,-0.76
1,1547451558203,9.45,0.66,-0.68
1,1547451558256,10.13,0.58,-1.23
1,1547451558269,10.31,0.07,-1.21
1,1547451558270,10.68,-0.52,-0.97
1,1547451558270,10.72,-1.26,-1.03
1,1547451558270,9.57,-0.48,-4.49
1,1547451558270,8.39,0.46,-5.62
1,1547451558271,7.79,0.68,-5.66
1,1547451558271,7.46,0.44,-5.41
1,1547451558331,7.85,-0.11,-4.86
1,1547451558331,8.98,1.11,-3.55
1,1547451558332,9.47,1.03,-3.32
1,1547451558332,10.0,0.6,-2.94
1,1547451558332,10.17,0.31,-3.08
1,1547451558333,9.66,-0.87,-2.57
1,1547451558333,9.7,-0.27,-1.23
1,1547451558333,10.11,0.44,-0.44
1,1547451558407,10.25,0.56,0.01
1,1547451558407,10.21,1.56,-1.15
1,1547451558407,9.86,1.56,-1.81
1,1547451558408,9.76,0.97,-2.01
1,1547451558432,9.9,0.13,-2.48
1,1547451558495,9.68,-1.09,-3.53
1,1547451558496,9.84,-0.31,-4.02
1,1547451558496,9.9,0.52,-4.47
1,1547451558497,9.58,0.99,-3.45
1,1547451558497,10.0,-0.35,0.42
1,1547451558497,10.76,-0.64,0.03
1,1547451558498,10.99,0.19,-0.56
1,1547451558498,10.66,1.19,-0.8
1,1547451558567,10.39,2.42,-0.6
1,1547451558567,10.31,2.75,-0.09
1,1547451558568,9.86,2.32,-0.19
1,1547451558568,9.78,1.91,-0.87
1,1547451558568,9.68,1.36,-1.71
1,1547451558568,9.57,0.5,-0.37
1,1547451558568,10.33,0.27,0.21
1,1547451558569,10.74,0.56,-0.5
1,1547451558628,10.29,1.4,-1.36
1,1547451558629,9.31,2.2,-1.52
1,1547451558652,9.55,1.58,-1.26
1,1547451558652,10.07,0.89,-0.91
1,1547451558653,10.54,0.7,-0.7
1,1547451558653,10.82,1.13,-1.36
1,1547451558653,10.01,1.32,-1.89
1,1547451558654,9.04,1.46,-1.67
1,1547451558785,9.06,1.38,-1.05
1,1547451558787,9.76,0.64,-0.54
1,1547451558788,10.29,0.39,-0.6
1,1547451558789,10.03,1.28,-0.7
1,1547451558789,9.68,1.64,-1.15
1,1547451558869,9.45,1.32,-1.62
1,1547451558869,9.29,1.03,-1.69
1,1547451558870,9.55,1.23,-1.77
1,1547451558870,9.55,1.4,-1.83
1,1547451558870,10.6,0.95,-0.13
1,1547451558871,10.58,0.93,-0.58
1,1547451558871,9.92,0.82,-1.17
1,1547451558871,9.86,0.76,-0.85
1,1547451558931,9.96,0.48,0.05
1,1547451558931,10.09,0.46,0.23
1,1547451558932,9.74,0.29,-0.33
1,1547451558953,9.64,0.54,-0.95
1,1547451558954,9.82,1.5,-1.28
1,1547451558954,9.0,1.95,-2.26
1,1547451558954,9.21,1.58,-1.81
1,1547451558955,10.11,1.83,-0.13
1,1547451559044,9.82,1.6,-0.6
1,1547451559044,10.13,0.15,-1.91
1,1547451559082,10.58,-0.37,-2.18
1,1547451559082,10.64,0.17,-2.03
1,1547451559083,10.66,1.73,-0.74
1,1547451559083,9.64,3.8,-0.76
1,1547451559083,9.86,2.57,-0.76
1,1547451559084,10.46,0.99,-0.78
1,1547451559085,10.33,-0.19,-1.26
1,1547451559086,10.07,-0.23,-0.87
1,1547451559160,9.6,0.66,-0.31
1,1547451559161,10.15,0.52,-0.01
1,1547451559162,9.16,0.09,0.11
1,1547451559163,9.14,1.09,0.41
1,1547451559164,8.61,0.6,0.44
1,1547451559165,9.64,0.03,0.27
1,1547451559166,10.29,-1.42,0.5
1,1547451559168,10.76,-2.34,0.17
1,1547451559232,9.14,-0.54,-2.75
1,1547451559233,10.03,-0.83,-4.41
1,1547451559254,10.5,-1.15,-3.43
1,1547451559255,10.37,-0.68,-1.97
1,1547451559256,9.17,1.66,-0.39
1,1547451559256,8.96,1.69,-0.5
1,1547451559257,9.04,1.09,-1.85
1,1547451559257,9.19,0.93,-3.49
1,1547451559305,8.86,-0.27,-3.06
1,1547451559307,9.74,-0.99,-2.05
1,1547451559308,10.41,-1.09,-2.16
1,1547451559309,9.92,-1.62,-2.36
1,1547451559309,9.76,-0.87,-4.31
1,1547451559311,7.85,0.7,-5.66
1,1547451559311,6.23,2.44,-5.31
1,1547451559312,6.52,2.83,-5.01
1,1547451559382,8.0,-2.38,-3.69
1,1547451559384,10.91,-0.68,-0.46
1,1547451559385,9.98,0.74,-0.89
1,1547451559386,9.8,0.76,0.0
1,1547451559387,10.44,1.42,-1.4
1,1547451559388,9.51,4.19,-2.61
1,1547451559388,9.37,4.82,-3.02
1,1547451559389,9.49,4.76,-2.73
1,1547451559461,9.76,3.53,-0.44
1,1547451559463,12.26,0.78,1.58
1,1547451559464,10.91,-1.73,1.77
1,1547451559465,11.42,-3.63,2.28
1,1547451559466,12.12,-3.78,-0.56
1,1547451559469,9.14,-0.64,-2.71
1,1547451559469,10.33,0.58,-1.15
1,1547451559470,11.69,0.13,-0.48
1,1547451559535,11.64,-1.28,0.39
1,1547451559536,11.38,0.64,0.0
1,1547451559537,9.96,2.48,-1.67
1,1547451559538,9.29,2.53,-2.32
1,1547451559539,10.72,0.82,-1.81
1,1547451559540,10.97,-2.48,-2.24
1,1547451559541,10.19,-3.28,-2.61
1,1547451559606,10.35,-2.61,-2.05
1,1547451559624,9.92,-1.32,-2.22
1,1547451559625,8.0,-0.52,-4.17
1,1547451559625,8.28,0.19,-3.96
1,1547451559626,8.96,0.91,-3.3
1,1547451559626,9.21,0.7,-2.59
1,1547451559627,8.9,0.33,-2.07
1,1547451559627,9.29,-0.11,-3.24
1,1547451559680,9.35,-0.39,-2.73
1,1547451559682,9.53,-1.11,-1.32
1,1547451559683,10.7,-0.5,-3.18
1,1547451559684,9.39,1.23,-5.78
1,1547451559685,8.22,0.95,-5.82
1,1547451559685,8.53,0.91,-5.5
1,1547451559686,9.35,0.74,-5.33
1,1547451559764,9.88,0.11,-4.92
1,1547451559765,10.54,0.29,-3.37
1,1547451559766,10.8,0.83,-3.84
1,1547451559767,10.11,1.75,-3.94
1,1547451559768,8.92,2.42,-3.65
1,1547451559769,8.35,1.44,-6.97
1,1547451559770,8.71,0.58,-5.64
1,1547451559771,9.47,0.54,-4.16
1,1547451559836,9.82,0.74,-5.5
1,1547451559837,8.63,1.11,-4.39
1,1547451559838,8.41,1.13,-3.94
1,1547451559838,8.45,1.01,-4.04
1,1547451559839,8.35,1.11,-3.94
1,1547451559839,8.49,2.34,-7.28
1,1547451559839,8.65,2.24,-6.23
1,1547451559840,8.84,1.44,-5.48
1,1547451559906,8.67,0.62,-7.18
1,1547451559926,8.22,0.66,-3.02
1,1547451559927,8.37,2.05,-2.24
1,1547451559927,8.69,3.12,-3.1
1,1547451559928,8.3,3.08,-3.78
1,1547451559928,7.5,1.26,-6.5
1,1547451559928,8.35,0.46,-7.57
1,1547451559981,8.98,-0.17,-6.66
1,1547451559995,9.06,-0.41,-6.09
1,1547451559996,9.1,-0.37,-4.16
1,1547451559997,9.62,0.78,-1.81
1,1547451559997,9.04,2.2,-1.79
1,1547451559998,7.67,2.87,-3.67
1,1547451560061,6.36,2.98,-5.83
1,1547451560063,6.5,0.66,-6.58
1,1547451560064,7.38,0.46,-5.41
1,1547451560065,8.14,0.54,-4.7
1,1547451560066,9.08,0.74,-5.13
1,1547451560068,8.49,0.09,-3.06
1,1547451560071,9.57,-0.83,-2.34
1,1547451560073,11.5,-0.87,-2.77
1,1547451560130,11.75,-0.41,-3.69
1,1547451560131,9.06,0.17,-5.27
1,1547451560142,9.27,0.5,-5.68
1,1547451560143,9.9,0.54,-5.74
1,1547451560143,10.35,0.13,-5.41
1,1547451560144,10.11,-0.01,-3.3
1,1547451560144,9.76,0.74,-4.16
1,1547451560144,9.31,2.44,-5.6
1,1547451560206,8.73,3.24,-5.99
1,1547451560207,8.73,2.69,-6.52
1,1547451560207,9.96,0.5,-4.49
1,1547451560231,9.23,0.11,-5.76
1,1547451560232,8.55,0.6,-5.89
1,1547451560232,8.37,1.52,-4.96
1,1547451560233,7.5,1.93,-6.13
1,1547451560233,7.71,1.36,-5.62
1,1547451560366,8.04,1.28,-5.8
1,1547451560368,7.83,1.3,-6.87
1,1547451560368,7.89,0.8,-5.76
1,1547451560369,8.16,0.48,-7.34
1,1547451560370,8.28,0.42,-7.5
1,1547451560436,8.14,0.52,-6.28
1,1547451560448,8.14,2.59,-6.13
1,1547451560450,7.98,2.38,-6.48
1,1547451560450,8.06,1.62,-7.01
1,1547451560451,7.92,1.44,-7.36
1,1547451560451,8.08,1.95,-7.83
1,1547451560452,7.98,2.46,-8.32
1,1547451560453,7.73,2.59,-7.89
1,1547451560506,7.79,2.61,-8.78
1,1547451560507,6.56,1.81,-8.55
1,1547451560508,6.66,2.16,-9.49
1,1547451560508,6.58,2.4,-9.6
1,1547451560509,6.58,2.53,-10.07
1,1547451560510,6.56,2.83,-9.68
1,1547451560511,5.64,2.53,-10.58
1,1547451560585,5.82,2.28,-9.96
1,1547451560586,6.11,1.97,-10.58
1,1547451560586,5.89,2.05,-10.42
1,1547451560587,5.76,3.2,-10.39
1,1547451560587,5.95,3.37,-10.64
1,1547451560588,5.78,3.24,-10.68
1,1547451560589,5.31,3.0,-11.11
1,1547451560589,4.96,2.96,-11.54
1,1547451560662,5.31,3.28,-11.56
1,1547451560662,5.31,3.43,-10.8
1,1547451560663,5.44,3.14,-10.6
1,1547451560663,4.41,2.81,-11.25
1,1547451560663,3.86,2.85,-12.22
1,1547451560663,3.71,2.63,-12.01
1,1547451560663,4.35,2.83,-11.32
1,1547451560664,5.03,3.14,-11.09
